Command line invocation:
    /Applications/Xcode.app/Contents/Developer/usr/bin/xcodebuild -project "HOMEY Clean.xcodeproj" -scheme "HOMEY Clean" -destination "generic/platform=iOS Simulator" build

Resolve Package Graph


Resolved source packages:
  swift-clocks: https://github.com/pointfreeco/swift-clocks @ 1.0.6
  swift-http-types: https://github.com/apple/swift-http-types.git @ 1.4.0
  swift-concurrency-extras: https://github.com/pointfreeco/swift-concurrency-extras @ 1.3.1
  Supabase: https://github.com/supabase-community/supabase-swift @ 2.31.2
  xctest-dynamic-overlay: https://github.com/pointfreeco/xctest-dynamic-overlay @ 1.6.1
  swift-crypto: https://github.com/apple/swift-crypto.git @ 3.14.0
  swift-asn1: https://github.com/apple/swift-asn1.git @ 1.4.0

2025-09-19 21:58:11.097 xcodebuild[77869:4430463] [MT] IDERunDestination: Supported platforms for the buildables in the current scheme is empty.
ComputePackagePrebuildTargetDependencyGraph

Prepare packages

CreateBuildRequest

SendProjectDescription

CreateBuildOperation

ComputeTargetDependencyGraph
note: Building targets in dependency order
note: Target dependency graph (28 targets)
    Target 'HOMEY Clean' in project 'HOMEY Clean'
        ➜ Explicit dependency on target 'PostgREST' in project 'Supabase'
        ➜ Explicit dependency on target 'Functions' in project 'Supabase'
        ➜ Explicit dependency on target 'Supabase' in project 'Supabase'
        ➜ Explicit dependency on target 'Auth' in project 'Supabase'
        ➜ Explicit dependency on target 'Storage' in project 'Supabase'
        ➜ Explicit dependency on target 'Realtime' in project 'Supabase'
    Target 'Realtime' in project 'Supabase'
        ➜ Explicit dependency on target 'Realtime' in project 'Supabase'
        ➜ Explicit dependency on target 'Helpers' in project 'Supabase'
        ➜ Explicit dependency on target 'ConcurrencyExtras' in project 'swift-concurrency-extras'
        ➜ Explicit dependency on target 'HTTPTypes' in project 'swift-http-types'
        ➜ Explicit dependency on target 'Clocks' in project 'swift-clocks'
        ➜ Explicit dependency on target 'XCTestDynamicOverlay' in project 'xctest-dynamic-overlay'
        ➜ Explicit dependency on target 'IssueReporting' in project 'xctest-dynamic-overlay'
    Target 'Storage' in project 'Supabase'
        ➜ Explicit dependency on target 'Storage' in project 'Supabase'
        ➜ Explicit dependency on target 'Helpers' in project 'Supabase'
        ➜ Explicit dependency on target 'ConcurrencyExtras' in project 'swift-concurrency-extras'
        ➜ Explicit dependency on target 'HTTPTypes' in project 'swift-http-types'
        ➜ Explicit dependency on target 'Clocks' in project 'swift-clocks'
        ➜ Explicit dependency on target 'XCTestDynamicOverlay' in project 'xctest-dynamic-overlay'
    Target 'Auth' in project 'Supabase'
        ➜ Explicit dependency on target 'Auth' in project 'Supabase'
        ➜ Explicit dependency on target 'Helpers' in project 'Supabase'
        ➜ Explicit dependency on target 'ConcurrencyExtras' in project 'swift-concurrency-extras'
        ➜ Explicit dependency on target 'HTTPTypes' in project 'swift-http-types'
        ➜ Explicit dependency on target 'Clocks' in project 'swift-clocks'
        ➜ Explicit dependency on target 'XCTestDynamicOverlay' in project 'xctest-dynamic-overlay'
        ➜ Explicit dependency on target 'Crypto' in project 'swift-crypto'
    Target 'Supabase' in project 'Supabase'
        ➜ Explicit dependency on target 'Supabase' in project 'Supabase'
        ➜ Explicit dependency on target 'Functions' in project 'Supabase'
        ➜ Explicit dependency on target 'PostgREST' in project 'Supabase'
        ➜ Explicit dependency on target 'Auth' in project 'Supabase'
        ➜ Explicit dependency on target 'Realtime' in project 'Supabase'
        ➜ Explicit dependency on target 'Storage' in project 'Supabase'
        ➜ Explicit dependency on target 'Helpers' in project 'Supabase'
        ➜ Explicit dependency on target 'ConcurrencyExtras' in project 'swift-concurrency-extras'
        ➜ Explicit dependency on target 'HTTPTypes' in project 'swift-http-types'
        ➜ Explicit dependency on target 'Clocks' in project 'swift-clocks'
        ➜ Explicit dependency on target 'XCTestDynamicOverlay' in project 'xctest-dynamic-overlay'
        ➜ Explicit dependency on target 'Crypto' in project 'swift-crypto'
        ➜ Explicit dependency on target 'IssueReporting' in project 'xctest-dynamic-overlay'
    Target 'Supabase' in project 'Supabase'
        ➜ Explicit dependency on target 'Helpers' in project 'Supabase'
        ➜ Explicit dependency on target 'Auth' in project 'Supabase'
        ➜ Explicit dependency on target 'Functions' in project 'Supabase'
        ➜ Explicit dependency on target 'PostgREST' in project 'Supabase'
        ➜ Explicit dependency on target 'Realtime' in project 'Supabase'
        ➜ Explicit dependency on target 'Storage' in project 'Supabase'
        ➜ Explicit dependency on target 'ConcurrencyExtras' in project 'swift-concurrency-extras'
        ➜ Explicit dependency on target 'HTTPTypes' in project 'swift-http-types'
        ➜ Explicit dependency on target 'Clocks' in project 'swift-clocks'
        ➜ Explicit dependency on target 'XCTestDynamicOverlay' in project 'xctest-dynamic-overlay'
        ➜ Explicit dependency on target 'Crypto' in project 'swift-crypto'
        ➜ Explicit dependency on target 'IssueReporting' in project 'xctest-dynamic-overlay'
    Target 'Storage' in project 'Supabase'
        ➜ Explicit dependency on target 'Helpers' in project 'Supabase'
        ➜ Explicit dependency on target 'ConcurrencyExtras' in project 'swift-concurrency-extras'
        ➜ Explicit dependency on target 'HTTPTypes' in project 'swift-http-types'
        ➜ Explicit dependency on target 'Clocks' in project 'swift-clocks'
        ➜ Explicit dependency on target 'XCTestDynamicOverlay' in project 'xctest-dynamic-overlay'
    Target 'Realtime' in project 'Supabase'
        ➜ Explicit dependency on target 'Helpers' in project 'Supabase'
        ➜ Explicit dependency on target 'ConcurrencyExtras' in project 'swift-concurrency-extras'
        ➜ Explicit dependency on target 'HTTPTypes' in project 'swift-http-types'
        ➜ Explicit dependency on target 'Clocks' in project 'swift-clocks'
        ➜ Explicit dependency on target 'XCTestDynamicOverlay' in project 'xctest-dynamic-overlay'
        ➜ Explicit dependency on target 'IssueReporting' in project 'xctest-dynamic-overlay'
    Target 'Auth' in project 'Supabase'
        ➜ Explicit dependency on target 'Helpers' in project 'Supabase'
        ➜ Explicit dependency on target 'ConcurrencyExtras' in project 'swift-concurrency-extras'
        ➜ Explicit dependency on target 'HTTPTypes' in project 'swift-http-types'
        ➜ Explicit dependency on target 'Clocks' in project 'swift-clocks'
        ➜ Explicit dependency on target 'XCTestDynamicOverlay' in project 'xctest-dynamic-overlay'
        ➜ Explicit dependency on target 'Crypto' in project 'swift-crypto'
    Target 'Crypto' in project 'swift-crypto'
        ➜ Explicit dependency on target 'Crypto' in project 'swift-crypto'
        ➜ Explicit dependency on target 'swift-crypto_Crypto' in project 'swift-crypto'
    Target 'Crypto' in project 'swift-crypto'
        ➜ Explicit dependency on target 'swift-crypto_Crypto' in project 'swift-crypto'
    Target 'swift-crypto_Crypto' in project 'swift-crypto' (no dependencies)
    Target 'Functions' in project 'Supabase'
        ➜ Explicit dependency on target 'Functions' in project 'Supabase'
        ➜ Explicit dependency on target 'Helpers' in project 'Supabase'
        ➜ Explicit dependency on target 'ConcurrencyExtras' in project 'swift-concurrency-extras'
        ➜ Explicit dependency on target 'HTTPTypes' in project 'swift-http-types'
        ➜ Explicit dependency on target 'Clocks' in project 'swift-clocks'
        ➜ Explicit dependency on target 'XCTestDynamicOverlay' in project 'xctest-dynamic-overlay'
    Target 'Functions' in project 'Supabase'
        ➜ Explicit dependency on target 'Helpers' in project 'Supabase'
        ➜ Explicit dependency on target 'ConcurrencyExtras' in project 'swift-concurrency-extras'
        ➜ Explicit dependency on target 'HTTPTypes' in project 'swift-http-types'
        ➜ Explicit dependency on target 'Clocks' in project 'swift-clocks'
        ➜ Explicit dependency on target 'XCTestDynamicOverlay' in project 'xctest-dynamic-overlay'
    Target 'PostgREST' in project 'Supabase'
        ➜ Explicit dependency on target 'PostgREST' in project 'Supabase'
        ➜ Explicit dependency on target 'Helpers' in project 'Supabase'
        ➜ Explicit dependency on target 'ConcurrencyExtras' in project 'swift-concurrency-extras'
        ➜ Explicit dependency on target 'HTTPTypes' in project 'swift-http-types'
        ➜ Explicit dependency on target 'Clocks' in project 'swift-clocks'
        ➜ Explicit dependency on target 'XCTestDynamicOverlay' in project 'xctest-dynamic-overlay'
    Target 'PostgREST' in project 'Supabase'
        ➜ Explicit dependency on target 'Helpers' in project 'Supabase'
        ➜ Explicit dependency on target 'ConcurrencyExtras' in project 'swift-concurrency-extras'
        ➜ Explicit dependency on target 'HTTPTypes' in project 'swift-http-types'
        ➜ Explicit dependency on target 'Clocks' in project 'swift-clocks'
        ➜ Explicit dependency on target 'XCTestDynamicOverlay' in project 'xctest-dynamic-overlay'
    Target 'Helpers' in project 'Supabase'
        ➜ Explicit dependency on target 'ConcurrencyExtras' in project 'swift-concurrency-extras'
        ➜ Explicit dependency on target 'HTTPTypes' in project 'swift-http-types'
        ➜ Explicit dependency on target 'Clocks' in project 'swift-clocks'
        ➜ Explicit dependency on target 'XCTestDynamicOverlay' in project 'xctest-dynamic-overlay'
    Target 'XCTestDynamicOverlay' in project 'xctest-dynamic-overlay'
        ➜ Explicit dependency on target 'XCTestDynamicOverlay' in project 'xctest-dynamic-overlay'
        ➜ Explicit dependency on target 'IssueReportingPackageSupport' in project 'xctest-dynamic-overlay'
        ➜ Explicit dependency on target 'IssueReporting' in project 'xctest-dynamic-overlay'
    Target 'XCTestDynamicOverlay' in project 'xctest-dynamic-overlay'
        ➜ Explicit dependency on target 'IssueReportingPackageSupport' in project 'xctest-dynamic-overlay'
        ➜ Explicit dependency on target 'IssueReporting' in project 'xctest-dynamic-overlay'
    Target 'Clocks' in project 'swift-clocks'
        ➜ Explicit dependency on target 'Clocks' in project 'swift-clocks'
        ➜ Explicit dependency on target 'ConcurrencyExtras' in project 'swift-concurrency-extras'
        ➜ Explicit dependency on target 'IssueReporting' in project 'xctest-dynamic-overlay'
    Target 'Clocks' in project 'swift-clocks'
        ➜ Explicit dependency on target 'ConcurrencyExtras' in project 'swift-concurrency-extras'
        ➜ Explicit dependency on target 'IssueReporting' in project 'xctest-dynamic-overlay'
    Target 'IssueReporting' in project 'xctest-dynamic-overlay'
        ➜ Explicit dependency on target 'IssueReporting' in project 'xctest-dynamic-overlay'
        ➜ Explicit dependency on target 'IssueReportingPackageSupport' in project 'xctest-dynamic-overlay'
    Target 'IssueReporting' in project 'xctest-dynamic-overlay'
        ➜ Explicit dependency on target 'IssueReportingPackageSupport' in project 'xctest-dynamic-overlay'
    Target 'IssueReportingPackageSupport' in project 'xctest-dynamic-overlay' (no dependencies)
    Target 'HTTPTypes' in project 'swift-http-types'
        ➜ Explicit dependency on target 'HTTPTypes' in project 'swift-http-types'
    Target 'HTTPTypes' in project 'swift-http-types' (no dependencies)
    Target 'ConcurrencyExtras' in project 'swift-concurrency-extras'
        ➜ Explicit dependency on target 'ConcurrencyExtras' in project 'swift-concurrency-extras'
    Target 'ConcurrencyExtras' in project 'swift-concurrency-extras' (no dependencies)

GatherProvisioningInputs

CreateBuildDescription

ExecuteExternalTool /Applications/Xcode.app/Contents/Developer/Toolchains/XcodeDefault.xctoolchain/usr/bin/swiftc --version

ExecuteExternalTool /Applications/Xcode.app/Contents/Developer/Toolchains/XcodeDefault.xctoolchain/usr/bin/clang -v -E -dM -isysroot /Applications/Xcode.app/Contents/Developer/Platforms/iPhoneSimulator.platform/Developer/SDKs/iPhoneSimulator26.0.sdk -x c -c /dev/null

ExecuteExternalTool /Applications/Xcode.app/Contents/Developer/usr/bin/actool --print-asset-tag-combinations --output-format xml1 /Users/ryankanfer/Documents/Developer/HOMEY Clean/HOMEY Clean/Assets.xcassets

ExecuteExternalTool /Applications/Xcode.app/Contents/Developer/usr/bin/actool --version --output-format xml1

ExecuteExternalTool /Applications/Xcode.app/Contents/Developer/Toolchains/XcodeDefault.xctoolchain/usr/bin/ld -version_details

ReadFileContents /Applications/Xcode.app/Contents/Developer/Toolchains/XcodeDefault.xctoolchain/usr/share/docc/features.json

Build description signature: 6de79313caa78ad2bb2f32a2d35bd36c
Build description path: /Users/ryankanfer/Library/Developer/Xcode/DerivedData/HOMEY_Clean-gafualdnzupkfseuistvwtqbnpqd/Build/Intermediates.noindex/XCBuildData/6de79313caa78ad2bb2f32a2d35bd36c.xcbuilddata
ClangStatCache /Applications/Xcode.app/Contents/Developer/Toolchains/XcodeDefault.xctoolchain/usr/bin/clang-stat-cache /Applications/Xcode.app/Contents/Developer/Platforms/iPhoneSimulator.platform/Developer/SDKs/iPhoneSimulator26.0.sdk /Users/ryankanfer/Library/Developer/Xcode/DerivedData/SDKStatCaches.noindex/iphonesimulator26.0-23A339-26257891a6c027eb51374368541b8346.sdkstatcache
    cd /Users/ryankanfer/Documents/Developer/HOMEY\ Clean/HOMEY\ Clean.xcodeproj
    /Applications/Xcode.app/Contents/Developer/Toolchains/XcodeDefault.xctoolchain/usr/bin/clang-stat-cache /Applications/Xcode.app/Contents/Developer/Platforms/iPhoneSimulator.platform/Developer/SDKs/iPhoneSimulator26.0.sdk -o /Users/ryankanfer/Library/Developer/Xcode/DerivedData/SDKStatCaches.noindex/iphonesimulator26.0-23A339-26257891a6c027eb51374368541b8346.sdkstatcache

ProcessInfoPlistFile /Users/ryankanfer/Library/Developer/Xcode/DerivedData/HOMEY_Clean-gafualdnzupkfseuistvwtqbnpqd/Build/Products/Debug-iphonesimulator/swift-crypto_Crypto.bundle/Info.plist /Users/ryankanfer/Library/Developer/Xcode/DerivedData/HOMEY_Clean-gafualdnzupkfseuistvwtqbnpqd/Build/Intermediates.noindex/swift-crypto.build/Debug-iphonesimulator/swift-crypto_Crypto.build/empty-swift-crypto_Crypto.plist (in target 'swift-crypto_Crypto' from project 'swift-crypto')
    cd /Users/ryankanfer/Library/Developer/Xcode/DerivedData/HOMEY_Clean-gafualdnzupkfseuistvwtqbnpqd/SourcePackages/checkouts/swift-crypto
    builtin-infoPlistUtility /Users/ryankanfer/Library/Developer/Xcode/DerivedData/HOMEY_Clean-gafualdnzupkfseuistvwtqbnpqd/Build/Intermediates.noindex/swift-crypto.build/Debug-iphonesimulator/swift-crypto_Crypto.build/empty-swift-crypto_Crypto.plist -producttype com.apple.product-type.bundle -expandbuildsettings -format binary -platform iphonesimulator -o /Users/ryankanfer/Library/Developer/Xcode/DerivedData/HOMEY_Clean-gafualdnzupkfseuistvwtqbnpqd/Build/Products/Debug-iphonesimulator/swift-crypto_Crypto.bundle/Info.plist

note: Run script build phase 'Run Script' will be run during every build because the option to run the script phase "Based on dependency analysis" is unchecked. (in target 'HOMEY Clean' from project 'HOMEY Clean')
ProcessProductPackaging /Users/ryankanfer/Documents/Developer/HOMEY\ Clean/HOMEY\ Clean/HOMEY_Clean.entitlements /Users/ryankanfer/Library/Developer/Xcode/DerivedData/HOMEY_Clean-gafualdnzupkfseuistvwtqbnpqd/Build/Intermediates.noindex/HOMEY\ Clean.build/Debug-iphonesimulator/HOMEY\ Clean.build/HOMEY\ Clean.app.xcent (in target 'HOMEY Clean' from project 'HOMEY Clean')
    cd /Users/ryankanfer/Documents/Developer/HOMEY\ Clean
    
    Entitlements:
    
    {
}
    
    builtin-productPackagingUtility /Users/ryankanfer/Documents/Developer/HOMEY\ Clean/HOMEY\ Clean/HOMEY_Clean.entitlements -entitlements -format xml -o /Users/ryankanfer/Library/Developer/Xcode/DerivedData/HOMEY_Clean-gafualdnzupkfseuistvwtqbnpqd/Build/Intermediates.noindex/HOMEY\ Clean.build/Debug-iphonesimulator/HOMEY\ Clean.build/HOMEY\ Clean.app.xcent

ProcessProductPackaging /Users/ryankanfer/Documents/Developer/HOMEY\ Clean/HOMEY\ Clean/HOMEY_Clean.entitlements /Users/ryankanfer/Library/Developer/Xcode/DerivedData/HOMEY_Clean-gafualdnzupkfseuistvwtqbnpqd/Build/Intermediates.noindex/HOMEY\ Clean.build/Debug-iphonesimulator/HOMEY\ Clean.build/HOMEY\ Clean.app-Simulated.xcent (in target 'HOMEY Clean' from project 'HOMEY Clean')
    cd /Users/ryankanfer/Documents/Developer/HOMEY\ Clean
    
    Entitlements:
    
    {
    "application-identifier" = "2F28BDAM56.com.ryankanfer.homeyclean";
    "aps-environment" = development;
    "com.apple.developer.icloud-container-identifiers" =     (
    );
    "com.apple.developer.icloud-services" =     (
        CloudKit
    );
}
    
    builtin-productPackagingUtility /Users/ryankanfer/Documents/Developer/HOMEY\ Clean/HOMEY\ Clean/HOMEY_Clean.entitlements -entitlements -format xml -o /Users/ryankanfer/Library/Developer/Xcode/DerivedData/HOMEY_Clean-gafualdnzupkfseuistvwtqbnpqd/Build/Intermediates.noindex/HOMEY\ Clean.build/Debug-iphonesimulator/HOMEY\ Clean.build/HOMEY\ Clean.app-Simulated.xcent

ProcessProductPackagingDER /Users/ryankanfer/Library/Developer/Xcode/DerivedData/HOMEY_Clean-gafualdnzupkfseuistvwtqbnpqd/Build/Intermediates.noindex/HOMEY\ Clean.build/Debug-iphonesimulator/HOMEY\ Clean.build/HOMEY\ Clean.app.xcent /Users/ryankanfer/Library/Developer/Xcode/DerivedData/HOMEY_Clean-gafualdnzupkfseuistvwtqbnpqd/Build/Intermediates.noindex/HOMEY\ Clean.build/Debug-iphonesimulator/HOMEY\ Clean.build/HOMEY\ Clean.app.xcent.der (in target 'HOMEY Clean' from project 'HOMEY Clean')
    cd /Users/ryankanfer/Documents/Developer/HOMEY\ Clean
    /usr/bin/derq query -f xml -i /Users/ryankanfer/Library/Developer/Xcode/DerivedData/HOMEY_Clean-gafualdnzupkfseuistvwtqbnpqd/Build/Intermediates.noindex/HOMEY\ Clean.build/Debug-iphonesimulator/HOMEY\ Clean.build/HOMEY\ Clean.app.xcent -o /Users/ryankanfer/Library/Developer/Xcode/DerivedData/HOMEY_Clean-gafualdnzupkfseuistvwtqbnpqd/Build/Intermediates.noindex/HOMEY\ Clean.build/Debug-iphonesimulator/HOMEY\ Clean.build/HOMEY\ Clean.app.xcent.der --raw

ProcessProductPackagingDER /Users/ryankanfer/Library/Developer/Xcode/DerivedData/HOMEY_Clean-gafualdnzupkfseuistvwtqbnpqd/Build/Intermediates.noindex/HOMEY\ Clean.build/Debug-iphonesimulator/HOMEY\ Clean.build/HOMEY\ Clean.app-Simulated.xcent /Users/ryankanfer/Library/Developer/Xcode/DerivedData/HOMEY_Clean-gafualdnzupkfseuistvwtqbnpqd/Build/Intermediates.noindex/HOMEY\ Clean.build/Debug-iphonesimulator/HOMEY\ Clean.build/HOMEY\ Clean.app-Simulated.xcent.der (in target 'HOMEY Clean' from project 'HOMEY Clean')
    cd /Users/ryankanfer/Documents/Developer/HOMEY\ Clean
    /usr/bin/derq query -f xml -i /Users/ryankanfer/Library/Developer/Xcode/DerivedData/HOMEY_Clean-gafualdnzupkfseuistvwtqbnpqd/Build/Intermediates.noindex/HOMEY\ Clean.build/Debug-iphonesimulator/HOMEY\ Clean.build/HOMEY\ Clean.app-Simulated.xcent -o /Users/ryankanfer/Library/Developer/Xcode/DerivedData/HOMEY_Clean-gafualdnzupkfseuistvwtqbnpqd/Build/Intermediates.noindex/HOMEY\ Clean.build/Debug-iphonesimulator/HOMEY\ Clean.build/HOMEY\ Clean.app-Simulated.xcent.der --raw

SwiftDriver HOMEY\ Clean normal arm64 com.apple.xcode.tools.swift.compiler (in target 'HOMEY Clean' from project 'HOMEY Clean')
    cd /Users/ryankanfer/Documents/Developer/HOMEY\ Clean
    builtin-SwiftDriver -- /Applications/Xcode.app/Contents/Developer/Toolchains/XcodeDefault.xctoolchain/usr/bin/swiftc -module-name HOMEY_Clean -Onone -enforce-exclusivity\=checked @/Users/ryankanfer/Library/Developer/Xcode/DerivedData/HOMEY_Clean-gafualdnzupkfseuistvwtqbnpqd/Build/Intermediates.noindex/HOMEY\ Clean.build/Debug-iphonesimulator/HOMEY\ Clean.build/Objects-normal/arm64/HOMEY\ Clean.SwiftFileList -DDEBUG -enable-bare-slash-regex -enable-experimental-feature DebugDescriptionMacro -sdk /Applications/Xcode.app/Contents/Developer/Platforms/iPhoneSimulator.platform/Developer/SDKs/iPhoneSimulator26.0.sdk -target arm64-apple-ios18.5-simulator -g -module-cache-path /Users/ryankanfer/Library/Developer/Xcode/DerivedData/ModuleCache.noindex -Xfrontend -serialize-debugging-options -profile-coverage-mapping -profile-generate -enable-testing -index-store-path /Users/ryankanfer/Library/Developer/Xcode/DerivedData/HOMEY_Clean-gafualdnzupkfseuistvwtqbnpqd/Index.noindex/DataStore -Xcc -D_LIBCPP_HARDENING_MODE\=_LIBCPP_HARDENING_MODE_DEBUG -swift-version 5 -I /Users/ryankanfer/Library/Developer/Xcode/DerivedData/HOMEY_Clean-gafualdnzupkfseuistvwtqbnpqd/Build/Products/Debug-iphonesimulator -F /Users/ryankanfer/Library/Developer/Xcode/DerivedData/HOMEY_Clean-gafualdnzupkfseuistvwtqbnpqd/Build/Products/Debug-iphonesimulator/PackageFrameworks -F /Users/ryankanfer/Library/Developer/Xcode/DerivedData/HOMEY_Clean-gafualdnzupkfseuistvwtqbnpqd/Build/Products/Debug-iphonesimulator/PackageFrameworks -F /Users/ryankanfer/Library/Developer/Xcode/DerivedData/HOMEY_Clean-gafualdnzupkfseuistvwtqbnpqd/Build/Products/Debug-iphonesimulator/PackageFrameworks -F /Users/ryankanfer/Library/Developer/Xcode/DerivedData/HOMEY_Clean-gafualdnzupkfseuistvwtqbnpqd/Build/Products/Debug-iphonesimulator/PackageFrameworks -F /Users/ryankanfer/Library/Developer/Xcode/DerivedData/HOMEY_Clean-gafualdnzupkfseuistvwtqbnpqd/Build/Products/Debug-iphonesimulator/PackageFrameworks -F /Users/ryankanfer/Library/Developer/Xcode/DerivedData/HOMEY_Clean-gafualdnzupkfseuistvwtqbnpqd/Build/Products/Debug-iphonesimulator/PackageFrameworks -F /Users/ryankanfer/Library/Developer/Xcode/DerivedData/HOMEY_Clean-gafualdnzupkfseuistvwtqbnpqd/Build/Products/Debug-iphonesimulator/PackageFrameworks -F /Users/ryankanfer/Library/Developer/Xcode/DerivedData/HOMEY_Clean-gafualdnzupkfseuistvwtqbnpqd/Build/Products/Debug-iphonesimulator/PackageFrameworks -F /Users/ryankanfer/Library/Developer/Xcode/DerivedData/HOMEY_Clean-gafualdnzupkfseuistvwtqbnpqd/Build/Products/Debug-iphonesimulator/PackageFrameworks -F /Users/ryankanfer/Library/Developer/Xcode/DerivedData/HOMEY_Clean-gafualdnzupkfseuistvwtqbnpqd/Build/Products/Debug-iphonesimulator/PackageFrameworks -F /Users/ryankanfer/Library/Developer/Xcode/DerivedData/HOMEY_Clean-gafualdnzupkfseuistvwtqbnpqd/Build/Products/Debug-iphonesimulator/PackageFrameworks -F /Users/ryankanfer/Library/Developer/Xcode/DerivedData/HOMEY_Clean-gafualdnzupkfseuistvwtqbnpqd/Build/Products/Debug-iphonesimulator/PackageFrameworks -F /Users/ryankanfer/Library/Developer/Xcode/DerivedData/HOMEY_Clean-gafualdnzupkfseuistvwtqbnpqd/Build/Products/Debug-iphonesimulator/PackageFrameworks -F /Users/ryankanfer/Library/Developer/Xcode/DerivedData/HOMEY_Clean-gafualdnzupkfseuistvwtqbnpqd/Build/Products/Debug-iphonesimulator/PackageFrameworks -F /Users/ryankanfer/Library/Developer/Xcode/DerivedData/HOMEY_Clean-gafualdnzupkfseuistvwtqbnpqd/Build/Products/Debug-iphonesimulator -emit-localized-strings -emit-localized-strings-path /Users/ryankanfer/Library/Developer/Xcode/DerivedData/HOMEY_Clean-gafualdnzupkfseuistvwtqbnpqd/Build/Intermediates.noindex/HOMEY\ Clean.build/Debug-iphonesimulator/HOMEY\ Clean.build/Objects-normal/arm64 -c -j8 -enable-batch-mode -incremental -Xcc -ivfsstatcache -Xcc /Users/ryankanfer/Library/Developer/Xcode/DerivedData/SDKStatCaches.noindex/iphonesimulator26.0-23A339-26257891a6c027eb51374368541b8346.sdkstatcache -output-file-map /Users/ryankanfer/Library/Developer/Xcode/DerivedData/HOMEY_Clean-gafualdnzupkfseuistvwtqbnpqd/Build/Intermediates.noindex/HOMEY\ Clean.build/Debug-iphonesimulator/HOMEY\ Clean.build/Objects-normal/arm64/HOMEY\ Clean-OutputFileMap.json -use-frontend-parseable-output -save-temps -no-color-diagnostics -explicit-module-build -module-cache-path /Users/ryankanfer/Library/Developer/Xcode/DerivedData/HOMEY_Clean-gafualdnzupkfseuistvwtqbnpqd/Build/Intermediates.noindex/SwiftExplicitPrecompiledModules -clang-scanner-module-cache-path /Users/ryankanfer/Library/Developer/Xcode/DerivedData/ModuleCache.noindex -sdk-module-cache-path /Users/ryankanfer/Library/Developer/Xcode/DerivedData/ModuleCache.noindex -serialize-diagnostics -emit-dependencies -emit-module -emit-module-path /Users/ryankanfer/Library/Developer/Xcode/DerivedData/HOMEY_Clean-gafualdnzupkfseuistvwtqbnpqd/Build/Intermediates.noindex/HOMEY\ Clean.build/Debug-iphonesimulator/HOMEY\ Clean.build/Objects-normal/arm64/HOMEY_Clean.swiftmodule -validate-clang-modules-once -clang-build-session-file /Users/ryankanfer/Library/Developer/Xcode/DerivedData/ModuleCache.noindex/Session.modulevalidation -Xcc -I/Users/ryankanfer/Library/Developer/Xcode/DerivedData/HOMEY_Clean-gafualdnzupkfseuistvwtqbnpqd/Build/Intermediates.noindex/HOMEY\ Clean.build/Debug-iphonesimulator/HOMEY\ Clean.build/swift-overrides.hmap -emit-const-values -Xfrontend -const-gather-protocols-file -Xfrontend /Users/ryankanfer/Library/Developer/Xcode/DerivedData/HOMEY_Clean-gafualdnzupkfseuistvwtqbnpqd/Build/Intermediates.noindex/HOMEY\ Clean.build/Debug-iphonesimulator/HOMEY\ Clean.build/Objects-normal/arm64/HOMEY\ Clean_const_extract_protocols.json -Xcc -iquote -Xcc /Users/ryankanfer/Library/Developer/Xcode/DerivedData/HOMEY_Clean-gafualdnzupkfseuistvwtqbnpqd/Build/Intermediates.noindex/HOMEY\ Clean.build/Debug-iphonesimulator/HOMEY\ Clean.build/HOMEY\ Clean-generated-files.hmap -Xcc -I/Users/ryankanfer/Library/Developer/Xcode/DerivedData/HOMEY_Clean-gafualdnzupkfseuistvwtqbnpqd/Build/Intermediates.noindex/HOMEY\ Clean.build/Debug-iphonesimulator/HOMEY\ Clean.build/HOMEY\ Clean-own-target-headers.hmap -Xcc -I/Users/ryankanfer/Library/Developer/Xcode/DerivedData/HOMEY_Clean-gafualdnzupkfseuistvwtqbnpqd/Build/Intermediates.noindex/HOMEY\ Clean.build/Debug-iphonesimulator/HOMEY\ Clean.build/HOMEY\ Clean-all-non-framework-target-headers.hmap -Xcc -ivfsoverlay -Xcc /Users/ryankanfer/Library/Developer/Xcode/DerivedData/HOMEY_Clean-gafualdnzupkfseuistvwtqbnpqd/Build/Intermediates.noindex/HOMEY\ Clean.build/Debug-iphonesimulator/HOMEY\ Clean-0f55fb2587d36a9d6da7defd35999c5a-VFS-iphonesimulator/all-product-headers.yaml -Xcc -iquote -Xcc /Users/ryankanfer/Library/Developer/Xcode/DerivedData/HOMEY_Clean-gafualdnzupkfseuistvwtqbnpqd/Build/Intermediates.noindex/HOMEY\ Clean.build/Debug-iphonesimulator/HOMEY\ Clean.build/HOMEY\ Clean-project-headers.hmap -Xcc -I/Users/ryankanfer/Library/Developer/Xcode/DerivedData/HOMEY_Clean-gafualdnzupkfseuistvwtqbnpqd/Build/Products/Debug-iphonesimulator/include -Xcc -I/Users/ryankanfer/Library/Developer/Xcode/DerivedData/HOMEY_Clean-gafualdnzupkfseuistvwtqbnpqd/Build/Intermediates.noindex/HOMEY\ Clean.build/Debug-iphonesimulator/HOMEY\ Clean.build/DerivedSources-normal/arm64 -Xcc -I/Users/ryankanfer/Library/Developer/Xcode/DerivedData/HOMEY_Clean-gafualdnzupkfseuistvwtqbnpqd/Build/Intermediates.noindex/HOMEY\ Clean.build/Debug-iphonesimulator/HOMEY\ Clean.build/DerivedSources/arm64 -Xcc -I/Users/ryankanfer/Library/Developer/Xcode/DerivedData/HOMEY_Clean-gafualdnzupkfseuistvwtqbnpqd/Build/Intermediates.noindex/HOMEY\ Clean.build/Debug-iphonesimulator/HOMEY\ Clean.build/DerivedSources -Xcc -DDEBUG\=1 -emit-objc-header -emit-objc-header-path /Users/ryankanfer/Library/Developer/Xcode/DerivedData/HOMEY_Clean-gafualdnzupkfseuistvwtqbnpqd/Build/Intermediates.noindex/HOMEY\ Clean.build/Debug-iphonesimulator/HOMEY\ Clean.build/Objects-normal/arm64/HOMEY_Clean-Swift.h -working-directory /Users/ryankanfer/Documents/Developer/HOMEY\ Clean -experimental-emit-module-separately -disable-cmo
/Users/ryankanfer/Library/Developer/Xcode/DerivedData/HOMEY_Clean-gafualdnzupkfseuistvwtqbnpqd/Build/Intermediates.noindex/HOMEY Clean.build/Debug-iphonesimulator/HOMEY Clean.build/DerivedSources/GeneratedAssetSymbols.swift:30:14: warning: The "AccentColor" color asset name resolves to the symbol "accent" which already exists. Try renaming the asset.
    #warning("The \"AccentColor\" color asset name resolves to the symbol \"accent\" which already exists. Try renaming the asset.")
             ^~~~~~~~~~~~~~~~~~~~~~~~~~~~~~~~~~~~~~~~~~~~~~~~~~~~~~~~~~~~~~~~~~~~~~~~~~~~~~~~~~~~~~~~~~~~~~~~~~~~~~~~~~~~~~~~~~~~~~
/Users/ryankanfer/Library/Developer/Xcode/DerivedData/HOMEY_Clean-gafualdnzupkfseuistvwtqbnpqd/Build/Intermediates.noindex/HOMEY Clean.build/Debug-iphonesimulator/HOMEY Clean.build/DerivedSources/GeneratedAssetSymbols.swift:663:14: warning: The "Primary" color asset name resolves to a conflicting Color symbol "primary". Try renaming the asset.
    #warning("The \"Primary\" color asset name resolves to a conflicting Color symbol \"primary\". Try renaming the asset.")
             ^~~~~~~~~~~~~~~~~~~~~~~~~~~~~~~~~~~~~~~~~~~~~~~~~~~~~~~~~~~~~~~~~~~~~~~~~~~~~~~~~~~~~~~~~~~~~~~~~~~~~~~~~~~~~~
/Users/ryankanfer/Library/Developer/Xcode/DerivedData/HOMEY_Clean-gafualdnzupkfseuistvwtqbnpqd/Build/Intermediates.noindex/HOMEY Clean.build/Debug-iphonesimulator/HOMEY Clean.build/DerivedSources/GeneratedAssetSymbols.swift:30:14: warning: The "AccentColor" color asset name resolves to the symbol "accent" which already exists. Try renaming the asset.
    #warning("The \"AccentColor\" color asset name resolves to the symbol \"accent\" which already exists. Try renaming the asset.")
             ^~~~~~~~~~~~~~~~~~~~~~~~~~~~~~~~~~~~~~~~~~~~~~~~~~~~~~~~~~~~~~~~~~~~~~~~~~~~~~~~~~~~~~~~~~~~~~~~~~~~~~~~~~~~~~~~~~~~~~
/Users/ryankanfer/Library/Developer/Xcode/DerivedData/HOMEY_Clean-gafualdnzupkfseuistvwtqbnpqd/Build/Intermediates.noindex/HOMEY Clean.build/Debug-iphonesimulator/HOMEY Clean.build/DerivedSources/GeneratedAssetSymbols.swift:663:14: warning: The "Primary" color asset name resolves to a conflicting Color symbol "primary". Try renaming the asset.
    #warning("The \"Primary\" color asset name resolves to a conflicting Color symbol \"primary\". Try renaming the asset.")
             ^~~~~~~~~~~~~~~~~~~~~~~~~~~~~~~~~~~~~~~~~~~~~~~~~~~~~~~~~~~~~~~~~~~~~~~~~~~~~~~~~~~~~~~~~~~~~~~~~~~~~~~~~~~~~~
/Users/ryankanfer/Library/Developer/Xcode/DerivedData/HOMEY_Clean-gafualdnzupkfseuistvwtqbnpqd/Build/Intermediates.noindex/HOMEY Clean.build/Debug-iphonesimulator/HOMEY Clean.build/DerivedSources/GeneratedAssetSymbols.swift:30:14: warning: The "AccentColor" color asset name resolves to the symbol "accent" which already exists. Try renaming the asset.
    #warning("The \"AccentColor\" color asset name resolves to the symbol \"accent\" which already exists. Try renaming the asset.")
             ^~~~~~~~~~~~~~~~~~~~~~~~~~~~~~~~~~~~~~~~~~~~~~~~~~~~~~~~~~~~~~~~~~~~~~~~~~~~~~~~~~~~~~~~~~~~~~~~~~~~~~~~~~~~~~~~~~~~~~ (in target 'HOMEY Clean' from project 'HOMEY Clean')
/Users/ryankanfer/Library/Developer/Xcode/DerivedData/HOMEY_Clean-gafualdnzupkfseuistvwtqbnpqd/Build/Intermediates.noindex/HOMEY Clean.build/Debug-iphonesimulator/HOMEY Clean.build/DerivedSources/GeneratedAssetSymbols.swift:663:14: warning: The "Primary" color asset name resolves to a conflicting Color symbol "primary". Try renaming the asset.
    #warning("The \"Primary\" color asset name resolves to a conflicting Color symbol \"primary\". Try renaming the asset.")
             ^~~~~~~~~~~~~~~~~~~~~~~~~~~~~~~~~~~~~~~~~~~~~~~~~~~~~~~~~~~~~~~~~~~~~~~~~~~~~~~~~~~~~~~~~~~~~~~~~~~~~~~~~~~~~~ (in target 'HOMEY Clean' from project 'HOMEY Clean')

SwiftDriver HOMEY\ Clean normal x86_64 com.apple.xcode.tools.swift.compiler (in target 'HOMEY Clean' from project 'HOMEY Clean')
    cd /Users/ryankanfer/Documents/Developer/HOMEY\ Clean
    builtin-SwiftDriver -- /Applications/Xcode.app/Contents/Developer/Toolchains/XcodeDefault.xctoolchain/usr/bin/swiftc -module-name HOMEY_Clean -Onone -enforce-exclusivity\=checked @/Users/ryankanfer/Library/Developer/Xcode/DerivedData/HOMEY_Clean-gafualdnzupkfseuistvwtqbnpqd/Build/Intermediates.noindex/HOMEY\ Clean.build/Debug-iphonesimulator/HOMEY\ Clean.build/Objects-normal/x86_64/HOMEY\ Clean.SwiftFileList -DDEBUG -enable-bare-slash-regex -enable-experimental-feature DebugDescriptionMacro -sdk /Applications/Xcode.app/Contents/Developer/Platforms/iPhoneSimulator.platform/Developer/SDKs/iPhoneSimulator26.0.sdk -target x86_64-apple-ios18.5-simulator -g -module-cache-path /Users/ryankanfer/Library/Developer/Xcode/DerivedData/ModuleCache.noindex -Xfrontend -serialize-debugging-options -profile-coverage-mapping -profile-generate -enable-testing -index-store-path /Users/ryankanfer/Library/Developer/Xcode/DerivedData/HOMEY_Clean-gafualdnzupkfseuistvwtqbnpqd/Index.noindex/DataStore -Xcc -D_LIBCPP_HARDENING_MODE\=_LIBCPP_HARDENING_MODE_DEBUG -swift-version 5 -I /Users/ryankanfer/Library/Developer/Xcode/DerivedData/HOMEY_Clean-gafualdnzupkfseuistvwtqbnpqd/Build/Products/Debug-iphonesimulator -F /Users/ryankanfer/Library/Developer/Xcode/DerivedData/HOMEY_Clean-gafualdnzupkfseuistvwtqbnpqd/Build/Products/Debug-iphonesimulator/PackageFrameworks -F /Users/ryankanfer/Library/Developer/Xcode/DerivedData/HOMEY_Clean-gafualdnzupkfseuistvwtqbnpqd/Build/Products/Debug-iphonesimulator/PackageFrameworks -F /Users/ryankanfer/Library/Developer/Xcode/DerivedData/HOMEY_Clean-gafualdnzupkfseuistvwtqbnpqd/Build/Products/Debug-iphonesimulator/PackageFrameworks -F /Users/ryankanfer/Library/Developer/Xcode/DerivedData/HOMEY_Clean-gafualdnzupkfseuistvwtqbnpqd/Build/Products/Debug-iphonesimulator/PackageFrameworks -F /Users/ryankanfer/Library/Developer/Xcode/DerivedData/HOMEY_Clean-gafualdnzupkfseuistvwtqbnpqd/Build/Products/Debug-iphonesimulator/PackageFrameworks -F /Users/ryankanfer/Library/Developer/Xcode/DerivedData/HOMEY_Clean-gafualdnzupkfseuistvwtqbnpqd/Build/Products/Debug-iphonesimulator/PackageFrameworks -F /Users/ryankanfer/Library/Developer/Xcode/DerivedData/HOMEY_Clean-gafualdnzupkfseuistvwtqbnpqd/Build/Products/Debug-iphonesimulator/PackageFrameworks -F /Users/ryankanfer/Library/Developer/Xcode/DerivedData/HOMEY_Clean-gafualdnzupkfseuistvwtqbnpqd/Build/Products/Debug-iphonesimulator/PackageFrameworks -F /Users/ryankanfer/Library/Developer/Xcode/DerivedData/HOMEY_Clean-gafualdnzupkfseuistvwtqbnpqd/Build/Products/Debug-iphonesimulator/PackageFrameworks -F /Users/ryankanfer/Library/Developer/Xcode/DerivedData/HOMEY_Clean-gafualdnzupkfseuistvwtqbnpqd/Build/Products/Debug-iphonesimulator/PackageFrameworks -F /Users/ryankanfer/Library/Developer/Xcode/DerivedData/HOMEY_Clean-gafualdnzupkfseuistvwtqbnpqd/Build/Products/Debug-iphonesimulator/PackageFrameworks -F /Users/ryankanfer/Library/Developer/Xcode/DerivedData/HOMEY_Clean-gafualdnzupkfseuistvwtqbnpqd/Build/Products/Debug-iphonesimulator/PackageFrameworks -F /Users/ryankanfer/Library/Developer/Xcode/DerivedData/HOMEY_Clean-gafualdnzupkfseuistvwtqbnpqd/Build/Products/Debug-iphonesimulator/PackageFrameworks -F /Users/ryankanfer/Library/Developer/Xcode/DerivedData/HOMEY_Clean-gafualdnzupkfseuistvwtqbnpqd/Build/Products/Debug-iphonesimulator/PackageFrameworks -F /Users/ryankanfer/Library/Developer/Xcode/DerivedData/HOMEY_Clean-gafualdnzupkfseuistvwtqbnpqd/Build/Products/Debug-iphonesimulator -emit-localized-strings -emit-localized-strings-path /Users/ryankanfer/Library/Developer/Xcode/DerivedData/HOMEY_Clean-gafualdnzupkfseuistvwtqbnpqd/Build/Intermediates.noindex/HOMEY\ Clean.build/Debug-iphonesimulator/HOMEY\ Clean.build/Objects-normal/x86_64 -c -j8 -enable-batch-mode -incremental -Xcc -ivfsstatcache -Xcc /Users/ryankanfer/Library/Developer/Xcode/DerivedData/SDKStatCaches.noindex/iphonesimulator26.0-23A339-26257891a6c027eb51374368541b8346.sdkstatcache -output-file-map /Users/ryankanfer/Library/Developer/Xcode/DerivedData/HOMEY_Clean-gafualdnzupkfseuistvwtqbnpqd/Build/Intermediates.noindex/HOMEY\ Clean.build/Debug-iphonesimulator/HOMEY\ Clean.build/Objects-normal/x86_64/HOMEY\ Clean-OutputFileMap.json -use-frontend-parseable-output -save-temps -no-color-diagnostics -explicit-module-build -module-cache-path /Users/ryankanfer/Library/Developer/Xcode/DerivedData/HOMEY_Clean-gafualdnzupkfseuistvwtqbnpqd/Build/Intermediates.noindex/SwiftExplicitPrecompiledModules -clang-scanner-module-cache-path /Users/ryankanfer/Library/Developer/Xcode/DerivedData/ModuleCache.noindex -sdk-module-cache-path /Users/ryankanfer/Library/Developer/Xcode/DerivedData/ModuleCache.noindex -serialize-diagnostics -emit-dependencies -emit-module -emit-module-path /Users/ryankanfer/Library/Developer/Xcode/DerivedData/HOMEY_Clean-gafualdnzupkfseuistvwtqbnpqd/Build/Intermediates.noindex/HOMEY\ Clean.build/Debug-iphonesimulator/HOMEY\ Clean.build/Objects-normal/x86_64/HOMEY_Clean.swiftmodule -validate-clang-modules-once -clang-build-session-file /Users/ryankanfer/Library/Developer/Xcode/DerivedData/ModuleCache.noindex/Session.modulevalidation -Xcc -I/Users/ryankanfer/Library/Developer/Xcode/DerivedData/HOMEY_Clean-gafualdnzupkfseuistvwtqbnpqd/Build/Intermediates.noindex/HOMEY\ Clean.build/Debug-iphonesimulator/HOMEY\ Clean.build/swift-overrides.hmap -emit-const-values -Xfrontend -const-gather-protocols-file -Xfrontend /Users/ryankanfer/Library/Developer/Xcode/DerivedData/HOMEY_Clean-gafualdnzupkfseuistvwtqbnpqd/Build/Intermediates.noindex/HOMEY\ Clean.build/Debug-iphonesimulator/HOMEY\ Clean.build/Objects-normal/x86_64/HOMEY\ Clean_const_extract_protocols.json -Xcc -iquote -Xcc /Users/ryankanfer/Library/Developer/Xcode/DerivedData/HOMEY_Clean-gafualdnzupkfseuistvwtqbnpqd/Build/Intermediates.noindex/HOMEY\ Clean.build/Debug-iphonesimulator/HOMEY\ Clean.build/HOMEY\ Clean-generated-files.hmap -Xcc -I/Users/ryankanfer/Library/Developer/Xcode/DerivedData/HOMEY_Clean-gafualdnzupkfseuistvwtqbnpqd/Build/Intermediates.noindex/HOMEY\ Clean.build/Debug-iphonesimulator/HOMEY\ Clean.build/HOMEY\ Clean-own-target-headers.hmap -Xcc -I/Users/ryankanfer/Library/Developer/Xcode/DerivedData/HOMEY_Clean-gafualdnzupkfseuistvwtqbnpqd/Build/Intermediates.noindex/HOMEY\ Clean.build/Debug-iphonesimulator/HOMEY\ Clean.build/HOMEY\ Clean-all-non-framework-target-headers.hmap -Xcc -ivfsoverlay -Xcc /Users/ryankanfer/Library/Developer/Xcode/DerivedData/HOMEY_Clean-gafualdnzupkfseuistvwtqbnpqd/Build/Intermediates.noindex/HOMEY\ Clean.build/Debug-iphonesimulator/HOMEY\ Clean-0f55fb2587d36a9d6da7defd35999c5a-VFS-iphonesimulator/all-product-headers.yaml -Xcc -iquote -Xcc /Users/ryankanfer/Library/Developer/Xcode/DerivedData/HOMEY_Clean-gafualdnzupkfseuistvwtqbnpqd/Build/Intermediates.noindex/HOMEY\ Clean.build/Debug-iphonesimulator/HOMEY\ Clean.build/HOMEY\ Clean-project-headers.hmap -Xcc -I/Users/ryankanfer/Library/Developer/Xcode/DerivedData/HOMEY_Clean-gafualdnzupkfseuistvwtqbnpqd/Build/Products/Debug-iphonesimulator/include -Xcc -I/Users/ryankanfer/Library/Developer/Xcode/DerivedData/HOMEY_Clean-gafualdnzupkfseuistvwtqbnpqd/Build/Intermediates.noindex/HOMEY\ Clean.build/Debug-iphonesimulator/HOMEY\ Clean.build/DerivedSources-normal/x86_64 -Xcc -I/Users/ryankanfer/Library/Developer/Xcode/DerivedData/HOMEY_Clean-gafualdnzupkfseuistvwtqbnpqd/Build/Intermediates.noindex/HOMEY\ Clean.build/Debug-iphonesimulator/HOMEY\ Clean.build/DerivedSources/x86_64 -Xcc -I/Users/ryankanfer/Library/Developer/Xcode/DerivedData/HOMEY_Clean-gafualdnzupkfseuistvwtqbnpqd/Build/Intermediates.noindex/HOMEY\ Clean.build/Debug-iphonesimulator/HOMEY\ Clean.build/DerivedSources -Xcc -DDEBUG\=1 -emit-objc-header -emit-objc-header-path /Users/ryankanfer/Library/Developer/Xcode/DerivedData/HOMEY_Clean-gafualdnzupkfseuistvwtqbnpqd/Build/Intermediates.noindex/HOMEY\ Clean.build/Debug-iphonesimulator/HOMEY\ Clean.build/Objects-normal/x86_64/HOMEY_Clean-Swift.h -working-directory /Users/ryankanfer/Documents/Developer/HOMEY\ Clean -experimental-emit-module-separately -disable-cmo
/Users/ryankanfer/Library/Developer/Xcode/DerivedData/HOMEY_Clean-gafualdnzupkfseuistvwtqbnpqd/Build/Intermediates.noindex/HOMEY Clean.build/Debug-iphonesimulator/HOMEY Clean.build/DerivedSources/GeneratedAssetSymbols.swift:30:14: warning: The "AccentColor" color asset name resolves to the symbol "accent" which already exists. Try renaming the asset.
    #warning("The \"AccentColor\" color asset name resolves to the symbol \"accent\" which already exists. Try renaming the asset.")
             ^~~~~~~~~~~~~~~~~~~~~~~~~~~~~~~~~~~~~~~~~~~~~~~~~~~~~~~~~~~~~~~~~~~~~~~~~~~~~~~~~~~~~~~~~~~~~~~~~~~~~~~~~~~~~~~~~~~~~~ (in target 'HOMEY Clean' from project 'HOMEY Clean')
/Users/ryankanfer/Library/Developer/Xcode/DerivedData/HOMEY_Clean-gafualdnzupkfseuistvwtqbnpqd/Build/Intermediates.noindex/HOMEY Clean.build/Debug-iphonesimulator/HOMEY Clean.build/DerivedSources/GeneratedAssetSymbols.swift:663:14: warning: The "Primary" color asset name resolves to a conflicting Color symbol "primary". Try renaming the asset.
    #warning("The \"Primary\" color asset name resolves to a conflicting Color symbol \"primary\". Try renaming the asset.")
             ^~~~~~~~~~~~~~~~~~~~~~~~~~~~~~~~~~~~~~~~~~~~~~~~~~~~~~~~~~~~~~~~~~~~~~~~~~~~~~~~~~~~~~~~~~~~~~~~~~~~~~~~~~~~~~ (in target 'HOMEY Clean' from project 'HOMEY Clean')

ProcessInfoPlistFile /Users/ryankanfer/Library/Developer/Xcode/DerivedData/HOMEY_Clean-gafualdnzupkfseuistvwtqbnpqd/Build/Products/Debug-iphonesimulator/HOMEY\ Clean.app/Info.plist /Users/ryankanfer/Library/Developer/Xcode/DerivedData/HOMEY_Clean-gafualdnzupkfseuistvwtqbnpqd/Build/Intermediates.noindex/HOMEY\ Clean.build/Debug-iphonesimulator/HOMEY\ Clean.build/empty-HOMEY\ Clean.plist (in target 'HOMEY Clean' from project 'HOMEY Clean')
    cd /Users/ryankanfer/Documents/Developer/HOMEY\ Clean
    builtin-infoPlistUtility /Users/ryankanfer/Library/Developer/Xcode/DerivedData/HOMEY_Clean-gafualdnzupkfseuistvwtqbnpqd/Build/Intermediates.noindex/HOMEY\ Clean.build/Debug-iphonesimulator/HOMEY\ Clean.build/empty-HOMEY\ Clean.plist -producttype com.apple.product-type.application -genpkginfo /Users/ryankanfer/Library/Developer/Xcode/DerivedData/HOMEY_Clean-gafualdnzupkfseuistvwtqbnpqd/Build/Products/Debug-iphonesimulator/HOMEY\ Clean.app/PkgInfo -expandbuildsettings -format binary -platform iphonesimulator -additionalcontentfile /Users/ryankanfer/Library/Developer/Xcode/DerivedData/HOMEY_Clean-gafualdnzupkfseuistvwtqbnpqd/Build/Intermediates.noindex/HOMEY\ Clean.build/Debug-iphonesimulator/HOMEY\ Clean.build/assetcatalog_generated_info.plist -scanforprivacyfile /Users/ryankanfer/Library/Developer/Xcode/DerivedData/HOMEY_Clean-gafualdnzupkfseuistvwtqbnpqd/Build/Products/Debug-iphonesimulator/HOMEY\ Clean.app/swift-crypto_Crypto.bundle -o /Users/ryankanfer/Library/Developer/Xcode/DerivedData/HOMEY_Clean-gafualdnzupkfseuistvwtqbnpqd/Build/Products/Debug-iphonesimulator/HOMEY\ Clean.app/Info.plist

SwiftCompile normal x86_64 Compiling\ RootView.swift,\ SessionManager+Role.swift,\ SupabaseAuthManager.swift,\ SupabaseFunctionsService.swift,\ UserProfileManager.swift,\ ViewportMargins.swift,\ AdminDashboardView.swift,\ BuildBadge.swift,\ DangerZone.swift,\ FlagsPanel.swift,\ ImpersonateBar.swift,\ LogTailView.swift,\ AgentDashboardView.swift,\ AgentEventsView.swift,\ AgentInviteButton.swift,\ NudgeService.swift,\ ClientHomeView.swift,\ ClientLiveContent.swift,\ CharlieDashboardView.swift,\ CharlieOnboardingView.swift,\ EducationCenterSection.swift,\ EducationCenterSectionView.swift,\ SubwayProgressView.swift,\ DrewDashboardView.swift /Users/ryankanfer/Documents/Developer/HOMEY\ Clean/HOMEY\ Clean/Core/RootView.swift /Users/ryankanfer/Documents/Developer/HOMEY\ Clean/HOMEY\ Clean/Core/SessionManager+Role.swift /Users/ryankanfer/Documents/Developer/HOMEY\ Clean/HOMEY\ Clean/Core/SupabaseAuthManager.swift /Users/ryankanfer/Documents/Developer/HOMEY\ Clean/HOMEY\ Clean/Core/SupabaseFunctionsService.swift /Users/ryankanfer/Documents/Developer/HOMEY\ Clean/HOMEY\ Clean/Core/UserProfileManager.swift /Users/ryankanfer/Documents/Developer/HOMEY\ Clean/HOMEY\ Clean/Core/ViewportMargins.swift /Users/ryankanfer/Documents/Developer/HOMEY\ Clean/HOMEY\ Clean/Dashboards/Admin/AdminDashboardView.swift /Users/ryankanfer/Documents/Developer/HOMEY\ Clean/HOMEY\ Clean/Dashboards/Admin/BuildBadge.swift /Users/ryankanfer/Documents/Developer/HOMEY\ Clean/HOMEY\ Clean/Dashboards/Admin/DangerZone.swift /Users/ryankanfer/Documents/Developer/HOMEY\ Clean/HOMEY\ Clean/Dashboards/Admin/FlagsPanel.swift /Users/ryankanfer/Documents/Developer/HOMEY\ Clean/HOMEY\ Clean/Dashboards/Admin/ImpersonateBar.swift /Users/ryankanfer/Documents/Developer/HOMEY\ Clean/HOMEY\ Clean/Dashboards/Admin/LogTailView.swift /Users/ryankanfer/Documents/Developer/HOMEY\ Clean/HOMEY\ Clean/Dashboards/Agents/AgentDashboardView.swift /Users/ryankanfer/Documents/Developer/HOMEY\ Clean/HOMEY\ Clean/Dashboards/Agents/AgentEventsView.swift /Users/ryankanfer/Documents/Developer/HOMEY\ Clean/HOMEY\ Clean/Dashboards/Agents/AgentInviteButton.swift /Users/ryankanfer/Documents/Developer/HOMEY\ Clean/HOMEY\ Clean/Dashboards/Agents/NudgeService.swift /Users/ryankanfer/Documents/Developer/HOMEY\ Clean/HOMEY\ Clean/Dashboards/Clients/Legacy/ClientHomeView.swift /Users/ryankanfer/Documents/Developer/HOMEY\ Clean/HOMEY\ Clean/Dashboards/Clients/Legacy/ClientLiveContent.swift /Users/ryankanfer/Documents/Developer/HOMEY\ Clean/HOMEY\ Clean/Dashboards/Clients/Pages/Charlie/CharlieDashboardView.swift /Users/ryankanfer/Documents/Developer/HOMEY\ Clean/HOMEY\ Clean/Dashboards/Clients/Pages/Charlie/CharlieOnboardingView.swift /Users/ryankanfer/Documents/Developer/HOMEY\ Clean/HOMEY\ Clean/Dashboards/Clients/Pages/Charlie/EducationCenterSection.swift /Users/ryankanfer/Documents/Developer/HOMEY\ Clean/HOMEY\ Clean/Dashboards/Clients/Pages/Charlie/EducationCenterSectionView.swift /Users/ryankanfer/Documents/Developer/HOMEY\ Clean/HOMEY\ Clean/Dashboards/Clients/Pages/Charlie/SubwayProgressView.swift /Users/ryankanfer/Documents/Developer/HOMEY\ Clean/HOMEY\ Clean/Dashboards/Clients/Pages/Drew/DrewDashboardView.swift (in target 'HOMEY Clean' from project 'HOMEY Clean')
SwiftCompile normal x86_64 /Users/ryankanfer/Documents/Developer/HOMEY\ Clean/HOMEY\ Clean/Core/RootView.swift (in target 'HOMEY Clean' from project 'HOMEY Clean')
    cd /Users/ryankanfer/Documents/Developer/HOMEY\ Clean
    
/Users/ryankanfer/Library/Developer/Xcode/DerivedData/HOMEY_Clean-gafualdnzupkfseuistvwtqbnpqd/Build/Intermediates.noindex/HOMEY Clean.build/Debug-iphonesimulator/HOMEY Clean.build/DerivedSources/GeneratedAssetSymbols.swift:663:14: warning: The "Primary" color asset name resolves to a conflicting Color symbol "primary". Try renaming the asset.
    #warning("The \"Primary\" color asset name resolves to a conflicting Color symbol \"primary\". Try renaming the asset.")
             ^~~~~~~~~~~~~~~~~~~~~~~~~~~~~~~~~~~~~~~~~~~~~~~~~~~~~~~~~~~~~~~~~~~~~~~~~~~~~~~~~~~~~~~~~~~~~~~~~~~~~~~~~~~~~~

SwiftCompile normal x86_64 /Users/ryankanfer/Documents/Developer/HOMEY\ Clean/HOMEY\ Clean/Core/SessionManager+Role.swift (in target 'HOMEY Clean' from project 'HOMEY Clean')
    cd /Users/ryankanfer/Documents/Developer/HOMEY\ Clean
    

SwiftCompile normal x86_64 /Users/ryankanfer/Documents/Developer/HOMEY\ Clean/HOMEY\ Clean/Core/SupabaseAuthManager.swift (in target 'HOMEY Clean' from project 'HOMEY Clean')
    cd /Users/ryankanfer/Documents/Developer/HOMEY\ Clean
    

SwiftCompile normal x86_64 /Users/ryankanfer/Documents/Developer/HOMEY\ Clean/HOMEY\ Clean/Core/SupabaseFunctionsService.swift (in target 'HOMEY Clean' from project 'HOMEY Clean')
    cd /Users/ryankanfer/Documents/Developer/HOMEY\ Clean
    

SwiftCompile normal x86_64 /Users/ryankanfer/Documents/Developer/HOMEY\ Clean/HOMEY\ Clean/Core/UserProfileManager.swift (in target 'HOMEY Clean' from project 'HOMEY Clean')
    cd /Users/ryankanfer/Documents/Developer/HOMEY\ Clean
    

SwiftCompile normal x86_64 /Users/ryankanfer/Documents/Developer/HOMEY\ Clean/HOMEY\ Clean/Core/ViewportMargins.swift (in target 'HOMEY Clean' from project 'HOMEY Clean')
    cd /Users/ryankanfer/Documents/Developer/HOMEY\ Clean
    

SwiftCompile normal x86_64 /Users/ryankanfer/Documents/Developer/HOMEY\ Clean/HOMEY\ Clean/Dashboards/Admin/AdminDashboardView.swift (in target 'HOMEY Clean' from project 'HOMEY Clean')
    cd /Users/ryankanfer/Documents/Developer/HOMEY\ Clean
    

SwiftCompile normal x86_64 /Users/ryankanfer/Documents/Developer/HOMEY\ Clean/HOMEY\ Clean/Dashboards/Admin/BuildBadge.swift (in target 'HOMEY Clean' from project 'HOMEY Clean')
    cd /Users/ryankanfer/Documents/Developer/HOMEY\ Clean
    

SwiftCompile normal x86_64 /Users/ryankanfer/Documents/Developer/HOMEY\ Clean/HOMEY\ Clean/Dashboards/Admin/DangerZone.swift (in target 'HOMEY Clean' from project 'HOMEY Clean')
    cd /Users/ryankanfer/Documents/Developer/HOMEY\ Clean
    

SwiftCompile normal x86_64 /Users/ryankanfer/Documents/Developer/HOMEY\ Clean/HOMEY\ Clean/Dashboards/Admin/FlagsPanel.swift (in target 'HOMEY Clean' from project 'HOMEY Clean')
    cd /Users/ryankanfer/Documents/Developer/HOMEY\ Clean
    

SwiftCompile normal x86_64 /Users/ryankanfer/Documents/Developer/HOMEY\ Clean/HOMEY\ Clean/Dashboards/Admin/ImpersonateBar.swift (in target 'HOMEY Clean' from project 'HOMEY Clean')
    cd /Users/ryankanfer/Documents/Developer/HOMEY\ Clean
    

SwiftCompile normal x86_64 /Users/ryankanfer/Documents/Developer/HOMEY\ Clean/HOMEY\ Clean/Dashboards/Admin/LogTailView.swift (in target 'HOMEY Clean' from project 'HOMEY Clean')
    cd /Users/ryankanfer/Documents/Developer/HOMEY\ Clean
    

SwiftCompile normal x86_64 /Users/ryankanfer/Documents/Developer/HOMEY\ Clean/HOMEY\ Clean/Dashboards/Agents/AgentDashboardView.swift (in target 'HOMEY Clean' from project 'HOMEY Clean')
    cd /Users/ryankanfer/Documents/Developer/HOMEY\ Clean
    

SwiftCompile normal x86_64 /Users/ryankanfer/Documents/Developer/HOMEY\ Clean/HOMEY\ Clean/Dashboards/Agents/AgentEventsView.swift (in target 'HOMEY Clean' from project 'HOMEY Clean')
    cd /Users/ryankanfer/Documents/Developer/HOMEY\ Clean
    

SwiftCompile normal x86_64 /Users/ryankanfer/Documents/Developer/HOMEY\ Clean/HOMEY\ Clean/Dashboards/Agents/AgentInviteButton.swift (in target 'HOMEY Clean' from project 'HOMEY Clean')
    cd /Users/ryankanfer/Documents/Developer/HOMEY\ Clean
    

SwiftCompile normal x86_64 /Users/ryankanfer/Documents/Developer/HOMEY\ Clean/HOMEY\ Clean/Dashboards/Agents/NudgeService.swift (in target 'HOMEY Clean' from project 'HOMEY Clean')
    cd /Users/ryankanfer/Documents/Developer/HOMEY\ Clean
    

SwiftCompile normal x86_64 /Users/ryankanfer/Documents/Developer/HOMEY\ Clean/HOMEY\ Clean/Dashboards/Clients/Legacy/ClientHomeView.swift (in target 'HOMEY Clean' from project 'HOMEY Clean')
    cd /Users/ryankanfer/Documents/Developer/HOMEY\ Clean
    

SwiftCompile normal x86_64 /Users/ryankanfer/Documents/Developer/HOMEY\ Clean/HOMEY\ Clean/Dashboards/Clients/Legacy/ClientLiveContent.swift (in target 'HOMEY Clean' from project 'HOMEY Clean')
    cd /Users/ryankanfer/Documents/Developer/HOMEY\ Clean
    

SwiftCompile normal x86_64 /Users/ryankanfer/Documents/Developer/HOMEY\ Clean/HOMEY\ Clean/Dashboards/Clients/Pages/Charlie/CharlieDashboardView.swift (in target 'HOMEY Clean' from project 'HOMEY Clean')
    cd /Users/ryankanfer/Documents/Developer/HOMEY\ Clean
    

SwiftCompile normal x86_64 /Users/ryankanfer/Documents/Developer/HOMEY\ Clean/HOMEY\ Clean/Dashboards/Clients/Pages/Charlie/CharlieOnboardingView.swift (in target 'HOMEY Clean' from project 'HOMEY Clean')
    cd /Users/ryankanfer/Documents/Developer/HOMEY\ Clean
    
/Users/ryankanfer/Library/Developer/Xcode/DerivedData/HOMEY_Clean-gafualdnzupkfseuistvwtqbnpqd/Build/Intermediates.noindex/HOMEY Clean.build/Debug-iphonesimulator/HOMEY Clean.build/DerivedSources/GeneratedAssetSymbols.swift:30:14: warning: The "AccentColor" color asset name resolves to the symbol "accent" which already exists. Try renaming the asset.
    #warning("The \"AccentColor\" color asset name resolves to the symbol \"accent\" which already exists. Try renaming the asset.")
             ^~~~~~~~~~~~~~~~~~~~~~~~~~~~~~~~~~~~~~~~~~~~~~~~~~~~~~~~~~~~~~~~~~~~~~~~~~~~~~~~~~~~~~~~~~~~~~~~~~~~~~~~~~~~~~~~~~~~~~

SwiftCompile normal x86_64 /Users/ryankanfer/Documents/Developer/HOMEY\ Clean/HOMEY\ Clean/Dashboards/Clients/Pages/Charlie/EducationCenterSection.swift (in target 'HOMEY Clean' from project 'HOMEY Clean')
    cd /Users/ryankanfer/Documents/Developer/HOMEY\ Clean
    

SwiftCompile normal x86_64 /Users/ryankanfer/Documents/Developer/HOMEY\ Clean/HOMEY\ Clean/Dashboards/Clients/Pages/Charlie/EducationCenterSectionView.swift (in target 'HOMEY Clean' from project 'HOMEY Clean')
    cd /Users/ryankanfer/Documents/Developer/HOMEY\ Clean
    

SwiftCompile normal x86_64 /Users/ryankanfer/Documents/Developer/HOMEY\ Clean/HOMEY\ Clean/Dashboards/Clients/Pages/Charlie/SubwayProgressView.swift (in target 'HOMEY Clean' from project 'HOMEY Clean')
    cd /Users/ryankanfer/Documents/Developer/HOMEY\ Clean
    

SwiftCompile normal x86_64 /Users/ryankanfer/Documents/Developer/HOMEY\ Clean/HOMEY\ Clean/Dashboards/Clients/Pages/Drew/DrewDashboardView.swift (in target 'HOMEY Clean' from project 'HOMEY Clean')
    cd /Users/ryankanfer/Documents/Developer/HOMEY\ Clean
    

SwiftCompile normal x86_64 Compiling\ TRAEVisualAssets.swift,\ TypographySystem.swift,\ ResourceManager.swift,\ AgentChatView.swift,\ AIAvatarSystem.swift,\ AnimationConstants.swift,\ AnimationManager.swift,\ APIClient.swift,\ AppSessionManager.swift,\ AppState.swift,\ AuthManager.swift,\ CacheManager.swift,\ ClientTabView.swift,\ DocumentsDashboardView.swift,\ EventsManager.swift,\ FeatureFlags.swift,\ Font+Fallback.swift,\ HOMEY_CleanApp.swift,\ HomeyAPI.swift,\ Models.swift,\ OnboardingModalView.swift,\ ProfilesService.swift,\ ProfileTabView.swift,\ ProfileViewModel.swift /Users/ryankanfer/Documents/Developer/HOMEY\ Clean/HOMEY\ Clean/Core/Design/TRAEVisualAssets.swift /Users/ryankanfer/Documents/Developer/HOMEY\ Clean/HOMEY\ Clean/Core/Design/TypographySystem.swift /Users/ryankanfer/Documents/Developer/HOMEY\ Clean/HOMEY\ Clean/Core/Utilities/ResourceManager.swift /Users/ryankanfer/Documents/Developer/HOMEY\ Clean/HOMEY\ Clean/Core/AgentChatView.swift /Users/ryankanfer/Documents/Developer/HOMEY\ Clean/HOMEY\ Clean/Core/AIAvatarSystem.swift /Users/ryankanfer/Documents/Developer/HOMEY\ Clean/HOMEY\ Clean/Core/AnimationConstants.swift /Users/ryankanfer/Documents/Developer/HOMEY\ Clean/HOMEY\ Clean/Core/AnimationManager.swift /Users/ryankanfer/Documents/Developer/HOMEY\ Clean/HOMEY\ Clean/Core/APIClient.swift /Users/ryankanfer/Documents/Developer/HOMEY\ Clean/HOMEY\ Clean/Core/AppSessionManager.swift /Users/ryankanfer/Documents/Developer/HOMEY\ Clean/HOMEY\ Clean/Core/AppState.swift /Users/ryankanfer/Documents/Developer/HOMEY\ Clean/HOMEY\ Clean/Core/AuthManager.swift /Users/ryankanfer/Documents/Developer/HOMEY\ Clean/HOMEY\ Clean/Core/CacheManager.swift /Users/ryankanfer/Documents/Developer/HOMEY\ Clean/HOMEY\ Clean/Core/ClientTabView.swift /Users/ryankanfer/Documents/Developer/HOMEY\ Clean/HOMEY\ Clean/Core/DocumentsDashboardView.swift /Users/ryankanfer/Documents/Developer/HOMEY\ Clean/HOMEY\ Clean/Core/EventsManager.swift /Users/ryankanfer/Documents/Developer/HOMEY\ Clean/HOMEY\ Clean/Core/FeatureFlags.swift /Users/ryankanfer/Documents/Developer/HOMEY\ Clean/HOMEY\ Clean/Core/Font+Fallback.swift /Users/ryankanfer/Documents/Developer/HOMEY\ Clean/HOMEY\ Clean/Core/HOMEY_CleanApp.swift /Users/ryankanfer/Documents/Developer/HOMEY\ Clean/HOMEY\ Clean/Core/HomeyAPI.swift /Users/ryankanfer/Documents/Developer/HOMEY\ Clean/HOMEY\ Clean/Core/Models.swift /Users/ryankanfer/Documents/Developer/HOMEY\ Clean/HOMEY\ Clean/Core/OnboardingModalView.swift /Users/ryankanfer/Documents/Developer/HOMEY\ Clean/HOMEY\ Clean/Core/ProfilesService.swift /Users/ryankanfer/Documents/Developer/HOMEY\ Clean/HOMEY\ Clean/Core/ProfileTabView.swift /Users/ryankanfer/Documents/Developer/HOMEY\ Clean/HOMEY\ Clean/Core/ProfileViewModel.swift (in target 'HOMEY Clean' from project 'HOMEY Clean')
SwiftCompile normal x86_64 /Users/ryankanfer/Documents/Developer/HOMEY\ Clean/HOMEY\ Clean/Core/Design/TRAEVisualAssets.swift (in target 'HOMEY Clean' from project 'HOMEY Clean')
    cd /Users/ryankanfer/Documents/Developer/HOMEY\ Clean
    
/Users/ryankanfer/Library/Developer/Xcode/DerivedData/HOMEY_Clean-gafualdnzupkfseuistvwtqbnpqd/Build/Intermediates.noindex/HOMEY Clean.build/Debug-iphonesimulator/HOMEY Clean.build/DerivedSources/GeneratedAssetSymbols.swift:663:14: warning: The "Primary" color asset name resolves to a conflicting Color symbol "primary". Try renaming the asset.
    #warning("The \"Primary\" color asset name resolves to a conflicting Color symbol \"primary\". Try renaming the asset.")
             ^~~~~~~~~~~~~~~~~~~~~~~~~~~~~~~~~~~~~~~~~~~~~~~~~~~~~~~~~~~~~~~~~~~~~~~~~~~~~~~~~~~~~~~~~~~~~~~~~~~~~~~~~~~~~~
/Users/ryankanfer/Library/Developer/Xcode/DerivedData/HOMEY_Clean-gafualdnzupkfseuistvwtqbnpqd/Build/Intermediates.noindex/HOMEY Clean.build/Debug-iphonesimulator/HOMEY Clean.build/DerivedSources/GeneratedAssetSymbols.swift:30:14: warning: The "AccentColor" color asset name resolves to the symbol "accent" which already exists. Try renaming the asset.
    #warning("The \"AccentColor\" color asset name resolves to the symbol \"accent\" which already exists. Try renaming the asset.")
             ^~~~~~~~~~~~~~~~~~~~~~~~~~~~~~~~~~~~~~~~~~~~~~~~~~~~~~~~~~~~~~~~~~~~~~~~~~~~~~~~~~~~~~~~~~~~~~~~~~~~~~~~~~~~~~~~~~~~~~
/Users/ryankanfer/Documents/Developer/HOMEY Clean/HOMEY Clean/Core/Design/TRAEVisualAssets.swift:368:17: warning: initialization of immutable value 'rect' was never used; consider replacing with assignment to '_' or removing it
            let rect = CGRect(origin: .zero, size: size)
            ~~~~^~~~
            _
/Users/ryankanfer/Documents/Developer/HOMEY Clean/HOMEY Clean/Core/Design/TRAEVisualAssets.swift:374:25: warning: initialization of immutable value 'point' was never used; consider replacing with assignment to '_' or removing it
                    let point = CGPoint(x: x, y: y)
                    ~~~~^~~~~
                    _

SwiftCompile normal x86_64 /Users/ryankanfer/Documents/Developer/HOMEY\ Clean/HOMEY\ Clean/Core/Design/TypographySystem.swift (in target 'HOMEY Clean' from project 'HOMEY Clean')
    cd /Users/ryankanfer/Documents/Developer/HOMEY\ Clean
    

SwiftCompile normal x86_64 /Users/ryankanfer/Documents/Developer/HOMEY\ Clean/HOMEY\ Clean/Core/Utilities/ResourceManager.swift (in target 'HOMEY Clean' from project 'HOMEY Clean')
    cd /Users/ryankanfer/Documents/Developer/HOMEY\ Clean
    

SwiftCompile normal x86_64 /Users/ryankanfer/Documents/Developer/HOMEY\ Clean/HOMEY\ Clean/Core/AgentChatView.swift (in target 'HOMEY Clean' from project 'HOMEY Clean')
    cd /Users/ryankanfer/Documents/Developer/HOMEY\ Clean
    
/Users/ryankanfer/Documents/Developer/HOMEY Clean/HOMEY Clean/Core/Design/TRAEMicroInteractions.swift:476:45: warning: backward matching of the unlabeled trailing closure is deprecated; label the argument with 'onLongPress' to suppress this warning
            .traeInteractive(type: .button) {
                                          ~ ^
                                          , onLongPress: 
/Users/ryankanfer/Documents/Developer/HOMEY Clean/HOMEY Clean/Core/Design/TRAEMicroInteractions.swift:440:10: note: 'traeInteractive(type:isEnabled:onTap:onLongPress:)' declared here
    func traeInteractive(
         ^
/Users/ryankanfer/Documents/Developer/HOMEY Clean/HOMEY Clean/Core/AgentChatView.swift:22:22: warning: 'onChange(of:perform:)' was deprecated in iOS 17.0: Use `onChange` with a two or zero parameter action closure instead.
                    .onChange(of: messages.count) { _ in
                     ^

SwiftCompile normal x86_64 /Users/ryankanfer/Documents/Developer/HOMEY\ Clean/HOMEY\ Clean/Core/AIAvatarSystem.swift (in target 'HOMEY Clean' from project 'HOMEY Clean')
    cd /Users/ryankanfer/Documents/Developer/HOMEY\ Clean
    

SwiftCompile normal x86_64 /Users/ryankanfer/Documents/Developer/HOMEY\ Clean/HOMEY\ Clean/Core/AnimationConstants.swift (in target 'HOMEY Clean' from project 'HOMEY Clean')
    cd /Users/ryankanfer/Documents/Developer/HOMEY\ Clean
    

SwiftCompile normal x86_64 /Users/ryankanfer/Documents/Developer/HOMEY\ Clean/HOMEY\ Clean/Core/AnimationManager.swift (in target 'HOMEY Clean' from project 'HOMEY Clean')
    cd /Users/ryankanfer/Documents/Developer/HOMEY\ Clean
    
/Users/ryankanfer/Documents/Developer/HOMEY Clean/HOMEY Clean/Core/AnimationManager.swift:53:38: warning: capture of 'token' with non-Sendable type 'AnimationManager.AnimationToken' in a '@Sendable' closure
                self?.cleanup(token: token)
                                     ^
/Users/ryankanfer/Documents/Developer/HOMEY Clean/HOMEY Clean/Core/AnimationManager.swift:23:19: note: consider making struct 'AnimationToken' conform to the 'Sendable' protocol
    public struct AnimationToken: Hashable, Identifiable {
                  ^
                                                        , Sendable
/Users/ryankanfer/Documents/Developer/HOMEY Clean/HOMEY Clean/Core/AnimationManager.swift:53:23: warning: call to main actor-isolated instance method 'cleanup(token:)' in a synchronous nonisolated context
                self?.cleanup(token: token)
                      ^
/Users/ryankanfer/Documents/Developer/HOMEY Clean/HOMEY Clean/Core/AnimationManager.swift:62:17: note: calls to instance method 'cleanup(token:)' from outside of its actor context are implicitly asynchronous
    public func cleanup(token: AnimationToken) {
                ^

SwiftCompile normal x86_64 /Users/ryankanfer/Documents/Developer/HOMEY\ Clean/HOMEY\ Clean/Core/APIClient.swift (in target 'HOMEY Clean' from project 'HOMEY Clean')
    cd /Users/ryankanfer/Documents/Developer/HOMEY\ Clean
    

SwiftCompile normal x86_64 /Users/ryankanfer/Documents/Developer/HOMEY\ Clean/HOMEY\ Clean/Core/AppSessionManager.swift (in target 'HOMEY Clean' from project 'HOMEY Clean')
    cd /Users/ryankanfer/Documents/Developer/HOMEY\ Clean
    

SwiftCompile normal x86_64 /Users/ryankanfer/Documents/Developer/HOMEY\ Clean/HOMEY\ Clean/Core/AppState.swift (in target 'HOMEY Clean' from project 'HOMEY Clean')
    cd /Users/ryankanfer/Documents/Developer/HOMEY\ Clean
    

SwiftCompile normal x86_64 /Users/ryankanfer/Documents/Developer/HOMEY\ Clean/HOMEY\ Clean/Core/AuthManager.swift (in target 'HOMEY Clean' from project 'HOMEY Clean')
    cd /Users/ryankanfer/Documents/Developer/HOMEY\ Clean
    

SwiftCompile normal x86_64 /Users/ryankanfer/Documents/Developer/HOMEY\ Clean/HOMEY\ Clean/Core/CacheManager.swift (in target 'HOMEY Clean' from project 'HOMEY Clean')
    cd /Users/ryankanfer/Documents/Developer/HOMEY\ Clean
    

SwiftCompile normal x86_64 /Users/ryankanfer/Documents/Developer/HOMEY\ Clean/HOMEY\ Clean/Core/ClientTabView.swift (in target 'HOMEY Clean' from project 'HOMEY Clean')
    cd /Users/ryankanfer/Documents/Developer/HOMEY\ Clean
    

SwiftCompile normal x86_64 /Users/ryankanfer/Documents/Developer/HOMEY\ Clean/HOMEY\ Clean/Core/DocumentsDashboardView.swift (in target 'HOMEY Clean' from project 'HOMEY Clean')
    cd /Users/ryankanfer/Documents/Developer/HOMEY\ Clean
    

SwiftCompile normal x86_64 /Users/ryankanfer/Documents/Developer/HOMEY\ Clean/HOMEY\ Clean/Core/EventsManager.swift (in target 'HOMEY Clean' from project 'HOMEY Clean')
    cd /Users/ryankanfer/Documents/Developer/HOMEY\ Clean
    
/Users/ryankanfer/Documents/Developer/HOMEY Clean/HOMEY Clean/Core/EventsManager.swift:44:31: warning: immutable value 'query' was never used; consider replacing with '_' or removing it
        case .searchQuery(let query, let filters):
                          ~~~~^~~~~
                          _

SwiftCompile normal x86_64 /Users/ryankanfer/Documents/Developer/HOMEY\ Clean/HOMEY\ Clean/Core/FeatureFlags.swift (in target 'HOMEY Clean' from project 'HOMEY Clean')
    cd /Users/ryankanfer/Documents/Developer/HOMEY\ Clean
    

SwiftCompile normal x86_64 /Users/ryankanfer/Documents/Developer/HOMEY\ Clean/HOMEY\ Clean/Core/Font+Fallback.swift (in target 'HOMEY Clean' from project 'HOMEY Clean')
    cd /Users/ryankanfer/Documents/Developer/HOMEY\ Clean
    

SwiftCompile normal x86_64 /Users/ryankanfer/Documents/Developer/HOMEY\ Clean/HOMEY\ Clean/Core/HOMEY_CleanApp.swift (in target 'HOMEY Clean' from project 'HOMEY Clean')
    cd /Users/ryankanfer/Documents/Developer/HOMEY\ Clean
    

SwiftCompile normal x86_64 /Users/ryankanfer/Documents/Developer/HOMEY\ Clean/HOMEY\ Clean/Core/HomeyAPI.swift (in target 'HOMEY Clean' from project 'HOMEY Clean')
    cd /Users/ryankanfer/Documents/Developer/HOMEY\ Clean
    

SwiftCompile normal x86_64 /Users/ryankanfer/Documents/Developer/HOMEY\ Clean/HOMEY\ Clean/Core/Models.swift (in target 'HOMEY Clean' from project 'HOMEY Clean')
    cd /Users/ryankanfer/Documents/Developer/HOMEY\ Clean
    

SwiftCompile normal x86_64 /Users/ryankanfer/Documents/Developer/HOMEY\ Clean/HOMEY\ Clean/Core/OnboardingModalView.swift (in target 'HOMEY Clean' from project 'HOMEY Clean')
    cd /Users/ryankanfer/Documents/Developer/HOMEY\ Clean
    
/Users/ryankanfer/Documents/Developer/HOMEY Clean/HOMEY Clean/Core/OnboardingModalView.swift:180:13: warning: initialization of immutable value 'userData' was never used; consider replacing with assignment to '_' or removing it
        let userData = OnboardingData(
        ~~~~^~~~~~~~
        _
/Users/ryankanfer/Documents/Developer/HOMEY Clean/HOMEY Clean/Core/OnboardingModalView.swift:320:19: warning: value 'agent' was defined but never used; consider replacing with boolean test
        guard let agent = selectedAgent else { return }
              ~~~~^~~~~~~~
                                        != nil

SwiftCompile normal x86_64 /Users/ryankanfer/Documents/Developer/HOMEY\ Clean/HOMEY\ Clean/Core/ProfilesService.swift (in target 'HOMEY Clean' from project 'HOMEY Clean')
    cd /Users/ryankanfer/Documents/Developer/HOMEY\ Clean
    

SwiftCompile normal x86_64 /Users/ryankanfer/Documents/Developer/HOMEY\ Clean/HOMEY\ Clean/Core/ProfileTabView.swift (in target 'HOMEY Clean' from project 'HOMEY Clean')
    cd /Users/ryankanfer/Documents/Developer/HOMEY\ Clean
    

SwiftCompile normal x86_64 /Users/ryankanfer/Documents/Developer/HOMEY\ Clean/HOMEY\ Clean/Core/ProfileViewModel.swift (in target 'HOMEY Clean' from project 'HOMEY Clean')
    cd /Users/ryankanfer/Documents/Developer/HOMEY\ Clean
    
/Users/ryankanfer/Documents/Developer/HOMEY Clean/HOMEY Clean/Core/ProfileViewModel.swift:98:34: warning: will never be executed
        if tourRequestsCount > 0 {
                                 ^
/Users/ryankanfer/Documents/Developer/HOMEY Clean/HOMEY Clean/Core/ProfileViewModel.swift:98:30: note: condition always evaluates to false
        if tourRequestsCount > 0 {
                             ^
/Users/ryankanfer/Documents/Developer/HOMEY Clean/HOMEY Clean/Core/ProfileViewModel.swift:100:44: warning: will never be executed
        } else if savedPropertiesCount > 5 {
                                           ^
/Users/ryankanfer/Documents/Developer/HOMEY Clean/HOMEY Clean/Core/ProfileViewModel.swift:100:40: note: condition always evaluates to false
        } else if savedPropertiesCount > 5 {
                                       ^
/Users/ryankanfer/Documents/Developer/HOMEY Clean/HOMEY Clean/Core/ProfileViewModel.swift:102:38: warning: will never be executed
        } else if documentsCount > 0 {
                                     ^
/Users/ryankanfer/Documents/Developer/HOMEY Clean/HOMEY Clean/Core/ProfileViewModel.swift:102:34: note: condition always evaluates to false
        } else if documentsCount > 0 {
                                 ^

SwiftCompile normal x86_64 Compiling\ AuthGate.swift,\ InviteRedeemer.swift,\ LoginView.swift,\ SignupView.swift,\ PlaceholderRow.swift,\ SectionCard.swift,\ Color+Hex.swift,\ ContentView.swift,\ ComingSoonView.swift,\ Theme.swift,\ GlassCardContent.swift,\ CharlieUpdateBox.swift,\ ChatAvatar.swift,\ ChatModal.swift,\ ChatTarget.swift,\ ClientTabBar.swift,\ EpisodeDetailSheet.swift,\ FloatingAvatarView.swift,\ GlassNavigationFooter.swift,\ GradientBackgrounds.swift,\ HeroAVPlayerView.swift,\ HeroVideoView.swift,\ HomeyKind.swift,\ JourneyEvent.swift /Users/ryankanfer/Documents/Developer/HOMEY\ Clean/HOMEY\ Clean/Auth/AuthGate.swift /Users/ryankanfer/Documents/Developer/HOMEY\ Clean/HOMEY\ Clean/Auth/InviteRedeemer.swift /Users/ryankanfer/Documents/Developer/HOMEY\ Clean/HOMEY\ Clean/Auth/LoginView.swift /Users/ryankanfer/Documents/Developer/HOMEY\ Clean/HOMEY\ Clean/Auth/SignupView.swift /Users/ryankanfer/Documents/Developer/HOMEY\ Clean/HOMEY\ Clean/codex/components/PlaceholderRow.swift /Users/ryankanfer/Documents/Developer/HOMEY\ Clean/HOMEY\ Clean/codex/components/SectionCard.swift /Users/ryankanfer/Documents/Developer/HOMEY\ Clean/HOMEY\ Clean/codex/Shared/Extensions/Color+Hex.swift /Users/ryankanfer/Documents/Developer/HOMEY\ Clean/HOMEY\ Clean/codex/ContentView.swift /Users/ryankanfer/Documents/Developer/HOMEY\ Clean/HOMEY\ Clean/Common/ComingSoonView.swift /Users/ryankanfer/Documents/Developer/HOMEY\ Clean/HOMEY\ Clean/Common/Theme.swift /Users/ryankanfer/Documents/Developer/HOMEY\ Clean/HOMEY\ Clean/Components/Glass/GlassCardContent.swift /Users/ryankanfer/Documents/Developer/HOMEY\ Clean/HOMEY\ Clean/Components/CharlieUpdateBox.swift /Users/ryankanfer/Documents/Developer/HOMEY\ Clean/HOMEY\ Clean/Components/ChatAvatar.swift /Users/ryankanfer/Documents/Developer/HOMEY\ Clean/HOMEY\ Clean/Components/ChatModal.swift /Users/ryankanfer/Documents/Developer/HOMEY\ Clean/HOMEY\ Clean/Components/ChatTarget.swift /Users/ryankanfer/Documents/Developer/HOMEY\ Clean/HOMEY\ Clean/Components/ClientTabBar.swift /Users/ryankanfer/Documents/Developer/HOMEY\ Clean/HOMEY\ Clean/Components/EpisodeDetailSheet.swift /Users/ryankanfer/Documents/Developer/HOMEY\ Clean/HOMEY\ Clean/Components/FloatingAvatarView.swift /Users/ryankanfer/Documents/Developer/HOMEY\ Clean/HOMEY\ Clean/Components/GlassNavigationFooter.swift /Users/ryankanfer/Documents/Developer/HOMEY\ Clean/HOMEY\ Clean/Components/GradientBackgrounds.swift /Users/ryankanfer/Documents/Developer/HOMEY\ Clean/HOMEY\ Clean/Components/HeroAVPlayerView.swift /Users/ryankanfer/Documents/Developer/HOMEY\ Clean/HOMEY\ Clean/Components/HeroVideoView.swift /Users/ryankanfer/Documents/Developer/HOMEY\ Clean/HOMEY\ Clean/Components/HomeyKind.swift /Users/ryankanfer/Documents/Developer/HOMEY\ Clean/HOMEY\ Clean/Components/JourneyEvent.swift (in target 'HOMEY Clean' from project 'HOMEY Clean')

SwiftCompile normal x86_64 /Users/ryankanfer/Documents/Developer/HOMEY\ Clean/HOMEY\ Clean/Auth/AuthGate.swift (in target 'HOMEY Clean' from project 'HOMEY Clean')
    cd /Users/ryankanfer/Documents/Developer/HOMEY\ Clean
    
/Users/ryankanfer/Library/Developer/Xcode/DerivedData/HOMEY_Clean-gafualdnzupkfseuistvwtqbnpqd/Build/Intermediates.noindex/HOMEY Clean.build/Debug-iphonesimulator/HOMEY Clean.build/DerivedSources/GeneratedAssetSymbols.swift:663:14: warning: The "Primary" color asset name resolves to a conflicting Color symbol "primary". Try renaming the asset.
    #warning("The \"Primary\" color asset name resolves to a conflicting Color symbol \"primary\". Try renaming the asset.")
             ^~~~~~~~~~~~~~~~~~~~~~~~~~~~~~~~~~~~~~~~~~~~~~~~~~~~~~~~~~~~~~~~~~~~~~~~~~~~~~~~~~~~~~~~~~~~~~~~~~~~~~~~~~~~~~
/Users/ryankanfer/Library/Developer/Xcode/DerivedData/HOMEY_Clean-gafualdnzupkfseuistvwtqbnpqd/Build/Intermediates.noindex/HOMEY Clean.build/Debug-iphonesimulator/HOMEY Clean.build/DerivedSources/GeneratedAssetSymbols.swift:30:14: warning: The "AccentColor" color asset name resolves to the symbol "accent" which already exists. Try renaming the asset.
    #warning("The \"AccentColor\" color asset name resolves to the symbol \"accent\" which already exists. Try renaming the asset.")
             ^~~~~~~~~~~~~~~~~~~~~~~~~~~~~~~~~~~~~~~~~~~~~~~~~~~~~~~~~~~~~~~~~~~~~~~~~~~~~~~~~~~~~~~~~~~~~~~~~~~~~~~~~~~~~~~~~~~~~~

SwiftCompile normal x86_64 /Users/ryankanfer/Documents/Developer/HOMEY\ Clean/HOMEY\ Clean/Auth/InviteRedeemer.swift (in target 'HOMEY Clean' from project 'HOMEY Clean')
    cd /Users/ryankanfer/Documents/Developer/HOMEY\ Clean
    
/Users/ryankanfer/Documents/Developer/HOMEY Clean/HOMEY Clean/Auth/InviteRedeemer.swift:17:25: warning: main actor-isolated static property 'shared' cannot be accessed from outside of the actor; this is an error in the Swift 6 language mode
        if FeatureFlags.shared.devBypassReferralValidation {
           ~~~~~~~~~~~~~^~~~~~~~~~~~~~~~~~~~~~~~~~~~~~~~~~
           await 

SwiftCompile normal x86_64 /Users/ryankanfer/Documents/Developer/HOMEY\ Clean/HOMEY\ Clean/Auth/LoginView.swift (in target 'HOMEY Clean' from project 'HOMEY Clean')
    cd /Users/ryankanfer/Documents/Developer/HOMEY\ Clean
    

SwiftCompile normal x86_64 /Users/ryankanfer/Documents/Developer/HOMEY\ Clean/HOMEY\ Clean/Auth/SignupView.swift (in target 'HOMEY Clean' from project 'HOMEY Clean')
    cd /Users/ryankanfer/Documents/Developer/HOMEY\ Clean
    

SwiftCompile normal x86_64 /Users/ryankanfer/Documents/Developer/HOMEY\ Clean/HOMEY\ Clean/codex/components/PlaceholderRow.swift (in target 'HOMEY Clean' from project 'HOMEY Clean')
    cd /Users/ryankanfer/Documents/Developer/HOMEY\ Clean
    
/Users/ryankanfer/Documents/Developer/HOMEY Clean/HOMEY Clean/Core/Design/TRAEMicroInteractions.swift:476:45: warning: backward matching of the unlabeled trailing closure is deprecated; label the argument with 'onLongPress' to suppress this warning
            .traeInteractive(type: .button) {
                                          ~ ^
                                          , onLongPress: 
/Users/ryankanfer/Documents/Developer/HOMEY Clean/HOMEY Clean/Core/Design/TRAEMicroInteractions.swift:440:10: note: 'traeInteractive(type:isEnabled:onTap:onLongPress:)' declared here
    func traeInteractive(
         ^

SwiftCompile normal x86_64 /Users/ryankanfer/Documents/Developer/HOMEY\ Clean/HOMEY\ Clean/codex/components/SectionCard.swift (in target 'HOMEY Clean' from project 'HOMEY Clean')
    cd /Users/ryankanfer/Documents/Developer/HOMEY\ Clean
    

SwiftCompile normal x86_64 /Users/ryankanfer/Documents/Developer/HOMEY\ Clean/HOMEY\ Clean/codex/Shared/Extensions/Color+Hex.swift (in target 'HOMEY Clean' from project 'HOMEY Clean')
    cd /Users/ryankanfer/Documents/Developer/HOMEY\ Clean
    

SwiftCompile normal x86_64 /Users/ryankanfer/Documents/Developer/HOMEY\ Clean/HOMEY\ Clean/codex/ContentView.swift (in target 'HOMEY Clean' from project 'HOMEY Clean')
    cd /Users/ryankanfer/Documents/Developer/HOMEY\ Clean
    

SwiftCompile normal x86_64 /Users/ryankanfer/Documents/Developer/HOMEY\ Clean/HOMEY\ Clean/Common/ComingSoonView.swift (in target 'HOMEY Clean' from project 'HOMEY Clean')
    cd /Users/ryankanfer/Documents/Developer/HOMEY\ Clean
    

SwiftCompile normal x86_64 /Users/ryankanfer/Documents/Developer/HOMEY\ Clean/HOMEY\ Clean/Common/Theme.swift (in target 'HOMEY Clean' from project 'HOMEY Clean')
    cd /Users/ryankanfer/Documents/Developer/HOMEY\ Clean
    

SwiftCompile normal x86_64 /Users/ryankanfer/Documents/Developer/HOMEY\ Clean/HOMEY\ Clean/Components/Glass/GlassCardContent.swift (in target 'HOMEY Clean' from project 'HOMEY Clean')
    cd /Users/ryankanfer/Documents/Developer/HOMEY\ Clean
    

SwiftCompile normal x86_64 /Users/ryankanfer/Documents/Developer/HOMEY\ Clean/HOMEY\ Clean/Components/CharlieUpdateBox.swift (in target 'HOMEY Clean' from project 'HOMEY Clean')
    cd /Users/ryankanfer/Documents/Developer/HOMEY\ Clean
    

SwiftCompile normal x86_64 /Users/ryankanfer/Documents/Developer/HOMEY\ Clean/HOMEY\ Clean/Components/ChatAvatar.swift (in target 'HOMEY Clean' from project 'HOMEY Clean')
    cd /Users/ryankanfer/Documents/Developer/HOMEY\ Clean
    

SwiftCompile normal x86_64 /Users/ryankanfer/Documents/Developer/HOMEY\ Clean/HOMEY\ Clean/Components/ChatModal.swift (in target 'HOMEY Clean' from project 'HOMEY Clean')
    cd /Users/ryankanfer/Documents/Developer/HOMEY\ Clean
    

SwiftCompile normal x86_64 /Users/ryankanfer/Documents/Developer/HOMEY\ Clean/HOMEY\ Clean/Components/ChatTarget.swift (in target 'HOMEY Clean' from project 'HOMEY Clean')
    cd /Users/ryankanfer/Documents/Developer/HOMEY\ Clean
    

SwiftCompile normal x86_64 /Users/ryankanfer/Documents/Developer/HOMEY\ Clean/HOMEY\ Clean/Components/ClientTabBar.swift (in target 'HOMEY Clean' from project 'HOMEY Clean')
    cd /Users/ryankanfer/Documents/Developer/HOMEY\ Clean
    

SwiftCompile normal x86_64 /Users/ryankanfer/Documents/Developer/HOMEY\ Clean/HOMEY\ Clean/Components/EpisodeDetailSheet.swift (in target 'HOMEY Clean' from project 'HOMEY Clean')
    cd /Users/ryankanfer/Documents/Developer/HOMEY\ Clean
    

SwiftCompile normal x86_64 /Users/ryankanfer/Documents/Developer/HOMEY\ Clean/HOMEY\ Clean/Components/FloatingAvatarView.swift (in target 'HOMEY Clean' from project 'HOMEY Clean')
    cd /Users/ryankanfer/Documents/Developer/HOMEY\ Clean
    

SwiftCompile normal x86_64 /Users/ryankanfer/Documents/Developer/HOMEY\ Clean/HOMEY\ Clean/Components/GlassNavigationFooter.swift (in target 'HOMEY Clean' from project 'HOMEY Clean')
    cd /Users/ryankanfer/Documents/Developer/HOMEY\ Clean
    

SwiftCompile normal x86_64 /Users/ryankanfer/Documents/Developer/HOMEY\ Clean/HOMEY\ Clean/Components/GradientBackgrounds.swift (in target 'HOMEY Clean' from project 'HOMEY Clean')
    cd /Users/ryankanfer/Documents/Developer/HOMEY\ Clean
    

SwiftCompile normal x86_64 /Users/ryankanfer/Documents/Developer/HOMEY\ Clean/HOMEY\ Clean/Components/HeroAVPlayerView.swift (in target 'HOMEY Clean' from project 'HOMEY Clean')
    cd /Users/ryankanfer/Documents/Developer/HOMEY\ Clean
    

SwiftCompile normal x86_64 /Users/ryankanfer/Documents/Developer/HOMEY\ Clean/HOMEY\ Clean/Components/HeroVideoView.swift (in target 'HOMEY Clean' from project 'HOMEY Clean')
    cd /Users/ryankanfer/Documents/Developer/HOMEY\ Clean
    
/Users/ryankanfer/Documents/Developer/HOMEY Clean/HOMEY Clean/Components/HeroVideoView.swift:117:26: warning: 'onChange(of:perform:)' was deprecated in iOS 17.0: Use `onChange` with a two or zero parameter action closure instead.
                        .onChange(of: g.frame(in: .global).minY) { _ in updateLocalOffset(g) }
                         ^

SwiftCompile normal x86_64 /Users/ryankanfer/Documents/Developer/HOMEY\ Clean/HOMEY\ Clean/Components/HomeyKind.swift (in target 'HOMEY Clean' from project 'HOMEY Clean')
    cd /Users/ryankanfer/Documents/Developer/HOMEY\ Clean
    

SwiftCompile normal x86_64 /Users/ryankanfer/Documents/Developer/HOMEY\ Clean/HOMEY\ Clean/Components/JourneyEvent.swift (in target 'HOMEY Clean' from project 'HOMEY Clean')
    cd /Users/ryankanfer/Documents/Developer/HOMEY\ Clean
    

SwiftEmitModule normal x86_64 Emitting\ module\ for\ HOMEY_Clean (in target 'HOMEY Clean' from project 'HOMEY Clean')

EmitSwiftModule normal x86_64 (in target 'HOMEY Clean' from project 'HOMEY Clean')
    cd /Users/ryankanfer/Documents/Developer/HOMEY\ Clean
    
/Users/ryankanfer/Library/Developer/Xcode/DerivedData/HOMEY_Clean-gafualdnzupkfseuistvwtqbnpqd/Build/Intermediates.noindex/HOMEY Clean.build/Debug-iphonesimulator/HOMEY Clean.build/DerivedSources/GeneratedAssetSymbols.swift:663:14: warning: The "Primary" color asset name resolves to a conflicting Color symbol "primary". Try renaming the asset.
    #warning("The \"Primary\" color asset name resolves to a conflicting Color symbol \"primary\". Try renaming the asset.")
             ^~~~~~~~~~~~~~~~~~~~~~~~~~~~~~~~~~~~~~~~~~~~~~~~~~~~~~~~~~~~~~~~~~~~~~~~~~~~~~~~~~~~~~~~~~~~~~~~~~~~~~~~~~~~~~
/Users/ryankanfer/Documents/Developer/HOMEY Clean/HOMEY Clean/Core/Design/TRAEMicroInteractions.swift:476:45: warning: backward matching of the unlabeled trailing closure is deprecated; label the argument with 'onLongPress' to suppress this warning
            .traeInteractive(type: .button) {
                                          ~ ^
                                          , onLongPress: 
/Users/ryankanfer/Documents/Developer/HOMEY Clean/HOMEY Clean/Core/Design/TRAEMicroInteractions.swift:440:10: note: 'traeInteractive(type:isEnabled:onTap:onLongPress:)' declared here
    func traeInteractive(
         ^
/Users/ryankanfer/Library/Developer/Xcode/DerivedData/HOMEY_Clean-gafualdnzupkfseuistvwtqbnpqd/Build/Intermediates.noindex/HOMEY Clean.build/Debug-iphonesimulator/HOMEY Clean.build/DerivedSources/GeneratedAssetSymbols.swift:30:14: warning: The "AccentColor" color asset name resolves to the symbol "accent" which already exists. Try renaming the asset.
    #warning("The \"AccentColor\" color asset name resolves to the symbol \"accent\" which already exists. Try renaming the asset.")
             ^~~~~~~~~~~~~~~~~~~~~~~~~~~~~~~~~~~~~~~~~~~~~~~~~~~~~~~~~~~~~~~~~~~~~~~~~~~~~~~~~~~~~~~~~~~~~~~~~~~~~~~~~~~~~~~~~~~~~~
/Users/ryankanfer/Documents/Developer/HOMEY Clean/HOMEY Clean/Data/Repositories/DocumentsRepository.swift:101:30: warning: 'database' is deprecated: Direct access to database is deprecated, please use one of the available methods such as, SupabaseClient.from(_:), SupabaseClient.rpc(_:params:), or SupabaseClient.schema(_:).
        _ = try await client.database.from("documents").insert(
                             ^
/Users/ryankanfer/Documents/Developer/HOMEY Clean/HOMEY Clean/Data/Repositories/DocumentsRepository.swift:133:78: warning: 'database' is deprecated: Direct access to database is deprecated, please use one of the available methods such as, SupabaseClient.from(_:), SupabaseClient.rpc(_:params:), or SupabaseClient.schema(_:).
        let response: PostgrestResponse<[DocumentRecord]> = try await client.database.from("documents").insert(
                                                                             ^
/Users/ryankanfer/Documents/Developer/HOMEY Clean/HOMEY Clean/Data/Repositories/DocumentsRepository.swift:165:30: warning: 'database' is deprecated: Direct access to database is deprecated, please use one of the available methods such as, SupabaseClient.from(_:), SupabaseClient.rpc(_:params:), or SupabaseClient.schema(_:).
        _ = try await client.database.from("documents")
                             ^
/Users/ryankanfer/Documents/Developer/HOMEY Clean/HOMEY Clean/Data/Repositories/DocumentsRepository.swift:180:30: warning: 'database' is deprecated: Direct access to database is deprecated, please use one of the available methods such as, SupabaseClient.from(_:), SupabaseClient.rpc(_:params:), or SupabaseClient.schema(_:).
        _ = try await client.database.from("documents")
                             ^
/Users/ryankanfer/Documents/Developer/HOMEY Clean/HOMEY Clean/Features/Documents/DocumentsView.swift:93:1: warning: extension declares a conformance of imported type 'String' to imported protocol 'Identifiable'; this will not behave correctly if the owners of 'Swift' introduce this conformance in the future
extension String: Identifiable {
^
/Users/ryankanfer/Documents/Developer/HOMEY Clean/HOMEY Clean/Features/Documents/DocumentsView.swift:93:1: note: add '@retroactive' to silence this warning
extension String: Identifiable {
^                 ~~~~~~~~~~~~
                  @retroactive Identifiable

SwiftCompile normal x86_64 Compiling\ IntroductionService.swift,\ DrewDirectoryViewModel.swift,\ DrewDirectoryTestView.swift,\ DrewDirectoryView.swift,\ EducationCenterView.swift,\ AnalyticsTilesGrid.swift,\ AnalyticTilesView.swift,\ DataRibbon.swift,\ DataRibbonsView.swift,\ IslaHeaderView.swift,\ RibbonDetailSheet.swift,\ TickerView.swift,\ TileDetailSheet.swift,\ AnalyticTileType.swift,\ MarketDataModels.swift,\ IslaDataService.swift,\ IslaViewModel.swift,\ IslaRootView.swift,\ MarketTicker.swift,\ TileDetailView.swift,\ EpisodeDetailView.swift,\ JourneyEpisodeInterface.swift,\ JourneyNavigationView.swift,\ ComprehensiveOnboardingFlow.swift /Users/ryankanfer/Documents/Developer/HOMEY\ Clean/HOMEY\ Clean/Features/Drew/Services/IntroductionService.swift /Users/ryankanfer/Documents/Developer/HOMEY\ Clean/HOMEY\ Clean/Features/Drew/ViewModels/DrewDirectoryViewModel.swift /Users/ryankanfer/Documents/Developer/HOMEY\ Clean/HOMEY\ Clean/Features/Drew/Views/DrewDirectoryTestView.swift /Users/ryankanfer/Documents/Developer/HOMEY\ Clean/HOMEY\ Clean/Features/Drew/Views/DrewDirectoryView.swift /Users/ryankanfer/Documents/Developer/HOMEY\ Clean/HOMEY\ Clean/Features/Education/EducationCenterView.swift /Users/ryankanfer/Documents/Developer/HOMEY\ Clean/HOMEY\ Clean/Features/Isla/Components/AnalyticsTilesGrid.swift /Users/ryankanfer/Documents/Developer/HOMEY\ Clean/HOMEY\ Clean/Features/Isla/Components/AnalyticTilesView.swift /Users/ryankanfer/Documents/Developer/HOMEY\ Clean/HOMEY\ Clean/Features/Isla/Components/DataRibbon.swift /Users/ryankanfer/Documents/Developer/HOMEY\ Clean/HOMEY\ Clean/Features/Isla/Components/DataRibbonsView.swift /Users/ryankanfer/Documents/Developer/HOMEY\ Clean/HOMEY\ Clean/Features/Isla/Components/IslaHeaderView.swift /Users/ryankanfer/Documents/Developer/HOMEY\ Clean/HOMEY\ Clean/Features/Isla/Components/RibbonDetailSheet.swift /Users/ryankanfer/Documents/Developer/HOMEY\ Clean/HOMEY\ Clean/Features/Isla/Components/TickerView.swift /Users/ryankanfer/Documents/Developer/HOMEY\ Clean/HOMEY\ Clean/Features/Isla/Components/TileDetailSheet.swift /Users/ryankanfer/Documents/Developer/HOMEY\ Clean/HOMEY\ Clean/Features/Isla/Models/AnalyticTileType.swift /Users/ryankanfer/Documents/Developer/HOMEY\ Clean/HOMEY\ Clean/Features/Isla/Models/MarketDataModels.swift /Users/ryankanfer/Documents/Developer/HOMEY\ Clean/HOMEY\ Clean/Features/Isla/Services/IslaDataService.swift /Users/ryankanfer/Documents/Developer/HOMEY\ Clean/HOMEY\ Clean/Features/Isla/ViewModels/IslaViewModel.swift /Users/ryankanfer/Documents/Developer/HOMEY\ Clean/HOMEY\ Clean/Features/Isla/Views/IslaRootView.swift /Users/ryankanfer/Documents/Developer/HOMEY\ Clean/HOMEY\ Clean/Features/Isla/Views/MarketTicker.swift /Users/ryankanfer/Documents/Developer/HOMEY\ Clean/HOMEY\ Clean/Features/Isla/Views/TileDetailView.swift /Users/ryankanfer/Documents/Developer/HOMEY\ Clean/HOMEY\ Clean/Features/Journey/Views/EpisodeDetailView.swift /Users/ryankanfer/Documents/Developer/HOMEY\ Clean/HOMEY\ Clean/Features/Journey/Views/JourneyEpisodeInterface.swift /Users/ryankanfer/Documents/Developer/HOMEY\ Clean/HOMEY\ Clean/Features/Journey/Views/JourneyNavigationView.swift /Users/ryankanfer/Documents/Developer/HOMEY\ Clean/HOMEY\ Clean/Features/Onboarding/ComprehensiveOnboardingFlow.swift (in target 'HOMEY Clean' from project 'HOMEY Clean')
SwiftCompile normal x86_64 /Users/ryankanfer/Documents/Developer/HOMEY\ Clean/HOMEY\ Clean/Features/Drew/Services/IntroductionService.swift (in target 'HOMEY Clean' from project 'HOMEY Clean')
    cd /Users/ryankanfer/Documents/Developer/HOMEY\ Clean
    
/Users/ryankanfer/Documents/Developer/HOMEY Clean/HOMEY Clean/Features/Drew/Services/IntroductionService.swift:61:52: warning: assuming you mean 'Optional<IntroductionStatus>.none'; did you mean 'IntroductionStatus.none' instead?
                introductionRequests[contactId] = .none
                                                   ^
/Users/ryankanfer/Documents/Developer/HOMEY Clean/HOMEY Clean/Features/Drew/Services/IntroductionService.swift:61:51: note: explicitly specify 'Optional' to silence this warning
                introductionRequests[contactId] = .none
                                                  ^
                                                  Optional
/Users/ryankanfer/Documents/Developer/HOMEY Clean/HOMEY Clean/Features/Drew/Services/IntroductionService.swift:61:51: note: use 'IntroductionStatus.none' instead
                introductionRequests[contactId] = .none
                                                  ^
                                                  IntroductionStatus
/Users/ryankanfer/Documents/Developer/HOMEY Clean/HOMEY Clean/Features/Drew/Services/IntroductionService.swift:61:51: note: explicitly specify 'Optional' to silence this warning
                introductionRequests[contactId] = .none
                                                  ^
                                                  Optional
/Users/ryankanfer/Documents/Developer/HOMEY Clean/HOMEY Clean/Features/Drew/Services/IntroductionService.swift:61:51: note: use 'IntroductionStatus.none' instead
                introductionRequests[contactId] = .none
                                                  ^
                                                  IntroductionStatus

SwiftCompile normal x86_64 /Users/ryankanfer/Documents/Developer/HOMEY\ Clean/HOMEY\ Clean/Features/Drew/ViewModels/DrewDirectoryViewModel.swift (in target 'HOMEY Clean' from project 'HOMEY Clean')
    cd /Users/ryankanfer/Documents/Developer/HOMEY\ Clean
    

SwiftCompile normal x86_64 /Users/ryankanfer/Documents/Developer/HOMEY\ Clean/HOMEY\ Clean/Features/Drew/Views/DrewDirectoryTestView.swift (in target 'HOMEY Clean' from project 'HOMEY Clean')
    cd /Users/ryankanfer/Documents/Developer/HOMEY\ Clean
    
/Users/ryankanfer/Library/Developer/Xcode/DerivedData/HOMEY_Clean-gafualdnzupkfseuistvwtqbnpqd/Build/Intermediates.noindex/HOMEY Clean.build/Debug-iphonesimulator/HOMEY Clean.build/DerivedSources/GeneratedAssetSymbols.swift:663:14: warning: The "Primary" color asset name resolves to a conflicting Color symbol "primary". Try renaming the asset.
    #warning("The \"Primary\" color asset name resolves to a conflicting Color symbol \"primary\". Try renaming the asset.")
             ^~~~~~~~~~~~~~~~~~~~~~~~~~~~~~~~~~~~~~~~~~~~~~~~~~~~~~~~~~~~~~~~~~~~~~~~~~~~~~~~~~~~~~~~~~~~~~~~~~~~~~~~~~~~~~
/Users/ryankanfer/Documents/Developer/HOMEY Clean/HOMEY Clean/Core/Design/TRAEMicroInteractions.swift:476:45: warning: backward matching of the unlabeled trailing closure is deprecated; label the argument with 'onLongPress' to suppress this warning
            .traeInteractive(type: .button) {
                                          ~ ^
                                          , onLongPress: 
/Users/ryankanfer/Documents/Developer/HOMEY Clean/HOMEY Clean/Core/Design/TRAEMicroInteractions.swift:440:10: note: 'traeInteractive(type:isEnabled:onTap:onLongPress:)' declared here
    func traeInteractive(
         ^
/Users/ryankanfer/Library/Developer/Xcode/DerivedData/HOMEY_Clean-gafualdnzupkfseuistvwtqbnpqd/Build/Intermediates.noindex/HOMEY Clean.build/Debug-iphonesimulator/HOMEY Clean.build/DerivedSources/GeneratedAssetSymbols.swift:30:14: warning: The "AccentColor" color asset name resolves to the symbol "accent" which already exists. Try renaming the asset.
    #warning("The \"AccentColor\" color asset name resolves to the symbol \"accent\" which already exists. Try renaming the asset.")
             ^~~~~~~~~~~~~~~~~~~~~~~~~~~~~~~~~~~~~~~~~~~~~~~~~~~~~~~~~~~~~~~~~~~~~~~~~~~~~~~~~~~~~~~~~~~~~~~~~~~~~~~~~~~~~~~~~~~~~~

SwiftCompile normal x86_64 /Users/ryankanfer/Documents/Developer/HOMEY\ Clean/HOMEY\ Clean/Features/Drew/Views/DrewDirectoryView.swift (in target 'HOMEY Clean' from project 'HOMEY Clean')
    cd /Users/ryankanfer/Documents/Developer/HOMEY\ Clean
    
/Users/ryankanfer/Documents/Developer/HOMEY Clean/HOMEY Clean/Features/Drew/Views/DrewDirectoryView.swift:141:10: warning: 'onChange(of:perform:)' was deprecated in iOS 17.0: Use `onChange` with a two or zero parameter action closure instead.
        .onChange(of: introductionService.introductionRequests) { _ in
         ^

SwiftCompile normal x86_64 /Users/ryankanfer/Documents/Developer/HOMEY\ Clean/HOMEY\ Clean/Features/Education/EducationCenterView.swift (in target 'HOMEY Clean' from project 'HOMEY Clean')
    cd /Users/ryankanfer/Documents/Developer/HOMEY\ Clean
    

SwiftCompile normal x86_64 /Users/ryankanfer/Documents/Developer/HOMEY\ Clean/HOMEY\ Clean/Features/Isla/Components/AnalyticsTilesGrid.swift (in target 'HOMEY Clean' from project 'HOMEY Clean')
    cd /Users/ryankanfer/Documents/Developer/HOMEY\ Clean
    

SwiftCompile normal x86_64 /Users/ryankanfer/Documents/Developer/HOMEY\ Clean/HOMEY\ Clean/Features/Isla/Components/AnalyticTilesView.swift (in target 'HOMEY Clean' from project 'HOMEY Clean')
    cd /Users/ryankanfer/Documents/Developer/HOMEY\ Clean
    

SwiftCompile normal x86_64 /Users/ryankanfer/Documents/Developer/HOMEY\ Clean/HOMEY\ Clean/Features/Isla/Components/DataRibbon.swift (in target 'HOMEY Clean' from project 'HOMEY Clean')
    cd /Users/ryankanfer/Documents/Developer/HOMEY\ Clean
    

SwiftCompile normal x86_64 /Users/ryankanfer/Documents/Developer/HOMEY\ Clean/HOMEY\ Clean/Features/Isla/Components/DataRibbonsView.swift (in target 'HOMEY Clean' from project 'HOMEY Clean')
    cd /Users/ryankanfer/Documents/Developer/HOMEY\ Clean
    

SwiftCompile normal x86_64 /Users/ryankanfer/Documents/Developer/HOMEY\ Clean/HOMEY\ Clean/Features/Isla/Components/IslaHeaderView.swift (in target 'HOMEY Clean' from project 'HOMEY Clean')
    cd /Users/ryankanfer/Documents/Developer/HOMEY\ Clean
    

SwiftCompile normal x86_64 /Users/ryankanfer/Documents/Developer/HOMEY\ Clean/HOMEY\ Clean/Features/Isla/Components/RibbonDetailSheet.swift (in target 'HOMEY Clean' from project 'HOMEY Clean')
    cd /Users/ryankanfer/Documents/Developer/HOMEY\ Clean
    

SwiftCompile normal x86_64 /Users/ryankanfer/Documents/Developer/HOMEY\ Clean/HOMEY\ Clean/Features/Isla/Components/TickerView.swift (in target 'HOMEY Clean' from project 'HOMEY Clean')
    cd /Users/ryankanfer/Documents/Developer/HOMEY\ Clean
    

SwiftCompile normal x86_64 /Users/ryankanfer/Documents/Developer/HOMEY\ Clean/HOMEY\ Clean/Features/Isla/Components/TileDetailSheet.swift (in target 'HOMEY Clean' from project 'HOMEY Clean')
    cd /Users/ryankanfer/Documents/Developer/HOMEY\ Clean
    

SwiftCompile normal x86_64 /Users/ryankanfer/Documents/Developer/HOMEY\ Clean/HOMEY\ Clean/Features/Isla/Models/AnalyticTileType.swift (in target 'HOMEY Clean' from project 'HOMEY Clean')
    cd /Users/ryankanfer/Documents/Developer/HOMEY\ Clean
    

SwiftCompile normal x86_64 /Users/ryankanfer/Documents/Developer/HOMEY\ Clean/HOMEY\ Clean/Features/Isla/Models/MarketDataModels.swift (in target 'HOMEY Clean' from project 'HOMEY Clean')
    cd /Users/ryankanfer/Documents/Developer/HOMEY\ Clean
    

SwiftCompile normal x86_64 /Users/ryankanfer/Documents/Developer/HOMEY\ Clean/HOMEY\ Clean/Features/Isla/Services/IslaDataService.swift (in target 'HOMEY Clean' from project 'HOMEY Clean')
    cd /Users/ryankanfer/Documents/Developer/HOMEY\ Clean
    

SwiftCompile normal x86_64 /Users/ryankanfer/Documents/Developer/HOMEY\ Clean/HOMEY\ Clean/Features/Isla/ViewModels/IslaViewModel.swift (in target 'HOMEY Clean' from project 'HOMEY Clean')
    cd /Users/ryankanfer/Documents/Developer/HOMEY\ Clean
    

SwiftCompile normal x86_64 /Users/ryankanfer/Documents/Developer/HOMEY\ Clean/HOMEY\ Clean/Features/Isla/Views/IslaRootView.swift (in target 'HOMEY Clean' from project 'HOMEY Clean')
    cd /Users/ryankanfer/Documents/Developer/HOMEY\ Clean
    

SwiftCompile normal x86_64 /Users/ryankanfer/Documents/Developer/HOMEY\ Clean/HOMEY\ Clean/Features/Isla/Views/MarketTicker.swift (in target 'HOMEY Clean' from project 'HOMEY Clean')
    cd /Users/ryankanfer/Documents/Developer/HOMEY\ Clean
    

SwiftCompile normal x86_64 /Users/ryankanfer/Documents/Developer/HOMEY\ Clean/HOMEY\ Clean/Features/Isla/Views/TileDetailView.swift (in target 'HOMEY Clean' from project 'HOMEY Clean')
    cd /Users/ryankanfer/Documents/Developer/HOMEY\ Clean
    

SwiftCompile normal x86_64 /Users/ryankanfer/Documents/Developer/HOMEY\ Clean/HOMEY\ Clean/Features/Journey/Views/EpisodeDetailView.swift (in target 'HOMEY Clean' from project 'HOMEY Clean')
    cd /Users/ryankanfer/Documents/Developer/HOMEY\ Clean
    

SwiftCompile normal x86_64 /Users/ryankanfer/Documents/Developer/HOMEY\ Clean/HOMEY\ Clean/Features/Journey/Views/JourneyEpisodeInterface.swift (in target 'HOMEY Clean' from project 'HOMEY Clean')
    cd /Users/ryankanfer/Documents/Developer/HOMEY\ Clean
    

SwiftCompile normal x86_64 /Users/ryankanfer/Documents/Developer/HOMEY\ Clean/HOMEY\ Clean/Features/Journey/Views/JourneyNavigationView.swift (in target 'HOMEY Clean' from project 'HOMEY Clean')
    cd /Users/ryankanfer/Documents/Developer/HOMEY\ Clean
    

SwiftCompile normal x86_64 /Users/ryankanfer/Documents/Developer/HOMEY\ Clean/HOMEY\ Clean/Features/Onboarding/ComprehensiveOnboardingFlow.swift (in target 'HOMEY Clean' from project 'HOMEY Clean')
    cd /Users/ryankanfer/Documents/Developer/HOMEY\ Clean
    

SwiftCompile normal x86_64 Compiling\ ScoutDataService.swift,\ ScoutViewModel.swift,\ ARFeaturesView.swift,\ FullSheetView.swift,\ HoloMapView.swift,\ PeekCard.swift,\ PriceSlider.swift,\ ProgressionEventView.swift,\ ScoutHeroView.swift,\ ScoutLensTray.swift,\ ScoutRightRail.swift,\ ScoutRootView.swift,\ AISearchEngine.swift,\ EmotionalContextPicker.swift,\ EmotionalPropertyMatcher.swift,\ MatchmakerFiltersView.swift,\ MatchmakerView.swift,\ MatchmakerViewModel.swift,\ SearchFiltersView.swift,\ SearchTabView.swift,\ SearchViewModel.swift,\ CompanionStore.swift,\ SpatialCompanionShell.swift /Users/ryankanfer/Documents/Developer/HOMEY\ Clean/HOMEY\ Clean/Features/Scout/Services/ScoutDataService.swift /Users/ryankanfer/Documents/Developer/HOMEY\ Clean/HOMEY\ Clean/Features/Scout/ViewModels/ScoutViewModel.swift /Users/ryankanfer/Documents/Developer/HOMEY\ Clean/HOMEY\ Clean/Features/Scout/Views/ARFeaturesView.swift /Users/ryankanfer/Documents/Developer/HOMEY\ Clean/HOMEY\ Clean/Features/Scout/Views/FullSheetView.swift /Users/ryankanfer/Documents/Developer/HOMEY\ Clean/HOMEY\ Clean/Features/Scout/Views/HoloMapView.swift /Users/ryankanfer/Documents/Developer/HOMEY\ Clean/HOMEY\ Clean/Features/Scout/Views/PeekCard.swift /Users/ryankanfer/Documents/Developer/HOMEY\ Clean/HOMEY\ Clean/Features/Scout/Views/PriceSlider.swift /Users/ryankanfer/Documents/Developer/HOMEY\ Clean/HOMEY\ Clean/Features/Scout/Views/ProgressionEventView.swift /Users/ryankanfer/Documents/Developer/HOMEY\ Clean/HOMEY\ Clean/Features/Scout/Views/ScoutHeroView.swift /Users/ryankanfer/Documents/Developer/HOMEY\ Clean/HOMEY\ Clean/Features/Scout/Views/ScoutLensTray.swift /Users/ryankanfer/Documents/Developer/HOMEY\ Clean/HOMEY\ Clean/Features/Scout/Views/ScoutRightRail.swift /Users/ryankanfer/Documents/Developer/HOMEY\ Clean/HOMEY\ Clean/Features/Scout/Views/ScoutRootView.swift /Users/ryankanfer/Documents/Developer/HOMEY\ Clean/HOMEY\ Clean/Features/Search/AISearchEngine.swift /Users/ryankanfer/Documents/Developer/HOMEY\ Clean/HOMEY\ Clean/Features/Search/EmotionalContextPicker.swift /Users/ryankanfer/Documents/Developer/HOMEY\ Clean/HOMEY\ Clean/Features/Search/EmotionalPropertyMatcher.swift /Users/ryankanfer/Documents/Developer/HOMEY\ Clean/HOMEY\ Clean/Features/Search/MatchmakerFiltersView.swift /Users/ryankanfer/Documents/Developer/HOMEY\ Clean/HOMEY\ Clean/Features/Search/MatchmakerView.swift /Users/ryankanfer/Documents/Developer/HOMEY\ Clean/HOMEY\ Clean/Features/Search/MatchmakerViewModel.swift /Users/ryankanfer/Documents/Developer/HOMEY\ Clean/HOMEY\ Clean/Features/Search/SearchFiltersView.swift /Users/ryankanfer/Documents/Developer/HOMEY\ Clean/HOMEY\ Clean/Features/Search/SearchTabView.swift /Users/ryankanfer/Documents/Developer/HOMEY\ Clean/HOMEY\ Clean/Features/Search/SearchViewModel.swift /Users/ryankanfer/Documents/Developer/HOMEY\ Clean/HOMEY\ Clean/Features/SpatialCompanion/CompanionStore.swift /Users/ryankanfer/Documents/Developer/HOMEY\ Clean/HOMEY\ Clean/Features/SpatialCompanion/SpatialCompanionShell.swift (in target 'HOMEY Clean' from project 'HOMEY Clean')
SwiftCompile normal x86_64 /Users/ryankanfer/Documents/Developer/HOMEY\ Clean/HOMEY\ Clean/Features/Scout/Services/ScoutDataService.swift (in target 'HOMEY Clean' from project 'HOMEY Clean')
    cd /Users/ryankanfer/Documents/Developer/HOMEY\ Clean
    

SwiftCompile normal x86_64 /Users/ryankanfer/Documents/Developer/HOMEY\ Clean/HOMEY\ Clean/Features/Scout/ViewModels/ScoutViewModel.swift (in target 'HOMEY Clean' from project 'HOMEY Clean')
    cd /Users/ryankanfer/Documents/Developer/HOMEY\ Clean
    

SwiftCompile normal x86_64 /Users/ryankanfer/Documents/Developer/HOMEY\ Clean/HOMEY\ Clean/Features/Scout/Views/ARFeaturesView.swift (in target 'HOMEY Clean' from project 'HOMEY Clean')
    cd /Users/ryankanfer/Documents/Developer/HOMEY\ Clean
    
/Users/ryankanfer/Library/Developer/Xcode/DerivedData/HOMEY_Clean-gafualdnzupkfseuistvwtqbnpqd/Build/Intermediates.noindex/HOMEY Clean.build/Debug-iphonesimulator/HOMEY Clean.build/DerivedSources/GeneratedAssetSymbols.swift:663:14: warning: The "Primary" color asset name resolves to a conflicting Color symbol "primary". Try renaming the asset.
    #warning("The \"Primary\" color asset name resolves to a conflicting Color symbol \"primary\". Try renaming the asset.")
             ^~~~~~~~~~~~~~~~~~~~~~~~~~~~~~~~~~~~~~~~~~~~~~~~~~~~~~~~~~~~~~~~~~~~~~~~~~~~~~~~~~~~~~~~~~~~~~~~~~~~~~~~~~~~~~
/Users/ryankanfer/Documents/Developer/HOMEY Clean/HOMEY Clean/Core/Design/TRAEMicroInteractions.swift:476:45: warning: backward matching of the unlabeled trailing closure is deprecated; label the argument with 'onLongPress' to suppress this warning
            .traeInteractive(type: .button) {
                                          ~ ^
                                          , onLongPress: 
/Users/ryankanfer/Documents/Developer/HOMEY Clean/HOMEY Clean/Core/Design/TRAEMicroInteractions.swift:440:10: note: 'traeInteractive(type:isEnabled:onTap:onLongPress:)' declared here
    func traeInteractive(
         ^
/Users/ryankanfer/Library/Developer/Xcode/DerivedData/HOMEY_Clean-gafualdnzupkfseuistvwtqbnpqd/Build/Intermediates.noindex/HOMEY Clean.build/Debug-iphonesimulator/HOMEY Clean.build/DerivedSources/GeneratedAssetSymbols.swift:30:14: warning: The "AccentColor" color asset name resolves to the symbol "accent" which already exists. Try renaming the asset.
    #warning("The \"AccentColor\" color asset name resolves to the symbol \"accent\" which already exists. Try renaming the asset.")
             ^~~~~~~~~~~~~~~~~~~~~~~~~~~~~~~~~~~~~~~~~~~~~~~~~~~~~~~~~~~~~~~~~~~~~~~~~~~~~~~~~~~~~~~~~~~~~~~~~~~~~~~~~~~~~~~~~~~~~~

SwiftCompile normal x86_64 /Users/ryankanfer/Documents/Developer/HOMEY\ Clean/HOMEY\ Clean/Features/Scout/Views/FullSheetView.swift (in target 'HOMEY Clean' from project 'HOMEY Clean')
    cd /Users/ryankanfer/Documents/Developer/HOMEY\ Clean
    

SwiftCompile normal x86_64 /Users/ryankanfer/Documents/Developer/HOMEY\ Clean/HOMEY\ Clean/Features/Scout/Views/HoloMapView.swift (in target 'HOMEY Clean' from project 'HOMEY Clean')
    cd /Users/ryankanfer/Documents/Developer/HOMEY\ Clean
    
/Users/ryankanfer/Documents/Developer/HOMEY Clean/HOMEY Clean/Features/Scout/Views/HoloMapView.swift:17:17: warning: 'init(coordinateRegion:interactionModes:showsUserLocation:userTrackingMode:annotationItems:annotationContent:)' was deprecated in iOS 17.0: Use Map initializers that take a MapContentBuilder instead.
                Map(coordinateRegion: $region, annotationItems: viewModel.listings) { listing in
                ^
/Users/ryankanfer/Documents/Developer/HOMEY Clean/HOMEY Clean/Features/Scout/Views/HoloMapView.swift:18:21: warning: 'MapAnnotation' was deprecated in iOS 17.0: Use Annotation along with Map initializers that take a MapContentBuilder instead.
                    MapAnnotation(coordinate: CLLocationCoordinate2D(latitude: listing.coordinates.latitude, longitude: listing.coordinates.longitude)) {
                    ^

SwiftCompile normal x86_64 /Users/ryankanfer/Documents/Developer/HOMEY\ Clean/HOMEY\ Clean/Features/Scout/Views/PeekCard.swift (in target 'HOMEY Clean' from project 'HOMEY Clean')
    cd /Users/ryankanfer/Documents/Developer/HOMEY\ Clean
    

SwiftCompile normal x86_64 /Users/ryankanfer/Documents/Developer/HOMEY\ Clean/HOMEY\ Clean/Features/Scout/Views/PriceSlider.swift (in target 'HOMEY Clean' from project 'HOMEY Clean')
    cd /Users/ryankanfer/Documents/Developer/HOMEY\ Clean
    

SwiftCompile normal x86_64 /Users/ryankanfer/Documents/Developer/HOMEY\ Clean/HOMEY\ Clean/Features/Scout/Views/ProgressionEventView.swift (in target 'HOMEY Clean' from project 'HOMEY Clean')
    cd /Users/ryankanfer/Documents/Developer/HOMEY\ Clean
    

SwiftCompile normal x86_64 /Users/ryankanfer/Documents/Developer/HOMEY\ Clean/HOMEY\ Clean/Features/Scout/Views/ScoutHeroView.swift (in target 'HOMEY Clean' from project 'HOMEY Clean')
    cd /Users/ryankanfer/Documents/Developer/HOMEY\ Clean
    

SwiftCompile normal x86_64 /Users/ryankanfer/Documents/Developer/HOMEY\ Clean/HOMEY\ Clean/Features/Scout/Views/ScoutLensTray.swift (in target 'HOMEY Clean' from project 'HOMEY Clean')
    cd /Users/ryankanfer/Documents/Developer/HOMEY\ Clean
    

SwiftCompile normal x86_64 /Users/ryankanfer/Documents/Developer/HOMEY\ Clean/HOMEY\ Clean/Features/Scout/Views/ScoutRightRail.swift (in target 'HOMEY Clean' from project 'HOMEY Clean')
    cd /Users/ryankanfer/Documents/Developer/HOMEY\ Clean
    

SwiftCompile normal x86_64 /Users/ryankanfer/Documents/Developer/HOMEY\ Clean/HOMEY\ Clean/Features/Scout/Views/ScoutRootView.swift (in target 'HOMEY Clean' from project 'HOMEY Clean')
    cd /Users/ryankanfer/Documents/Developer/HOMEY\ Clean
    

SwiftCompile normal x86_64 /Users/ryankanfer/Documents/Developer/HOMEY\ Clean/HOMEY\ Clean/Features/Search/AISearchEngine.swift (in target 'HOMEY Clean' from project 'HOMEY Clean')
    cd /Users/ryankanfer/Documents/Developer/HOMEY\ Clean
    

SwiftCompile normal x86_64 /Users/ryankanfer/Documents/Developer/HOMEY\ Clean/HOMEY\ Clean/Features/Search/EmotionalContextPicker.swift (in target 'HOMEY Clean' from project 'HOMEY Clean')
    cd /Users/ryankanfer/Documents/Developer/HOMEY\ Clean
    

SwiftCompile normal x86_64 /Users/ryankanfer/Documents/Developer/HOMEY\ Clean/HOMEY\ Clean/Features/Search/EmotionalPropertyMatcher.swift (in target 'HOMEY Clean' from project 'HOMEY Clean')
    cd /Users/ryankanfer/Documents/Developer/HOMEY\ Clean
    

SwiftCompile normal x86_64 /Users/ryankanfer/Documents/Developer/HOMEY\ Clean/HOMEY\ Clean/Features/Search/MatchmakerFiltersView.swift (in target 'HOMEY Clean' from project 'HOMEY Clean')
    cd /Users/ryankanfer/Documents/Developer/HOMEY\ Clean
    

SwiftCompile normal x86_64 /Users/ryankanfer/Documents/Developer/HOMEY\ Clean/HOMEY\ Clean/Features/Search/MatchmakerView.swift (in target 'HOMEY Clean' from project 'HOMEY Clean')
    cd /Users/ryankanfer/Documents/Developer/HOMEY\ Clean
    

SwiftCompile normal x86_64 /Users/ryankanfer/Documents/Developer/HOMEY\ Clean/HOMEY\ Clean/Features/Search/MatchmakerViewModel.swift (in target 'HOMEY Clean' from project 'HOMEY Clean')
    cd /Users/ryankanfer/Documents/Developer/HOMEY\ Clean
    

SwiftCompile normal x86_64 /Users/ryankanfer/Documents/Developer/HOMEY\ Clean/HOMEY\ Clean/Features/Search/SearchFiltersView.swift (in target 'HOMEY Clean' from project 'HOMEY Clean')
    cd /Users/ryankanfer/Documents/Developer/HOMEY\ Clean
    

SwiftCompile normal x86_64 /Users/ryankanfer/Documents/Developer/HOMEY\ Clean/HOMEY\ Clean/Features/Search/SearchTabView.swift (in target 'HOMEY Clean' from project 'HOMEY Clean')
    cd /Users/ryankanfer/Documents/Developer/HOMEY\ Clean
    
/Users/ryankanfer/Documents/Developer/HOMEY Clean/HOMEY Clean/Features/Search/SearchTabView.swift:259:10: warning: 'onChange(of:perform:)' was deprecated in iOS 17.0: Use `onChange` with a two or zero parameter action closure instead.
        .onChange(of: textFieldFocused) { focused in
         ^
/Users/ryankanfer/Documents/Developer/HOMEY Clean/HOMEY Clean/Features/Search/SearchTabView.swift:263:10: warning: 'onChange(of:perform:)' was deprecated in iOS 17.0: Use `onChange` with a two or zero parameter action closure instead.
        .onChange(of: searchText) { text in
         ^

SwiftCompile normal x86_64 /Users/ryankanfer/Documents/Developer/HOMEY\ Clean/HOMEY\ Clean/Features/Search/SearchViewModel.swift (in target 'HOMEY Clean' from project 'HOMEY Clean')
    cd /Users/ryankanfer/Documents/Developer/HOMEY\ Clean
    

SwiftCompile normal x86_64 /Users/ryankanfer/Documents/Developer/HOMEY\ Clean/HOMEY\ Clean/Features/SpatialCompanion/CompanionStore.swift (in target 'HOMEY Clean' from project 'HOMEY Clean')
    cd /Users/ryankanfer/Documents/Developer/HOMEY\ Clean
    

SwiftCompile normal x86_64 /Users/ryankanfer/Documents/Developer/HOMEY\ Clean/HOMEY\ Clean/Features/SpatialCompanion/SpatialCompanionShell.swift (in target 'HOMEY Clean' from project 'HOMEY Clean')
    cd /Users/ryankanfer/Documents/Developer/HOMEY\ Clean
    

SwiftCompile normal x86_64 Compiling\ PreferencesRepository.swift,\ ProfilesRepository.swift,\ AppTabRoot.swift,\ ARDocumentScanner.swift,\ CelebrationOverlay.swift,\ DocumentCategoryCard.swift,\ DocumentContextTooltip.swift,\ DocumentsRow.swift,\ DocumentsView.swift,\ DocumentsViewModel.swift,\ EnhancedDocumentsView.swift,\ Env.swift,\ HeaderSection.swift,\ PaigeCompanionView.swift,\ PaigeDocumentsView.swift,\ ProgressCard.swift,\ QuickActionCard.swift,\ SearchSection.swift,\ BadgeDetailSheet.swift,\ DossierSheet.swift,\ ProfessionalCard.swift,\ ProgressionBadges.swift,\ RolodexWall.swift,\ Contact.swift /Users/ryankanfer/Documents/Developer/HOMEY\ Clean/HOMEY\ Clean/Data/Repositories/PreferencesRepository.swift /Users/ryankanfer/Documents/Developer/HOMEY\ Clean/HOMEY\ Clean/Data/Repositories/ProfilesRepository.swift /Users/ryankanfer/Documents/Developer/HOMEY\ Clean/HOMEY\ Clean/Features/Documents/AppTabRoot.swift /Users/ryankanfer/Documents/Developer/HOMEY\ Clean/HOMEY\ Clean/Features/Documents/ARDocumentScanner.swift /Users/ryankanfer/Documents/Developer/HOMEY\ Clean/HOMEY\ Clean/Features/Documents/CelebrationOverlay.swift /Users/ryankanfer/Documents/Developer/HOMEY\ Clean/HOMEY\ Clean/Features/Documents/DocumentCategoryCard.swift /Users/ryankanfer/Documents/Developer/HOMEY\ Clean/HOMEY\ Clean/Features/Documents/DocumentContextTooltip.swift /Users/ryankanfer/Documents/Developer/HOMEY\ Clean/HOMEY\ Clean/Features/Documents/DocumentsRow.swift /Users/ryankanfer/Documents/Developer/HOMEY\ Clean/HOMEY\ Clean/Features/Documents/DocumentsView.swift /Users/ryankanfer/Documents/Developer/HOMEY\ Clean/HOMEY\ Clean/Features/Documents/DocumentsViewModel.swift /Users/ryankanfer/Documents/Developer/HOMEY\ Clean/HOMEY\ Clean/Features/Documents/EnhancedDocumentsView.swift /Users/ryankanfer/Documents/Developer/HOMEY\ Clean/HOMEY\ Clean/Features/Documents/Env.swift /Users/ryankanfer/Documents/Developer/HOMEY\ Clean/HOMEY\ Clean/Features/Documents/HeaderSection.swift /Users/ryankanfer/Documents/Developer/HOMEY\ Clean/HOMEY\ Clean/Features/Documents/PaigeCompanionView.swift /Users/ryankanfer/Documents/Developer/HOMEY\ Clean/HOMEY\ Clean/Features/Documents/PaigeDocumentsView.swift /Users/ryankanfer/Documents/Developer/HOMEY\ Clean/HOMEY\ Clean/Features/Documents/ProgressCard.swift /Users/ryankanfer/Documents/Developer/HOMEY\ Clean/HOMEY\ Clean/Features/Documents/QuickActionCard.swift /Users/ryankanfer/Documents/Developer/HOMEY\ Clean/HOMEY\ Clean/Features/Documents/SearchSection.swift /Users/ryankanfer/Documents/Developer/HOMEY\ Clean/HOMEY\ Clean/Features/Drew/Components/BadgeDetailSheet.swift /Users/ryankanfer/Documents/Developer/HOMEY\ Clean/HOMEY\ Clean/Features/Drew/Components/DossierSheet.swift /Users/ryankanfer/Documents/Developer/HOMEY\ Clean/HOMEY\ Clean/Features/Drew/Components/ProfessionalCard.swift /Users/ryankanfer/Documents/Developer/HOMEY\ Clean/HOMEY\ Clean/Features/Drew/Components/ProgressionBadges.swift /Users/ryankanfer/Documents/Developer/HOMEY\ Clean/HOMEY\ Clean/Features/Drew/Components/RolodexWall.swift /Users/ryankanfer/Documents/Developer/HOMEY\ Clean/HOMEY\ Clean/Features/Drew/Models/Contact.swift (in target 'HOMEY Clean' from project 'HOMEY Clean')
SwiftCompile normal x86_64 /Users/ryankanfer/Documents/Developer/HOMEY\ Clean/HOMEY\ Clean/Data/Repositories/PreferencesRepository.swift (in target 'HOMEY Clean' from project 'HOMEY Clean')
    cd /Users/ryankanfer/Documents/Developer/HOMEY\ Clean
    
/Users/ryankanfer/Documents/Developer/HOMEY Clean/HOMEY Clean/Data/Repositories/PreferencesRepository.swift:108:16: warning: value 'existing' was defined but never used; consider replacing with boolean test
        if let existing = try await fetchPreferences(for: user.id) {
           ~~~~^~~~~~~~~~~
           (                                                      ) != nil

SwiftCompile normal x86_64 /Users/ryankanfer/Documents/Developer/HOMEY\ Clean/HOMEY\ Clean/Data/Repositories/ProfilesRepository.swift (in target 'HOMEY Clean' from project 'HOMEY Clean')
    cd /Users/ryankanfer/Documents/Developer/HOMEY\ Clean
    

SwiftCompile normal x86_64 /Users/ryankanfer/Documents/Developer/HOMEY\ Clean/HOMEY\ Clean/Features/Documents/AppTabRoot.swift (in target 'HOMEY Clean' from project 'HOMEY Clean')
    cd /Users/ryankanfer/Documents/Developer/HOMEY\ Clean
    
/Users/ryankanfer/Library/Developer/Xcode/DerivedData/HOMEY_Clean-gafualdnzupkfseuistvwtqbnpqd/Build/Intermediates.noindex/HOMEY Clean.build/Debug-iphonesimulator/HOMEY Clean.build/DerivedSources/GeneratedAssetSymbols.swift:663:14: warning: The "Primary" color asset name resolves to a conflicting Color symbol "primary". Try renaming the asset.
    #warning("The \"Primary\" color asset name resolves to a conflicting Color symbol \"primary\". Try renaming the asset.")
             ^~~~~~~~~~~~~~~~~~~~~~~~~~~~~~~~~~~~~~~~~~~~~~~~~~~~~~~~~~~~~~~~~~~~~~~~~~~~~~~~~~~~~~~~~~~~~~~~~~~~~~~~~~~~~~
/Users/ryankanfer/Documents/Developer/HOMEY Clean/HOMEY Clean/Core/Design/TRAEMicroInteractions.swift:476:45: warning: backward matching of the unlabeled trailing closure is deprecated; label the argument with 'onLongPress' to suppress this warning
            .traeInteractive(type: .button) {
                                          ~ ^
                                          , onLongPress: 
/Users/ryankanfer/Documents/Developer/HOMEY Clean/HOMEY Clean/Core/Design/TRAEMicroInteractions.swift:440:10: note: 'traeInteractive(type:isEnabled:onTap:onLongPress:)' declared here
    func traeInteractive(
         ^
/Users/ryankanfer/Library/Developer/Xcode/DerivedData/HOMEY_Clean-gafualdnzupkfseuistvwtqbnpqd/Build/Intermediates.noindex/HOMEY Clean.build/Debug-iphonesimulator/HOMEY Clean.build/DerivedSources/GeneratedAssetSymbols.swift:30:14: warning: The "AccentColor" color asset name resolves to the symbol "accent" which already exists. Try renaming the asset.
    #warning("The \"AccentColor\" color asset name resolves to the symbol \"accent\" which already exists. Try renaming the asset.")
             ^~~~~~~~~~~~~~~~~~~~~~~~~~~~~~~~~~~~~~~~~~~~~~~~~~~~~~~~~~~~~~~~~~~~~~~~~~~~~~~~~~~~~~~~~~~~~~~~~~~~~~~~~~~~~~~~~~~~~~

SwiftCompile normal x86_64 /Users/ryankanfer/Documents/Developer/HOMEY\ Clean/HOMEY\ Clean/Features/Documents/ARDocumentScanner.swift (in target 'HOMEY Clean' from project 'HOMEY Clean')
    cd /Users/ryankanfer/Documents/Developer/HOMEY\ Clean
    

SwiftCompile normal x86_64 /Users/ryankanfer/Documents/Developer/HOMEY\ Clean/HOMEY\ Clean/Features/Documents/CelebrationOverlay.swift (in target 'HOMEY Clean' from project 'HOMEY Clean')
    cd /Users/ryankanfer/Documents/Developer/HOMEY\ Clean
    

SwiftCompile normal x86_64 /Users/ryankanfer/Documents/Developer/HOMEY\ Clean/HOMEY\ Clean/Features/Documents/DocumentCategoryCard.swift (in target 'HOMEY Clean' from project 'HOMEY Clean')
    cd /Users/ryankanfer/Documents/Developer/HOMEY\ Clean
    

SwiftCompile normal x86_64 /Users/ryankanfer/Documents/Developer/HOMEY\ Clean/HOMEY\ Clean/Features/Documents/DocumentContextTooltip.swift (in target 'HOMEY Clean' from project 'HOMEY Clean')
    cd /Users/ryankanfer/Documents/Developer/HOMEY\ Clean
    

SwiftCompile normal x86_64 /Users/ryankanfer/Documents/Developer/HOMEY\ Clean/HOMEY\ Clean/Features/Documents/DocumentsRow.swift (in target 'HOMEY Clean' from project 'HOMEY Clean')
    cd /Users/ryankanfer/Documents/Developer/HOMEY\ Clean
    

SwiftCompile normal x86_64 /Users/ryankanfer/Documents/Developer/HOMEY\ Clean/HOMEY\ Clean/Features/Documents/DocumentsView.swift (in target 'HOMEY Clean' from project 'HOMEY Clean')
    cd /Users/ryankanfer/Documents/Developer/HOMEY\ Clean
    
/Users/ryankanfer/Documents/Developer/HOMEY Clean/HOMEY Clean/Features/Documents/DocumentsView.swift:93:1: warning: extension declares a conformance of imported type 'String' to imported protocol 'Identifiable'; this will not behave correctly if the owners of 'Swift' introduce this conformance in the future
extension String: Identifiable {
^
/Users/ryankanfer/Documents/Developer/HOMEY Clean/HOMEY Clean/Features/Documents/DocumentsView.swift:93:1: note: add '@retroactive' to silence this warning
extension String: Identifiable {
^                 ~~~~~~~~~~~~
                  @retroactive Identifiable

SwiftCompile normal x86_64 /Users/ryankanfer/Documents/Developer/HOMEY\ Clean/HOMEY\ Clean/Features/Documents/DocumentsViewModel.swift (in target 'HOMEY Clean' from project 'HOMEY Clean')
    cd /Users/ryankanfer/Documents/Developer/HOMEY\ Clean
    

SwiftCompile normal x86_64 /Users/ryankanfer/Documents/Developer/HOMEY\ Clean/HOMEY\ Clean/Features/Documents/EnhancedDocumentsView.swift (in target 'HOMEY Clean' from project 'HOMEY Clean')
    cd /Users/ryankanfer/Documents/Developer/HOMEY\ Clean
    
/Users/ryankanfer/Documents/Developer/HOMEY Clean/HOMEY Clean/Features/Documents/EnhancedDocumentsView.swift:89:10: warning: 'onChange(of:perform:)' was deprecated in iOS 17.0: Use `onChange` with a two or zero parameter action closure instead.
        .onChange(of: vm.isUploading) { isUploading in
         ^
/Users/ryankanfer/Documents/Developer/HOMEY Clean/HOMEY Clean/Features/Documents/EnhancedDocumentsView.swift:272:32: warning: 'appendInterpolation' is deprecated: Localized string interpolation produces an unlocalized, debug description for this type of value. Use a type supported by LocalizedStringKey.StringInterpolation or initialize a LocalizedStringResource instead with an interpolated value that conforms to CustomLocalizedStringResourceConvertible.
                        Text("\(value)")
                               ^

SwiftCompile normal x86_64 /Users/ryankanfer/Documents/Developer/HOMEY\ Clean/HOMEY\ Clean/Features/Documents/Env.swift (in target 'HOMEY Clean' from project 'HOMEY Clean')
    cd /Users/ryankanfer/Documents/Developer/HOMEY\ Clean
    

SwiftCompile normal x86_64 /Users/ryankanfer/Documents/Developer/HOMEY\ Clean/HOMEY\ Clean/Features/Documents/HeaderSection.swift (in target 'HOMEY Clean' from project 'HOMEY Clean')
    cd /Users/ryankanfer/Documents/Developer/HOMEY\ Clean
    

SwiftCompile normal x86_64 /Users/ryankanfer/Documents/Developer/HOMEY\ Clean/HOMEY\ Clean/Features/Documents/PaigeCompanionView.swift (in target 'HOMEY Clean' from project 'HOMEY Clean')
    cd /Users/ryankanfer/Documents/Developer/HOMEY\ Clean
    

SwiftCompile normal x86_64 /Users/ryankanfer/Documents/Developer/HOMEY\ Clean/HOMEY\ Clean/Features/Documents/PaigeDocumentsView.swift (in target 'HOMEY Clean' from project 'HOMEY Clean')
    cd /Users/ryankanfer/Documents/Developer/HOMEY\ Clean
    
/Users/ryankanfer/Documents/Developer/HOMEY Clean/HOMEY Clean/Features/Documents/PaigeDocumentsView.swift:553:27: warning: immutable value 'url' was never used; consider replacing with '_' or removing it
        case .success(let url):
                      ~~~~^~~
                      _
/Users/ryankanfer/Documents/Developer/HOMEY Clean/HOMEY Clean/Features/Documents/PaigeDocumentsView.swift:689:19: warning: value 'paige' was defined but never used; consider replacing with boolean test
        guard let paige = aiAvatarManager.getAvatar(by: "paige") else { return }
              ~~~~^~~~~~~~
                                                                 != nil
/Users/ryankanfer/Documents/Developer/HOMEY Clean/HOMEY Clean/Features/Documents/PaigeDocumentsView.swift:716:20: warning: value 'taxVault' was defined but never used; consider replacing with boolean test
            if let taxVault = incompleteVaults.first(where: { $0.name.lowercased().contains("financial") }) {
               ~~~~^~~~~~~~~~~
                                                                                                            != nil
/Users/ryankanfer/Documents/Developer/HOMEY Clean/HOMEY Clean/Features/Documents/PaigeDocumentsView.swift:718:28: warning: value 'employmentVault' was defined but never used; consider replacing with boolean test
             } else if let employmentVault = incompleteVaults.first(where: { $0.name.lowercased().contains("employment") }) {
                       ~~~~^~~~~~~~~~~~~~~~~~
                                                                                                                            != nil

SwiftCompile normal x86_64 /Users/ryankanfer/Documents/Developer/HOMEY\ Clean/HOMEY\ Clean/Features/Documents/ProgressCard.swift (in target 'HOMEY Clean' from project 'HOMEY Clean')
    cd /Users/ryankanfer/Documents/Developer/HOMEY\ Clean
    

SwiftCompile normal x86_64 /Users/ryankanfer/Documents/Developer/HOMEY\ Clean/HOMEY\ Clean/Features/Documents/QuickActionCard.swift (in target 'HOMEY Clean' from project 'HOMEY Clean')
    cd /Users/ryankanfer/Documents/Developer/HOMEY\ Clean
    

SwiftCompile normal x86_64 /Users/ryankanfer/Documents/Developer/HOMEY\ Clean/HOMEY\ Clean/Features/Documents/SearchSection.swift (in target 'HOMEY Clean' from project 'HOMEY Clean')
    cd /Users/ryankanfer/Documents/Developer/HOMEY\ Clean
    
/Users/ryankanfer/Documents/Developer/HOMEY Clean/HOMEY Clean/Features/Documents/SearchSection.swift:24:22: warning: 'onChange(of:perform:)' was deprecated in iOS 17.0: Use `onChange` with a two or zero parameter action closure instead.
                    .onChange(of: searchText) { newValue in
                     ^

SwiftCompile normal x86_64 /Users/ryankanfer/Documents/Developer/HOMEY\ Clean/HOMEY\ Clean/Features/Drew/Components/BadgeDetailSheet.swift (in target 'HOMEY Clean' from project 'HOMEY Clean')
    cd /Users/ryankanfer/Documents/Developer/HOMEY\ Clean
    

SwiftCompile normal x86_64 /Users/ryankanfer/Documents/Developer/HOMEY\ Clean/HOMEY\ Clean/Features/Drew/Components/DossierSheet.swift (in target 'HOMEY Clean' from project 'HOMEY Clean')
    cd /Users/ryankanfer/Documents/Developer/HOMEY\ Clean
    

SwiftCompile normal x86_64 /Users/ryankanfer/Documents/Developer/HOMEY\ Clean/HOMEY\ Clean/Features/Drew/Components/ProfessionalCard.swift (in target 'HOMEY Clean' from project 'HOMEY Clean')
    cd /Users/ryankanfer/Documents/Developer/HOMEY\ Clean
    

SwiftCompile normal x86_64 /Users/ryankanfer/Documents/Developer/HOMEY\ Clean/HOMEY\ Clean/Features/Drew/Components/ProgressionBadges.swift (in target 'HOMEY Clean' from project 'HOMEY Clean')
    cd /Users/ryankanfer/Documents/Developer/HOMEY\ Clean
    
/Users/ryankanfer/Documents/Developer/HOMEY Clean/HOMEY Clean/Features/Drew/Components/ProgressionBadges.swift:36:9: warning: result of call to 'withAnimation' is unused
        withAnimation(.easeInOut(duration: 0.5).repeatCount(3, autoreverses: true)) {
        ^            ~~~~~~~~~~~~~~~~~~~~~~~~~~~~~~~~~~~~~~~~~~~~~~~~~~~~~~~~~~~~~~~~

SwiftCompile normal x86_64 /Users/ryankanfer/Documents/Developer/HOMEY\ Clean/HOMEY\ Clean/Features/Drew/Components/RolodexWall.swift (in target 'HOMEY Clean' from project 'HOMEY Clean')
    cd /Users/ryankanfer/Documents/Developer/HOMEY\ Clean
    

SwiftCompile normal x86_64 /Users/ryankanfer/Documents/Developer/HOMEY\ Clean/HOMEY\ Clean/Features/Drew/Models/Contact.swift (in target 'HOMEY Clean' from project 'HOMEY Clean')
    cd /Users/ryankanfer/Documents/Developer/HOMEY\ Clean
    
/Users/ryankanfer/Documents/Developer/HOMEY Clean/HOMEY Clean/Features/Drew/Models/Contact.swift:6:9: warning: immutable property will not be decoded because it is declared with an initial value which cannot be overwritten
    let id = UUID()
        ^
/Users/ryankanfer/Documents/Developer/HOMEY Clean/HOMEY Clean/Features/Drew/Models/Contact.swift:6:9: note: set the initial value via the initializer or explicitly define a CodingKeys enum including a 'id' case to silence this warning
    let id = UUID()
        ^
/Users/ryankanfer/Documents/Developer/HOMEY Clean/HOMEY Clean/Features/Drew/Models/Contact.swift:6:9: note: make the property mutable instead
    let id = UUID()
    ~~~ ^
    var
/Users/ryankanfer/Documents/Developer/HOMEY Clean/HOMEY Clean/Features/Drew/Models/Contact.swift:140:9: warning: immutable property will not be decoded because it is declared with an initial value which cannot be overwritten
    let id = UUID()
        ^
/Users/ryankanfer/Documents/Developer/HOMEY Clean/HOMEY Clean/Features/Drew/Models/Contact.swift:140:9: note: set the initial value via the initializer or explicitly define a CodingKeys enum including a 'id' case to silence this warning
    let id = UUID()
        ^
/Users/ryankanfer/Documents/Developer/HOMEY Clean/HOMEY Clean/Features/Drew/Models/Contact.swift:140:9: note: make the property mutable instead
    let id = UUID()
    ~~~ ^
    var
/Users/ryankanfer/Documents/Developer/HOMEY Clean/HOMEY Clean/Features/Drew/Models/Contact.swift:156:9: warning: immutable property will not be decoded because it is declared with an initial value which cannot be overwritten
    let id = UUID()
        ^
/Users/ryankanfer/Documents/Developer/HOMEY Clean/HOMEY Clean/Features/Drew/Models/Contact.swift:156:9: note: set the initial value via the initializer or explicitly define a CodingKeys enum including a 'id' case to silence this warning
    let id = UUID()
        ^
/Users/ryankanfer/Documents/Developer/HOMEY Clean/HOMEY Clean/Features/Drew/Models/Contact.swift:156:9: note: make the property mutable instead
    let id = UUID()
    ~~~ ^
    var

SwiftCompile normal x86_64 Compiling\ LeftNavigationDrawer.swift,\ RecommendationEngine.swift,\ SmartAIBox.swift,\ SmartRecommendationView.swift,\ StyledSymbol.swift,\ CelebrationAnimations.swift,\ LiquidGlassSystem.swift,\ LiquidWordmark.swift,\ SemanticColors.swift,\ TRAEAmbientMotion.swift,\ TRAEAvatarAnimations.swift,\ TRAEButtonAnimations.swift,\ TRAECarouselAnimations.swift,\ TRAEDemoView.swift,\ TRAEDragDrop.swift,\ TRAEHapticFeedback.swift,\ TRAEMicroInteractions.swift,\ TRAEMotionSystem.swift,\ TRAEPageTransitions.swift,\ TRAEProgressAnimations.swift,\ TRAEProgressiveDisclosure.swift,\ TRAESearchAnimations.swift,\ TRAESwipeGestures.swift,\ TRAEUploadAnimations.swift /Users/ryankanfer/Documents/Developer/HOMEY\ Clean/HOMEY\ Clean/Components/LeftNavigationDrawer.swift /Users/ryankanfer/Documents/Developer/HOMEY\ Clean/HOMEY\ Clean/Components/RecommendationEngine.swift /Users/ryankanfer/Documents/Developer/HOMEY\ Clean/HOMEY\ Clean/Components/SmartAIBox.swift /Users/ryankanfer/Documents/Developer/HOMEY\ Clean/HOMEY\ Clean/Components/SmartRecommendationView.swift /Users/ryankanfer/Documents/Developer/HOMEY\ Clean/HOMEY\ Clean/Components/StyledSymbol.swift /Users/ryankanfer/Documents/Developer/HOMEY\ Clean/HOMEY\ Clean/Core/Design/CelebrationAnimations.swift /Users/ryankanfer/Documents/Developer/HOMEY\ Clean/HOMEY\ Clean/Core/Design/LiquidGlassSystem.swift /Users/ryankanfer/Documents/Developer/HOMEY\ Clean/HOMEY\ Clean/Core/Design/LiquidWordmark.swift /Users/ryankanfer/Documents/Developer/HOMEY\ Clean/HOMEY\ Clean/Core/Design/SemanticColors.swift /Users/ryankanfer/Documents/Developer/HOMEY\ Clean/HOMEY\ Clean/Core/Design/TRAEAmbientMotion.swift /Users/ryankanfer/Documents/Developer/HOMEY\ Clean/HOMEY\ Clean/Core/Design/TRAEAvatarAnimations.swift /Users/ryankanfer/Documents/Developer/HOMEY\ Clean/HOMEY\ Clean/Core/Design/TRAEButtonAnimations.swift /Users/ryankanfer/Documents/Developer/HOMEY\ Clean/HOMEY\ Clean/Core/Design/TRAECarouselAnimations.swift /Users/ryankanfer/Documents/Developer/HOMEY\ Clean/HOMEY\ Clean/Core/Design/TRAEDemoView.swift /Users/ryankanfer/Documents/Developer/HOMEY\ Clean/HOMEY\ Clean/Core/Design/TRAEDragDrop.swift /Users/ryankanfer/Documents/Developer/HOMEY\ Clean/HOMEY\ Clean/Core/Design/TRAEHapticFeedback.swift /Users/ryankanfer/Documents/Developer/HOMEY\ Clean/HOMEY\ Clean/Core/Design/TRAEMicroInteractions.swift /Users/ryankanfer/Documents/Developer/HOMEY\ Clean/HOMEY\ Clean/Core/Design/TRAEMotionSystem.swift /Users/ryankanfer/Documents/Developer/HOMEY\ Clean/HOMEY\ Clean/Core/Design/TRAEPageTransitions.swift /Users/ryankanfer/Documents/Developer/HOMEY\ Clean/HOMEY\ Clean/Core/Design/TRAEProgressAnimations.swift /Users/ryankanfer/Documents/Developer/HOMEY\ Clean/HOMEY\ Clean/Core/Design/TRAEProgressiveDisclosure.swift /Users/ryankanfer/Documents/Developer/HOMEY\ Clean/HOMEY\ Clean/Core/Design/TRAESearchAnimations.swift /Users/ryankanfer/Documents/Developer/HOMEY\ Clean/HOMEY\ Clean/Core/Design/TRAESwipeGestures.swift /Users/ryankanfer/Documents/Developer/HOMEY\ Clean/HOMEY\ Clean/Core/Design/TRAEUploadAnimations.swift (in target 'HOMEY Clean' from project 'HOMEY Clean')
SwiftCompile normal x86_64 /Users/ryankanfer/Documents/Developer/HOMEY\ Clean/HOMEY\ Clean/Components/LeftNavigationDrawer.swift (in target 'HOMEY Clean' from project 'HOMEY Clean')
    cd /Users/ryankanfer/Documents/Developer/HOMEY\ Clean
    
/Users/ryankanfer/Library/Developer/Xcode/DerivedData/HOMEY_Clean-gafualdnzupkfseuistvwtqbnpqd/Build/Intermediates.noindex/HOMEY Clean.build/Debug-iphonesimulator/HOMEY Clean.build/DerivedSources/GeneratedAssetSymbols.swift:663:14: warning: The "Primary" color asset name resolves to a conflicting Color symbol "primary". Try renaming the asset.
    #warning("The \"Primary\" color asset name resolves to a conflicting Color symbol \"primary\". Try renaming the asset.")
             ^~~~~~~~~~~~~~~~~~~~~~~~~~~~~~~~~~~~~~~~~~~~~~~~~~~~~~~~~~~~~~~~~~~~~~~~~~~~~~~~~~~~~~~~~~~~~~~~~~~~~~~~~~~~~~
@__swiftmacro_11HOMEY_Clean0032TRAEMicroInteractionsswift_jIADjfMX468_0_33_101060B78B75725CBDBADBECD181DFD9Ll7PreviewfMf_.swift:25:57: warning: backward matching of the unlabeled trailing closure is deprecated; label the argument with 'onLongPress' to suppress this warning
                        .traeInteractive(type: .button) {
                                                        ^
/Users/ryankanfer/Documents/Developer/HOMEY Clean/HOMEY Clean/Core/Design/TRAEMicroInteractions.swift:469:1: note: in expansion of macro 'Preview' here
#Preview {
^~~~~~~~~~
/Users/ryankanfer/Documents/Developer/HOMEY Clean/HOMEY Clean/Core/Design/TRAEMicroInteractions.swift:469:1: note: in expansion of macro 'Preview' here
#Preview {
^~~~~~~~~~
/Users/ryankanfer/Documents/Developer/HOMEY Clean/HOMEY Clean/Core/Design/TRAEMicroInteractions.swift:440:10: note: 'traeInteractive(type:isEnabled:onTap:onLongPress:)' declared here
    func traeInteractive(
         ^

SwiftCompile normal x86_64 /Users/ryankanfer/Documents/Developer/HOMEY\ Clean/HOMEY\ Clean/Components/RecommendationEngine.swift (in target 'HOMEY Clean' from project 'HOMEY Clean')
    cd /Users/ryankanfer/Documents/Developer/HOMEY\ Clean
    
/Users/ryankanfer/Documents/Developer/HOMEY Clean/HOMEY Clean/Components/RecommendationEngine.swift:162:9: warning: immutable property will not be decoded because it is declared with an initial value which cannot be overwritten
    let id = UUID()
        ^
/Users/ryankanfer/Documents/Developer/HOMEY Clean/HOMEY Clean/Components/RecommendationEngine.swift:162:9: note: set the initial value via the initializer or explicitly define a CodingKeys enum including a 'id' case to silence this warning
    let id = UUID()
        ^
/Users/ryankanfer/Documents/Developer/HOMEY Clean/HOMEY Clean/Components/RecommendationEngine.swift:162:9: note: make the property mutable instead
    let id = UUID()
    ~~~ ^
    var
/Users/ryankanfer/Documents/Developer/HOMEY Clean/HOMEY Clean/Components/RecommendationEngine.swift:172:9: warning: immutable property will not be decoded because it is declared with an initial value which cannot be overwritten
    let timestamp: Date = Date()
        ^
/Users/ryankanfer/Documents/Developer/HOMEY Clean/HOMEY Clean/Components/RecommendationEngine.swift:172:9: note: set the initial value via the initializer or explicitly define a CodingKeys enum including a 'timestamp' case to silence this warning
    let timestamp: Date = Date()
        ^
/Users/ryankanfer/Documents/Developer/HOMEY Clean/HOMEY Clean/Components/RecommendationEngine.swift:172:9: note: make the property mutable instead
    let timestamp: Date = Date()
    ~~~ ^
    var
/Users/ryankanfer/Documents/Developer/HOMEY Clean/HOMEY Clean/Components/RecommendationEngine.swift:196:9: warning: immutable property will not be decoded because it is declared with an initial value which cannot be overwritten
    let id = UUID()
        ^
/Users/ryankanfer/Documents/Developer/HOMEY Clean/HOMEY Clean/Components/RecommendationEngine.swift:196:9: note: set the initial value via the initializer or explicitly define a CodingKeys enum including a 'id' case to silence this warning
    let id = UUID()
        ^
/Users/ryankanfer/Documents/Developer/HOMEY Clean/HOMEY Clean/Components/RecommendationEngine.swift:196:9: note: make the property mutable instead
    let id = UUID()
    ~~~ ^
    var
/Users/ryankanfer/Documents/Developer/HOMEY Clean/HOMEY Clean/Components/RecommendationEngine.swift:211:9: warning: immutable property will not be decoded because it is declared with an initial value which cannot be overwritten
    let id = UUID()
        ^
/Users/ryankanfer/Documents/Developer/HOMEY Clean/HOMEY Clean/Components/RecommendationEngine.swift:211:9: note: set the initial value via the initializer or explicitly define a CodingKeys enum including a 'id' case to silence this warning
    let id = UUID()
        ^
/Users/ryankanfer/Documents/Developer/HOMEY Clean/HOMEY Clean/Components/RecommendationEngine.swift:211:9: note: make the property mutable instead
    let id = UUID()
    ~~~ ^
    var
@__swiftmacro_11HOMEY_Clean0032TRAEMicroInteractionsswift_jIADjfMX468_0_33_101060B78B75725CBDBADBECD181DFD9Ll7PreviewfMf_.swift:25:57: warning: backward matching of the unlabeled trailing closure is deprecated; label the argument with 'onLongPress' to suppress this warning
                        .traeInteractive(type: .button) {
                                                        ^
/Users/ryankanfer/Documents/Developer/HOMEY Clean/HOMEY Clean/Core/Design/TRAEMicroInteractions.swift:469:1: note: in expansion of macro 'Preview' here
#Preview {
^~~~~~~~~~
/Users/ryankanfer/Documents/Developer/HOMEY Clean/HOMEY Clean/Core/Design/TRAEMicroInteractions.swift:469:1: note: in expansion of macro 'Preview' here
#Preview {
^~~~~~~~~~
/Users/ryankanfer/Documents/Developer/HOMEY Clean/HOMEY Clean/Core/Design/TRAEMicroInteractions.swift:440:10: note: 'traeInteractive(type:isEnabled:onTap:onLongPress:)' declared here
    func traeInteractive(
         ^

SwiftCompile normal x86_64 /Users/ryankanfer/Documents/Developer/HOMEY\ Clean/HOMEY\ Clean/Components/SmartAIBox.swift (in target 'HOMEY Clean' from project 'HOMEY Clean')
    cd /Users/ryankanfer/Documents/Developer/HOMEY\ Clean
    
/Users/ryankanfer/Library/Developer/Xcode/DerivedData/HOMEY_Clean-gafualdnzupkfseuistvwtqbnpqd/Build/Intermediates.noindex/HOMEY Clean.build/Debug-iphonesimulator/HOMEY Clean.build/DerivedSources/GeneratedAssetSymbols.swift:30:14: warning: The "AccentColor" color asset name resolves to the symbol "accent" which already exists. Try renaming the asset.
    #warning("The \"AccentColor\" color asset name resolves to the symbol \"accent\" which already exists. Try renaming the asset.")
             ^~~~~~~~~~~~~~~~~~~~~~~~~~~~~~~~~~~~~~~~~~~~~~~~~~~~~~~~~~~~~~~~~~~~~~~~~~~~~~~~~~~~~~~~~~~~~~~~~~~~~~~~~~~~~~~~~~~~~~
@__swiftmacro_11HOMEY_Clean0032TRAEMicroInteractionsswift_jIADjfMX468_0_33_101060B78B75725CBDBADBECD181DFD9Ll7PreviewfMf_.swift:25:57: warning: backward matching of the unlabeled trailing closure is deprecated; label the argument with 'onLongPress' to suppress this warning
                        .traeInteractive(type: .button) {
                                                        ^
/Users/ryankanfer/Documents/Developer/HOMEY Clean/HOMEY Clean/Core/Design/TRAEMicroInteractions.swift:469:1: note: in expansion of macro 'Preview' here
#Preview {
^~~~~~~~~~
/Users/ryankanfer/Documents/Developer/HOMEY Clean/HOMEY Clean/Core/Design/TRAEMicroInteractions.swift:469:1: note: in expansion of macro 'Preview' here
#Preview {
^~~~~~~~~~
/Users/ryankanfer/Documents/Developer/HOMEY Clean/HOMEY Clean/Core/Design/TRAEMicroInteractions.swift:440:10: note: 'traeInteractive(type:isEnabled:onTap:onLongPress:)' declared here
    func traeInteractive(
         ^

SwiftCompile normal x86_64 /Users/ryankanfer/Documents/Developer/HOMEY\ Clean/HOMEY\ Clean/Components/SmartRecommendationView.swift (in target 'HOMEY Clean' from project 'HOMEY Clean')
    cd /Users/ryankanfer/Documents/Developer/HOMEY\ Clean
    
@__swiftmacro_11HOMEY_Clean0032TRAEMicroInteractionsswift_jIADjfMX468_0_33_101060B78B75725CBDBADBECD181DFD9Ll7PreviewfMf_.swift:25:57: warning: backward matching of the unlabeled trailing closure is deprecated; label the argument with 'onLongPress' to suppress this warning
                        .traeInteractive(type: .button) {
                                                        ^
/Users/ryankanfer/Documents/Developer/HOMEY Clean/HOMEY Clean/Core/Design/TRAEMicroInteractions.swift:469:1: note: in expansion of macro 'Preview' here
#Preview {
^~~~~~~~~~
/Users/ryankanfer/Documents/Developer/HOMEY Clean/HOMEY Clean/Core/Design/TRAEMicroInteractions.swift:469:1: note: in expansion of macro 'Preview' here
#Preview {
^~~~~~~~~~
/Users/ryankanfer/Documents/Developer/HOMEY Clean/HOMEY Clean/Core/Design/TRAEMicroInteractions.swift:440:10: note: 'traeInteractive(type:isEnabled:onTap:onLongPress:)' declared here
    func traeInteractive(
         ^

SwiftCompile normal x86_64 /Users/ryankanfer/Documents/Developer/HOMEY\ Clean/HOMEY\ Clean/Components/StyledSymbol.swift (in target 'HOMEY Clean' from project 'HOMEY Clean')
    cd /Users/ryankanfer/Documents/Developer/HOMEY\ Clean
    
@__swiftmacro_11HOMEY_Clean0032TRAEMicroInteractionsswift_jIADjfMX468_0_33_101060B78B75725CBDBADBECD181DFD9Ll7PreviewfMf_.swift:25:57: warning: backward matching of the unlabeled trailing closure is deprecated; label the argument with 'onLongPress' to suppress this warning
                        .traeInteractive(type: .button) {
                                                        ^
/Users/ryankanfer/Documents/Developer/HOMEY Clean/HOMEY Clean/Core/Design/TRAEMicroInteractions.swift:469:1: note: in expansion of macro 'Preview' here
#Preview {
^~~~~~~~~~
/Users/ryankanfer/Documents/Developer/HOMEY Clean/HOMEY Clean/Core/Design/TRAEMicroInteractions.swift:469:1: note: in expansion of macro 'Preview' here
#Preview {
^~~~~~~~~~
/Users/ryankanfer/Documents/Developer/HOMEY Clean/HOMEY Clean/Core/Design/TRAEMicroInteractions.swift:440:10: note: 'traeInteractive(type:isEnabled:onTap:onLongPress:)' declared here
    func traeInteractive(
         ^

SwiftCompile normal x86_64 /Users/ryankanfer/Documents/Developer/HOMEY\ Clean/HOMEY\ Clean/Core/Design/CelebrationAnimations.swift (in target 'HOMEY Clean' from project 'HOMEY Clean')
    cd /Users/ryankanfer/Documents/Developer/HOMEY\ Clean
    
@__swiftmacro_11HOMEY_Clean0032TRAEMicroInteractionsswift_jIADjfMX468_0_33_101060B78B75725CBDBADBECD181DFD9Ll7PreviewfMf_.swift:25:57: warning: backward matching of the unlabeled trailing closure is deprecated; label the argument with 'onLongPress' to suppress this warning
                        .traeInteractive(type: .button) {
                                                        ^
/Users/ryankanfer/Documents/Developer/HOMEY Clean/HOMEY Clean/Core/Design/TRAEMicroInteractions.swift:469:1: note: in expansion of macro 'Preview' here
#Preview {
^~~~~~~~~~
/Users/ryankanfer/Documents/Developer/HOMEY Clean/HOMEY Clean/Core/Design/TRAEMicroInteractions.swift:469:1: note: in expansion of macro 'Preview' here
#Preview {
^~~~~~~~~~
/Users/ryankanfer/Documents/Developer/HOMEY Clean/HOMEY Clean/Core/Design/TRAEMicroInteractions.swift:440:10: note: 'traeInteractive(type:isEnabled:onTap:onLongPress:)' declared here
    func traeInteractive(
         ^

SwiftCompile normal x86_64 /Users/ryankanfer/Documents/Developer/HOMEY\ Clean/HOMEY\ Clean/Core/Design/LiquidGlassSystem.swift (in target 'HOMEY Clean' from project 'HOMEY Clean')
    cd /Users/ryankanfer/Documents/Developer/HOMEY\ Clean
    
@__swiftmacro_11HOMEY_Clean0032TRAEMicroInteractionsswift_jIADjfMX468_0_33_101060B78B75725CBDBADBECD181DFD9Ll7PreviewfMf_.swift:25:57: warning: backward matching of the unlabeled trailing closure is deprecated; label the argument with 'onLongPress' to suppress this warning
                        .traeInteractive(type: .button) {
                                                        ^
/Users/ryankanfer/Documents/Developer/HOMEY Clean/HOMEY Clean/Core/Design/TRAEMicroInteractions.swift:469:1: note: in expansion of macro 'Preview' here
#Preview {
^~~~~~~~~~
/Users/ryankanfer/Documents/Developer/HOMEY Clean/HOMEY Clean/Core/Design/TRAEMicroInteractions.swift:469:1: note: in expansion of macro 'Preview' here
#Preview {
^~~~~~~~~~
/Users/ryankanfer/Documents/Developer/HOMEY Clean/HOMEY Clean/Core/Design/TRAEMicroInteractions.swift:440:10: note: 'traeInteractive(type:isEnabled:onTap:onLongPress:)' declared here
    func traeInteractive(
         ^

SwiftCompile normal x86_64 /Users/ryankanfer/Documents/Developer/HOMEY\ Clean/HOMEY\ Clean/Core/Design/LiquidWordmark.swift (in target 'HOMEY Clean' from project 'HOMEY Clean')
    cd /Users/ryankanfer/Documents/Developer/HOMEY\ Clean
    
@__swiftmacro_11HOMEY_Clean0032TRAEMicroInteractionsswift_jIADjfMX468_0_33_101060B78B75725CBDBADBECD181DFD9Ll7PreviewfMf_.swift:25:57: warning: backward matching of the unlabeled trailing closure is deprecated; label the argument with 'onLongPress' to suppress this warning
                        .traeInteractive(type: .button) {
                                                        ^
/Users/ryankanfer/Documents/Developer/HOMEY Clean/HOMEY Clean/Core/Design/TRAEMicroInteractions.swift:469:1: note: in expansion of macro 'Preview' here
#Preview {
^~~~~~~~~~
/Users/ryankanfer/Documents/Developer/HOMEY Clean/HOMEY Clean/Core/Design/TRAEMicroInteractions.swift:469:1: note: in expansion of macro 'Preview' here
#Preview {
^~~~~~~~~~
/Users/ryankanfer/Documents/Developer/HOMEY Clean/HOMEY Clean/Core/Design/TRAEMicroInteractions.swift:440:10: note: 'traeInteractive(type:isEnabled:onTap:onLongPress:)' declared here
    func traeInteractive(
         ^

SwiftCompile normal x86_64 /Users/ryankanfer/Documents/Developer/HOMEY\ Clean/HOMEY\ Clean/Core/Design/SemanticColors.swift (in target 'HOMEY Clean' from project 'HOMEY Clean')
    cd /Users/ryankanfer/Documents/Developer/HOMEY\ Clean
    
@__swiftmacro_11HOMEY_Clean0032TRAEMicroInteractionsswift_jIADjfMX468_0_33_101060B78B75725CBDBADBECD181DFD9Ll7PreviewfMf_.swift:25:57: warning: backward matching of the unlabeled trailing closure is deprecated; label the argument with 'onLongPress' to suppress this warning
                        .traeInteractive(type: .button) {
                                                        ^
/Users/ryankanfer/Documents/Developer/HOMEY Clean/HOMEY Clean/Core/Design/TRAEMicroInteractions.swift:469:1: note: in expansion of macro 'Preview' here
#Preview {
^~~~~~~~~~
/Users/ryankanfer/Documents/Developer/HOMEY Clean/HOMEY Clean/Core/Design/TRAEMicroInteractions.swift:469:1: note: in expansion of macro 'Preview' here
#Preview {
^~~~~~~~~~
/Users/ryankanfer/Documents/Developer/HOMEY Clean/HOMEY Clean/Core/Design/TRAEMicroInteractions.swift:440:10: note: 'traeInteractive(type:isEnabled:onTap:onLongPress:)' declared here
    func traeInteractive(
         ^

SwiftCompile normal x86_64 /Users/ryankanfer/Documents/Developer/HOMEY\ Clean/HOMEY\ Clean/Core/Design/TRAEAmbientMotion.swift (in target 'HOMEY Clean' from project 'HOMEY Clean')
    cd /Users/ryankanfer/Documents/Developer/HOMEY\ Clean
    
@__swiftmacro_11HOMEY_Clean0032TRAEMicroInteractionsswift_jIADjfMX468_0_33_101060B78B75725CBDBADBECD181DFD9Ll7PreviewfMf_.swift:25:57: warning: backward matching of the unlabeled trailing closure is deprecated; label the argument with 'onLongPress' to suppress this warning
                        .traeInteractive(type: .button) {
                                                        ^
/Users/ryankanfer/Documents/Developer/HOMEY Clean/HOMEY Clean/Core/Design/TRAEMicroInteractions.swift:469:1: note: in expansion of macro 'Preview' here
#Preview {
^~~~~~~~~~
/Users/ryankanfer/Documents/Developer/HOMEY Clean/HOMEY Clean/Core/Design/TRAEMicroInteractions.swift:469:1: note: in expansion of macro 'Preview' here
#Preview {
^~~~~~~~~~
/Users/ryankanfer/Documents/Developer/HOMEY Clean/HOMEY Clean/Core/Design/TRAEMicroInteractions.swift:440:10: note: 'traeInteractive(type:isEnabled:onTap:onLongPress:)' declared here
    func traeInteractive(
         ^

SwiftCompile normal x86_64 /Users/ryankanfer/Documents/Developer/HOMEY\ Clean/HOMEY\ Clean/Core/Design/TRAEAvatarAnimations.swift (in target 'HOMEY Clean' from project 'HOMEY Clean')
    cd /Users/ryankanfer/Documents/Developer/HOMEY\ Clean
    
@__swiftmacro_11HOMEY_Clean0032TRAEMicroInteractionsswift_jIADjfMX468_0_33_101060B78B75725CBDBADBECD181DFD9Ll7PreviewfMf_.swift:25:57: warning: backward matching of the unlabeled trailing closure is deprecated; label the argument with 'onLongPress' to suppress this warning
                        .traeInteractive(type: .button) {
                                                        ^
/Users/ryankanfer/Documents/Developer/HOMEY Clean/HOMEY Clean/Core/Design/TRAEMicroInteractions.swift:469:1: note: in expansion of macro 'Preview' here
#Preview {
^~~~~~~~~~
/Users/ryankanfer/Documents/Developer/HOMEY Clean/HOMEY Clean/Core/Design/TRAEMicroInteractions.swift:469:1: note: in expansion of macro 'Preview' here
#Preview {
^~~~~~~~~~
/Users/ryankanfer/Documents/Developer/HOMEY Clean/HOMEY Clean/Core/Design/TRAEMicroInteractions.swift:440:10: note: 'traeInteractive(type:isEnabled:onTap:onLongPress:)' declared here
    func traeInteractive(
         ^

SwiftCompile normal x86_64 /Users/ryankanfer/Documents/Developer/HOMEY\ Clean/HOMEY\ Clean/Core/Design/TRAEButtonAnimations.swift (in target 'HOMEY Clean' from project 'HOMEY Clean')
    cd /Users/ryankanfer/Documents/Developer/HOMEY\ Clean
    
@__swiftmacro_11HOMEY_Clean0032TRAEMicroInteractionsswift_jIADjfMX468_0_33_101060B78B75725CBDBADBECD181DFD9Ll7PreviewfMf_.swift:25:57: warning: backward matching of the unlabeled trailing closure is deprecated; label the argument with 'onLongPress' to suppress this warning
                        .traeInteractive(type: .button) {
                                                        ^
/Users/ryankanfer/Documents/Developer/HOMEY Clean/HOMEY Clean/Core/Design/TRAEMicroInteractions.swift:469:1: note: in expansion of macro 'Preview' here
#Preview {
^~~~~~~~~~
/Users/ryankanfer/Documents/Developer/HOMEY Clean/HOMEY Clean/Core/Design/TRAEMicroInteractions.swift:469:1: note: in expansion of macro 'Preview' here
#Preview {
^~~~~~~~~~
/Users/ryankanfer/Documents/Developer/HOMEY Clean/HOMEY Clean/Core/Design/TRAEMicroInteractions.swift:440:10: note: 'traeInteractive(type:isEnabled:onTap:onLongPress:)' declared here
    func traeInteractive(
         ^

SwiftCompile normal x86_64 /Users/ryankanfer/Documents/Developer/HOMEY\ Clean/HOMEY\ Clean/Core/Design/TRAECarouselAnimations.swift (in target 'HOMEY Clean' from project 'HOMEY Clean')
    cd /Users/ryankanfer/Documents/Developer/HOMEY\ Clean
    
/Users/ryankanfer/Documents/Developer/HOMEY Clean/HOMEY Clean/Core/Design/TRAECarouselAnimations.swift:77:10: warning: 'onChange(of:perform:)' was deprecated in iOS 17.0: Use `onChange` with a two or zero parameter action closure instead.
        .onChange(of: isFlipped) { flipped in
         ^
/Users/ryankanfer/Documents/Developer/HOMEY Clean/HOMEY Clean/Core/Design/TRAECarouselAnimations.swift:176:25: warning: initialization of immutable value 'offset' was never used; consider replacing with assignment to '_' or removing it
                    let offset = CGFloat(index - currentIndex)
                    ~~~~^~~~~~
                    _
@__swiftmacro_11HOMEY_Clean0032TRAEMicroInteractionsswift_jIADjfMX468_0_33_101060B78B75725CBDBADBECD181DFD9Ll7PreviewfMf_.swift:25:57: warning: backward matching of the unlabeled trailing closure is deprecated; label the argument with 'onLongPress' to suppress this warning
                        .traeInteractive(type: .button) {
                                                        ^
/Users/ryankanfer/Documents/Developer/HOMEY Clean/HOMEY Clean/Core/Design/TRAEMicroInteractions.swift:469:1: note: in expansion of macro 'Preview' here
#Preview {
^~~~~~~~~~
/Users/ryankanfer/Documents/Developer/HOMEY Clean/HOMEY Clean/Core/Design/TRAEMicroInteractions.swift:469:1: note: in expansion of macro 'Preview' here
#Preview {
^~~~~~~~~~
/Users/ryankanfer/Documents/Developer/HOMEY Clean/HOMEY Clean/Core/Design/TRAEMicroInteractions.swift:440:10: note: 'traeInteractive(type:isEnabled:onTap:onLongPress:)' declared here
    func traeInteractive(
         ^

SwiftCompile normal x86_64 /Users/ryankanfer/Documents/Developer/HOMEY\ Clean/HOMEY\ Clean/Core/Design/TRAEDemoView.swift (in target 'HOMEY Clean' from project 'HOMEY Clean')
    cd /Users/ryankanfer/Documents/Developer/HOMEY\ Clean
    
@__swiftmacro_11HOMEY_Clean0032TRAEMicroInteractionsswift_jIADjfMX468_0_33_101060B78B75725CBDBADBECD181DFD9Ll7PreviewfMf_.swift:25:57: warning: backward matching of the unlabeled trailing closure is deprecated; label the argument with 'onLongPress' to suppress this warning
                        .traeInteractive(type: .button) {
                                                        ^
/Users/ryankanfer/Documents/Developer/HOMEY Clean/HOMEY Clean/Core/Design/TRAEMicroInteractions.swift:469:1: note: in expansion of macro 'Preview' here
#Preview {
^~~~~~~~~~
/Users/ryankanfer/Documents/Developer/HOMEY Clean/HOMEY Clean/Core/Design/TRAEMicroInteractions.swift:469:1: note: in expansion of macro 'Preview' here
#Preview {
^~~~~~~~~~
/Users/ryankanfer/Documents/Developer/HOMEY Clean/HOMEY Clean/Core/Design/TRAEMicroInteractions.swift:440:10: note: 'traeInteractive(type:isEnabled:onTap:onLongPress:)' declared here
    func traeInteractive(
         ^

SwiftCompile normal x86_64 /Users/ryankanfer/Documents/Developer/HOMEY\ Clean/HOMEY\ Clean/Core/Design/TRAEDragDrop.swift (in target 'HOMEY Clean' from project 'HOMEY Clean')
    cd /Users/ryankanfer/Documents/Developer/HOMEY\ Clean
    
/Users/ryankanfer/Documents/Developer/HOMEY Clean/HOMEY Clean/Core/Design/TRAEDragDrop.swift:406:13: warning: variable 'dragItems' was never mutated; consider changing to 'let' constant
        var dragItems: [TRAEDragType] = []
        ~~~ ^
        let
@__swiftmacro_11HOMEY_Clean0032TRAEMicroInteractionsswift_jIADjfMX468_0_33_101060B78B75725CBDBADBECD181DFD9Ll7PreviewfMf_.swift:25:57: warning: backward matching of the unlabeled trailing closure is deprecated; label the argument with 'onLongPress' to suppress this warning
                        .traeInteractive(type: .button) {
                                                        ^
/Users/ryankanfer/Documents/Developer/HOMEY Clean/HOMEY Clean/Core/Design/TRAEMicroInteractions.swift:469:1: note: in expansion of macro 'Preview' here
#Preview {
^~~~~~~~~~
/Users/ryankanfer/Documents/Developer/HOMEY Clean/HOMEY Clean/Core/Design/TRAEMicroInteractions.swift:469:1: note: in expansion of macro 'Preview' here
#Preview {
^~~~~~~~~~
/Users/ryankanfer/Documents/Developer/HOMEY Clean/HOMEY Clean/Core/Design/TRAEMicroInteractions.swift:440:10: note: 'traeInteractive(type:isEnabled:onTap:onLongPress:)' declared here
    func traeInteractive(
         ^

SwiftCompile normal x86_64 /Users/ryankanfer/Documents/Developer/HOMEY\ Clean/HOMEY\ Clean/Core/Design/TRAEHapticFeedback.swift (in target 'HOMEY Clean' from project 'HOMEY Clean')
    cd /Users/ryankanfer/Documents/Developer/HOMEY\ Clean
    
@__swiftmacro_11HOMEY_Clean0032TRAEMicroInteractionsswift_jIADjfMX468_0_33_101060B78B75725CBDBADBECD181DFD9Ll7PreviewfMf_.swift:25:57: warning: backward matching of the unlabeled trailing closure is deprecated; label the argument with 'onLongPress' to suppress this warning
                        .traeInteractive(type: .button) {
                                                        ^
/Users/ryankanfer/Documents/Developer/HOMEY Clean/HOMEY Clean/Core/Design/TRAEMicroInteractions.swift:469:1: note: in expansion of macro 'Preview' here
#Preview {
^~~~~~~~~~
/Users/ryankanfer/Documents/Developer/HOMEY Clean/HOMEY Clean/Core/Design/TRAEMicroInteractions.swift:469:1: note: in expansion of macro 'Preview' here
#Preview {
^~~~~~~~~~
/Users/ryankanfer/Documents/Developer/HOMEY Clean/HOMEY Clean/Core/Design/TRAEMicroInteractions.swift:440:10: note: 'traeInteractive(type:isEnabled:onTap:onLongPress:)' declared here
    func traeInteractive(
         ^

SwiftCompile normal x86_64 /Users/ryankanfer/Documents/Developer/HOMEY\ Clean/HOMEY\ Clean/Core/Design/TRAEMicroInteractions.swift (in target 'HOMEY Clean' from project 'HOMEY Clean')
    cd /Users/ryankanfer/Documents/Developer/HOMEY\ Clean
    
/Users/ryankanfer/Documents/Developer/HOMEY Clean/HOMEY Clean/Core/Design/TRAEMicroInteractions.swift:476:45: warning: backward matching of the unlabeled trailing closure is deprecated; label the argument with 'onLongPress' to suppress this warning
            .traeInteractive(type: .button) {
                                          ~ ^
                                          , onLongPress: 
/Users/ryankanfer/Documents/Developer/HOMEY Clean/HOMEY Clean/Core/Design/TRAEMicroInteractions.swift:440:10: note: 'traeInteractive(type:isEnabled:onTap:onLongPress:)' declared here
    func traeInteractive(
         ^
@__swiftmacro_11HOMEY_Clean0032TRAEMicroInteractionsswift_jIADjfMX468_0_33_101060B78B75725CBDBADBECD181DFD9Ll7PreviewfMf_.swift:25:57: warning: backward matching of the unlabeled trailing closure is deprecated; label the argument with 'onLongPress' to suppress this warning
                        .traeInteractive(type: .button) {
                                                        ^
/Users/ryankanfer/Documents/Developer/HOMEY Clean/HOMEY Clean/Core/Design/TRAEMicroInteractions.swift:469:1: note: in expansion of macro 'Preview' here
#Preview {
^~~~~~~~~~
/Users/ryankanfer/Documents/Developer/HOMEY Clean/HOMEY Clean/Core/Design/TRAEMicroInteractions.swift:469:1: note: in expansion of macro 'Preview' here
#Preview {
^~~~~~~~~~
/Users/ryankanfer/Documents/Developer/HOMEY Clean/HOMEY Clean/Core/Design/TRAEMicroInteractions.swift:440:10: note: 'traeInteractive(type:isEnabled:onTap:onLongPress:)' declared here
    func traeInteractive(
         ^

SwiftCompile normal x86_64 /Users/ryankanfer/Documents/Developer/HOMEY\ Clean/HOMEY\ Clean/Core/Design/TRAEMotionSystem.swift (in target 'HOMEY Clean' from project 'HOMEY Clean')
    cd /Users/ryankanfer/Documents/Developer/HOMEY\ Clean
    
@__swiftmacro_11HOMEY_Clean0032TRAEMicroInteractionsswift_jIADjfMX468_0_33_101060B78B75725CBDBADBECD181DFD9Ll7PreviewfMf_.swift:25:57: warning: backward matching of the unlabeled trailing closure is deprecated; label the argument with 'onLongPress' to suppress this warning
                        .traeInteractive(type: .button) {
                                                        ^
/Users/ryankanfer/Documents/Developer/HOMEY Clean/HOMEY Clean/Core/Design/TRAEMicroInteractions.swift:469:1: note: in expansion of macro 'Preview' here
#Preview {
^~~~~~~~~~
/Users/ryankanfer/Documents/Developer/HOMEY Clean/HOMEY Clean/Core/Design/TRAEMicroInteractions.swift:469:1: note: in expansion of macro 'Preview' here
#Preview {
^~~~~~~~~~
/Users/ryankanfer/Documents/Developer/HOMEY Clean/HOMEY Clean/Core/Design/TRAEMicroInteractions.swift:440:10: note: 'traeInteractive(type:isEnabled:onTap:onLongPress:)' declared here
    func traeInteractive(
         ^
/Users/ryankanfer/Documents/Developer/HOMEY Clean/HOMEY Clean/Core/Design/TRAEMotionSystem.swift:128:30: warning: immutable value 'intensity' was never used; consider replacing with '_' or removing it
            case .custom(let intensity, let sharpness):
                         ~~~~^~~~~~~~~
                         _
/Users/ryankanfer/Documents/Developer/HOMEY Clean/HOMEY Clean/Core/Design/TRAEMotionSystem.swift:128:45: warning: immutable value 'sharpness' was never used; consider replacing with '_' or removing it
            case .custom(let intensity, let sharpness):
                                        ~~~~^~~~~~~~~
                                        _

SwiftCompile normal x86_64 /Users/ryankanfer/Documents/Developer/HOMEY\ Clean/HOMEY\ Clean/Core/Design/TRAEPageTransitions.swift (in target 'HOMEY Clean' from project 'HOMEY Clean')
    cd /Users/ryankanfer/Documents/Developer/HOMEY\ Clean
    
@__swiftmacro_11HOMEY_Clean0032TRAEMicroInteractionsswift_jIADjfMX468_0_33_101060B78B75725CBDBADBECD181DFD9Ll7PreviewfMf_.swift:25:57: warning: backward matching of the unlabeled trailing closure is deprecated; label the argument with 'onLongPress' to suppress this warning
                        .traeInteractive(type: .button) {
                                                        ^
/Users/ryankanfer/Documents/Developer/HOMEY Clean/HOMEY Clean/Core/Design/TRAEMicroInteractions.swift:469:1: note: in expansion of macro 'Preview' here
#Preview {
^~~~~~~~~~
/Users/ryankanfer/Documents/Developer/HOMEY Clean/HOMEY Clean/Core/Design/TRAEMicroInteractions.swift:469:1: note: in expansion of macro 'Preview' here
#Preview {
^~~~~~~~~~
/Users/ryankanfer/Documents/Developer/HOMEY Clean/HOMEY Clean/Core/Design/TRAEMicroInteractions.swift:440:10: note: 'traeInteractive(type:isEnabled:onTap:onLongPress:)' declared here
    func traeInteractive(
         ^
/Users/ryankanfer/Documents/Developer/HOMEY Clean/HOMEY Clean/Core/Design/TRAEPageTransitions.swift:143:14: warning: 'onChange(of:perform:)' was deprecated in iOS 17.0: Use `onChange` with a two or zero parameter action closure instead.
            .onChange(of: isPresented) { presented in
             ^
/Users/ryankanfer/Documents/Developer/HOMEY Clean/HOMEY Clean/Core/Design/TRAEPageTransitions.swift:224:25: warning: immutable value 'direction' was never used; consider replacing with '_' or removing it
        case .slide(let direction):
                    ~~~~^~~~~~~~~
                    _
/Users/ryankanfer/Documents/Developer/HOMEY Clean/HOMEY Clean/Core/Design/TRAEPageTransitions.swift:228:24: warning: immutable value 'direction' was never used; consider replacing with '_' or removing it
        case .push(let direction):
                   ~~~~^~~~~~~~~
                   _

SwiftCompile normal x86_64 /Users/ryankanfer/Documents/Developer/HOMEY\ Clean/HOMEY\ Clean/Core/Design/TRAEProgressAnimations.swift (in target 'HOMEY Clean' from project 'HOMEY Clean')
    cd /Users/ryankanfer/Documents/Developer/HOMEY\ Clean
    
@__swiftmacro_11HOMEY_Clean0032TRAEMicroInteractionsswift_jIADjfMX468_0_33_101060B78B75725CBDBADBECD181DFD9Ll7PreviewfMf_.swift:25:57: warning: backward matching of the unlabeled trailing closure is deprecated; label the argument with 'onLongPress' to suppress this warning
                        .traeInteractive(type: .button) {
                                                        ^
/Users/ryankanfer/Documents/Developer/HOMEY Clean/HOMEY Clean/Core/Design/TRAEMicroInteractions.swift:469:1: note: in expansion of macro 'Preview' here
#Preview {
^~~~~~~~~~
/Users/ryankanfer/Documents/Developer/HOMEY Clean/HOMEY Clean/Core/Design/TRAEMicroInteractions.swift:469:1: note: in expansion of macro 'Preview' here
#Preview {
^~~~~~~~~~
/Users/ryankanfer/Documents/Developer/HOMEY Clean/HOMEY Clean/Core/Design/TRAEMicroInteractions.swift:440:10: note: 'traeInteractive(type:isEnabled:onTap:onLongPress:)' declared here
    func traeInteractive(
         ^

SwiftCompile normal x86_64 /Users/ryankanfer/Documents/Developer/HOMEY\ Clean/HOMEY\ Clean/Core/Design/TRAEProgressiveDisclosure.swift (in target 'HOMEY Clean' from project 'HOMEY Clean')
    cd /Users/ryankanfer/Documents/Developer/HOMEY\ Clean
    
@__swiftmacro_11HOMEY_Clean0032TRAEMicroInteractionsswift_jIADjfMX468_0_33_101060B78B75725CBDBADBECD181DFD9Ll7PreviewfMf_.swift:25:57: warning: backward matching of the unlabeled trailing closure is deprecated; label the argument with 'onLongPress' to suppress this warning
                        .traeInteractive(type: .button) {
                                                        ^
/Users/ryankanfer/Documents/Developer/HOMEY Clean/HOMEY Clean/Core/Design/TRAEMicroInteractions.swift:469:1: note: in expansion of macro 'Preview' here
#Preview {
^~~~~~~~~~
/Users/ryankanfer/Documents/Developer/HOMEY Clean/HOMEY Clean/Core/Design/TRAEMicroInteractions.swift:469:1: note: in expansion of macro 'Preview' here
#Preview {
^~~~~~~~~~
/Users/ryankanfer/Documents/Developer/HOMEY Clean/HOMEY Clean/Core/Design/TRAEMicroInteractions.swift:440:10: note: 'traeInteractive(type:isEnabled:onTap:onLongPress:)' declared here
    func traeInteractive(
         ^
/Users/ryankanfer/Documents/Developer/HOMEY Clean/HOMEY Clean/Core/Design/TRAEProgressiveDisclosure.swift:376:14: warning: 'onChange(of:perform:)' was deprecated in iOS 17.0: Use `onChange` with a two or zero parameter action closure instead.
            .onChange(of: isRevealed) { revealed in
             ^

SwiftCompile normal x86_64 /Users/ryankanfer/Documents/Developer/HOMEY\ Clean/HOMEY\ Clean/Core/Design/TRAESearchAnimations.swift (in target 'HOMEY Clean' from project 'HOMEY Clean')
    cd /Users/ryankanfer/Documents/Developer/HOMEY\ Clean
    
@__swiftmacro_11HOMEY_Clean0032TRAEMicroInteractionsswift_jIADjfMX468_0_33_101060B78B75725CBDBADBECD181DFD9Ll7PreviewfMf_.swift:25:57: warning: backward matching of the unlabeled trailing closure is deprecated; label the argument with 'onLongPress' to suppress this warning
                        .traeInteractive(type: .button) {
                                                        ^
/Users/ryankanfer/Documents/Developer/HOMEY Clean/HOMEY Clean/Core/Design/TRAEMicroInteractions.swift:469:1: note: in expansion of macro 'Preview' here
#Preview {
^~~~~~~~~~
/Users/ryankanfer/Documents/Developer/HOMEY Clean/HOMEY Clean/Core/Design/TRAEMicroInteractions.swift:469:1: note: in expansion of macro 'Preview' here
#Preview {
^~~~~~~~~~
/Users/ryankanfer/Documents/Developer/HOMEY Clean/HOMEY Clean/Core/Design/TRAEMicroInteractions.swift:440:10: note: 'traeInteractive(type:isEnabled:onTap:onLongPress:)' declared here
    func traeInteractive(
         ^

SwiftCompile normal x86_64 /Users/ryankanfer/Documents/Developer/HOMEY\ Clean/HOMEY\ Clean/Core/Design/TRAESwipeGestures.swift (in target 'HOMEY Clean' from project 'HOMEY Clean')
    cd /Users/ryankanfer/Documents/Developer/HOMEY\ Clean
    
@__swiftmacro_11HOMEY_Clean0032TRAEMicroInteractionsswift_jIADjfMX468_0_33_101060B78B75725CBDBADBECD181DFD9Ll7PreviewfMf_.swift:25:57: warning: backward matching of the unlabeled trailing closure is deprecated; label the argument with 'onLongPress' to suppress this warning
                        .traeInteractive(type: .button) {
                                                        ^
/Users/ryankanfer/Documents/Developer/HOMEY Clean/HOMEY Clean/Core/Design/TRAEMicroInteractions.swift:469:1: note: in expansion of macro 'Preview' here
#Preview {
^~~~~~~~~~
/Users/ryankanfer/Documents/Developer/HOMEY Clean/HOMEY Clean/Core/Design/TRAEMicroInteractions.swift:469:1: note: in expansion of macro 'Preview' here
#Preview {
^~~~~~~~~~
/Users/ryankanfer/Documents/Developer/HOMEY Clean/HOMEY Clean/Core/Design/TRAEMicroInteractions.swift:440:10: note: 'traeInteractive(type:isEnabled:onTap:onLongPress:)' declared here
    func traeInteractive(
         ^

SwiftCompile normal x86_64 /Users/ryankanfer/Documents/Developer/HOMEY\ Clean/HOMEY\ Clean/Core/Design/TRAEUploadAnimations.swift (in target 'HOMEY Clean' from project 'HOMEY Clean')
    cd /Users/ryankanfer/Documents/Developer/HOMEY\ Clean
    
@__swiftmacro_11HOMEY_Clean0032TRAEMicroInteractionsswift_jIADjfMX468_0_33_101060B78B75725CBDBADBECD181DFD9Ll7PreviewfMf_.swift:25:57: warning: backward matching of the unlabeled trailing closure is deprecated; label the argument with 'onLongPress' to suppress this warning
                        .traeInteractive(type: .button) {
                                                        ^
/Users/ryankanfer/Documents/Developer/HOMEY Clean/HOMEY Clean/Core/Design/TRAEMicroInteractions.swift:469:1: note: in expansion of macro 'Preview' here
#Preview {
^~~~~~~~~~
/Users/ryankanfer/Documents/Developer/HOMEY Clean/HOMEY Clean/Core/Design/TRAEMicroInteractions.swift:469:1: note: in expansion of macro 'Preview' here
#Preview {
^~~~~~~~~~
/Users/ryankanfer/Documents/Developer/HOMEY Clean/HOMEY Clean/Core/Design/TRAEMicroInteractions.swift:440:10: note: 'traeInteractive(type:isEnabled:onTap:onLongPress:)' declared here
    func traeInteractive(
         ^
/Users/ryankanfer/Documents/Developer/HOMEY Clean/HOMEY Clean/Core/Design/TRAEUploadAnimations.swift:76:10: warning: 'onChange(of:perform:)' was deprecated in iOS 17.0: Use `onChange` with a two or zero parameter action closure instead.
        .onChange(of: isAnimating) { animating in
         ^
/Users/ryankanfer/Documents/Developer/HOMEY Clean/HOMEY Clean/Core/Design/TRAEUploadAnimations.swift:233:10: warning: 'onChange(of:perform:)' was deprecated in iOS 17.0: Use `onChange` with a two or zero parameter action closure instead.
        .onChange(of: progress) { newProgress in
         ^
/Users/ryankanfer/Documents/Developer/HOMEY Clean/HOMEY Clean/Core/Design/TRAEUploadAnimations.swift:415:10: warning: 'onChange(of:perform:)' was deprecated in iOS 17.0: Use `onChange` with a two or zero parameter action closure instead.
        .onChange(of: isReceiving) { receiving in
         ^

SwiftEmitModule normal arm64 Emitting\ module\ for\ HOMEY_Clean (in target 'HOMEY Clean' from project 'HOMEY Clean')

EmitSwiftModule normal arm64 (in target 'HOMEY Clean' from project 'HOMEY Clean')
    cd /Users/ryankanfer/Documents/Developer/HOMEY\ Clean
    
/Users/ryankanfer/Library/Developer/Xcode/DerivedData/HOMEY_Clean-gafualdnzupkfseuistvwtqbnpqd/Build/Intermediates.noindex/HOMEY Clean.build/Debug-iphonesimulator/HOMEY Clean.build/DerivedSources/GeneratedAssetSymbols.swift:663:14: warning: The "Primary" color asset name resolves to a conflicting Color symbol "primary". Try renaming the asset.
    #warning("The \"Primary\" color asset name resolves to a conflicting Color symbol \"primary\". Try renaming the asset.")
             ^~~~~~~~~~~~~~~~~~~~~~~~~~~~~~~~~~~~~~~~~~~~~~~~~~~~~~~~~~~~~~~~~~~~~~~~~~~~~~~~~~~~~~~~~~~~~~~~~~~~~~~~~~~~~~
/Users/ryankanfer/Documents/Developer/HOMEY Clean/HOMEY Clean/Core/Design/TRAEMicroInteractions.swift:476:45: warning: backward matching of the unlabeled trailing closure is deprecated; label the argument with 'onLongPress' to suppress this warning
            .traeInteractive(type: .button) {
                                          ~ ^
                                          , onLongPress: 
/Users/ryankanfer/Documents/Developer/HOMEY Clean/HOMEY Clean/Core/Design/TRAEMicroInteractions.swift:440:10: note: 'traeInteractive(type:isEnabled:onTap:onLongPress:)' declared here
    func traeInteractive(
         ^
/Users/ryankanfer/Library/Developer/Xcode/DerivedData/HOMEY_Clean-gafualdnzupkfseuistvwtqbnpqd/Build/Intermediates.noindex/HOMEY Clean.build/Debug-iphonesimulator/HOMEY Clean.build/DerivedSources/GeneratedAssetSymbols.swift:30:14: warning: The "AccentColor" color asset name resolves to the symbol "accent" which already exists. Try renaming the asset.
    #warning("The \"AccentColor\" color asset name resolves to the symbol \"accent\" which already exists. Try renaming the asset.")
             ^~~~~~~~~~~~~~~~~~~~~~~~~~~~~~~~~~~~~~~~~~~~~~~~~~~~~~~~~~~~~~~~~~~~~~~~~~~~~~~~~~~~~~~~~~~~~~~~~~~~~~~~~~~~~~~~~~~~~~
/Users/ryankanfer/Documents/Developer/HOMEY Clean/HOMEY Clean/Data/Repositories/DocumentsRepository.swift:101:30: warning: 'database' is deprecated: Direct access to database is deprecated, please use one of the available methods such as, SupabaseClient.from(_:), SupabaseClient.rpc(_:params:), or SupabaseClient.schema(_:).
        _ = try await client.database.from("documents").insert(
                             ^
/Users/ryankanfer/Documents/Developer/HOMEY Clean/HOMEY Clean/Data/Repositories/DocumentsRepository.swift:133:78: warning: 'database' is deprecated: Direct access to database is deprecated, please use one of the available methods such as, SupabaseClient.from(_:), SupabaseClient.rpc(_:params:), or SupabaseClient.schema(_:).
        let response: PostgrestResponse<[DocumentRecord]> = try await client.database.from("documents").insert(
                                                                             ^
/Users/ryankanfer/Documents/Developer/HOMEY Clean/HOMEY Clean/Data/Repositories/DocumentsRepository.swift:165:30: warning: 'database' is deprecated: Direct access to database is deprecated, please use one of the available methods such as, SupabaseClient.from(_:), SupabaseClient.rpc(_:params:), or SupabaseClient.schema(_:).
        _ = try await client.database.from("documents")
                             ^
/Users/ryankanfer/Documents/Developer/HOMEY Clean/HOMEY Clean/Data/Repositories/DocumentsRepository.swift:180:30: warning: 'database' is deprecated: Direct access to database is deprecated, please use one of the available methods such as, SupabaseClient.from(_:), SupabaseClient.rpc(_:params:), or SupabaseClient.schema(_:).
        _ = try await client.database.from("documents")
                             ^
/Users/ryankanfer/Documents/Developer/HOMEY Clean/HOMEY Clean/Features/Documents/DocumentsView.swift:93:1: warning: extension declares a conformance of imported type 'String' to imported protocol 'Identifiable'; this will not behave correctly if the owners of 'Swift' introduce this conformance in the future
extension String: Identifiable {
^
/Users/ryankanfer/Documents/Developer/HOMEY Clean/HOMEY Clean/Features/Documents/DocumentsView.swift:93:1: note: add '@retroactive' to silence this warning
extension String: Identifiable {
^                 ~~~~~~~~~~~~
                  @retroactive Identifiable

SwiftDriverJobDiscovery normal x86_64 Compiling RootView.swift, SessionManager+Role.swift, SupabaseAuthManager.swift, SupabaseFunctionsService.swift, UserProfileManager.swift, ViewportMargins.swift, AdminDashboardView.swift, BuildBadge.swift, DangerZone.swift, FlagsPanel.swift, ImpersonateBar.swift, LogTailView.swift, AgentDashboardView.swift, AgentEventsView.swift, AgentInviteButton.swift, NudgeService.swift, ClientHomeView.swift, ClientLiveContent.swift, CharlieDashboardView.swift, CharlieOnboardingView.swift, EducationCenterSection.swift, EducationCenterSectionView.swift, SubwayProgressView.swift, DrewDashboardView.swift (in target 'HOMEY Clean' from project 'HOMEY Clean')

SwiftCompile normal x86_64 Compiling\ VendorsView.swift,\ IslaDashboardView.swift,\ CategoryCard.swift,\ CategoryDetailModal.swift,\ PaigeDashboardView.swift,\ PaigeDocumentVault.swift,\ PaigeMicroInteractions.swift,\ QuickActionsRow.swift,\ UploadDocumentFlow.swift /Users/ryankanfer/Documents/Developer/HOMEY\ Clean/HOMEY\ Clean/Dashboards/Clients/Pages/Drew/VendorsView.swift /Users/ryankanfer/Documents/Developer/HOMEY\ Clean/HOMEY\ Clean/Dashboards/Clients/Pages/Isla/IslaDashboardView.swift /Users/ryankanfer/Documents/Developer/HOMEY\ Clean/HOMEY\ Clean/Dashboards/Clients/Pages/Paige/CategoryCard.swift /Users/ryankanfer/Documents/Developer/HOMEY\ Clean/HOMEY\ Clean/Dashboards/Clients/Pages/Paige/CategoryDetailModal.swift /Users/ryankanfer/Documents/Developer/HOMEY\ Clean/HOMEY\ Clean/Dashboards/Clients/Pages/Paige/PaigeDashboardView.swift /Users/ryankanfer/Documents/Developer/HOMEY\ Clean/HOMEY\ Clean/Dashboards/Clients/Pages/Paige/PaigeDocumentVault.swift /Users/ryankanfer/Documents/Developer/HOMEY\ Clean/HOMEY\ Clean/Dashboards/Clients/Pages/Paige/PaigeMicroInteractions.swift /Users/ryankanfer/Documents/Developer/HOMEY\ Clean/HOMEY\ Clean/Dashboards/Clients/Pages/Paige/QuickActionsRow.swift /Users/ryankanfer/Documents/Developer/HOMEY\ Clean/HOMEY\ Clean/Dashboards/Clients/Pages/Paige/UploadDocumentFlow.swift (in target 'HOMEY Clean' from project 'HOMEY Clean')

SwiftCompile normal x86_64 /Users/ryankanfer/Documents/Developer/HOMEY\ Clean/HOMEY\ Clean/Dashboards/Clients/Pages/Drew/VendorsView.swift (in target 'HOMEY Clean' from project 'HOMEY Clean')
    cd /Users/ryankanfer/Documents/Developer/HOMEY\ Clean
    
/Users/ryankanfer/Documents/Developer/HOMEY Clean/HOMEY Clean/Dashboards/Clients/Pages/Drew/VendorsView.swift:12:9: warning: immutable property will not be decoded because it is declared with an initial value which cannot be overwritten
    let id = UUID()
        ^
/Users/ryankanfer/Documents/Developer/HOMEY Clean/HOMEY Clean/Dashboards/Clients/Pages/Drew/VendorsView.swift:12:9: note: set the initial value via the initializer or explicitly define a CodingKeys enum without a 'id' case to silence this warning
    let id = UUID()
        ^
/Users/ryankanfer/Documents/Developer/HOMEY Clean/HOMEY Clean/Dashboards/Clients/Pages/Drew/VendorsView.swift:12:9: note: make the property mutable instead
    let id = UUID()
    ~~~ ^
    var

SwiftCompile normal x86_64 /Users/ryankanfer/Documents/Developer/HOMEY\ Clean/HOMEY\ Clean/Dashboards/Clients/Pages/Isla/IslaDashboardView.swift (in target 'HOMEY Clean' from project 'HOMEY Clean')
    cd /Users/ryankanfer/Documents/Developer/HOMEY\ Clean
    

SwiftCompile normal x86_64 /Users/ryankanfer/Documents/Developer/HOMEY\ Clean/HOMEY\ Clean/Dashboards/Clients/Pages/Paige/CategoryCard.swift (in target 'HOMEY Clean' from project 'HOMEY Clean')
    cd /Users/ryankanfer/Documents/Developer/HOMEY\ Clean
    
/Users/ryankanfer/Library/Developer/Xcode/DerivedData/HOMEY_Clean-gafualdnzupkfseuistvwtqbnpqd/Build/Intermediates.noindex/HOMEY Clean.build/Debug-iphonesimulator/HOMEY Clean.build/DerivedSources/GeneratedAssetSymbols.swift:663:14: warning: The "Primary" color asset name resolves to a conflicting Color symbol "primary". Try renaming the asset.
    #warning("The \"Primary\" color asset name resolves to a conflicting Color symbol \"primary\". Try renaming the asset.")
             ^~~~~~~~~~~~~~~~~~~~~~~~~~~~~~~~~~~~~~~~~~~~~~~~~~~~~~~~~~~~~~~~~~~~~~~~~~~~~~~~~~~~~~~~~~~~~~~~~~~~~~~~~~~~~~

SwiftCompile normal x86_64 /Users/ryankanfer/Documents/Developer/HOMEY\ Clean/HOMEY\ Clean/Dashboards/Clients/Pages/Paige/CategoryDetailModal.swift (in target 'HOMEY Clean' from project 'HOMEY Clean')
    cd /Users/ryankanfer/Documents/Developer/HOMEY\ Clean
    

SwiftCompile normal x86_64 /Users/ryankanfer/Documents/Developer/HOMEY\ Clean/HOMEY\ Clean/Dashboards/Clients/Pages/Paige/PaigeDashboardView.swift (in target 'HOMEY Clean' from project 'HOMEY Clean')
    cd /Users/ryankanfer/Documents/Developer/HOMEY\ Clean
    

SwiftCompile normal x86_64 /Users/ryankanfer/Documents/Developer/HOMEY\ Clean/HOMEY\ Clean/Dashboards/Clients/Pages/Paige/PaigeDocumentVault.swift (in target 'HOMEY Clean' from project 'HOMEY Clean')
    cd /Users/ryankanfer/Documents/Developer/HOMEY\ Clean
    

SwiftCompile normal x86_64 /Users/ryankanfer/Documents/Developer/HOMEY\ Clean/HOMEY\ Clean/Dashboards/Clients/Pages/Paige/PaigeMicroInteractions.swift (in target 'HOMEY Clean' from project 'HOMEY Clean')
    cd /Users/ryankanfer/Documents/Developer/HOMEY\ Clean
    
/Users/ryankanfer/Documents/Developer/HOMEY Clean/HOMEY Clean/Dashboards/Clients/Pages/Paige/PaigeMicroInteractions.swift:165:10: warning: 'onChange(of:perform:)' was deprecated in iOS 17.0: Use `onChange` with a two or zero parameter action closure instead.
        .onChange(of: isActive) { active in
         ^
/Users/ryankanfer/Documents/Developer/HOMEY Clean/HOMEY Clean/Dashboards/Clients/Pages/Paige/PaigeMicroInteractions.swift:277:10: warning: 'onChange(of:perform:)' was deprecated in iOS 17.0: Use `onChange` with a two or zero parameter action closure instead.
        .onChange(of: isActive) { active in
         ^
/Users/ryankanfer/Documents/Developer/HOMEY Clean/HOMEY Clean/Dashboards/Clients/Pages/Paige/PaigeMicroInteractions.swift:367:10: warning: 'onChange(of:perform:)' was deprecated in iOS 17.0: Use `onChange` with a two or zero parameter action closure instead.
        .onChange(of: isActive) { active in
         ^
/Users/ryankanfer/Documents/Developer/HOMEY Clean/HOMEY Clean/Dashboards/Clients/Pages/Paige/PaigeMicroInteractions.swift:454:10: warning: 'onChange(of:perform:)' was deprecated in iOS 17.0: Use `onChange` with a two or zero parameter action closure instead.
        .onChange(of: isActive) { active in
         ^
/Users/ryankanfer/Documents/Developer/HOMEY Clean/HOMEY Clean/Dashboards/Clients/Pages/Paige/PaigeMicroInteractions.swift:538:10: warning: 'onChange(of:perform:)' was deprecated in iOS 17.0: Use `onChange` with a two or zero parameter action closure instead.
        .onChange(of: isActive) { active in
         ^
/Users/ryankanfer/Documents/Developer/HOMEY Clean/HOMEY Clean/Dashboards/Clients/Pages/Paige/PaigeMicroInteractions.swift:603:14: warning: 'onChange(of:perform:)' was deprecated in iOS 17.0: Use `onChange` with a two or zero parameter action closure instead.
            .onChange(of: isActive) { active in
             ^
/Users/ryankanfer/Documents/Developer/HOMEY Clean/HOMEY Clean/Dashboards/Clients/Pages/Paige/PaigeMicroInteractions.swift:720:10: warning: 'onChange(of:perform:)' was deprecated in iOS 17.0: Use `onChange` with a two or zero parameter action closure instead.
        .onChange(of: isActive) { active in
         ^

SwiftCompile normal x86_64 /Users/ryankanfer/Documents/Developer/HOMEY\ Clean/HOMEY\ Clean/Dashboards/Clients/Pages/Paige/QuickActionsRow.swift (in target 'HOMEY Clean' from project 'HOMEY Clean')
    cd /Users/ryankanfer/Documents/Developer/HOMEY\ Clean
    
/Users/ryankanfer/Documents/Developer/HOMEY Clean/HOMEY Clean/Core/Design/TRAEMicroInteractions.swift:476:45: warning: backward matching of the unlabeled trailing closure is deprecated; label the argument with 'onLongPress' to suppress this warning
            .traeInteractive(type: .button) {
                                          ~ ^
                                          , onLongPress: 
/Users/ryankanfer/Documents/Developer/HOMEY Clean/HOMEY Clean/Core/Design/TRAEMicroInteractions.swift:440:10: note: 'traeInteractive(type:isEnabled:onTap:onLongPress:)' declared here
    func traeInteractive(
         ^
/Users/ryankanfer/Library/Developer/Xcode/DerivedData/HOMEY_Clean-gafualdnzupkfseuistvwtqbnpqd/Build/Intermediates.noindex/HOMEY Clean.build/Debug-iphonesimulator/HOMEY Clean.build/DerivedSources/GeneratedAssetSymbols.swift:30:14: warning: The "AccentColor" color asset name resolves to the symbol "accent" which already exists. Try renaming the asset.
    #warning("The \"AccentColor\" color asset name resolves to the symbol \"accent\" which already exists. Try renaming the asset.")
             ^~~~~~~~~~~~~~~~~~~~~~~~~~~~~~~~~~~~~~~~~~~~~~~~~~~~~~~~~~~~~~~~~~~~~~~~~~~~~~~~~~~~~~~~~~~~~~~~~~~~~~~~~~~~~~~~~~~~~~

SwiftCompile normal x86_64 /Users/ryankanfer/Documents/Developer/HOMEY\ Clean/HOMEY\ Clean/Dashboards/Clients/Pages/Paige/UploadDocumentFlow.swift (in target 'HOMEY Clean' from project 'HOMEY Clean')
    cd /Users/ryankanfer/Documents/Developer/HOMEY\ Clean
    

SwiftDriverJobDiscovery normal x86_64 Emitting module for HOMEY_Clean (in target 'HOMEY Clean' from project 'HOMEY Clean')

SwiftDriver\ Compilation\ Requirements HOMEY\ Clean normal x86_64 com.apple.xcode.tools.swift.compiler (in target 'HOMEY Clean' from project 'HOMEY Clean')
    cd /Users/ryankanfer/Documents/Developer/HOMEY\ Clean
    builtin-Swift-Compilation-Requirements -- /Applications/Xcode.app/Contents/Developer/Toolchains/XcodeDefault.xctoolchain/usr/bin/swiftc -module-name HOMEY_Clean -Onone -enforce-exclusivity\=checked @/Users/ryankanfer/Library/Developer/Xcode/DerivedData/HOMEY_Clean-gafualdnzupkfseuistvwtqbnpqd/Build/Intermediates.noindex/HOMEY\ Clean.build/Debug-iphonesimulator/HOMEY\ Clean.build/Objects-normal/x86_64/HOMEY\ Clean.SwiftFileList -DDEBUG -enable-bare-slash-regex -enable-experimental-feature DebugDescriptionMacro -sdk /Applications/Xcode.app/Contents/Developer/Platforms/iPhoneSimulator.platform/Developer/SDKs/iPhoneSimulator26.0.sdk -target x86_64-apple-ios18.5-simulator -g -module-cache-path /Users/ryankanfer/Library/Developer/Xcode/DerivedData/ModuleCache.noindex -Xfrontend -serialize-debugging-options -profile-coverage-mapping -profile-generate -enable-testing -index-store-path /Users/ryankanfer/Library/Developer/Xcode/DerivedData/HOMEY_Clean-gafualdnzupkfseuistvwtqbnpqd/Index.noindex/DataStore -Xcc -D_LIBCPP_HARDENING_MODE\=_LIBCPP_HARDENING_MODE_DEBUG -swift-version 5 -I /Users/ryankanfer/Library/Developer/Xcode/DerivedData/HOMEY_Clean-gafualdnzupkfseuistvwtqbnpqd/Build/Products/Debug-iphonesimulator -F /Users/ryankanfer/Library/Developer/Xcode/DerivedData/HOMEY_Clean-gafualdnzupkfseuistvwtqbnpqd/Build/Products/Debug-iphonesimulator/PackageFrameworks -F /Users/ryankanfer/Library/Developer/Xcode/DerivedData/HOMEY_Clean-gafualdnzupkfseuistvwtqbnpqd/Build/Products/Debug-iphonesimulator/PackageFrameworks -F /Users/ryankanfer/Library/Developer/Xcode/DerivedData/HOMEY_Clean-gafualdnzupkfseuistvwtqbnpqd/Build/Products/Debug-iphonesimulator/PackageFrameworks -F /Users/ryankanfer/Library/Developer/Xcode/DerivedData/HOMEY_Clean-gafualdnzupkfseuistvwtqbnpqd/Build/Products/Debug-iphonesimulator/PackageFrameworks -F /Users/ryankanfer/Library/Developer/Xcode/DerivedData/HOMEY_Clean-gafualdnzupkfseuistvwtqbnpqd/Build/Products/Debug-iphonesimulator/PackageFrameworks -F /Users/ryankanfer/Library/Developer/Xcode/DerivedData/HOMEY_Clean-gafualdnzupkfseuistvwtqbnpqd/Build/Products/Debug-iphonesimulator/PackageFrameworks -F /Users/ryankanfer/Library/Developer/Xcode/DerivedData/HOMEY_Clean-gafualdnzupkfseuistvwtqbnpqd/Build/Products/Debug-iphonesimulator/PackageFrameworks -F /Users/ryankanfer/Library/Developer/Xcode/DerivedData/HOMEY_Clean-gafualdnzupkfseuistvwtqbnpqd/Build/Products/Debug-iphonesimulator/PackageFrameworks -F /Users/ryankanfer/Library/Developer/Xcode/DerivedData/HOMEY_Clean-gafualdnzupkfseuistvwtqbnpqd/Build/Products/Debug-iphonesimulator/PackageFrameworks -F /Users/ryankanfer/Library/Developer/Xcode/DerivedData/HOMEY_Clean-gafualdnzupkfseuistvwtqbnpqd/Build/Products/Debug-iphonesimulator/PackageFrameworks -F /Users/ryankanfer/Library/Developer/Xcode/DerivedData/HOMEY_Clean-gafualdnzupkfseuistvwtqbnpqd/Build/Products/Debug-iphonesimulator/PackageFrameworks -F /Users/ryankanfer/Library/Developer/Xcode/DerivedData/HOMEY_Clean-gafualdnzupkfseuistvwtqbnpqd/Build/Products/Debug-iphonesimulator/PackageFrameworks -F /Users/ryankanfer/Library/Developer/Xcode/DerivedData/HOMEY_Clean-gafualdnzupkfseuistvwtqbnpqd/Build/Products/Debug-iphonesimulator/PackageFrameworks -F /Users/ryankanfer/Library/Developer/Xcode/DerivedData/HOMEY_Clean-gafualdnzupkfseuistvwtqbnpqd/Build/Products/Debug-iphonesimulator/PackageFrameworks -F /Users/ryankanfer/Library/Developer/Xcode/DerivedData/HOMEY_Clean-gafualdnzupkfseuistvwtqbnpqd/Build/Products/Debug-iphonesimulator -emit-localized-strings -emit-localized-strings-path /Users/ryankanfer/Library/Developer/Xcode/DerivedData/HOMEY_Clean-gafualdnzupkfseuistvwtqbnpqd/Build/Intermediates.noindex/HOMEY\ Clean.build/Debug-iphonesimulator/HOMEY\ Clean.build/Objects-normal/x86_64 -c -j8 -enable-batch-mode -incremental -Xcc -ivfsstatcache -Xcc /Users/ryankanfer/Library/Developer/Xcode/DerivedData/SDKStatCaches.noindex/iphonesimulator26.0-23A339-26257891a6c027eb51374368541b8346.sdkstatcache -output-file-map /Users/ryankanfer/Library/Developer/Xcode/DerivedData/HOMEY_Clean-gafualdnzupkfseuistvwtqbnpqd/Build/Intermediates.noindex/HOMEY\ Clean.build/Debug-iphonesimulator/HOMEY\ Clean.build/Objects-normal/x86_64/HOMEY\ Clean-OutputFileMap.json -use-frontend-parseable-output -save-temps -no-color-diagnostics -explicit-module-build -module-cache-path /Users/ryankanfer/Library/Developer/Xcode/DerivedData/HOMEY_Clean-gafualdnzupkfseuistvwtqbnpqd/Build/Intermediates.noindex/SwiftExplicitPrecompiledModules -clang-scanner-module-cache-path /Users/ryankanfer/Library/Developer/Xcode/DerivedData/ModuleCache.noindex -sdk-module-cache-path /Users/ryankanfer/Library/Developer/Xcode/DerivedData/ModuleCache.noindex -serialize-diagnostics -emit-dependencies -emit-module -emit-module-path /Users/ryankanfer/Library/Developer/Xcode/DerivedData/HOMEY_Clean-gafualdnzupkfseuistvwtqbnpqd/Build/Intermediates.noindex/HOMEY\ Clean.build/Debug-iphonesimulator/HOMEY\ Clean.build/Objects-normal/x86_64/HOMEY_Clean.swiftmodule -validate-clang-modules-once -clang-build-session-file /Users/ryankanfer/Library/Developer/Xcode/DerivedData/ModuleCache.noindex/Session.modulevalidation -Xcc -I/Users/ryankanfer/Library/Developer/Xcode/DerivedData/HOMEY_Clean-gafualdnzupkfseuistvwtqbnpqd/Build/Intermediates.noindex/HOMEY\ Clean.build/Debug-iphonesimulator/HOMEY\ Clean.build/swift-overrides.hmap -emit-const-values -Xfrontend -const-gather-protocols-file -Xfrontend /Users/ryankanfer/Library/Developer/Xcode/DerivedData/HOMEY_Clean-gafualdnzupkfseuistvwtqbnpqd/Build/Intermediates.noindex/HOMEY\ Clean.build/Debug-iphonesimulator/HOMEY\ Clean.build/Objects-normal/x86_64/HOMEY\ Clean_const_extract_protocols.json -Xcc -iquote -Xcc /Users/ryankanfer/Library/Developer/Xcode/DerivedData/HOMEY_Clean-gafualdnzupkfseuistvwtqbnpqd/Build/Intermediates.noindex/HOMEY\ Clean.build/Debug-iphonesimulator/HOMEY\ Clean.build/HOMEY\ Clean-generated-files.hmap -Xcc -I/Users/ryankanfer/Library/Developer/Xcode/DerivedData/HOMEY_Clean-gafualdnzupkfseuistvwtqbnpqd/Build/Intermediates.noindex/HOMEY\ Clean.build/Debug-iphonesimulator/HOMEY\ Clean.build/HOMEY\ Clean-own-target-headers.hmap -Xcc -I/Users/ryankanfer/Library/Developer/Xcode/DerivedData/HOMEY_Clean-gafualdnzupkfseuistvwtqbnpqd/Build/Intermediates.noindex/HOMEY\ Clean.build/Debug-iphonesimulator/HOMEY\ Clean.build/HOMEY\ Clean-all-non-framework-target-headers.hmap -Xcc -ivfsoverlay -Xcc /Users/ryankanfer/Library/Developer/Xcode/DerivedData/HOMEY_Clean-gafualdnzupkfseuistvwtqbnpqd/Build/Intermediates.noindex/HOMEY\ Clean.build/Debug-iphonesimulator/HOMEY\ Clean-0f55fb2587d36a9d6da7defd35999c5a-VFS-iphonesimulator/all-product-headers.yaml -Xcc -iquote -Xcc /Users/ryankanfer/Library/Developer/Xcode/DerivedData/HOMEY_Clean-gafualdnzupkfseuistvwtqbnpqd/Build/Intermediates.noindex/HOMEY\ Clean.build/Debug-iphonesimulator/HOMEY\ Clean.build/HOMEY\ Clean-project-headers.hmap -Xcc -I/Users/ryankanfer/Library/Developer/Xcode/DerivedData/HOMEY_Clean-gafualdnzupkfseuistvwtqbnpqd/Build/Products/Debug-iphonesimulator/include -Xcc -I/Users/ryankanfer/Library/Developer/Xcode/DerivedData/HOMEY_Clean-gafualdnzupkfseuistvwtqbnpqd/Build/Intermediates.noindex/HOMEY\ Clean.build/Debug-iphonesimulator/HOMEY\ Clean.build/DerivedSources-normal/x86_64 -Xcc -I/Users/ryankanfer/Library/Developer/Xcode/DerivedData/HOMEY_Clean-gafualdnzupkfseuistvwtqbnpqd/Build/Intermediates.noindex/HOMEY\ Clean.build/Debug-iphonesimulator/HOMEY\ Clean.build/DerivedSources/x86_64 -Xcc -I/Users/ryankanfer/Library/Developer/Xcode/DerivedData/HOMEY_Clean-gafualdnzupkfseuistvwtqbnpqd/Build/Intermediates.noindex/HOMEY\ Clean.build/Debug-iphonesimulator/HOMEY\ Clean.build/DerivedSources -Xcc -DDEBUG\=1 -emit-objc-header -emit-objc-header-path /Users/ryankanfer/Library/Developer/Xcode/DerivedData/HOMEY_Clean-gafualdnzupkfseuistvwtqbnpqd/Build/Intermediates.noindex/HOMEY\ Clean.build/Debug-iphonesimulator/HOMEY\ Clean.build/Objects-normal/x86_64/HOMEY_Clean-Swift.h -working-directory /Users/ryankanfer/Documents/Developer/HOMEY\ Clean -experimental-emit-module-separately -disable-cmo

SwiftDriverJobDiscovery normal x86_64 Compiling AuthGate.swift, InviteRedeemer.swift, LoginView.swift, SignupView.swift, PlaceholderRow.swift, SectionCard.swift, Color+Hex.swift, ContentView.swift, ComingSoonView.swift, Theme.swift, GlassCardContent.swift, CharlieUpdateBox.swift, ChatAvatar.swift, ChatModal.swift, ChatTarget.swift, ClientTabBar.swift, EpisodeDetailSheet.swift, FloatingAvatarView.swift, GlassNavigationFooter.swift, GradientBackgrounds.swift, HeroAVPlayerView.swift, HeroVideoView.swift, HomeyKind.swift, JourneyEvent.swift (in target 'HOMEY Clean' from project 'HOMEY Clean')

SwiftCompile normal arm64 Compiling\ AppearanceSettingsSection.swift,\ HelpSupportSettingsSection.swift,\ IntegrationsSettingsSection.swift,\ NotificationsSettingsSection.swift,\ PersonalizationSettingsSection.swift,\ PrivacySecuritySettingsSection.swift,\ ComprehensiveSettingsView.swift,\ HomeyLandingViewWithProfile.swift,\ NavigationDashboardView.swift,\ SettingsView.swift,\ ThemeSettingsView.swift,\ CharlieAct.swift,\ FontDebugView.swift,\ JourneyLoggingPlaceholder.swift,\ JourneyWatcher.swift,\ SupabaseEventsService.swift,\ GeneratedAssetSymbols.swift /Users/ryankanfer/Documents/Developer/HOMEY\ Clean/HOMEY\ Clean/Views/Settings/AppearanceSettingsSection.swift /Users/ryankanfer/Documents/Developer/HOMEY\ Clean/HOMEY\ Clean/Views/Settings/HelpSupportSettingsSection.swift /Users/ryankanfer/Documents/Developer/HOMEY\ Clean/HOMEY\ Clean/Views/Settings/IntegrationsSettingsSection.swift /Users/ryankanfer/Documents/Developer/HOMEY\ Clean/HOMEY\ Clean/Views/Settings/NotificationsSettingsSection.swift /Users/ryankanfer/Documents/Developer/HOMEY\ Clean/HOMEY\ Clean/Views/Settings/PersonalizationSettingsSection.swift /Users/ryankanfer/Documents/Developer/HOMEY\ Clean/HOMEY\ Clean/Views/Settings/PrivacySecuritySettingsSection.swift /Users/ryankanfer/Documents/Developer/HOMEY\ Clean/HOMEY\ Clean/Views/ComprehensiveSettingsView.swift /Users/ryankanfer/Documents/Developer/HOMEY\ Clean/HOMEY\ Clean/Views/HomeyLandingViewWithProfile.swift /Users/ryankanfer/Documents/Developer/HOMEY\ Clean/HOMEY\ Clean/Views/NavigationDashboardView.swift /Users/ryankanfer/Documents/Developer/HOMEY\ Clean/HOMEY\ Clean/Views/SettingsView.swift /Users/ryankanfer/Documents/Developer/HOMEY\ Clean/HOMEY\ Clean/Views/ThemeSettingsView.swift /Users/ryankanfer/Documents/Developer/HOMEY\ Clean/HOMEY\ Clean/CharlieAct.swift /Users/ryankanfer/Documents/Developer/HOMEY\ Clean/HOMEY\ Clean/FontDebugView.swift /Users/ryankanfer/Documents/Developer/HOMEY\ Clean/HOMEY\ Clean/JourneyLoggingPlaceholder.swift /Users/ryankanfer/Documents/Developer/HOMEY\ Clean/HOMEY\ Clean/JourneyWatcher.swift /Users/ryankanfer/Documents/Developer/HOMEY\ Clean/HOMEY\ Clean/SupabaseEventsService.swift /Users/ryankanfer/Library/Developer/Xcode/DerivedData/HOMEY_Clean-gafualdnzupkfseuistvwtqbnpqd/Build/Intermediates.noindex/HOMEY\ Clean.build/Debug-iphonesimulator/HOMEY\ Clean.build/DerivedSources/GeneratedAssetSymbols.swift (in target 'HOMEY Clean' from project 'HOMEY Clean')

SwiftCompile normal arm64 /Users/ryankanfer/Documents/Developer/HOMEY\ Clean/HOMEY\ Clean/Views/Settings/AppearanceSettingsSection.swift (in target 'HOMEY Clean' from project 'HOMEY Clean')
    cd /Users/ryankanfer/Documents/Developer/HOMEY\ Clean
    
@__swiftmacro_11HOMEY_Clean0023SettingsViewswift_elFCffMX220_0_33_990E028DF24F72B1A0B5E04BCBA093BALl7PreviewfMf_.swift:19:21: warning: initialization of immutable value 'client' was never used; consider replacing with assignment to '_' or removing it
                let client = SupabaseClient(
                    ^
/Users/ryankanfer/Documents/Developer/HOMEY Clean/HOMEY Clean/Views/SettingsView.swift:221:1: note: in expansion of macro 'Preview' here
#Preview {
^~~~~~~~~~
/Users/ryankanfer/Documents/Developer/HOMEY Clean/HOMEY Clean/Views/SettingsView.swift:221:1: note: in expansion of macro 'Preview' here
#Preview {
^~~~~~~~~~

SwiftCompile normal arm64 /Users/ryankanfer/Documents/Developer/HOMEY\ Clean/HOMEY\ Clean/Views/Settings/HelpSupportSettingsSection.swift (in target 'HOMEY Clean' from project 'HOMEY Clean')
    cd /Users/ryankanfer/Documents/Developer/HOMEY\ Clean
    
/Users/ryankanfer/Documents/Developer/HOMEY Clean/HOMEY Clean/Core/Design/TRAEMicroInteractions.swift:476:45: warning: backward matching of the unlabeled trailing closure is deprecated; label the argument with 'onLongPress' to suppress this warning
            .traeInteractive(type: .button) {
                                          ~ ^
                                          , onLongPress: 
/Users/ryankanfer/Documents/Developer/HOMEY Clean/HOMEY Clean/Core/Design/TRAEMicroInteractions.swift:440:10: note: 'traeInteractive(type:isEnabled:onTap:onLongPress:)' declared here
    func traeInteractive(
         ^
@__swiftmacro_11HOMEY_Clean0023SettingsViewswift_elFCffMX220_0_33_990E028DF24F72B1A0B5E04BCBA093BALl7PreviewfMf_.swift:19:21: warning: initialization of immutable value 'client' was never used; consider replacing with assignment to '_' or removing it
                let client = SupabaseClient(
                    ^
/Users/ryankanfer/Documents/Developer/HOMEY Clean/HOMEY Clean/Views/SettingsView.swift:221:1: note: in expansion of macro 'Preview' here
#Preview {
^~~~~~~~~~
/Users/ryankanfer/Documents/Developer/HOMEY Clean/HOMEY Clean/Views/SettingsView.swift:221:1: note: in expansion of macro 'Preview' here
#Preview {
^~~~~~~~~~

SwiftCompile normal arm64 /Users/ryankanfer/Documents/Developer/HOMEY\ Clean/HOMEY\ Clean/Views/Settings/IntegrationsSettingsSection.swift (in target 'HOMEY Clean' from project 'HOMEY Clean')
    cd /Users/ryankanfer/Documents/Developer/HOMEY\ Clean
    
@__swiftmacro_11HOMEY_Clean0023SettingsViewswift_elFCffMX220_0_33_990E028DF24F72B1A0B5E04BCBA093BALl7PreviewfMf_.swift:19:21: warning: initialization of immutable value 'client' was never used; consider replacing with assignment to '_' or removing it
                let client = SupabaseClient(
                    ^
/Users/ryankanfer/Documents/Developer/HOMEY Clean/HOMEY Clean/Views/SettingsView.swift:221:1: note: in expansion of macro 'Preview' here
#Preview {
^~~~~~~~~~
/Users/ryankanfer/Documents/Developer/HOMEY Clean/HOMEY Clean/Views/SettingsView.swift:221:1: note: in expansion of macro 'Preview' here
#Preview {
^~~~~~~~~~

SwiftCompile normal arm64 /Users/ryankanfer/Documents/Developer/HOMEY\ Clean/HOMEY\ Clean/Views/Settings/NotificationsSettingsSection.swift (in target 'HOMEY Clean' from project 'HOMEY Clean')
    cd /Users/ryankanfer/Documents/Developer/HOMEY\ Clean
    
@__swiftmacro_11HOMEY_Clean0023SettingsViewswift_elFCffMX220_0_33_990E028DF24F72B1A0B5E04BCBA093BALl7PreviewfMf_.swift:19:21: warning: initialization of immutable value 'client' was never used; consider replacing with assignment to '_' or removing it
                let client = SupabaseClient(
                    ^
/Users/ryankanfer/Documents/Developer/HOMEY Clean/HOMEY Clean/Views/SettingsView.swift:221:1: note: in expansion of macro 'Preview' here
#Preview {
^~~~~~~~~~
/Users/ryankanfer/Documents/Developer/HOMEY Clean/HOMEY Clean/Views/SettingsView.swift:221:1: note: in expansion of macro 'Preview' here
#Preview {
^~~~~~~~~~

SwiftCompile normal arm64 /Users/ryankanfer/Documents/Developer/HOMEY\ Clean/HOMEY\ Clean/Views/Settings/PersonalizationSettingsSection.swift (in target 'HOMEY Clean' from project 'HOMEY Clean')
    cd /Users/ryankanfer/Documents/Developer/HOMEY\ Clean
    
@__swiftmacro_11HOMEY_Clean0023SettingsViewswift_elFCffMX220_0_33_990E028DF24F72B1A0B5E04BCBA093BALl7PreviewfMf_.swift:19:21: warning: initialization of immutable value 'client' was never used; consider replacing with assignment to '_' or removing it
                let client = SupabaseClient(
                    ^
/Users/ryankanfer/Documents/Developer/HOMEY Clean/HOMEY Clean/Views/SettingsView.swift:221:1: note: in expansion of macro 'Preview' here
#Preview {
^~~~~~~~~~
/Users/ryankanfer/Documents/Developer/HOMEY Clean/HOMEY Clean/Views/SettingsView.swift:221:1: note: in expansion of macro 'Preview' here
#Preview {
^~~~~~~~~~

SwiftCompile normal arm64 /Users/ryankanfer/Documents/Developer/HOMEY\ Clean/HOMEY\ Clean/Views/Settings/PrivacySecuritySettingsSection.swift (in target 'HOMEY Clean' from project 'HOMEY Clean')
    cd /Users/ryankanfer/Documents/Developer/HOMEY\ Clean
    
@__swiftmacro_11HOMEY_Clean0023SettingsViewswift_elFCffMX220_0_33_990E028DF24F72B1A0B5E04BCBA093BALl7PreviewfMf_.swift:19:21: warning: initialization of immutable value 'client' was never used; consider replacing with assignment to '_' or removing it
                let client = SupabaseClient(
                    ^
/Users/ryankanfer/Documents/Developer/HOMEY Clean/HOMEY Clean/Views/SettingsView.swift:221:1: note: in expansion of macro 'Preview' here
#Preview {
^~~~~~~~~~
/Users/ryankanfer/Documents/Developer/HOMEY Clean/HOMEY Clean/Views/SettingsView.swift:221:1: note: in expansion of macro 'Preview' here
#Preview {
^~~~~~~~~~

SwiftCompile normal arm64 /Users/ryankanfer/Documents/Developer/HOMEY\ Clean/HOMEY\ Clean/Views/ComprehensiveSettingsView.swift (in target 'HOMEY Clean' from project 'HOMEY Clean')
    cd /Users/ryankanfer/Documents/Developer/HOMEY\ Clean
    
@__swiftmacro_11HOMEY_Clean0023SettingsViewswift_elFCffMX220_0_33_990E028DF24F72B1A0B5E04BCBA093BALl7PreviewfMf_.swift:19:21: warning: initialization of immutable value 'client' was never used; consider replacing with assignment to '_' or removing it
                let client = SupabaseClient(
                    ^
/Users/ryankanfer/Documents/Developer/HOMEY Clean/HOMEY Clean/Views/SettingsView.swift:221:1: note: in expansion of macro 'Preview' here
#Preview {
^~~~~~~~~~
/Users/ryankanfer/Documents/Developer/HOMEY Clean/HOMEY Clean/Views/SettingsView.swift:221:1: note: in expansion of macro 'Preview' here
#Preview {
^~~~~~~~~~

SwiftCompile normal arm64 /Users/ryankanfer/Documents/Developer/HOMEY\ Clean/HOMEY\ Clean/Views/HomeyLandingViewWithProfile.swift (in target 'HOMEY Clean' from project 'HOMEY Clean')
    cd /Users/ryankanfer/Documents/Developer/HOMEY\ Clean
    
@__swiftmacro_11HOMEY_Clean0023SettingsViewswift_elFCffMX220_0_33_990E028DF24F72B1A0B5E04BCBA093BALl7PreviewfMf_.swift:19:21: warning: initialization of immutable value 'client' was never used; consider replacing with assignment to '_' or removing it
                let client = SupabaseClient(
                    ^
/Users/ryankanfer/Documents/Developer/HOMEY Clean/HOMEY Clean/Views/SettingsView.swift:221:1: note: in expansion of macro 'Preview' here
#Preview {
^~~~~~~~~~
/Users/ryankanfer/Documents/Developer/HOMEY Clean/HOMEY Clean/Views/SettingsView.swift:221:1: note: in expansion of macro 'Preview' here
#Preview {
^~~~~~~~~~

SwiftCompile normal arm64 /Users/ryankanfer/Documents/Developer/HOMEY\ Clean/HOMEY\ Clean/Views/NavigationDashboardView.swift (in target 'HOMEY Clean' from project 'HOMEY Clean')
    cd /Users/ryankanfer/Documents/Developer/HOMEY\ Clean
    
@__swiftmacro_11HOMEY_Clean0023SettingsViewswift_elFCffMX220_0_33_990E028DF24F72B1A0B5E04BCBA093BALl7PreviewfMf_.swift:19:21: warning: initialization of immutable value 'client' was never used; consider replacing with assignment to '_' or removing it
                let client = SupabaseClient(
                    ^
/Users/ryankanfer/Documents/Developer/HOMEY Clean/HOMEY Clean/Views/SettingsView.swift:221:1: note: in expansion of macro 'Preview' here
#Preview {
^~~~~~~~~~
/Users/ryankanfer/Documents/Developer/HOMEY Clean/HOMEY Clean/Views/SettingsView.swift:221:1: note: in expansion of macro 'Preview' here
#Preview {
^~~~~~~~~~

SwiftCompile normal arm64 /Users/ryankanfer/Documents/Developer/HOMEY\ Clean/HOMEY\ Clean/Views/SettingsView.swift (in target 'HOMEY Clean' from project 'HOMEY Clean')
    cd /Users/ryankanfer/Documents/Developer/HOMEY\ Clean
    
@__swiftmacro_11HOMEY_Clean0023SettingsViewswift_elFCffMX220_0_33_990E028DF24F72B1A0B5E04BCBA093BALl7PreviewfMf_.swift:19:21: warning: initialization of immutable value 'client' was never used; consider replacing with assignment to '_' or removing it
                let client = SupabaseClient(
                    ^
/Users/ryankanfer/Documents/Developer/HOMEY Clean/HOMEY Clean/Views/SettingsView.swift:221:1: note: in expansion of macro 'Preview' here
#Preview {
^~~~~~~~~~
/Users/ryankanfer/Documents/Developer/HOMEY Clean/HOMEY Clean/Views/SettingsView.swift:221:1: note: in expansion of macro 'Preview' here
#Preview {
^~~~~~~~~~

SwiftCompile normal arm64 /Users/ryankanfer/Documents/Developer/HOMEY\ Clean/HOMEY\ Clean/Views/ThemeSettingsView.swift (in target 'HOMEY Clean' from project 'HOMEY Clean')
    cd /Users/ryankanfer/Documents/Developer/HOMEY\ Clean
    
@__swiftmacro_11HOMEY_Clean0023SettingsViewswift_elFCffMX220_0_33_990E028DF24F72B1A0B5E04BCBA093BALl7PreviewfMf_.swift:19:21: warning: initialization of immutable value 'client' was never used; consider replacing with assignment to '_' or removing it
                let client = SupabaseClient(
                    ^
/Users/ryankanfer/Documents/Developer/HOMEY Clean/HOMEY Clean/Views/SettingsView.swift:221:1: note: in expansion of macro 'Preview' here
#Preview {
^~~~~~~~~~
/Users/ryankanfer/Documents/Developer/HOMEY Clean/HOMEY Clean/Views/SettingsView.swift:221:1: note: in expansion of macro 'Preview' here
#Preview {
^~~~~~~~~~

SwiftCompile normal arm64 /Users/ryankanfer/Documents/Developer/HOMEY\ Clean/HOMEY\ Clean/CharlieAct.swift (in target 'HOMEY Clean' from project 'HOMEY Clean')
    cd /Users/ryankanfer/Documents/Developer/HOMEY\ Clean
    
@__swiftmacro_11HOMEY_Clean0023SettingsViewswift_elFCffMX220_0_33_990E028DF24F72B1A0B5E04BCBA093BALl7PreviewfMf_.swift:19:21: warning: initialization of immutable value 'client' was never used; consider replacing with assignment to '_' or removing it
                let client = SupabaseClient(
                    ^
/Users/ryankanfer/Documents/Developer/HOMEY Clean/HOMEY Clean/Views/SettingsView.swift:221:1: note: in expansion of macro 'Preview' here
#Preview {
^~~~~~~~~~
/Users/ryankanfer/Documents/Developer/HOMEY Clean/HOMEY Clean/Views/SettingsView.swift:221:1: note: in expansion of macro 'Preview' here
#Preview {
^~~~~~~~~~

SwiftCompile normal arm64 /Users/ryankanfer/Documents/Developer/HOMEY\ Clean/HOMEY\ Clean/FontDebugView.swift (in target 'HOMEY Clean' from project 'HOMEY Clean')
    cd /Users/ryankanfer/Documents/Developer/HOMEY\ Clean
    
@__swiftmacro_11HOMEY_Clean0023SettingsViewswift_elFCffMX220_0_33_990E028DF24F72B1A0B5E04BCBA093BALl7PreviewfMf_.swift:19:21: warning: initialization of immutable value 'client' was never used; consider replacing with assignment to '_' or removing it
                let client = SupabaseClient(
                    ^
/Users/ryankanfer/Documents/Developer/HOMEY Clean/HOMEY Clean/Views/SettingsView.swift:221:1: note: in expansion of macro 'Preview' here
#Preview {
^~~~~~~~~~
/Users/ryankanfer/Documents/Developer/HOMEY Clean/HOMEY Clean/Views/SettingsView.swift:221:1: note: in expansion of macro 'Preview' here
#Preview {
^~~~~~~~~~

SwiftCompile normal arm64 /Users/ryankanfer/Documents/Developer/HOMEY\ Clean/HOMEY\ Clean/JourneyLoggingPlaceholder.swift (in target 'HOMEY Clean' from project 'HOMEY Clean')
    cd /Users/ryankanfer/Documents/Developer/HOMEY\ Clean
    
@__swiftmacro_11HOMEY_Clean0023SettingsViewswift_elFCffMX220_0_33_990E028DF24F72B1A0B5E04BCBA093BALl7PreviewfMf_.swift:19:21: warning: initialization of immutable value 'client' was never used; consider replacing with assignment to '_' or removing it
                let client = SupabaseClient(
                    ^
/Users/ryankanfer/Documents/Developer/HOMEY Clean/HOMEY Clean/Views/SettingsView.swift:221:1: note: in expansion of macro 'Preview' here
#Preview {
^~~~~~~~~~
/Users/ryankanfer/Documents/Developer/HOMEY Clean/HOMEY Clean/Views/SettingsView.swift:221:1: note: in expansion of macro 'Preview' here
#Preview {
^~~~~~~~~~

SwiftCompile normal arm64 /Users/ryankanfer/Documents/Developer/HOMEY\ Clean/HOMEY\ Clean/JourneyWatcher.swift (in target 'HOMEY Clean' from project 'HOMEY Clean')
    cd /Users/ryankanfer/Documents/Developer/HOMEY\ Clean
    
@__swiftmacro_11HOMEY_Clean0023SettingsViewswift_elFCffMX220_0_33_990E028DF24F72B1A0B5E04BCBA093BALl7PreviewfMf_.swift:19:21: warning: initialization of immutable value 'client' was never used; consider replacing with assignment to '_' or removing it
                let client = SupabaseClient(
                    ^
/Users/ryankanfer/Documents/Developer/HOMEY Clean/HOMEY Clean/Views/SettingsView.swift:221:1: note: in expansion of macro 'Preview' here
#Preview {
^~~~~~~~~~
/Users/ryankanfer/Documents/Developer/HOMEY Clean/HOMEY Clean/Views/SettingsView.swift:221:1: note: in expansion of macro 'Preview' here
#Preview {
^~~~~~~~~~
/Users/ryankanfer/Documents/Developer/HOMEY Clean/HOMEY Clean/JourneyWatcher.swift:14:14: warning: 'onChange(of:perform:)' was deprecated in iOS 17.0: Use `onChange` with a two or zero parameter action closure instead.
            .onChange(of: scenePhase) { phase in
             ^

SwiftCompile normal arm64 /Users/ryankanfer/Documents/Developer/HOMEY\ Clean/HOMEY\ Clean/SupabaseEventsService.swift (in target 'HOMEY Clean' from project 'HOMEY Clean')
    cd /Users/ryankanfer/Documents/Developer/HOMEY\ Clean
    
@__swiftmacro_11HOMEY_Clean0023SettingsViewswift_elFCffMX220_0_33_990E028DF24F72B1A0B5E04BCBA093BALl7PreviewfMf_.swift:19:21: warning: initialization of immutable value 'client' was never used; consider replacing with assignment to '_' or removing it
                let client = SupabaseClient(
                    ^
/Users/ryankanfer/Documents/Developer/HOMEY Clean/HOMEY Clean/Views/SettingsView.swift:221:1: note: in expansion of macro 'Preview' here
#Preview {
^~~~~~~~~~
/Users/ryankanfer/Documents/Developer/HOMEY Clean/HOMEY Clean/Views/SettingsView.swift:221:1: note: in expansion of macro 'Preview' here
#Preview {
^~~~~~~~~~

SwiftCompile normal arm64 /Users/ryankanfer/Library/Developer/Xcode/DerivedData/HOMEY_Clean-gafualdnzupkfseuistvwtqbnpqd/Build/Intermediates.noindex/HOMEY\ Clean.build/Debug-iphonesimulator/HOMEY\ Clean.build/DerivedSources/GeneratedAssetSymbols.swift (in target 'HOMEY Clean' from project 'HOMEY Clean')
    cd /Users/ryankanfer/Documents/Developer/HOMEY\ Clean
    
/Users/ryankanfer/Library/Developer/Xcode/DerivedData/HOMEY_Clean-gafualdnzupkfseuistvwtqbnpqd/Build/Intermediates.noindex/HOMEY Clean.build/Debug-iphonesimulator/HOMEY Clean.build/DerivedSources/GeneratedAssetSymbols.swift:30:14: warning: The "AccentColor" color asset name resolves to the symbol "accent" which already exists. Try renaming the asset.
    #warning("The \"AccentColor\" color asset name resolves to the symbol \"accent\" which already exists. Try renaming the asset.")
             ^~~~~~~~~~~~~~~~~~~~~~~~~~~~~~~~~~~~~~~~~~~~~~~~~~~~~~~~~~~~~~~~~~~~~~~~~~~~~~~~~~~~~~~~~~~~~~~~~~~~~~~~~~~~~~~~~~~~~~
/Users/ryankanfer/Library/Developer/Xcode/DerivedData/HOMEY_Clean-gafualdnzupkfseuistvwtqbnpqd/Build/Intermediates.noindex/HOMEY Clean.build/Debug-iphonesimulator/HOMEY Clean.build/DerivedSources/GeneratedAssetSymbols.swift:663:14: warning: The "Primary" color asset name resolves to a conflicting Color symbol "primary". Try renaming the asset.
    #warning("The \"Primary\" color asset name resolves to a conflicting Color symbol \"primary\". Try renaming the asset.")
             ^~~~~~~~~~~~~~~~~~~~~~~~~~~~~~~~~~~~~~~~~~~~~~~~~~~~~~~~~~~~~~~~~~~~~~~~~~~~~~~~~~~~~~~~~~~~~~~~~~~~~~~~~~~~~~
@__swiftmacro_11HOMEY_Clean0023SettingsViewswift_elFCffMX220_0_33_990E028DF24F72B1A0B5E04BCBA093BALl7PreviewfMf_.swift:19:21: warning: initialization of immutable value 'client' was never used; consider replacing with assignment to '_' or removing it
                let client = SupabaseClient(
                    ^
/Users/ryankanfer/Documents/Developer/HOMEY Clean/HOMEY Clean/Views/SettingsView.swift:221:1: note: in expansion of macro 'Preview' here
#Preview {
^~~~~~~~~~
/Users/ryankanfer/Documents/Developer/HOMEY Clean/HOMEY Clean/Views/SettingsView.swift:221:1: note: in expansion of macro 'Preview' here
#Preview {
^~~~~~~~~~

Copy /Users/ryankanfer/Library/Developer/Xcode/DerivedData/HOMEY_Clean-gafualdnzupkfseuistvwtqbnpqd/Build/Products/Debug-iphonesimulator/HOMEY_Clean.swiftmodule/x86_64-apple-ios-simulator.swiftmodule /Users/ryankanfer/Library/Developer/Xcode/DerivedData/HOMEY_Clean-gafualdnzupkfseuistvwtqbnpqd/Build/Intermediates.noindex/HOMEY\ Clean.build/Debug-iphonesimulator/HOMEY\ Clean.build/Objects-normal/x86_64/HOMEY_Clean.swiftmodule (in target 'HOMEY Clean' from project 'HOMEY Clean')
    cd /Users/ryankanfer/Documents/Developer/HOMEY\ Clean
    builtin-copy -exclude .DS_Store -exclude CVS -exclude .svn -exclude .git -exclude .hg -resolve-src-symlinks -rename /Users/ryankanfer/Library/Developer/Xcode/DerivedData/HOMEY_Clean-gafualdnzupkfseuistvwtqbnpqd/Build/Intermediates.noindex/HOMEY\ Clean.build/Debug-iphonesimulator/HOMEY\ Clean.build/Objects-normal/x86_64/HOMEY_Clean.swiftmodule /Users/ryankanfer/Library/Developer/Xcode/DerivedData/HOMEY_Clean-gafualdnzupkfseuistvwtqbnpqd/Build/Products/Debug-iphonesimulator/HOMEY_Clean.swiftmodule/x86_64-apple-ios-simulator.swiftmodule

SwiftDriverJobDiscovery normal x86_64 Compiling TRAEVisualAssets.swift, TypographySystem.swift, ResourceManager.swift, AgentChatView.swift, AIAvatarSystem.swift, AnimationConstants.swift, AnimationManager.swift, APIClient.swift, AppSessionManager.swift, AppState.swift, AuthManager.swift, CacheManager.swift, ClientTabView.swift, DocumentsDashboardView.swift, EventsManager.swift, FeatureFlags.swift, Font+Fallback.swift, HOMEY_CleanApp.swift, HomeyAPI.swift, Models.swift, OnboardingModalView.swift, ProfilesService.swift, ProfileTabView.swift, ProfileViewModel.swift (in target 'HOMEY Clean' from project 'HOMEY Clean')

Copy /Users/ryankanfer/Library/Developer/Xcode/DerivedData/HOMEY_Clean-gafualdnzupkfseuistvwtqbnpqd/Build/Products/Debug-iphonesimulator/HOMEY_Clean.swiftmodule/x86_64-apple-ios-simulator.abi.json /Users/ryankanfer/Library/Developer/Xcode/DerivedData/HOMEY_Clean-gafualdnzupkfseuistvwtqbnpqd/Build/Intermediates.noindex/HOMEY\ Clean.build/Debug-iphonesimulator/HOMEY\ Clean.build/Objects-normal/x86_64/HOMEY_Clean.abi.json (in target 'HOMEY Clean' from project 'HOMEY Clean')
    cd /Users/ryankanfer/Documents/Developer/HOMEY\ Clean
    builtin-copy -exclude .DS_Store -exclude CVS -exclude .svn -exclude .git -exclude .hg -resolve-src-symlinks -rename /Users/ryankanfer/Library/Developer/Xcode/DerivedData/HOMEY_Clean-gafualdnzupkfseuistvwtqbnpqd/Build/Intermediates.noindex/HOMEY\ Clean.build/Debug-iphonesimulator/HOMEY\ Clean.build/Objects-normal/x86_64/HOMEY_Clean.abi.json /Users/ryankanfer/Library/Developer/Xcode/DerivedData/HOMEY_Clean-gafualdnzupkfseuistvwtqbnpqd/Build/Products/Debug-iphonesimulator/HOMEY_Clean.swiftmodule/x86_64-apple-ios-simulator.abi.json

Copy /Users/ryankanfer/Library/Developer/Xcode/DerivedData/HOMEY_Clean-gafualdnzupkfseuistvwtqbnpqd/Build/Products/Debug-iphonesimulator/HOMEY_Clean.swiftmodule/Project/x86_64-apple-ios-simulator.swiftsourceinfo /Users/ryankanfer/Library/Developer/Xcode/DerivedData/HOMEY_Clean-gafualdnzupkfseuistvwtqbnpqd/Build/Intermediates.noindex/HOMEY\ Clean.build/Debug-iphonesimulator/HOMEY\ Clean.build/Objects-normal/x86_64/HOMEY_Clean.swiftsourceinfo (in target 'HOMEY Clean' from project 'HOMEY Clean')
    cd /Users/ryankanfer/Documents/Developer/HOMEY\ Clean
    builtin-copy -exclude .DS_Store -exclude CVS -exclude .svn -exclude .git -exclude .hg -resolve-src-symlinks -rename /Users/ryankanfer/Library/Developer/Xcode/DerivedData/HOMEY_Clean-gafualdnzupkfseuistvwtqbnpqd/Build/Intermediates.noindex/HOMEY\ Clean.build/Debug-iphonesimulator/HOMEY\ Clean.build/Objects-normal/x86_64/HOMEY_Clean.swiftsourceinfo /Users/ryankanfer/Library/Developer/Xcode/DerivedData/HOMEY_Clean-gafualdnzupkfseuistvwtqbnpqd/Build/Products/Debug-iphonesimulator/HOMEY_Clean.swiftmodule/Project/x86_64-apple-ios-simulator.swiftsourceinfo

SwiftCompile normal x86_64 Compiling\ AppConfig.swift /Users/ryankanfer/Documents/Developer/HOMEY\ Clean/HOMEY\ Clean/ios/Shared/Config/AppConfig.swift (in target 'HOMEY Clean' from project 'HOMEY Clean')

SwiftCompile normal x86_64 /Users/ryankanfer/Documents/Developer/HOMEY\ Clean/HOMEY\ Clean/ios/Shared/Config/AppConfig.swift (in target 'HOMEY Clean' from project 'HOMEY Clean')
    cd /Users/ryankanfer/Documents/Developer/HOMEY\ Clean
    

SwiftCompile normal arm64 Compiling\ BadgeDetailSheet.swift,\ DossierSheet.swift,\ ProfessionalCard.swift,\ ProgressionBadges.swift,\ RolodexWall.swift,\ Contact.swift,\ ContinuousOnboardingManager.swift,\ OnboardingComponents.swift,\ ARFeatureIntegration.swift,\ ARPropertyVisualization.swift,\ CameraNeighborhoodContext.swift,\ CircularMask.swift,\ ListingDetailSheet.swift,\ PropertyBuildingCard.swift,\ ScoutFilterTray.swift,\ ScoutSearchBar.swift,\ ScoutShortlistRail.swift,\ SwipeablePropertyCard.swift /Users/ryankanfer/Documents/Developer/HOMEY\ Clean/HOMEY\ Clean/Features/Drew/Components/BadgeDetailSheet.swift /Users/ryankanfer/Documents/Developer/HOMEY\ Clean/HOMEY\ Clean/Features/Drew/Components/DossierSheet.swift /Users/ryankanfer/Documents/Developer/HOMEY\ Clean/HOMEY\ Clean/Features/Drew/Components/ProfessionalCard.swift /Users/ryankanfer/Documents/Developer/HOMEY\ Clean/HOMEY\ Clean/Features/Drew/Components/ProgressionBadges.swift /Users/ryankanfer/Documents/Developer/HOMEY\ Clean/HOMEY\ Clean/Features/Drew/Components/RolodexWall.swift /Users/ryankanfer/Documents/Developer/HOMEY\ Clean/HOMEY\ Clean/Features/Drew/Models/Contact.swift /Users/ryankanfer/Documents/Developer/HOMEY\ Clean/HOMEY\ Clean/Features/Onboarding/ContinuousOnboardingManager.swift /Users/ryankanfer/Documents/Developer/HOMEY\ Clean/HOMEY\ Clean/Features/Onboarding/OnboardingComponents.swift /Users/ryankanfer/Documents/Developer/HOMEY\ Clean/HOMEY\ Clean/Features/Scout/Components/ARFeatureIntegration.swift /Users/ryankanfer/Documents/Developer/HOMEY\ Clean/HOMEY\ Clean/Features/Scout/Components/ARPropertyVisualization.swift /Users/ryankanfer/Documents/Developer/HOMEY\ Clean/HOMEY\ Clean/Features/Scout/Components/CameraNeighborhoodContext.swift /Users/ryankanfer/Documents/Developer/HOMEY\ Clean/HOMEY\ Clean/Features/Scout/Components/CircularMask.swift /Users/ryankanfer/Documents/Developer/HOMEY\ Clean/HOMEY\ Clean/Features/Scout/Components/ListingDetailSheet.swift /Users/ryankanfer/Documents/Developer/HOMEY\ Clean/HOMEY\ Clean/Features/Scout/Components/PropertyBuildingCard.swift /Users/ryankanfer/Documents/Developer/HOMEY\ Clean/HOMEY\ Clean/Features/Scout/Components/ScoutFilterTray.swift /Users/ryankanfer/Documents/Developer/HOMEY\ Clean/HOMEY\ Clean/Features/Scout/Components/ScoutSearchBar.swift /Users/ryankanfer/Documents/Developer/HOMEY\ Clean/HOMEY\ Clean/Features/Scout/Components/ScoutShortlistRail.swift /Users/ryankanfer/Documents/Developer/HOMEY\ Clean/HOMEY\ Clean/Features/Scout/Components/SwipeablePropertyCard.swift (in target 'HOMEY Clean' from project 'HOMEY Clean')
SwiftCompile normal arm64 /Users/ryankanfer/Documents/Developer/HOMEY\ Clean/HOMEY\ Clean/Features/Drew/Components/BadgeDetailSheet.swift (in target 'HOMEY Clean' from project 'HOMEY Clean')
    cd /Users/ryankanfer/Documents/Developer/HOMEY\ Clean
    
/Users/ryankanfer/Library/Developer/Xcode/DerivedData/HOMEY_Clean-gafualdnzupkfseuistvwtqbnpqd/Build/Intermediates.noindex/HOMEY Clean.build/Debug-iphonesimulator/HOMEY Clean.build/DerivedSources/GeneratedAssetSymbols.swift:663:14: warning: The "Primary" color asset name resolves to a conflicting Color symbol "primary". Try renaming the asset.
    #warning("The \"Primary\" color asset name resolves to a conflicting Color symbol \"primary\". Try renaming the asset.")
             ^~~~~~~~~~~~~~~~~~~~~~~~~~~~~~~~~~~~~~~~~~~~~~~~~~~~~~~~~~~~~~~~~~~~~~~~~~~~~~~~~~~~~~~~~~~~~~~~~~~~~~~~~~~~~~

SwiftCompile normal arm64 /Users/ryankanfer/Documents/Developer/HOMEY\ Clean/HOMEY\ Clean/Features/Drew/Components/DossierSheet.swift (in target 'HOMEY Clean' from project 'HOMEY Clean')
    cd /Users/ryankanfer/Documents/Developer/HOMEY\ Clean
    

SwiftCompile normal arm64 /Users/ryankanfer/Documents/Developer/HOMEY\ Clean/HOMEY\ Clean/Features/Drew/Components/ProfessionalCard.swift (in target 'HOMEY Clean' from project 'HOMEY Clean')
    cd /Users/ryankanfer/Documents/Developer/HOMEY\ Clean
    

SwiftCompile normal arm64 /Users/ryankanfer/Documents/Developer/HOMEY\ Clean/HOMEY\ Clean/Features/Drew/Components/ProgressionBadges.swift (in target 'HOMEY Clean' from project 'HOMEY Clean')
    cd /Users/ryankanfer/Documents/Developer/HOMEY\ Clean
    
/Users/ryankanfer/Documents/Developer/HOMEY Clean/HOMEY Clean/Features/Drew/Components/ProgressionBadges.swift:36:9: warning: result of call to 'withAnimation' is unused
        withAnimation(.easeInOut(duration: 0.5).repeatCount(3, autoreverses: true)) {
        ^            ~~~~~~~~~~~~~~~~~~~~~~~~~~~~~~~~~~~~~~~~~~~~~~~~~~~~~~~~~~~~~~~~

SwiftCompile normal arm64 /Users/ryankanfer/Documents/Developer/HOMEY\ Clean/HOMEY\ Clean/Features/Drew/Components/RolodexWall.swift (in target 'HOMEY Clean' from project 'HOMEY Clean')
    cd /Users/ryankanfer/Documents/Developer/HOMEY\ Clean
    

SwiftCompile normal arm64 /Users/ryankanfer/Documents/Developer/HOMEY\ Clean/HOMEY\ Clean/Features/Drew/Models/Contact.swift (in target 'HOMEY Clean' from project 'HOMEY Clean')
    cd /Users/ryankanfer/Documents/Developer/HOMEY\ Clean
    
/Users/ryankanfer/Documents/Developer/HOMEY Clean/HOMEY Clean/Features/Drew/Models/Contact.swift:6:9: warning: immutable property will not be decoded because it is declared with an initial value which cannot be overwritten
    let id = UUID()
        ^
/Users/ryankanfer/Documents/Developer/HOMEY Clean/HOMEY Clean/Features/Drew/Models/Contact.swift:6:9: note: set the initial value via the initializer or explicitly define a CodingKeys enum including a 'id' case to silence this warning
    let id = UUID()
        ^
/Users/ryankanfer/Documents/Developer/HOMEY Clean/HOMEY Clean/Features/Drew/Models/Contact.swift:6:9: note: make the property mutable instead
    let id = UUID()
    ~~~ ^
    var
/Users/ryankanfer/Documents/Developer/HOMEY Clean/HOMEY Clean/Features/Drew/Models/Contact.swift:140:9: warning: immutable property will not be decoded because it is declared with an initial value which cannot be overwritten
    let id = UUID()
        ^
/Users/ryankanfer/Documents/Developer/HOMEY Clean/HOMEY Clean/Features/Drew/Models/Contact.swift:140:9: note: set the initial value via the initializer or explicitly define a CodingKeys enum including a 'id' case to silence this warning
    let id = UUID()
        ^
/Users/ryankanfer/Documents/Developer/HOMEY Clean/HOMEY Clean/Features/Drew/Models/Contact.swift:140:9: note: make the property mutable instead
    let id = UUID()
    ~~~ ^
    var
/Users/ryankanfer/Documents/Developer/HOMEY Clean/HOMEY Clean/Features/Drew/Models/Contact.swift:156:9: warning: immutable property will not be decoded because it is declared with an initial value which cannot be overwritten
    let id = UUID()
        ^
/Users/ryankanfer/Documents/Developer/HOMEY Clean/HOMEY Clean/Features/Drew/Models/Contact.swift:156:9: note: set the initial value via the initializer or explicitly define a CodingKeys enum including a 'id' case to silence this warning
    let id = UUID()
        ^
/Users/ryankanfer/Documents/Developer/HOMEY Clean/HOMEY Clean/Features/Drew/Models/Contact.swift:156:9: note: make the property mutable instead
    let id = UUID()
    ~~~ ^
    var

SwiftCompile normal arm64 /Users/ryankanfer/Documents/Developer/HOMEY\ Clean/HOMEY\ Clean/Features/Onboarding/ContinuousOnboardingManager.swift (in target 'HOMEY Clean' from project 'HOMEY Clean')
    cd /Users/ryankanfer/Documents/Developer/HOMEY\ Clean
    

SwiftCompile normal arm64 /Users/ryankanfer/Documents/Developer/HOMEY\ Clean/HOMEY\ Clean/Features/Onboarding/OnboardingComponents.swift (in target 'HOMEY Clean' from project 'HOMEY Clean')
    cd /Users/ryankanfer/Documents/Developer/HOMEY\ Clean
    

SwiftCompile normal arm64 /Users/ryankanfer/Documents/Developer/HOMEY\ Clean/HOMEY\ Clean/Features/Scout/Components/ARFeatureIntegration.swift (in target 'HOMEY Clean' from project 'HOMEY Clean')
    cd /Users/ryankanfer/Documents/Developer/HOMEY\ Clean
    

SwiftCompile normal arm64 /Users/ryankanfer/Documents/Developer/HOMEY\ Clean/HOMEY\ Clean/Features/Scout/Components/ARPropertyVisualization.swift (in target 'HOMEY Clean' from project 'HOMEY Clean')
    cd /Users/ryankanfer/Documents/Developer/HOMEY\ Clean
    
/Users/ryankanfer/Documents/Developer/HOMEY Clean/HOMEY Clean/Core/Design/TRAEMicroInteractions.swift:476:45: warning: backward matching of the unlabeled trailing closure is deprecated; label the argument with 'onLongPress' to suppress this warning
            .traeInteractive(type: .button) {
                                          ~ ^
                                          , onLongPress: 
/Users/ryankanfer/Documents/Developer/HOMEY Clean/HOMEY Clean/Core/Design/TRAEMicroInteractions.swift:440:10: note: 'traeInteractive(type:isEnabled:onTap:onLongPress:)' declared here
    func traeInteractive(
         ^
/Users/ryankanfer/Library/Developer/Xcode/DerivedData/HOMEY_Clean-gafualdnzupkfseuistvwtqbnpqd/Build/Intermediates.noindex/HOMEY Clean.build/Debug-iphonesimulator/HOMEY Clean.build/DerivedSources/GeneratedAssetSymbols.swift:30:14: warning: The "AccentColor" color asset name resolves to the symbol "accent" which already exists. Try renaming the asset.
    #warning("The \"AccentColor\" color asset name resolves to the symbol \"accent\" which already exists. Try renaming the asset.")
             ^~~~~~~~~~~~~~~~~~~~~~~~~~~~~~~~~~~~~~~~~~~~~~~~~~~~~~~~~~~~~~~~~~~~~~~~~~~~~~~~~~~~~~~~~~~~~~~~~~~~~~~~~~~~~~~~~~~~~~

SwiftCompile normal arm64 /Users/ryankanfer/Documents/Developer/HOMEY\ Clean/HOMEY\ Clean/Features/Scout/Components/CameraNeighborhoodContext.swift (in target 'HOMEY Clean' from project 'HOMEY Clean')
    cd /Users/ryankanfer/Documents/Developer/HOMEY\ Clean
    
/Users/ryankanfer/Documents/Developer/HOMEY Clean/HOMEY Clean/Features/Scout/Components/CameraNeighborhoodContext.swift:532:42: warning: variable 'self' was written to, but never read
        DispatchQueue.main.async { [weak self] in
                                         ^

SwiftCompile normal arm64 /Users/ryankanfer/Documents/Developer/HOMEY\ Clean/HOMEY\ Clean/Features/Scout/Components/CircularMask.swift (in target 'HOMEY Clean' from project 'HOMEY Clean')
    cd /Users/ryankanfer/Documents/Developer/HOMEY\ Clean
    

SwiftCompile normal arm64 /Users/ryankanfer/Documents/Developer/HOMEY\ Clean/HOMEY\ Clean/Features/Scout/Components/ListingDetailSheet.swift (in target 'HOMEY Clean' from project 'HOMEY Clean')
    cd /Users/ryankanfer/Documents/Developer/HOMEY\ Clean
    

SwiftCompile normal arm64 /Users/ryankanfer/Documents/Developer/HOMEY\ Clean/HOMEY\ Clean/Features/Scout/Components/PropertyBuildingCard.swift (in target 'HOMEY Clean' from project 'HOMEY Clean')
    cd /Users/ryankanfer/Documents/Developer/HOMEY\ Clean
    

SwiftCompile normal arm64 /Users/ryankanfer/Documents/Developer/HOMEY\ Clean/HOMEY\ Clean/Features/Scout/Components/ScoutFilterTray.swift (in target 'HOMEY Clean' from project 'HOMEY Clean')
    cd /Users/ryankanfer/Documents/Developer/HOMEY\ Clean
    

SwiftCompile normal arm64 /Users/ryankanfer/Documents/Developer/HOMEY\ Clean/HOMEY\ Clean/Features/Scout/Components/ScoutSearchBar.swift (in target 'HOMEY Clean' from project 'HOMEY Clean')
    cd /Users/ryankanfer/Documents/Developer/HOMEY\ Clean
    

SwiftCompile normal arm64 /Users/ryankanfer/Documents/Developer/HOMEY\ Clean/HOMEY\ Clean/Features/Scout/Components/ScoutShortlistRail.swift (in target 'HOMEY Clean' from project 'HOMEY Clean')
    cd /Users/ryankanfer/Documents/Developer/HOMEY\ Clean
    

SwiftCompile normal arm64 /Users/ryankanfer/Documents/Developer/HOMEY\ Clean/HOMEY\ Clean/Features/Scout/Components/SwipeablePropertyCard.swift (in target 'HOMEY Clean' from project 'HOMEY Clean')
    cd /Users/ryankanfer/Documents/Developer/HOMEY\ Clean
    

SwiftDriverJobDiscovery normal x86_64 Compiling AppConfig.swift (in target 'HOMEY Clean' from project 'HOMEY Clean')

SwiftCompile normal x86_64 Compiling\ GlassScaffold.swift,\ HeroTheme.swift,\ RoundedCard.swift,\ Spacing.swift,\ Typography.swift,\ GlassCard.swift,\ AbstractLuxeBackground.swift,\ GlassStyle.swift /Users/ryankanfer/Documents/Developer/HOMEY\ Clean/HOMEY\ Clean/Style/GlassScaffold.swift /Users/ryankanfer/Documents/Developer/HOMEY\ Clean/HOMEY\ Clean/Style/HeroTheme.swift /Users/ryankanfer/Documents/Developer/HOMEY\ Clean/HOMEY\ Clean/Style/RoundedCard.swift /Users/ryankanfer/Documents/Developer/HOMEY\ Clean/HOMEY\ Clean/Style/Spacing.swift /Users/ryankanfer/Documents/Developer/HOMEY\ Clean/HOMEY\ Clean/Style/Typography.swift /Users/ryankanfer/Documents/Developer/HOMEY\ Clean/HOMEY\ Clean/UI/Components/GlassCard.swift /Users/ryankanfer/Documents/Developer/HOMEY\ Clean/HOMEY\ Clean/UI/Style/AbstractLuxeBackground.swift /Users/ryankanfer/Documents/Developer/HOMEY\ Clean/HOMEY\ Clean/UI/Style/GlassStyle.swift (in target 'HOMEY Clean' from project 'HOMEY Clean')

SwiftCompile normal x86_64 /Users/ryankanfer/Documents/Developer/HOMEY\ Clean/HOMEY\ Clean/Style/GlassScaffold.swift (in target 'HOMEY Clean' from project 'HOMEY Clean')
    cd /Users/ryankanfer/Documents/Developer/HOMEY\ Clean
    
/Users/ryankanfer/Library/Developer/Xcode/DerivedData/HOMEY_Clean-gafualdnzupkfseuistvwtqbnpqd/Build/Intermediates.noindex/HOMEY Clean.build/Debug-iphonesimulator/HOMEY Clean.build/DerivedSources/GeneratedAssetSymbols.swift:663:14: warning: The "Primary" color asset name resolves to a conflicting Color symbol "primary". Try renaming the asset.
    #warning("The \"Primary\" color asset name resolves to a conflicting Color symbol \"primary\". Try renaming the asset.")
             ^~~~~~~~~~~~~~~~~~~~~~~~~~~~~~~~~~~~~~~~~~~~~~~~~~~~~~~~~~~~~~~~~~~~~~~~~~~~~~~~~~~~~~~~~~~~~~~~~~~~~~~~~~~~~~

SwiftCompile normal x86_64 /Users/ryankanfer/Documents/Developer/HOMEY\ Clean/HOMEY\ Clean/Style/HeroTheme.swift (in target 'HOMEY Clean' from project 'HOMEY Clean')
    cd /Users/ryankanfer/Documents/Developer/HOMEY\ Clean
    

SwiftCompile normal x86_64 /Users/ryankanfer/Documents/Developer/HOMEY\ Clean/HOMEY\ Clean/Style/RoundedCard.swift (in target 'HOMEY Clean' from project 'HOMEY Clean')
    cd /Users/ryankanfer/Documents/Developer/HOMEY\ Clean
    

SwiftCompile normal x86_64 /Users/ryankanfer/Documents/Developer/HOMEY\ Clean/HOMEY\ Clean/Style/Spacing.swift (in target 'HOMEY Clean' from project 'HOMEY Clean')
    cd /Users/ryankanfer/Documents/Developer/HOMEY\ Clean
    

SwiftCompile normal x86_64 /Users/ryankanfer/Documents/Developer/HOMEY\ Clean/HOMEY\ Clean/Style/Typography.swift (in target 'HOMEY Clean' from project 'HOMEY Clean')
    cd /Users/ryankanfer/Documents/Developer/HOMEY\ Clean
    

SwiftCompile normal x86_64 /Users/ryankanfer/Documents/Developer/HOMEY\ Clean/HOMEY\ Clean/UI/Components/GlassCard.swift (in target 'HOMEY Clean' from project 'HOMEY Clean')
    cd /Users/ryankanfer/Documents/Developer/HOMEY\ Clean
    

SwiftCompile normal x86_64 /Users/ryankanfer/Documents/Developer/HOMEY\ Clean/HOMEY\ Clean/UI/Style/AbstractLuxeBackground.swift (in target 'HOMEY Clean' from project 'HOMEY Clean')
    cd /Users/ryankanfer/Documents/Developer/HOMEY\ Clean
    

SwiftCompile normal x86_64 /Users/ryankanfer/Documents/Developer/HOMEY\ Clean/HOMEY\ Clean/UI/Style/GlassStyle.swift (in target 'HOMEY Clean' from project 'HOMEY Clean')
    cd /Users/ryankanfer/Documents/Developer/HOMEY\ Clean
    

SwiftDriverJobDiscovery normal arm64 Emitting module for HOMEY_Clean (in target 'HOMEY Clean' from project 'HOMEY Clean')

SwiftDriver\ Compilation\ Requirements HOMEY\ Clean normal arm64 com.apple.xcode.tools.swift.compiler (in target 'HOMEY Clean' from project 'HOMEY Clean')
    cd /Users/ryankanfer/Documents/Developer/HOMEY\ Clean
    builtin-Swift-Compilation-Requirements -- /Applications/Xcode.app/Contents/Developer/Toolchains/XcodeDefault.xctoolchain/usr/bin/swiftc -module-name HOMEY_Clean -Onone -enforce-exclusivity\=checked @/Users/ryankanfer/Library/Developer/Xcode/DerivedData/HOMEY_Clean-gafualdnzupkfseuistvwtqbnpqd/Build/Intermediates.noindex/HOMEY\ Clean.build/Debug-iphonesimulator/HOMEY\ Clean.build/Objects-normal/arm64/HOMEY\ Clean.SwiftFileList -DDEBUG -enable-bare-slash-regex -enable-experimental-feature DebugDescriptionMacro -sdk /Applications/Xcode.app/Contents/Developer/Platforms/iPhoneSimulator.platform/Developer/SDKs/iPhoneSimulator26.0.sdk -target arm64-apple-ios18.5-simulator -g -module-cache-path /Users/ryankanfer/Library/Developer/Xcode/DerivedData/ModuleCache.noindex -Xfrontend -serialize-debugging-options -profile-coverage-mapping -profile-generate -enable-testing -index-store-path /Users/ryankanfer/Library/Developer/Xcode/DerivedData/HOMEY_Clean-gafualdnzupkfseuistvwtqbnpqd/Index.noindex/DataStore -Xcc -D_LIBCPP_HARDENING_MODE\=_LIBCPP_HARDENING_MODE_DEBUG -swift-version 5 -I /Users/ryankanfer/Library/Developer/Xcode/DerivedData/HOMEY_Clean-gafualdnzupkfseuistvwtqbnpqd/Build/Products/Debug-iphonesimulator -F /Users/ryankanfer/Library/Developer/Xcode/DerivedData/HOMEY_Clean-gafualdnzupkfseuistvwtqbnpqd/Build/Products/Debug-iphonesimulator/PackageFrameworks -F /Users/ryankanfer/Library/Developer/Xcode/DerivedData/HOMEY_Clean-gafualdnzupkfseuistvwtqbnpqd/Build/Products/Debug-iphonesimulator/PackageFrameworks -F /Users/ryankanfer/Library/Developer/Xcode/DerivedData/HOMEY_Clean-gafualdnzupkfseuistvwtqbnpqd/Build/Products/Debug-iphonesimulator/PackageFrameworks -F /Users/ryankanfer/Library/Developer/Xcode/DerivedData/HOMEY_Clean-gafualdnzupkfseuistvwtqbnpqd/Build/Products/Debug-iphonesimulator/PackageFrameworks -F /Users/ryankanfer/Library/Developer/Xcode/DerivedData/HOMEY_Clean-gafualdnzupkfseuistvwtqbnpqd/Build/Products/Debug-iphonesimulator/PackageFrameworks -F /Users/ryankanfer/Library/Developer/Xcode/DerivedData/HOMEY_Clean-gafualdnzupkfseuistvwtqbnpqd/Build/Products/Debug-iphonesimulator/PackageFrameworks -F /Users/ryankanfer/Library/Developer/Xcode/DerivedData/HOMEY_Clean-gafualdnzupkfseuistvwtqbnpqd/Build/Products/Debug-iphonesimulator/PackageFrameworks -F /Users/ryankanfer/Library/Developer/Xcode/DerivedData/HOMEY_Clean-gafualdnzupkfseuistvwtqbnpqd/Build/Products/Debug-iphonesimulator/PackageFrameworks -F /Users/ryankanfer/Library/Developer/Xcode/DerivedData/HOMEY_Clean-gafualdnzupkfseuistvwtqbnpqd/Build/Products/Debug-iphonesimulator/PackageFrameworks -F /Users/ryankanfer/Library/Developer/Xcode/DerivedData/HOMEY_Clean-gafualdnzupkfseuistvwtqbnpqd/Build/Products/Debug-iphonesimulator/PackageFrameworks -F /Users/ryankanfer/Library/Developer/Xcode/DerivedData/HOMEY_Clean-gafualdnzupkfseuistvwtqbnpqd/Build/Products/Debug-iphonesimulator/PackageFrameworks -F /Users/ryankanfer/Library/Developer/Xcode/DerivedData/HOMEY_Clean-gafualdnzupkfseuistvwtqbnpqd/Build/Products/Debug-iphonesimulator/PackageFrameworks -F /Users/ryankanfer/Library/Developer/Xcode/DerivedData/HOMEY_Clean-gafualdnzupkfseuistvwtqbnpqd/Build/Products/Debug-iphonesimulator/PackageFrameworks -F /Users/ryankanfer/Library/Developer/Xcode/DerivedData/HOMEY_Clean-gafualdnzupkfseuistvwtqbnpqd/Build/Products/Debug-iphonesimulator/PackageFrameworks -F /Users/ryankanfer/Library/Developer/Xcode/DerivedData/HOMEY_Clean-gafualdnzupkfseuistvwtqbnpqd/Build/Products/Debug-iphonesimulator -emit-localized-strings -emit-localized-strings-path /Users/ryankanfer/Library/Developer/Xcode/DerivedData/HOMEY_Clean-gafualdnzupkfseuistvwtqbnpqd/Build/Intermediates.noindex/HOMEY\ Clean.build/Debug-iphonesimulator/HOMEY\ Clean.build/Objects-normal/arm64 -c -j8 -enable-batch-mode -incremental -Xcc -ivfsstatcache -Xcc /Users/ryankanfer/Library/Developer/Xcode/DerivedData/SDKStatCaches.noindex/iphonesimulator26.0-23A339-26257891a6c027eb51374368541b8346.sdkstatcache -output-file-map /Users/ryankanfer/Library/Developer/Xcode/DerivedData/HOMEY_Clean-gafualdnzupkfseuistvwtqbnpqd/Build/Intermediates.noindex/HOMEY\ Clean.build/Debug-iphonesimulator/HOMEY\ Clean.build/Objects-normal/arm64/HOMEY\ Clean-OutputFileMap.json -use-frontend-parseable-output -save-temps -no-color-diagnostics -explicit-module-build -module-cache-path /Users/ryankanfer/Library/Developer/Xcode/DerivedData/HOMEY_Clean-gafualdnzupkfseuistvwtqbnpqd/Build/Intermediates.noindex/SwiftExplicitPrecompiledModules -clang-scanner-module-cache-path /Users/ryankanfer/Library/Developer/Xcode/DerivedData/ModuleCache.noindex -sdk-module-cache-path /Users/ryankanfer/Library/Developer/Xcode/DerivedData/ModuleCache.noindex -serialize-diagnostics -emit-dependencies -emit-module -emit-module-path /Users/ryankanfer/Library/Developer/Xcode/DerivedData/HOMEY_Clean-gafualdnzupkfseuistvwtqbnpqd/Build/Intermediates.noindex/HOMEY\ Clean.build/Debug-iphonesimulator/HOMEY\ Clean.build/Objects-normal/arm64/HOMEY_Clean.swiftmodule -validate-clang-modules-once -clang-build-session-file /Users/ryankanfer/Library/Developer/Xcode/DerivedData/ModuleCache.noindex/Session.modulevalidation -Xcc -I/Users/ryankanfer/Library/Developer/Xcode/DerivedData/HOMEY_Clean-gafualdnzupkfseuistvwtqbnpqd/Build/Intermediates.noindex/HOMEY\ Clean.build/Debug-iphonesimulator/HOMEY\ Clean.build/swift-overrides.hmap -emit-const-values -Xfrontend -const-gather-protocols-file -Xfrontend /Users/ryankanfer/Library/Developer/Xcode/DerivedData/HOMEY_Clean-gafualdnzupkfseuistvwtqbnpqd/Build/Intermediates.noindex/HOMEY\ Clean.build/Debug-iphonesimulator/HOMEY\ Clean.build/Objects-normal/arm64/HOMEY\ Clean_const_extract_protocols.json -Xcc -iquote -Xcc /Users/ryankanfer/Library/Developer/Xcode/DerivedData/HOMEY_Clean-gafualdnzupkfseuistvwtqbnpqd/Build/Intermediates.noindex/HOMEY\ Clean.build/Debug-iphonesimulator/HOMEY\ Clean.build/HOMEY\ Clean-generated-files.hmap -Xcc -I/Users/ryankanfer/Library/Developer/Xcode/DerivedData/HOMEY_Clean-gafualdnzupkfseuistvwtqbnpqd/Build/Intermediates.noindex/HOMEY\ Clean.build/Debug-iphonesimulator/HOMEY\ Clean.build/HOMEY\ Clean-own-target-headers.hmap -Xcc -I/Users/ryankanfer/Library/Developer/Xcode/DerivedData/HOMEY_Clean-gafualdnzupkfseuistvwtqbnpqd/Build/Intermediates.noindex/HOMEY\ Clean.build/Debug-iphonesimulator/HOMEY\ Clean.build/HOMEY\ Clean-all-non-framework-target-headers.hmap -Xcc -ivfsoverlay -Xcc /Users/ryankanfer/Library/Developer/Xcode/DerivedData/HOMEY_Clean-gafualdnzupkfseuistvwtqbnpqd/Build/Intermediates.noindex/HOMEY\ Clean.build/Debug-iphonesimulator/HOMEY\ Clean-0f55fb2587d36a9d6da7defd35999c5a-VFS-iphonesimulator/all-product-headers.yaml -Xcc -iquote -Xcc /Users/ryankanfer/Library/Developer/Xcode/DerivedData/HOMEY_Clean-gafualdnzupkfseuistvwtqbnpqd/Build/Intermediates.noindex/HOMEY\ Clean.build/Debug-iphonesimulator/HOMEY\ Clean.build/HOMEY\ Clean-project-headers.hmap -Xcc -I/Users/ryankanfer/Library/Developer/Xcode/DerivedData/HOMEY_Clean-gafualdnzupkfseuistvwtqbnpqd/Build/Products/Debug-iphonesimulator/include -Xcc -I/Users/ryankanfer/Library/Developer/Xcode/DerivedData/HOMEY_Clean-gafualdnzupkfseuistvwtqbnpqd/Build/Intermediates.noindex/HOMEY\ Clean.build/Debug-iphonesimulator/HOMEY\ Clean.build/DerivedSources-normal/arm64 -Xcc -I/Users/ryankanfer/Library/Developer/Xcode/DerivedData/HOMEY_Clean-gafualdnzupkfseuistvwtqbnpqd/Build/Intermediates.noindex/HOMEY\ Clean.build/Debug-iphonesimulator/HOMEY\ Clean.build/DerivedSources/arm64 -Xcc -I/Users/ryankanfer/Library/Developer/Xcode/DerivedData/HOMEY_Clean-gafualdnzupkfseuistvwtqbnpqd/Build/Intermediates.noindex/HOMEY\ Clean.build/Debug-iphonesimulator/HOMEY\ Clean.build/DerivedSources -Xcc -DDEBUG\=1 -emit-objc-header -emit-objc-header-path /Users/ryankanfer/Library/Developer/Xcode/DerivedData/HOMEY_Clean-gafualdnzupkfseuistvwtqbnpqd/Build/Intermediates.noindex/HOMEY\ Clean.build/Debug-iphonesimulator/HOMEY\ Clean.build/Objects-normal/arm64/HOMEY_Clean-Swift.h -working-directory /Users/ryankanfer/Documents/Developer/HOMEY\ Clean -experimental-emit-module-separately -disable-cmo

SwiftDriverJobDiscovery normal x86_64 Compiling GlassScaffold.swift, HeroTheme.swift, RoundedCard.swift, Spacing.swift, Typography.swift, GlassCard.swift, AbstractLuxeBackground.swift, GlassStyle.swift (in target 'HOMEY Clean' from project 'HOMEY Clean')

SwiftCompile normal x86_64 Compiling\ TasteStore.swift /Users/ryankanfer/Documents/Developer/HOMEY\ Clean/HOMEY\ Clean/Dashboards/Clients/Pages/Scout/Stores/TasteStore.swift (in target 'HOMEY Clean' from project 'HOMEY Clean')

SwiftCompile normal x86_64 /Users/ryankanfer/Documents/Developer/HOMEY\ Clean/HOMEY\ Clean/Dashboards/Clients/Pages/Scout/Stores/TasteStore.swift (in target 'HOMEY Clean' from project 'HOMEY Clean')
    cd /Users/ryankanfer/Documents/Developer/HOMEY\ Clean
    

Copy /Users/ryankanfer/Library/Developer/Xcode/DerivedData/HOMEY_Clean-gafualdnzupkfseuistvwtqbnpqd/Build/Products/Debug-iphonesimulator/HOMEY_Clean.swiftmodule/arm64-apple-ios-simulator.swiftmodule /Users/ryankanfer/Library/Developer/Xcode/DerivedData/HOMEY_Clean-gafualdnzupkfseuistvwtqbnpqd/Build/Intermediates.noindex/HOMEY\ Clean.build/Debug-iphonesimulator/HOMEY\ Clean.build/Objects-normal/arm64/HOMEY_Clean.swiftmodule (in target 'HOMEY Clean' from project 'HOMEY Clean')
    cd /Users/ryankanfer/Documents/Developer/HOMEY\ Clean
    builtin-copy -exclude .DS_Store -exclude CVS -exclude .svn -exclude .git -exclude .hg -resolve-src-symlinks -rename /Users/ryankanfer/Library/Developer/Xcode/DerivedData/HOMEY_Clean-gafualdnzupkfseuistvwtqbnpqd/Build/Intermediates.noindex/HOMEY\ Clean.build/Debug-iphonesimulator/HOMEY\ Clean.build/Objects-normal/arm64/HOMEY_Clean.swiftmodule /Users/ryankanfer/Library/Developer/Xcode/DerivedData/HOMEY_Clean-gafualdnzupkfseuistvwtqbnpqd/Build/Products/Debug-iphonesimulator/HOMEY_Clean.swiftmodule/arm64-apple-ios-simulator.swiftmodule

SwiftDriverJobDiscovery normal x86_64 Compiling TasteStore.swift (in target 'HOMEY Clean' from project 'HOMEY Clean')

Copy /Users/ryankanfer/Library/Developer/Xcode/DerivedData/HOMEY_Clean-gafualdnzupkfseuistvwtqbnpqd/Build/Products/Debug-iphonesimulator/HOMEY_Clean.swiftmodule/arm64-apple-ios-simulator.abi.json /Users/ryankanfer/Library/Developer/Xcode/DerivedData/HOMEY_Clean-gafualdnzupkfseuistvwtqbnpqd/Build/Intermediates.noindex/HOMEY\ Clean.build/Debug-iphonesimulator/HOMEY\ Clean.build/Objects-normal/arm64/HOMEY_Clean.abi.json (in target 'HOMEY Clean' from project 'HOMEY Clean')
    cd /Users/ryankanfer/Documents/Developer/HOMEY\ Clean
    builtin-copy -exclude .DS_Store -exclude CVS -exclude .svn -exclude .git -exclude .hg -resolve-src-symlinks -rename /Users/ryankanfer/Library/Developer/Xcode/DerivedData/HOMEY_Clean-gafualdnzupkfseuistvwtqbnpqd/Build/Intermediates.noindex/HOMEY\ Clean.build/Debug-iphonesimulator/HOMEY\ Clean.build/Objects-normal/arm64/HOMEY_Clean.abi.json /Users/ryankanfer/Library/Developer/Xcode/DerivedData/HOMEY_Clean-gafualdnzupkfseuistvwtqbnpqd/Build/Products/Debug-iphonesimulator/HOMEY_Clean.swiftmodule/arm64-apple-ios-simulator.abi.json

Copy /Users/ryankanfer/Library/Developer/Xcode/DerivedData/HOMEY_Clean-gafualdnzupkfseuistvwtqbnpqd/Build/Products/Debug-iphonesimulator/HOMEY_Clean.swiftmodule/Project/arm64-apple-ios-simulator.swiftsourceinfo /Users/ryankanfer/Library/Developer/Xcode/DerivedData/HOMEY_Clean-gafualdnzupkfseuistvwtqbnpqd/Build/Intermediates.noindex/HOMEY\ Clean.build/Debug-iphonesimulator/HOMEY\ Clean.build/Objects-normal/arm64/HOMEY_Clean.swiftsourceinfo (in target 'HOMEY Clean' from project 'HOMEY Clean')
    cd /Users/ryankanfer/Documents/Developer/HOMEY\ Clean
    builtin-copy -exclude .DS_Store -exclude CVS -exclude .svn -exclude .git -exclude .hg -resolve-src-symlinks -rename /Users/ryankanfer/Library/Developer/Xcode/DerivedData/HOMEY_Clean-gafualdnzupkfseuistvwtqbnpqd/Build/Intermediates.noindex/HOMEY\ Clean.build/Debug-iphonesimulator/HOMEY\ Clean.build/Objects-normal/arm64/HOMEY_Clean.swiftsourceinfo /Users/ryankanfer/Library/Developer/Xcode/DerivedData/HOMEY_Clean-gafualdnzupkfseuistvwtqbnpqd/Build/Products/Debug-iphonesimulator/HOMEY_Clean.swiftmodule/Project/arm64-apple-ios-simulator.swiftsourceinfo

SwiftCompile normal x86_64 Compiling\ UnifiedWelcomeView.swift,\ WelcomePagerView.swift,\ WelcomeStoryboardView.swift,\ RoleSelectionView.swift,\ AnimatedGradient.swift,\ AnimatedLuxeBackground.swift,\ CTAButtonStyle.swift,\ GlassFooterItem.swift /Users/ryankanfer/Documents/Developer/HOMEY\ Clean/HOMEY\ Clean/Opening/UnifiedWelcomeView.swift /Users/ryankanfer/Documents/Developer/HOMEY\ Clean/HOMEY\ Clean/Opening/WelcomePagerView.swift /Users/ryankanfer/Documents/Developer/HOMEY\ Clean/HOMEY\ Clean/Opening/WelcomeStoryboardView.swift /Users/ryankanfer/Documents/Developer/HOMEY\ Clean/HOMEY\ Clean/RoleSelection/RoleSelectionView.swift /Users/ryankanfer/Documents/Developer/HOMEY\ Clean/HOMEY\ Clean/Splash/AnimatedGradient.swift /Users/ryankanfer/Documents/Developer/HOMEY\ Clean/HOMEY\ Clean/Splash/AnimatedLuxeBackground.swift /Users/ryankanfer/Documents/Developer/HOMEY\ Clean/HOMEY\ Clean/Style/CTAButtonStyle.swift /Users/ryankanfer/Documents/Developer/HOMEY\ Clean/HOMEY\ Clean/Style/GlassFooterItem.swift (in target 'HOMEY Clean' from project 'HOMEY Clean')

SwiftCompile normal x86_64 /Users/ryankanfer/Documents/Developer/HOMEY\ Clean/HOMEY\ Clean/Opening/UnifiedWelcomeView.swift (in target 'HOMEY Clean' from project 'HOMEY Clean')
    cd /Users/ryankanfer/Documents/Developer/HOMEY\ Clean
    
/Users/ryankanfer/Library/Developer/Xcode/DerivedData/HOMEY_Clean-gafualdnzupkfseuistvwtqbnpqd/Build/Intermediates.noindex/HOMEY Clean.build/Debug-iphonesimulator/HOMEY Clean.build/DerivedSources/GeneratedAssetSymbols.swift:663:14: warning: The "Primary" color asset name resolves to a conflicting Color symbol "primary". Try renaming the asset.
    #warning("The \"Primary\" color asset name resolves to a conflicting Color symbol \"primary\". Try renaming the asset.")
             ^~~~~~~~~~~~~~~~~~~~~~~~~~~~~~~~~~~~~~~~~~~~~~~~~~~~~~~~~~~~~~~~~~~~~~~~~~~~~~~~~~~~~~~~~~~~~~~~~~~~~~~~~~~~~~

SwiftCompile normal x86_64 /Users/ryankanfer/Documents/Developer/HOMEY\ Clean/HOMEY\ Clean/Opening/WelcomePagerView.swift (in target 'HOMEY Clean' from project 'HOMEY Clean')
    cd /Users/ryankanfer/Documents/Developer/HOMEY\ Clean
    

SwiftCompile normal x86_64 /Users/ryankanfer/Documents/Developer/HOMEY\ Clean/HOMEY\ Clean/Opening/WelcomeStoryboardView.swift (in target 'HOMEY Clean' from project 'HOMEY Clean')
    cd /Users/ryankanfer/Documents/Developer/HOMEY\ Clean
    

SwiftCompile normal x86_64 /Users/ryankanfer/Documents/Developer/HOMEY\ Clean/HOMEY\ Clean/RoleSelection/RoleSelectionView.swift (in target 'HOMEY Clean' from project 'HOMEY Clean')
    cd /Users/ryankanfer/Documents/Developer/HOMEY\ Clean
    

SwiftCompile normal x86_64 /Users/ryankanfer/Documents/Developer/HOMEY\ Clean/HOMEY\ Clean/Splash/AnimatedGradient.swift (in target 'HOMEY Clean' from project 'HOMEY Clean')
    cd /Users/ryankanfer/Documents/Developer/HOMEY\ Clean
    

SwiftCompile normal x86_64 /Users/ryankanfer/Documents/Developer/HOMEY\ Clean/HOMEY\ Clean/Splash/AnimatedLuxeBackground.swift (in target 'HOMEY Clean' from project 'HOMEY Clean')
    cd /Users/ryankanfer/Documents/Developer/HOMEY\ Clean
    

SwiftCompile normal x86_64 /Users/ryankanfer/Documents/Developer/HOMEY\ Clean/HOMEY\ Clean/Style/CTAButtonStyle.swift (in target 'HOMEY Clean' from project 'HOMEY Clean')
    cd /Users/ryankanfer/Documents/Developer/HOMEY\ Clean
    

SwiftCompile normal x86_64 /Users/ryankanfer/Documents/Developer/HOMEY\ Clean/HOMEY\ Clean/Style/GlassFooterItem.swift (in target 'HOMEY Clean' from project 'HOMEY Clean')
    cd /Users/ryankanfer/Documents/Developer/HOMEY\ Clean
    

SwiftCompile normal arm64 Compiling\ CharacterTilesGrid.swift,\ LaunchGate.swift,\ LaunchView.swift,\ TeamTile.swift,\ UnifiedWelcomeView.swift,\ WelcomePagerView.swift,\ WelcomeStoryboardView.swift,\ RoleSelectionView.swift,\ AnimatedGradient.swift,\ AnimatedLuxeBackground.swift,\ CTAButtonStyle.swift,\ GlassFooterItem.swift,\ GlassScaffold.swift,\ HeroTheme.swift,\ RoundedCard.swift,\ Spacing.swift,\ Typography.swift /Users/ryankanfer/Documents/Developer/HOMEY\ Clean/HOMEY\ Clean/Opening/CharacterTilesGrid.swift /Users/ryankanfer/Documents/Developer/HOMEY\ Clean/HOMEY\ Clean/Opening/LaunchGate.swift /Users/ryankanfer/Documents/Developer/HOMEY\ Clean/HOMEY\ Clean/Opening/LaunchView.swift /Users/ryankanfer/Documents/Developer/HOMEY\ Clean/HOMEY\ Clean/Opening/TeamTile.swift /Users/ryankanfer/Documents/Developer/HOMEY\ Clean/HOMEY\ Clean/Opening/UnifiedWelcomeView.swift /Users/ryankanfer/Documents/Developer/HOMEY\ Clean/HOMEY\ Clean/Opening/WelcomePagerView.swift /Users/ryankanfer/Documents/Developer/HOMEY\ Clean/HOMEY\ Clean/Opening/WelcomeStoryboardView.swift /Users/ryankanfer/Documents/Developer/HOMEY\ Clean/HOMEY\ Clean/RoleSelection/RoleSelectionView.swift /Users/ryankanfer/Documents/Developer/HOMEY\ Clean/HOMEY\ Clean/Splash/AnimatedGradient.swift /Users/ryankanfer/Documents/Developer/HOMEY\ Clean/HOMEY\ Clean/Splash/AnimatedLuxeBackground.swift /Users/ryankanfer/Documents/Developer/HOMEY\ Clean/HOMEY\ Clean/Style/CTAButtonStyle.swift /Users/ryankanfer/Documents/Developer/HOMEY\ Clean/HOMEY\ Clean/Style/GlassFooterItem.swift /Users/ryankanfer/Documents/Developer/HOMEY\ Clean/HOMEY\ Clean/Style/GlassScaffold.swift /Users/ryankanfer/Documents/Developer/HOMEY\ Clean/HOMEY\ Clean/Style/HeroTheme.swift /Users/ryankanfer/Documents/Developer/HOMEY\ Clean/HOMEY\ Clean/Style/RoundedCard.swift /Users/ryankanfer/Documents/Developer/HOMEY\ Clean/HOMEY\ Clean/Style/Spacing.swift /Users/ryankanfer/Documents/Developer/HOMEY\ Clean/HOMEY\ Clean/Style/Typography.swift (in target 'HOMEY Clean' from project 'HOMEY Clean')

SwiftCompile normal arm64 /Users/ryankanfer/Documents/Developer/HOMEY\ Clean/HOMEY\ Clean/Opening/CharacterTilesGrid.swift (in target 'HOMEY Clean' from project 'HOMEY Clean')
    cd /Users/ryankanfer/Documents/Developer/HOMEY\ Clean
    
/Users/ryankanfer/Library/Developer/Xcode/DerivedData/HOMEY_Clean-gafualdnzupkfseuistvwtqbnpqd/Build/Intermediates.noindex/HOMEY Clean.build/Debug-iphonesimulator/HOMEY Clean.build/DerivedSources/GeneratedAssetSymbols.swift:663:14: warning: The "Primary" color asset name resolves to a conflicting Color symbol "primary". Try renaming the asset.
    #warning("The \"Primary\" color asset name resolves to a conflicting Color symbol \"primary\". Try renaming the asset.")
             ^~~~~~~~~~~~~~~~~~~~~~~~~~~~~~~~~~~~~~~~~~~~~~~~~~~~~~~~~~~~~~~~~~~~~~~~~~~~~~~~~~~~~~~~~~~~~~~~~~~~~~~~~~~~~~

SwiftCompile normal arm64 /Users/ryankanfer/Documents/Developer/HOMEY\ Clean/HOMEY\ Clean/Opening/LaunchGate.swift (in target 'HOMEY Clean' from project 'HOMEY Clean')
    cd /Users/ryankanfer/Documents/Developer/HOMEY\ Clean
    

SwiftCompile normal arm64 /Users/ryankanfer/Documents/Developer/HOMEY\ Clean/HOMEY\ Clean/Opening/LaunchView.swift (in target 'HOMEY Clean' from project 'HOMEY Clean')
    cd /Users/ryankanfer/Documents/Developer/HOMEY\ Clean
    

SwiftCompile normal arm64 /Users/ryankanfer/Documents/Developer/HOMEY\ Clean/HOMEY\ Clean/Opening/TeamTile.swift (in target 'HOMEY Clean' from project 'HOMEY Clean')
    cd /Users/ryankanfer/Documents/Developer/HOMEY\ Clean
    

SwiftCompile normal arm64 /Users/ryankanfer/Documents/Developer/HOMEY\ Clean/HOMEY\ Clean/Opening/UnifiedWelcomeView.swift (in target 'HOMEY Clean' from project 'HOMEY Clean')
    cd /Users/ryankanfer/Documents/Developer/HOMEY\ Clean
    

SwiftCompile normal arm64 /Users/ryankanfer/Documents/Developer/HOMEY\ Clean/HOMEY\ Clean/Opening/WelcomePagerView.swift (in target 'HOMEY Clean' from project 'HOMEY Clean')
    cd /Users/ryankanfer/Documents/Developer/HOMEY\ Clean
    

SwiftCompile normal arm64 /Users/ryankanfer/Documents/Developer/HOMEY\ Clean/HOMEY\ Clean/Opening/WelcomeStoryboardView.swift (in target 'HOMEY Clean' from project 'HOMEY Clean')
    cd /Users/ryankanfer/Documents/Developer/HOMEY\ Clean
    

SwiftCompile normal arm64 /Users/ryankanfer/Documents/Developer/HOMEY\ Clean/HOMEY\ Clean/RoleSelection/RoleSelectionView.swift (in target 'HOMEY Clean' from project 'HOMEY Clean')
    cd /Users/ryankanfer/Documents/Developer/HOMEY\ Clean
    

SwiftCompile normal arm64 /Users/ryankanfer/Documents/Developer/HOMEY\ Clean/HOMEY\ Clean/Splash/AnimatedGradient.swift (in target 'HOMEY Clean' from project 'HOMEY Clean')
    cd /Users/ryankanfer/Documents/Developer/HOMEY\ Clean
    

SwiftCompile normal arm64 /Users/ryankanfer/Documents/Developer/HOMEY\ Clean/HOMEY\ Clean/Splash/AnimatedLuxeBackground.swift (in target 'HOMEY Clean' from project 'HOMEY Clean')
    cd /Users/ryankanfer/Documents/Developer/HOMEY\ Clean
    

SwiftCompile normal arm64 /Users/ryankanfer/Documents/Developer/HOMEY\ Clean/HOMEY\ Clean/Style/CTAButtonStyle.swift (in target 'HOMEY Clean' from project 'HOMEY Clean')
    cd /Users/ryankanfer/Documents/Developer/HOMEY\ Clean
    

SwiftCompile normal arm64 /Users/ryankanfer/Documents/Developer/HOMEY\ Clean/HOMEY\ Clean/Style/GlassFooterItem.swift (in target 'HOMEY Clean' from project 'HOMEY Clean')
    cd /Users/ryankanfer/Documents/Developer/HOMEY\ Clean
    

SwiftCompile normal arm64 /Users/ryankanfer/Documents/Developer/HOMEY\ Clean/HOMEY\ Clean/Style/GlassScaffold.swift (in target 'HOMEY Clean' from project 'HOMEY Clean')
    cd /Users/ryankanfer/Documents/Developer/HOMEY\ Clean
    

SwiftCompile normal arm64 /Users/ryankanfer/Documents/Developer/HOMEY\ Clean/HOMEY\ Clean/Style/HeroTheme.swift (in target 'HOMEY Clean' from project 'HOMEY Clean')
    cd /Users/ryankanfer/Documents/Developer/HOMEY\ Clean
    

SwiftCompile normal arm64 /Users/ryankanfer/Documents/Developer/HOMEY\ Clean/HOMEY\ Clean/Style/RoundedCard.swift (in target 'HOMEY Clean' from project 'HOMEY Clean')
    cd /Users/ryankanfer/Documents/Developer/HOMEY\ Clean
    

SwiftCompile normal arm64 /Users/ryankanfer/Documents/Developer/HOMEY\ Clean/HOMEY\ Clean/Style/Spacing.swift (in target 'HOMEY Clean' from project 'HOMEY Clean')
    cd /Users/ryankanfer/Documents/Developer/HOMEY\ Clean
    

SwiftCompile normal arm64 /Users/ryankanfer/Documents/Developer/HOMEY\ Clean/HOMEY\ Clean/Style/Typography.swift (in target 'HOMEY Clean' from project 'HOMEY Clean')
    cd /Users/ryankanfer/Documents/Developer/HOMEY\ Clean
    

SwiftDriverJobDiscovery normal x86_64 Compiling VendorsView.swift, IslaDashboardView.swift, CategoryCard.swift, CategoryDetailModal.swift, PaigeDashboardView.swift, PaigeDocumentVault.swift, PaigeMicroInteractions.swift, QuickActionsRow.swift, UploadDocumentFlow.swift (in target 'HOMEY Clean' from project 'HOMEY Clean')

SwiftCompile normal x86_64 Compiling\ CompanionModule.swift /Users/ryankanfer/Documents/Developer/HOMEY\ Clean/HOMEY\ Clean/Models/CompanionModule.swift (in target 'HOMEY Clean' from project 'HOMEY Clean')

SwiftCompile normal x86_64 /Users/ryankanfer/Documents/Developer/HOMEY\ Clean/HOMEY\ Clean/Models/CompanionModule.swift (in target 'HOMEY Clean' from project 'HOMEY Clean')
    cd /Users/ryankanfer/Documents/Developer/HOMEY\ Clean
    

SwiftDriverJobDiscovery normal arm64 Compiling AppearanceSettingsSection.swift, HelpSupportSettingsSection.swift, IntegrationsSettingsSection.swift, NotificationsSettingsSection.swift, PersonalizationSettingsSection.swift, PrivacySecuritySettingsSection.swift, ComprehensiveSettingsView.swift, HomeyLandingViewWithProfile.swift, NavigationDashboardView.swift, SettingsView.swift, ThemeSettingsView.swift, CharlieAct.swift, FontDebugView.swift, JourneyLoggingPlaceholder.swift, JourneyWatcher.swift, SupabaseEventsService.swift, GeneratedAssetSymbols.swift (in target 'HOMEY Clean' from project 'HOMEY Clean')

SwiftCompile normal arm64 Compiling\ UserProfileManager.swift,\ ViewportMargins.swift,\ AdminDashboardView.swift,\ BuildBadge.swift,\ DangerZone.swift,\ FlagsPanel.swift,\ ImpersonateBar.swift,\ LogTailView.swift,\ AgentDashboardView.swift,\ AgentEventsView.swift,\ AgentInviteButton.swift,\ ClientHomeView.swift,\ ClientLiveContent.swift,\ CharlieDashboardView.swift,\ CharlieOnboardingView.swift /Users/ryankanfer/Documents/Developer/HOMEY\ Clean/HOMEY\ Clean/Core/UserProfileManager.swift /Users/ryankanfer/Documents/Developer/HOMEY\ Clean/HOMEY\ Clean/Core/ViewportMargins.swift /Users/ryankanfer/Documents/Developer/HOMEY\ Clean/HOMEY\ Clean/Dashboards/Admin/AdminDashboardView.swift /Users/ryankanfer/Documents/Developer/HOMEY\ Clean/HOMEY\ Clean/Dashboards/Admin/BuildBadge.swift /Users/ryankanfer/Documents/Developer/HOMEY\ Clean/HOMEY\ Clean/Dashboards/Admin/DangerZone.swift /Users/ryankanfer/Documents/Developer/HOMEY\ Clean/HOMEY\ Clean/Dashboards/Admin/FlagsPanel.swift /Users/ryankanfer/Documents/Developer/HOMEY\ Clean/HOMEY\ Clean/Dashboards/Admin/ImpersonateBar.swift /Users/ryankanfer/Documents/Developer/HOMEY\ Clean/HOMEY\ Clean/Dashboards/Admin/LogTailView.swift /Users/ryankanfer/Documents/Developer/HOMEY\ Clean/HOMEY\ Clean/Dashboards/Agents/AgentDashboardView.swift /Users/ryankanfer/Documents/Developer/HOMEY\ Clean/HOMEY\ Clean/Dashboards/Agents/AgentEventsView.swift /Users/ryankanfer/Documents/Developer/HOMEY\ Clean/HOMEY\ Clean/Dashboards/Agents/AgentInviteButton.swift /Users/ryankanfer/Documents/Developer/HOMEY\ Clean/HOMEY\ Clean/Dashboards/Clients/Legacy/ClientHomeView.swift /Users/ryankanfer/Documents/Developer/HOMEY\ Clean/HOMEY\ Clean/Dashboards/Clients/Legacy/ClientLiveContent.swift /Users/ryankanfer/Documents/Developer/HOMEY\ Clean/HOMEY\ Clean/Dashboards/Clients/Pages/Charlie/CharlieDashboardView.swift /Users/ryankanfer/Documents/Developer/HOMEY\ Clean/HOMEY\ Clean/Dashboards/Clients/Pages/Charlie/CharlieOnboardingView.swift (in target 'HOMEY Clean' from project 'HOMEY Clean')

SwiftCompile normal arm64 /Users/ryankanfer/Documents/Developer/HOMEY\ Clean/HOMEY\ Clean/Core/UserProfileManager.swift (in target 'HOMEY Clean' from project 'HOMEY Clean')
    cd /Users/ryankanfer/Documents/Developer/HOMEY\ Clean
    

SwiftCompile normal arm64 /Users/ryankanfer/Documents/Developer/HOMEY\ Clean/HOMEY\ Clean/Core/ViewportMargins.swift (in target 'HOMEY Clean' from project 'HOMEY Clean')
    cd /Users/ryankanfer/Documents/Developer/HOMEY\ Clean
    

SwiftCompile normal arm64 /Users/ryankanfer/Documents/Developer/HOMEY\ Clean/HOMEY\ Clean/Dashboards/Admin/AdminDashboardView.swift (in target 'HOMEY Clean' from project 'HOMEY Clean')
    cd /Users/ryankanfer/Documents/Developer/HOMEY\ Clean
    
/Users/ryankanfer/Library/Developer/Xcode/DerivedData/HOMEY_Clean-gafualdnzupkfseuistvwtqbnpqd/Build/Intermediates.noindex/HOMEY Clean.build/Debug-iphonesimulator/HOMEY Clean.build/DerivedSources/GeneratedAssetSymbols.swift:663:14: warning: The "Primary" color asset name resolves to a conflicting Color symbol "primary". Try renaming the asset.
    #warning("The \"Primary\" color asset name resolves to a conflicting Color symbol \"primary\". Try renaming the asset.")
             ^~~~~~~~~~~~~~~~~~~~~~~~~~~~~~~~~~~~~~~~~~~~~~~~~~~~~~~~~~~~~~~~~~~~~~~~~~~~~~~~~~~~~~~~~~~~~~~~~~~~~~~~~~~~~~

SwiftCompile normal arm64 /Users/ryankanfer/Documents/Developer/HOMEY\ Clean/HOMEY\ Clean/Dashboards/Admin/BuildBadge.swift (in target 'HOMEY Clean' from project 'HOMEY Clean')
    cd /Users/ryankanfer/Documents/Developer/HOMEY\ Clean
    

SwiftCompile normal arm64 /Users/ryankanfer/Documents/Developer/HOMEY\ Clean/HOMEY\ Clean/Dashboards/Admin/DangerZone.swift (in target 'HOMEY Clean' from project 'HOMEY Clean')
    cd /Users/ryankanfer/Documents/Developer/HOMEY\ Clean
    

SwiftCompile normal arm64 /Users/ryankanfer/Documents/Developer/HOMEY\ Clean/HOMEY\ Clean/Dashboards/Admin/FlagsPanel.swift (in target 'HOMEY Clean' from project 'HOMEY Clean')
    cd /Users/ryankanfer/Documents/Developer/HOMEY\ Clean
    

SwiftCompile normal arm64 /Users/ryankanfer/Documents/Developer/HOMEY\ Clean/HOMEY\ Clean/Dashboards/Admin/ImpersonateBar.swift (in target 'HOMEY Clean' from project 'HOMEY Clean')
    cd /Users/ryankanfer/Documents/Developer/HOMEY\ Clean
    

SwiftCompile normal arm64 /Users/ryankanfer/Documents/Developer/HOMEY\ Clean/HOMEY\ Clean/Dashboards/Admin/LogTailView.swift (in target 'HOMEY Clean' from project 'HOMEY Clean')
    cd /Users/ryankanfer/Documents/Developer/HOMEY\ Clean
    

SwiftCompile normal arm64 /Users/ryankanfer/Documents/Developer/HOMEY\ Clean/HOMEY\ Clean/Dashboards/Agents/AgentDashboardView.swift (in target 'HOMEY Clean' from project 'HOMEY Clean')
    cd /Users/ryankanfer/Documents/Developer/HOMEY\ Clean
    

SwiftCompile normal arm64 /Users/ryankanfer/Documents/Developer/HOMEY\ Clean/HOMEY\ Clean/Dashboards/Agents/AgentEventsView.swift (in target 'HOMEY Clean' from project 'HOMEY Clean')
    cd /Users/ryankanfer/Documents/Developer/HOMEY\ Clean
    

SwiftCompile normal arm64 /Users/ryankanfer/Documents/Developer/HOMEY\ Clean/HOMEY\ Clean/Dashboards/Agents/AgentInviteButton.swift (in target 'HOMEY Clean' from project 'HOMEY Clean')
    cd /Users/ryankanfer/Documents/Developer/HOMEY\ Clean
    

SwiftCompile normal arm64 /Users/ryankanfer/Documents/Developer/HOMEY\ Clean/HOMEY\ Clean/Dashboards/Clients/Legacy/ClientHomeView.swift (in target 'HOMEY Clean' from project 'HOMEY Clean')
    cd /Users/ryankanfer/Documents/Developer/HOMEY\ Clean
    

SwiftCompile normal arm64 /Users/ryankanfer/Documents/Developer/HOMEY\ Clean/HOMEY\ Clean/Dashboards/Clients/Legacy/ClientLiveContent.swift (in target 'HOMEY Clean' from project 'HOMEY Clean')
    cd /Users/ryankanfer/Documents/Developer/HOMEY\ Clean
    

SwiftCompile normal arm64 /Users/ryankanfer/Documents/Developer/HOMEY\ Clean/HOMEY\ Clean/Dashboards/Clients/Pages/Charlie/CharlieDashboardView.swift (in target 'HOMEY Clean' from project 'HOMEY Clean')
    cd /Users/ryankanfer/Documents/Developer/HOMEY\ Clean
    

SwiftCompile normal arm64 /Users/ryankanfer/Documents/Developer/HOMEY\ Clean/HOMEY\ Clean/Dashboards/Clients/Pages/Charlie/CharlieOnboardingView.swift (in target 'HOMEY Clean' from project 'HOMEY Clean')
    cd /Users/ryankanfer/Documents/Developer/HOMEY\ Clean
    
/Users/ryankanfer/Library/Developer/Xcode/DerivedData/HOMEY_Clean-gafualdnzupkfseuistvwtqbnpqd/Build/Intermediates.noindex/HOMEY Clean.build/Debug-iphonesimulator/HOMEY Clean.build/DerivedSources/GeneratedAssetSymbols.swift:30:14: warning: The "AccentColor" color asset name resolves to the symbol "accent" which already exists. Try renaming the asset.
    #warning("The \"AccentColor\" color asset name resolves to the symbol \"accent\" which already exists. Try renaming the asset.")
             ^~~~~~~~~~~~~~~~~~~~~~~~~~~~~~~~~~~~~~~~~~~~~~~~~~~~~~~~~~~~~~~~~~~~~~~~~~~~~~~~~~~~~~~~~~~~~~~~~~~~~~~~~~~~~~~~~~~~~~

SwiftDriverJobDiscovery normal x86_64 Compiling CompanionModule.swift (in target 'HOMEY Clean' from project 'HOMEY Clean')

SwiftCompile normal arm64 Compiling\ FloatingAvatarView.swift,\ GlassNavigationFooter.swift,\ GradientBackgrounds.swift,\ HeroAVPlayerView.swift,\ HeroVideoView.swift,\ LeftNavigationDrawer.swift,\ RecommendationEngine.swift,\ SmartAIBox.swift,\ SmartRecommendationView.swift,\ StyledSymbol.swift,\ CelebrationAnimations.swift,\ LiquidGlassSystem.swift,\ LiquidWordmark.swift,\ SemanticColors.swift,\ TRAEAmbientMotion.swift /Users/ryankanfer/Documents/Developer/HOMEY\ Clean/HOMEY\ Clean/Components/FloatingAvatarView.swift /Users/ryankanfer/Documents/Developer/HOMEY\ Clean/HOMEY\ Clean/Components/GlassNavigationFooter.swift /Users/ryankanfer/Documents/Developer/HOMEY\ Clean/HOMEY\ Clean/Components/GradientBackgrounds.swift /Users/ryankanfer/Documents/Developer/HOMEY\ Clean/HOMEY\ Clean/Components/HeroAVPlayerView.swift /Users/ryankanfer/Documents/Developer/HOMEY\ Clean/HOMEY\ Clean/Components/HeroVideoView.swift /Users/ryankanfer/Documents/Developer/HOMEY\ Clean/HOMEY\ Clean/Components/LeftNavigationDrawer.swift /Users/ryankanfer/Documents/Developer/HOMEY\ Clean/HOMEY\ Clean/Components/RecommendationEngine.swift /Users/ryankanfer/Documents/Developer/HOMEY\ Clean/HOMEY\ Clean/Components/SmartAIBox.swift /Users/ryankanfer/Documents/Developer/HOMEY\ Clean/HOMEY\ Clean/Components/SmartRecommendationView.swift /Users/ryankanfer/Documents/Developer/HOMEY\ Clean/HOMEY\ Clean/Components/StyledSymbol.swift /Users/ryankanfer/Documents/Developer/HOMEY\ Clean/HOMEY\ Clean/Core/Design/CelebrationAnimations.swift /Users/ryankanfer/Documents/Developer/HOMEY\ Clean/HOMEY\ Clean/Core/Design/LiquidGlassSystem.swift /Users/ryankanfer/Documents/Developer/HOMEY\ Clean/HOMEY\ Clean/Core/Design/LiquidWordmark.swift /Users/ryankanfer/Documents/Developer/HOMEY\ Clean/HOMEY\ Clean/Core/Design/SemanticColors.swift /Users/ryankanfer/Documents/Developer/HOMEY\ Clean/HOMEY\ Clean/Core/Design/TRAEAmbientMotion.swift (in target 'HOMEY Clean' from project 'HOMEY Clean')

SwiftCompile normal arm64 /Users/ryankanfer/Documents/Developer/HOMEY\ Clean/HOMEY\ Clean/Components/FloatingAvatarView.swift (in target 'HOMEY Clean' from project 'HOMEY Clean')
    cd /Users/ryankanfer/Documents/Developer/HOMEY\ Clean
    
/Users/ryankanfer/Library/Developer/Xcode/DerivedData/HOMEY_Clean-gafualdnzupkfseuistvwtqbnpqd/Build/Intermediates.noindex/HOMEY Clean.build/Debug-iphonesimulator/HOMEY Clean.build/DerivedSources/GeneratedAssetSymbols.swift:663:14: warning: The "Primary" color asset name resolves to a conflicting Color symbol "primary". Try renaming the asset.
    #warning("The \"Primary\" color asset name resolves to a conflicting Color symbol \"primary\". Try renaming the asset.")
             ^~~~~~~~~~~~~~~~~~~~~~~~~~~~~~~~~~~~~~~~~~~~~~~~~~~~~~~~~~~~~~~~~~~~~~~~~~~~~~~~~~~~~~~~~~~~~~~~~~~~~~~~~~~~~~
/Users/ryankanfer/Documents/Developer/HOMEY Clean/HOMEY Clean/Core/Design/TRAEMicroInteractions.swift:476:45: warning: backward matching of the unlabeled trailing closure is deprecated; label the argument with 'onLongPress' to suppress this warning
            .traeInteractive(type: .button) {
                                          ~ ^
                                          , onLongPress: 
/Users/ryankanfer/Documents/Developer/HOMEY Clean/HOMEY Clean/Core/Design/TRAEMicroInteractions.swift:440:10: note: 'traeInteractive(type:isEnabled:onTap:onLongPress:)' declared here
    func traeInteractive(
         ^
/Users/ryankanfer/Library/Developer/Xcode/DerivedData/HOMEY_Clean-gafualdnzupkfseuistvwtqbnpqd/Build/Intermediates.noindex/HOMEY Clean.build/Debug-iphonesimulator/HOMEY Clean.build/DerivedSources/GeneratedAssetSymbols.swift:30:14: warning: The "AccentColor" color asset name resolves to the symbol "accent" which already exists. Try renaming the asset.
    #warning("The \"AccentColor\" color asset name resolves to the symbol \"accent\" which already exists. Try renaming the asset.")
             ^~~~~~~~~~~~~~~~~~~~~~~~~~~~~~~~~~~~~~~~~~~~~~~~~~~~~~~~~~~~~~~~~~~~~~~~~~~~~~~~~~~~~~~~~~~~~~~~~~~~~~~~~~~~~~~~~~~~~~

SwiftCompile normal arm64 /Users/ryankanfer/Documents/Developer/HOMEY\ Clean/HOMEY\ Clean/Components/GlassNavigationFooter.swift (in target 'HOMEY Clean' from project 'HOMEY Clean')
    cd /Users/ryankanfer/Documents/Developer/HOMEY\ Clean
    

SwiftCompile normal arm64 /Users/ryankanfer/Documents/Developer/HOMEY\ Clean/HOMEY\ Clean/Components/GradientBackgrounds.swift (in target 'HOMEY Clean' from project 'HOMEY Clean')
    cd /Users/ryankanfer/Documents/Developer/HOMEY\ Clean
    

SwiftCompile normal arm64 /Users/ryankanfer/Documents/Developer/HOMEY\ Clean/HOMEY\ Clean/Components/HeroAVPlayerView.swift (in target 'HOMEY Clean' from project 'HOMEY Clean')
    cd /Users/ryankanfer/Documents/Developer/HOMEY\ Clean
    

SwiftCompile normal arm64 /Users/ryankanfer/Documents/Developer/HOMEY\ Clean/HOMEY\ Clean/Components/HeroVideoView.swift (in target 'HOMEY Clean' from project 'HOMEY Clean')
    cd /Users/ryankanfer/Documents/Developer/HOMEY\ Clean
    
/Users/ryankanfer/Documents/Developer/HOMEY Clean/HOMEY Clean/Components/HeroVideoView.swift:117:26: warning: 'onChange(of:perform:)' was deprecated in iOS 17.0: Use `onChange` with a two or zero parameter action closure instead.
                        .onChange(of: g.frame(in: .global).minY) { _ in updateLocalOffset(g) }
                         ^

SwiftCompile normal arm64 /Users/ryankanfer/Documents/Developer/HOMEY\ Clean/HOMEY\ Clean/Components/LeftNavigationDrawer.swift (in target 'HOMEY Clean' from project 'HOMEY Clean')
    cd /Users/ryankanfer/Documents/Developer/HOMEY\ Clean
    

SwiftCompile normal arm64 /Users/ryankanfer/Documents/Developer/HOMEY\ Clean/HOMEY\ Clean/Components/RecommendationEngine.swift (in target 'HOMEY Clean' from project 'HOMEY Clean')
    cd /Users/ryankanfer/Documents/Developer/HOMEY\ Clean
    
/Users/ryankanfer/Documents/Developer/HOMEY Clean/HOMEY Clean/Components/RecommendationEngine.swift:162:9: warning: immutable property will not be decoded because it is declared with an initial value which cannot be overwritten
    let id = UUID()
        ^
/Users/ryankanfer/Documents/Developer/HOMEY Clean/HOMEY Clean/Components/RecommendationEngine.swift:162:9: note: set the initial value via the initializer or explicitly define a CodingKeys enum including a 'id' case to silence this warning
    let id = UUID()
        ^
/Users/ryankanfer/Documents/Developer/HOMEY Clean/HOMEY Clean/Components/RecommendationEngine.swift:162:9: note: make the property mutable instead
    let id = UUID()
    ~~~ ^
    var
/Users/ryankanfer/Documents/Developer/HOMEY Clean/HOMEY Clean/Components/RecommendationEngine.swift:172:9: warning: immutable property will not be decoded because it is declared with an initial value which cannot be overwritten
    let timestamp: Date = Date()
        ^
/Users/ryankanfer/Documents/Developer/HOMEY Clean/HOMEY Clean/Components/RecommendationEngine.swift:172:9: note: set the initial value via the initializer or explicitly define a CodingKeys enum including a 'timestamp' case to silence this warning
    let timestamp: Date = Date()
        ^
/Users/ryankanfer/Documents/Developer/HOMEY Clean/HOMEY Clean/Components/RecommendationEngine.swift:172:9: note: make the property mutable instead
    let timestamp: Date = Date()
    ~~~ ^
    var
/Users/ryankanfer/Documents/Developer/HOMEY Clean/HOMEY Clean/Components/RecommendationEngine.swift:196:9: warning: immutable property will not be decoded because it is declared with an initial value which cannot be overwritten
    let id = UUID()
        ^
/Users/ryankanfer/Documents/Developer/HOMEY Clean/HOMEY Clean/Components/RecommendationEngine.swift:196:9: note: set the initial value via the initializer or explicitly define a CodingKeys enum including a 'id' case to silence this warning
    let id = UUID()
        ^
/Users/ryankanfer/Documents/Developer/HOMEY Clean/HOMEY Clean/Components/RecommendationEngine.swift:196:9: note: make the property mutable instead
    let id = UUID()
    ~~~ ^
    var
/Users/ryankanfer/Documents/Developer/HOMEY Clean/HOMEY Clean/Components/RecommendationEngine.swift:211:9: warning: immutable property will not be decoded because it is declared with an initial value which cannot be overwritten
    let id = UUID()
        ^
/Users/ryankanfer/Documents/Developer/HOMEY Clean/HOMEY Clean/Components/RecommendationEngine.swift:211:9: note: set the initial value via the initializer or explicitly define a CodingKeys enum including a 'id' case to silence this warning
    let id = UUID()
        ^
/Users/ryankanfer/Documents/Developer/HOMEY Clean/HOMEY Clean/Components/RecommendationEngine.swift:211:9: note: make the property mutable instead
    let id = UUID()
    ~~~ ^
    var

SwiftCompile normal arm64 /Users/ryankanfer/Documents/Developer/HOMEY\ Clean/HOMEY\ Clean/Components/SmartAIBox.swift (in target 'HOMEY Clean' from project 'HOMEY Clean')
    cd /Users/ryankanfer/Documents/Developer/HOMEY\ Clean
    

SwiftCompile normal arm64 /Users/ryankanfer/Documents/Developer/HOMEY\ Clean/HOMEY\ Clean/Components/SmartRecommendationView.swift (in target 'HOMEY Clean' from project 'HOMEY Clean')
    cd /Users/ryankanfer/Documents/Developer/HOMEY\ Clean
    

SwiftCompile normal arm64 /Users/ryankanfer/Documents/Developer/HOMEY\ Clean/HOMEY\ Clean/Components/StyledSymbol.swift (in target 'HOMEY Clean' from project 'HOMEY Clean')
    cd /Users/ryankanfer/Documents/Developer/HOMEY\ Clean
    

SwiftCompile normal arm64 /Users/ryankanfer/Documents/Developer/HOMEY\ Clean/HOMEY\ Clean/Core/Design/CelebrationAnimations.swift (in target 'HOMEY Clean' from project 'HOMEY Clean')
    cd /Users/ryankanfer/Documents/Developer/HOMEY\ Clean
    

SwiftCompile normal arm64 /Users/ryankanfer/Documents/Developer/HOMEY\ Clean/HOMEY\ Clean/Core/Design/LiquidGlassSystem.swift (in target 'HOMEY Clean' from project 'HOMEY Clean')
    cd /Users/ryankanfer/Documents/Developer/HOMEY\ Clean
    

SwiftCompile normal arm64 /Users/ryankanfer/Documents/Developer/HOMEY\ Clean/HOMEY\ Clean/Core/Design/LiquidWordmark.swift (in target 'HOMEY Clean' from project 'HOMEY Clean')
    cd /Users/ryankanfer/Documents/Developer/HOMEY\ Clean
    

SwiftCompile normal arm64 /Users/ryankanfer/Documents/Developer/HOMEY\ Clean/HOMEY\ Clean/Core/Design/SemanticColors.swift (in target 'HOMEY Clean' from project 'HOMEY Clean')
    cd /Users/ryankanfer/Documents/Developer/HOMEY\ Clean
    

SwiftCompile normal arm64 /Users/ryankanfer/Documents/Developer/HOMEY\ Clean/HOMEY\ Clean/Core/Design/TRAEAmbientMotion.swift (in target 'HOMEY Clean' from project 'HOMEY Clean')
    cd /Users/ryankanfer/Documents/Developer/HOMEY\ Clean
    

SwiftDriverJobDiscovery normal x86_64 Compiling UnifiedWelcomeView.swift, WelcomePagerView.swift, WelcomeStoryboardView.swift, RoleSelectionView.swift, AnimatedGradient.swift, AnimatedLuxeBackground.swift, CTAButtonStyle.swift, GlassFooterItem.swift (in target 'HOMEY Clean' from project 'HOMEY Clean')

SwiftCompile normal arm64 Compiling\ AuthGate.swift,\ LoginView.swift,\ SignupView.swift,\ PlaceholderRow.swift,\ SectionCard.swift,\ Color+Hex.swift,\ ContentView.swift,\ ComingSoonView.swift,\ Theme.swift,\ GlassCardContent.swift,\ CharlieUpdateBox.swift,\ ChatAvatar.swift,\ ChatModal.swift,\ ClientTabBar.swift,\ EpisodeDetailSheet.swift /Users/ryankanfer/Documents/Developer/HOMEY\ Clean/HOMEY\ Clean/Auth/AuthGate.swift /Users/ryankanfer/Documents/Developer/HOMEY\ Clean/HOMEY\ Clean/Auth/LoginView.swift /Users/ryankanfer/Documents/Developer/HOMEY\ Clean/HOMEY\ Clean/Auth/SignupView.swift /Users/ryankanfer/Documents/Developer/HOMEY\ Clean/HOMEY\ Clean/codex/components/PlaceholderRow.swift /Users/ryankanfer/Documents/Developer/HOMEY\ Clean/HOMEY\ Clean/codex/components/SectionCard.swift /Users/ryankanfer/Documents/Developer/HOMEY\ Clean/HOMEY\ Clean/codex/Shared/Extensions/Color+Hex.swift /Users/ryankanfer/Documents/Developer/HOMEY\ Clean/HOMEY\ Clean/codex/ContentView.swift /Users/ryankanfer/Documents/Developer/HOMEY\ Clean/HOMEY\ Clean/Common/ComingSoonView.swift /Users/ryankanfer/Documents/Developer/HOMEY\ Clean/HOMEY\ Clean/Common/Theme.swift /Users/ryankanfer/Documents/Developer/HOMEY\ Clean/HOMEY\ Clean/Components/Glass/GlassCardContent.swift /Users/ryankanfer/Documents/Developer/HOMEY\ Clean/HOMEY\ Clean/Components/CharlieUpdateBox.swift /Users/ryankanfer/Documents/Developer/HOMEY\ Clean/HOMEY\ Clean/Components/ChatAvatar.swift /Users/ryankanfer/Documents/Developer/HOMEY\ Clean/HOMEY\ Clean/Components/ChatModal.swift /Users/ryankanfer/Documents/Developer/HOMEY\ Clean/HOMEY\ Clean/Components/ClientTabBar.swift /Users/ryankanfer/Documents/Developer/HOMEY\ Clean/HOMEY\ Clean/Components/EpisodeDetailSheet.swift (in target 'HOMEY Clean' from project 'HOMEY Clean')

SwiftCompile normal arm64 /Users/ryankanfer/Documents/Developer/HOMEY\ Clean/HOMEY\ Clean/Auth/AuthGate.swift (in target 'HOMEY Clean' from project 'HOMEY Clean')
    cd /Users/ryankanfer/Documents/Developer/HOMEY\ Clean
    
/Users/ryankanfer/Library/Developer/Xcode/DerivedData/HOMEY_Clean-gafualdnzupkfseuistvwtqbnpqd/Build/Intermediates.noindex/HOMEY Clean.build/Debug-iphonesimulator/HOMEY Clean.build/DerivedSources/GeneratedAssetSymbols.swift:663:14: warning: The "Primary" color asset name resolves to a conflicting Color symbol "primary". Try renaming the asset.
    #warning("The \"Primary\" color asset name resolves to a conflicting Color symbol \"primary\". Try renaming the asset.")
             ^~~~~~~~~~~~~~~~~~~~~~~~~~~~~~~~~~~~~~~~~~~~~~~~~~~~~~~~~~~~~~~~~~~~~~~~~~~~~~~~~~~~~~~~~~~~~~~~~~~~~~~~~~~~~~
/Users/ryankanfer/Library/Developer/Xcode/DerivedData/HOMEY_Clean-gafualdnzupkfseuistvwtqbnpqd/Build/Intermediates.noindex/HOMEY Clean.build/Debug-iphonesimulator/HOMEY Clean.build/DerivedSources/GeneratedAssetSymbols.swift:30:14: warning: The "AccentColor" color asset name resolves to the symbol "accent" which already exists. Try renaming the asset.
    #warning("The \"AccentColor\" color asset name resolves to the symbol \"accent\" which already exists. Try renaming the asset.")
             ^~~~~~~~~~~~~~~~~~~~~~~~~~~~~~~~~~~~~~~~~~~~~~~~~~~~~~~~~~~~~~~~~~~~~~~~~~~~~~~~~~~~~~~~~~~~~~~~~~~~~~~~~~~~~~~~~~~~~~

SwiftCompile normal arm64 /Users/ryankanfer/Documents/Developer/HOMEY\ Clean/HOMEY\ Clean/Auth/LoginView.swift (in target 'HOMEY Clean' from project 'HOMEY Clean')
    cd /Users/ryankanfer/Documents/Developer/HOMEY\ Clean
    

SwiftCompile normal arm64 /Users/ryankanfer/Documents/Developer/HOMEY\ Clean/HOMEY\ Clean/Auth/SignupView.swift (in target 'HOMEY Clean' from project 'HOMEY Clean')
    cd /Users/ryankanfer/Documents/Developer/HOMEY\ Clean
    

SwiftCompile normal arm64 /Users/ryankanfer/Documents/Developer/HOMEY\ Clean/HOMEY\ Clean/codex/components/PlaceholderRow.swift (in target 'HOMEY Clean' from project 'HOMEY Clean')
    cd /Users/ryankanfer/Documents/Developer/HOMEY\ Clean
    
/Users/ryankanfer/Documents/Developer/HOMEY Clean/HOMEY Clean/Core/Design/TRAEMicroInteractions.swift:476:45: warning: backward matching of the unlabeled trailing closure is deprecated; label the argument with 'onLongPress' to suppress this warning
            .traeInteractive(type: .button) {
                                          ~ ^
                                          , onLongPress: 
/Users/ryankanfer/Documents/Developer/HOMEY Clean/HOMEY Clean/Core/Design/TRAEMicroInteractions.swift:440:10: note: 'traeInteractive(type:isEnabled:onTap:onLongPress:)' declared here
    func traeInteractive(
         ^

SwiftCompile normal arm64 /Users/ryankanfer/Documents/Developer/HOMEY\ Clean/HOMEY\ Clean/codex/components/SectionCard.swift (in target 'HOMEY Clean' from project 'HOMEY Clean')
    cd /Users/ryankanfer/Documents/Developer/HOMEY\ Clean
    

SwiftCompile normal arm64 /Users/ryankanfer/Documents/Developer/HOMEY\ Clean/HOMEY\ Clean/codex/Shared/Extensions/Color+Hex.swift (in target 'HOMEY Clean' from project 'HOMEY Clean')
    cd /Users/ryankanfer/Documents/Developer/HOMEY\ Clean
    

SwiftCompile normal arm64 /Users/ryankanfer/Documents/Developer/HOMEY\ Clean/HOMEY\ Clean/codex/ContentView.swift (in target 'HOMEY Clean' from project 'HOMEY Clean')
    cd /Users/ryankanfer/Documents/Developer/HOMEY\ Clean
    

SwiftCompile normal arm64 /Users/ryankanfer/Documents/Developer/HOMEY\ Clean/HOMEY\ Clean/Common/ComingSoonView.swift (in target 'HOMEY Clean' from project 'HOMEY Clean')
    cd /Users/ryankanfer/Documents/Developer/HOMEY\ Clean
    

SwiftCompile normal arm64 /Users/ryankanfer/Documents/Developer/HOMEY\ Clean/HOMEY\ Clean/Common/Theme.swift (in target 'HOMEY Clean' from project 'HOMEY Clean')
    cd /Users/ryankanfer/Documents/Developer/HOMEY\ Clean
    

SwiftCompile normal arm64 /Users/ryankanfer/Documents/Developer/HOMEY\ Clean/HOMEY\ Clean/Components/Glass/GlassCardContent.swift (in target 'HOMEY Clean' from project 'HOMEY Clean')
    cd /Users/ryankanfer/Documents/Developer/HOMEY\ Clean
    

SwiftCompile normal arm64 /Users/ryankanfer/Documents/Developer/HOMEY\ Clean/HOMEY\ Clean/Components/CharlieUpdateBox.swift (in target 'HOMEY Clean' from project 'HOMEY Clean')
    cd /Users/ryankanfer/Documents/Developer/HOMEY\ Clean
    

SwiftCompile normal arm64 /Users/ryankanfer/Documents/Developer/HOMEY\ Clean/HOMEY\ Clean/Components/ChatAvatar.swift (in target 'HOMEY Clean' from project 'HOMEY Clean')
    cd /Users/ryankanfer/Documents/Developer/HOMEY\ Clean
    

SwiftCompile normal arm64 /Users/ryankanfer/Documents/Developer/HOMEY\ Clean/HOMEY\ Clean/Components/ChatModal.swift (in target 'HOMEY Clean' from project 'HOMEY Clean')
    cd /Users/ryankanfer/Documents/Developer/HOMEY\ Clean
    

SwiftCompile normal arm64 /Users/ryankanfer/Documents/Developer/HOMEY\ Clean/HOMEY\ Clean/Components/ClientTabBar.swift (in target 'HOMEY Clean' from project 'HOMEY Clean')
    cd /Users/ryankanfer/Documents/Developer/HOMEY\ Clean
    

SwiftCompile normal arm64 /Users/ryankanfer/Documents/Developer/HOMEY\ Clean/HOMEY\ Clean/Components/EpisodeDetailSheet.swift (in target 'HOMEY Clean' from project 'HOMEY Clean')
    cd /Users/ryankanfer/Documents/Developer/HOMEY\ Clean
    

SwiftDriverJobDiscovery normal x86_64 Compiling IntroductionService.swift, DrewDirectoryViewModel.swift, DrewDirectoryTestView.swift, DrewDirectoryView.swift, EducationCenterView.swift, AnalyticsTilesGrid.swift, AnalyticTilesView.swift, DataRibbon.swift, DataRibbonsView.swift, IslaHeaderView.swift, RibbonDetailSheet.swift, TickerView.swift, TileDetailSheet.swift, AnalyticTileType.swift, MarketDataModels.swift, IslaDataService.swift, IslaViewModel.swift, IslaRootView.swift, MarketTicker.swift, TileDetailView.swift, EpisodeDetailView.swift, JourneyEpisodeInterface.swift, JourneyNavigationView.swift, ComprehensiveOnboardingFlow.swift (in target 'HOMEY Clean' from project 'HOMEY Clean')

SwiftCompile normal arm64 Compiling\ DataRibbonsView.swift,\ IslaHeaderView.swift,\ RibbonDetailSheet.swift,\ TickerView.swift,\ TileDetailSheet.swift,\ MarketDataModels.swift,\ IslaDataService.swift,\ IslaRootView.swift,\ MarketTicker.swift,\ TileDetailView.swift,\ EpisodeDetailView.swift,\ JourneyEpisodeInterface.swift,\ JourneyNavigationView.swift,\ ComprehensiveOnboardingFlow.swift /Users/ryankanfer/Documents/Developer/HOMEY\ Clean/HOMEY\ Clean/Features/Isla/Components/DataRibbonsView.swift /Users/ryankanfer/Documents/Developer/HOMEY\ Clean/HOMEY\ Clean/Features/Isla/Components/IslaHeaderView.swift /Users/ryankanfer/Documents/Developer/HOMEY\ Clean/HOMEY\ Clean/Features/Isla/Components/RibbonDetailSheet.swift /Users/ryankanfer/Documents/Developer/HOMEY\ Clean/HOMEY\ Clean/Features/Isla/Components/TickerView.swift /Users/ryankanfer/Documents/Developer/HOMEY\ Clean/HOMEY\ Clean/Features/Isla/Components/TileDetailSheet.swift /Users/ryankanfer/Documents/Developer/HOMEY\ Clean/HOMEY\ Clean/Features/Isla/Models/MarketDataModels.swift /Users/ryankanfer/Documents/Developer/HOMEY\ Clean/HOMEY\ Clean/Features/Isla/Services/IslaDataService.swift /Users/ryankanfer/Documents/Developer/HOMEY\ Clean/HOMEY\ Clean/Features/Isla/Views/IslaRootView.swift /Users/ryankanfer/Documents/Developer/HOMEY\ Clean/HOMEY\ Clean/Features/Isla/Views/MarketTicker.swift /Users/ryankanfer/Documents/Developer/HOMEY\ Clean/HOMEY\ Clean/Features/Isla/Views/TileDetailView.swift /Users/ryankanfer/Documents/Developer/HOMEY\ Clean/HOMEY\ Clean/Features/Journey/Views/EpisodeDetailView.swift /Users/ryankanfer/Documents/Developer/HOMEY\ Clean/HOMEY\ Clean/Features/Journey/Views/JourneyEpisodeInterface.swift /Users/ryankanfer/Documents/Developer/HOMEY\ Clean/HOMEY\ Clean/Features/Journey/Views/JourneyNavigationView.swift /Users/ryankanfer/Documents/Developer/HOMEY\ Clean/HOMEY\ Clean/Features/Onboarding/ComprehensiveOnboardingFlow.swift (in target 'HOMEY Clean' from project 'HOMEY Clean')

SwiftCompile normal arm64 /Users/ryankanfer/Documents/Developer/HOMEY\ Clean/HOMEY\ Clean/Features/Isla/Components/DataRibbonsView.swift (in target 'HOMEY Clean' from project 'HOMEY Clean')
    cd /Users/ryankanfer/Documents/Developer/HOMEY\ Clean
    
/Users/ryankanfer/Library/Developer/Xcode/DerivedData/HOMEY_Clean-gafualdnzupkfseuistvwtqbnpqd/Build/Intermediates.noindex/HOMEY Clean.build/Debug-iphonesimulator/HOMEY Clean.build/DerivedSources/GeneratedAssetSymbols.swift:663:14: warning: The "Primary" color asset name resolves to a conflicting Color symbol "primary". Try renaming the asset.
    #warning("The \"Primary\" color asset name resolves to a conflicting Color symbol \"primary\". Try renaming the asset.")
             ^~~~~~~~~~~~~~~~~~~~~~~~~~~~~~~~~~~~~~~~~~~~~~~~~~~~~~~~~~~~~~~~~~~~~~~~~~~~~~~~~~~~~~~~~~~~~~~~~~~~~~~~~~~~~~

SwiftCompile normal arm64 /Users/ryankanfer/Documents/Developer/HOMEY\ Clean/HOMEY\ Clean/Features/Isla/Components/IslaHeaderView.swift (in target 'HOMEY Clean' from project 'HOMEY Clean')
    cd /Users/ryankanfer/Documents/Developer/HOMEY\ Clean
    
/Users/ryankanfer/Documents/Developer/HOMEY Clean/HOMEY Clean/Core/Design/TRAEMicroInteractions.swift:476:45: warning: backward matching of the unlabeled trailing closure is deprecated; label the argument with 'onLongPress' to suppress this warning
            .traeInteractive(type: .button) {
                                          ~ ^
                                          , onLongPress: 
/Users/ryankanfer/Documents/Developer/HOMEY Clean/HOMEY Clean/Core/Design/TRAEMicroInteractions.swift:440:10: note: 'traeInteractive(type:isEnabled:onTap:onLongPress:)' declared here
    func traeInteractive(
         ^
/Users/ryankanfer/Library/Developer/Xcode/DerivedData/HOMEY_Clean-gafualdnzupkfseuistvwtqbnpqd/Build/Intermediates.noindex/HOMEY Clean.build/Debug-iphonesimulator/HOMEY Clean.build/DerivedSources/GeneratedAssetSymbols.swift:30:14: warning: The "AccentColor" color asset name resolves to the symbol "accent" which already exists. Try renaming the asset.
    #warning("The \"AccentColor\" color asset name resolves to the symbol \"accent\" which already exists. Try renaming the asset.")
             ^~~~~~~~~~~~~~~~~~~~~~~~~~~~~~~~~~~~~~~~~~~~~~~~~~~~~~~~~~~~~~~~~~~~~~~~~~~~~~~~~~~~~~~~~~~~~~~~~~~~~~~~~~~~~~~~~~~~~~

SwiftCompile normal arm64 /Users/ryankanfer/Documents/Developer/HOMEY\ Clean/HOMEY\ Clean/Features/Isla/Components/RibbonDetailSheet.swift (in target 'HOMEY Clean' from project 'HOMEY Clean')
    cd /Users/ryankanfer/Documents/Developer/HOMEY\ Clean
    

SwiftCompile normal arm64 /Users/ryankanfer/Documents/Developer/HOMEY\ Clean/HOMEY\ Clean/Features/Isla/Components/TickerView.swift (in target 'HOMEY Clean' from project 'HOMEY Clean')
    cd /Users/ryankanfer/Documents/Developer/HOMEY\ Clean
    

SwiftCompile normal arm64 /Users/ryankanfer/Documents/Developer/HOMEY\ Clean/HOMEY\ Clean/Features/Isla/Components/TileDetailSheet.swift (in target 'HOMEY Clean' from project 'HOMEY Clean')
    cd /Users/ryankanfer/Documents/Developer/HOMEY\ Clean
    

SwiftCompile normal arm64 /Users/ryankanfer/Documents/Developer/HOMEY\ Clean/HOMEY\ Clean/Features/Isla/Models/MarketDataModels.swift (in target 'HOMEY Clean' from project 'HOMEY Clean')
    cd /Users/ryankanfer/Documents/Developer/HOMEY\ Clean
    

SwiftCompile normal arm64 /Users/ryankanfer/Documents/Developer/HOMEY\ Clean/HOMEY\ Clean/Features/Isla/Services/IslaDataService.swift (in target 'HOMEY Clean' from project 'HOMEY Clean')
    cd /Users/ryankanfer/Documents/Developer/HOMEY\ Clean
    

SwiftCompile normal arm64 /Users/ryankanfer/Documents/Developer/HOMEY\ Clean/HOMEY\ Clean/Features/Isla/Views/IslaRootView.swift (in target 'HOMEY Clean' from project 'HOMEY Clean')
    cd /Users/ryankanfer/Documents/Developer/HOMEY\ Clean
    

SwiftCompile normal arm64 /Users/ryankanfer/Documents/Developer/HOMEY\ Clean/HOMEY\ Clean/Features/Isla/Views/MarketTicker.swift (in target 'HOMEY Clean' from project 'HOMEY Clean')
    cd /Users/ryankanfer/Documents/Developer/HOMEY\ Clean
    

SwiftCompile normal arm64 /Users/ryankanfer/Documents/Developer/HOMEY\ Clean/HOMEY\ Clean/Features/Isla/Views/TileDetailView.swift (in target 'HOMEY Clean' from project 'HOMEY Clean')
    cd /Users/ryankanfer/Documents/Developer/HOMEY\ Clean
    

SwiftCompile normal arm64 /Users/ryankanfer/Documents/Developer/HOMEY\ Clean/HOMEY\ Clean/Features/Journey/Views/EpisodeDetailView.swift (in target 'HOMEY Clean' from project 'HOMEY Clean')
    cd /Users/ryankanfer/Documents/Developer/HOMEY\ Clean
    

SwiftCompile normal arm64 /Users/ryankanfer/Documents/Developer/HOMEY\ Clean/HOMEY\ Clean/Features/Journey/Views/JourneyEpisodeInterface.swift (in target 'HOMEY Clean' from project 'HOMEY Clean')
    cd /Users/ryankanfer/Documents/Developer/HOMEY\ Clean
    

SwiftCompile normal arm64 /Users/ryankanfer/Documents/Developer/HOMEY\ Clean/HOMEY\ Clean/Features/Journey/Views/JourneyNavigationView.swift (in target 'HOMEY Clean' from project 'HOMEY Clean')
    cd /Users/ryankanfer/Documents/Developer/HOMEY\ Clean
    

SwiftCompile normal arm64 /Users/ryankanfer/Documents/Developer/HOMEY\ Clean/HOMEY\ Clean/Features/Onboarding/ComprehensiveOnboardingFlow.swift (in target 'HOMEY Clean' from project 'HOMEY Clean')
    cd /Users/ryankanfer/Documents/Developer/HOMEY\ Clean
    

SwiftDriverJobDiscovery normal arm64 Compiling UserProfileManager.swift, ViewportMargins.swift, AdminDashboardView.swift, BuildBadge.swift, DangerZone.swift, FlagsPanel.swift, ImpersonateBar.swift, LogTailView.swift, AgentDashboardView.swift, AgentEventsView.swift, AgentInviteButton.swift, ClientHomeView.swift, ClientLiveContent.swift, CharlieDashboardView.swift, CharlieOnboardingView.swift (in target 'HOMEY Clean' from project 'HOMEY Clean')

SwiftCompile normal arm64 Compiling\ ClientDashboardView.swift,\ SignatureSceneHomepage.swift,\ SignatureSceneIntegration.swift,\ AnimatedHeroBackground.swift,\ CharlieDashboard.swift,\ DashboardPlaceholder.swift,\ AuthRepository.swift,\ DocumentsRepository.swift,\ IntroductionService.swift,\ DrewDirectoryTestView.swift,\ DrewDirectoryView.swift,\ EducationCenterView.swift,\ AnalyticsTilesGrid.swift,\ AnalyticTilesView.swift,\ DataRibbon.swift /Users/ryankanfer/Documents/Developer/HOMEY\ Clean/HOMEY\ Clean/Dashboards/Clients/ClientDashboardView.swift /Users/ryankanfer/Documents/Developer/HOMEY\ Clean/HOMEY\ Clean/Dashboards/Clients/SignatureSceneHomepage.swift /Users/ryankanfer/Documents/Developer/HOMEY\ Clean/HOMEY\ Clean/Dashboards/Clients/SignatureSceneIntegration.swift /Users/ryankanfer/Documents/Developer/HOMEY\ Clean/HOMEY\ Clean/Dashboards/Dashboard\ UIs/AnimatedHeroBackground.swift /Users/ryankanfer/Documents/Developer/HOMEY\ Clean/HOMEY\ Clean/Dashboards/CharlieDashboard.swift /Users/ryankanfer/Documents/Developer/HOMEY\ Clean/HOMEY\ Clean/Dashboards/DashboardPlaceholder.swift /Users/ryankanfer/Documents/Developer/HOMEY\ Clean/HOMEY\ Clean/Data/Repositories/AuthRepository.swift /Users/ryankanfer/Documents/Developer/HOMEY\ Clean/HOMEY\ Clean/Data/Repositories/DocumentsRepository.swift /Users/ryankanfer/Documents/Developer/HOMEY\ Clean/HOMEY\ Clean/Features/Drew/Services/IntroductionService.swift /Users/ryankanfer/Documents/Developer/HOMEY\ Clean/HOMEY\ Clean/Features/Drew/Views/DrewDirectoryTestView.swift /Users/ryankanfer/Documents/Developer/HOMEY\ Clean/HOMEY\ Clean/Features/Drew/Views/DrewDirectoryView.swift /Users/ryankanfer/Documents/Developer/HOMEY\ Clean/HOMEY\ Clean/Features/Education/EducationCenterView.swift /Users/ryankanfer/Documents/Developer/HOMEY\ Clean/HOMEY\ Clean/Features/Isla/Components/AnalyticsTilesGrid.swift /Users/ryankanfer/Documents/Developer/HOMEY\ Clean/HOMEY\ Clean/Features/Isla/Components/AnalyticTilesView.swift /Users/ryankanfer/Documents/Developer/HOMEY\ Clean/HOMEY\ Clean/Features/Isla/Components/DataRibbon.swift (in target 'HOMEY Clean' from project 'HOMEY Clean')

SwiftCompile normal arm64 /Users/ryankanfer/Documents/Developer/HOMEY\ Clean/HOMEY\ Clean/Dashboards/Clients/ClientDashboardView.swift (in target 'HOMEY Clean' from project 'HOMEY Clean')
    cd /Users/ryankanfer/Documents/Developer/HOMEY\ Clean
    

SwiftCompile normal arm64 /Users/ryankanfer/Documents/Developer/HOMEY\ Clean/HOMEY\ Clean/Dashboards/Clients/SignatureSceneHomepage.swift (in target 'HOMEY Clean' from project 'HOMEY Clean')
    cd /Users/ryankanfer/Documents/Developer/HOMEY\ Clean
    
/Users/ryankanfer/Library/Developer/Xcode/DerivedData/HOMEY_Clean-gafualdnzupkfseuistvwtqbnpqd/Build/Intermediates.noindex/HOMEY Clean.build/Debug-iphonesimulator/HOMEY Clean.build/DerivedSources/GeneratedAssetSymbols.swift:663:14: warning: The "Primary" color asset name resolves to a conflicting Color symbol "primary". Try renaming the asset.
    #warning("The \"Primary\" color asset name resolves to a conflicting Color symbol \"primary\". Try renaming the asset.")
             ^~~~~~~~~~~~~~~~~~~~~~~~~~~~~~~~~~~~~~~~~~~~~~~~~~~~~~~~~~~~~~~~~~~~~~~~~~~~~~~~~~~~~~~~~~~~~~~~~~~~~~~~~~~~~~

SwiftCompile normal arm64 /Users/ryankanfer/Documents/Developer/HOMEY\ Clean/HOMEY\ Clean/Dashboards/Clients/SignatureSceneIntegration.swift (in target 'HOMEY Clean' from project 'HOMEY Clean')
    cd /Users/ryankanfer/Documents/Developer/HOMEY\ Clean
    

SwiftCompile normal arm64 /Users/ryankanfer/Documents/Developer/HOMEY\ Clean/HOMEY\ Clean/Dashboards/Dashboard\ UIs/AnimatedHeroBackground.swift (in target 'HOMEY Clean' from project 'HOMEY Clean')
    cd /Users/ryankanfer/Documents/Developer/HOMEY\ Clean
    

SwiftCompile normal arm64 /Users/ryankanfer/Documents/Developer/HOMEY\ Clean/HOMEY\ Clean/Dashboards/CharlieDashboard.swift (in target 'HOMEY Clean' from project 'HOMEY Clean')
    cd /Users/ryankanfer/Documents/Developer/HOMEY\ Clean
    
/Users/ryankanfer/Documents/Developer/HOMEY Clean/HOMEY Clean/Core/Design/TRAEMicroInteractions.swift:476:45: warning: backward matching of the unlabeled trailing closure is deprecated; label the argument with 'onLongPress' to suppress this warning
            .traeInteractive(type: .button) {
                                          ~ ^
                                          , onLongPress: 
/Users/ryankanfer/Documents/Developer/HOMEY Clean/HOMEY Clean/Core/Design/TRAEMicroInteractions.swift:440:10: note: 'traeInteractive(type:isEnabled:onTap:onLongPress:)' declared here
    func traeInteractive(
         ^
/Users/ryankanfer/Library/Developer/Xcode/DerivedData/HOMEY_Clean-gafualdnzupkfseuistvwtqbnpqd/Build/Intermediates.noindex/HOMEY Clean.build/Debug-iphonesimulator/HOMEY Clean.build/DerivedSources/GeneratedAssetSymbols.swift:30:14: warning: The "AccentColor" color asset name resolves to the symbol "accent" which already exists. Try renaming the asset.
    #warning("The \"AccentColor\" color asset name resolves to the symbol \"accent\" which already exists. Try renaming the asset.")
             ^~~~~~~~~~~~~~~~~~~~~~~~~~~~~~~~~~~~~~~~~~~~~~~~~~~~~~~~~~~~~~~~~~~~~~~~~~~~~~~~~~~~~~~~~~~~~~~~~~~~~~~~~~~~~~~~~~~~~~

SwiftCompile normal arm64 /Users/ryankanfer/Documents/Developer/HOMEY\ Clean/HOMEY\ Clean/Dashboards/DashboardPlaceholder.swift (in target 'HOMEY Clean' from project 'HOMEY Clean')
    cd /Users/ryankanfer/Documents/Developer/HOMEY\ Clean
    

SwiftCompile normal arm64 /Users/ryankanfer/Documents/Developer/HOMEY\ Clean/HOMEY\ Clean/Data/Repositories/AuthRepository.swift (in target 'HOMEY Clean' from project 'HOMEY Clean')
    cd /Users/ryankanfer/Documents/Developer/HOMEY\ Clean
    
/Users/ryankanfer/Documents/Developer/HOMEY Clean/HOMEY Clean/Data/Repositories/AuthRepository.swift:27:13: warning: initialization of immutable value 'response' was never used; consider replacing with assignment to '_' or removing it
        let response = try await client.auth.signIn(email: email, password: password)
        ~~~~^~~~~~~~
        _
/Users/ryankanfer/Documents/Developer/HOMEY Clean/HOMEY Clean/Data/Repositories/AuthRepository.swift:38:13: warning: initialization of immutable value 'response' was never used; consider replacing with assignment to '_' or removing it
        let response = try await client.auth.signUp(
        ~~~~^~~~~~~~
        _

SwiftCompile normal arm64 /Users/ryankanfer/Documents/Developer/HOMEY\ Clean/HOMEY\ Clean/Data/Repositories/DocumentsRepository.swift (in target 'HOMEY Clean' from project 'HOMEY Clean')
    cd /Users/ryankanfer/Documents/Developer/HOMEY\ Clean
    
/Users/ryankanfer/Documents/Developer/HOMEY Clean/HOMEY Clean/Data/Repositories/DocumentsRepository.swift:101:30: warning: 'database' is deprecated: Direct access to database is deprecated, please use one of the available methods such as, SupabaseClient.from(_:), SupabaseClient.rpc(_:params:), or SupabaseClient.schema(_:).
        _ = try await client.database.from("documents").insert(
                             ^
/Users/ryankanfer/Documents/Developer/HOMEY Clean/HOMEY Clean/Data/Repositories/DocumentsRepository.swift:133:78: warning: 'database' is deprecated: Direct access to database is deprecated, please use one of the available methods such as, SupabaseClient.from(_:), SupabaseClient.rpc(_:params:), or SupabaseClient.schema(_:).
        let response: PostgrestResponse<[DocumentRecord]> = try await client.database.from("documents").insert(
                                                                             ^
/Users/ryankanfer/Documents/Developer/HOMEY Clean/HOMEY Clean/Data/Repositories/DocumentsRepository.swift:165:30: warning: 'database' is deprecated: Direct access to database is deprecated, please use one of the available methods such as, SupabaseClient.from(_:), SupabaseClient.rpc(_:params:), or SupabaseClient.schema(_:).
        _ = try await client.database.from("documents")
                             ^
/Users/ryankanfer/Documents/Developer/HOMEY Clean/HOMEY Clean/Data/Repositories/DocumentsRepository.swift:180:30: warning: 'database' is deprecated: Direct access to database is deprecated, please use one of the available methods such as, SupabaseClient.from(_:), SupabaseClient.rpc(_:params:), or SupabaseClient.schema(_:).
        _ = try await client.database.from("documents")
                             ^
/Users/ryankanfer/Documents/Developer/HOMEY Clean/HOMEY Clean/Data/Repositories/DocumentsRepository.swift:189:78: warning: 'database' is deprecated: Direct access to database is deprecated, please use one of the available methods such as, SupabaseClient.from(_:), SupabaseClient.rpc(_:params:), or SupabaseClient.schema(_:).
        let response: PostgrestResponse<[DocumentRecord]> = try await client.database
                                                                             ^
/Users/ryankanfer/Documents/Developer/HOMEY Clean/HOMEY Clean/Data/Repositories/DocumentsRepository.swift:212:30: warning: 'database' is deprecated: Direct access to database is deprecated, please use one of the available methods such as, SupabaseClient.from(_:), SupabaseClient.rpc(_:params:), or SupabaseClient.schema(_:).
        _ = try await client.database.from("documents")
                             ^
/Users/ryankanfer/Documents/Developer/HOMEY Clean/HOMEY Clean/Data/Repositories/DocumentsRepository.swift:220:78: warning: 'database' is deprecated: Direct access to database is deprecated, please use one of the available methods such as, SupabaseClient.from(_:), SupabaseClient.rpc(_:params:), or SupabaseClient.schema(_:).
        let response: PostgrestResponse<[DocumentRecord]> = try await client.database
                                                                             ^

SwiftCompile normal arm64 /Users/ryankanfer/Documents/Developer/HOMEY\ Clean/HOMEY\ Clean/Features/Drew/Services/IntroductionService.swift (in target 'HOMEY Clean' from project 'HOMEY Clean')
    cd /Users/ryankanfer/Documents/Developer/HOMEY\ Clean
    
/Users/ryankanfer/Documents/Developer/HOMEY Clean/HOMEY Clean/Features/Drew/Services/IntroductionService.swift:61:52: warning: assuming you mean 'Optional<IntroductionStatus>.none'; did you mean 'IntroductionStatus.none' instead?
                introductionRequests[contactId] = .none
                                                   ^
/Users/ryankanfer/Documents/Developer/HOMEY Clean/HOMEY Clean/Features/Drew/Services/IntroductionService.swift:61:51: note: explicitly specify 'Optional' to silence this warning
                introductionRequests[contactId] = .none
                                                  ^
                                                  Optional
/Users/ryankanfer/Documents/Developer/HOMEY Clean/HOMEY Clean/Features/Drew/Services/IntroductionService.swift:61:51: note: use 'IntroductionStatus.none' instead
                introductionRequests[contactId] = .none
                                                  ^
                                                  IntroductionStatus
/Users/ryankanfer/Documents/Developer/HOMEY Clean/HOMEY Clean/Features/Drew/Services/IntroductionService.swift:61:51: note: explicitly specify 'Optional' to silence this warning
                introductionRequests[contactId] = .none
                                                  ^
                                                  Optional
/Users/ryankanfer/Documents/Developer/HOMEY Clean/HOMEY Clean/Features/Drew/Services/IntroductionService.swift:61:51: note: use 'IntroductionStatus.none' instead
                introductionRequests[contactId] = .none
                                                  ^
                                                  IntroductionStatus

SwiftCompile normal arm64 /Users/ryankanfer/Documents/Developer/HOMEY\ Clean/HOMEY\ Clean/Features/Drew/Views/DrewDirectoryTestView.swift (in target 'HOMEY Clean' from project 'HOMEY Clean')
    cd /Users/ryankanfer/Documents/Developer/HOMEY\ Clean
    

SwiftCompile normal arm64 /Users/ryankanfer/Documents/Developer/HOMEY\ Clean/HOMEY\ Clean/Features/Drew/Views/DrewDirectoryView.swift (in target 'HOMEY Clean' from project 'HOMEY Clean')
    cd /Users/ryankanfer/Documents/Developer/HOMEY\ Clean
    
/Users/ryankanfer/Documents/Developer/HOMEY Clean/HOMEY Clean/Features/Drew/Views/DrewDirectoryView.swift:141:10: warning: 'onChange(of:perform:)' was deprecated in iOS 17.0: Use `onChange` with a two or zero parameter action closure instead.
        .onChange(of: introductionService.introductionRequests) { _ in
         ^

SwiftCompile normal arm64 /Users/ryankanfer/Documents/Developer/HOMEY\ Clean/HOMEY\ Clean/Features/Education/EducationCenterView.swift (in target 'HOMEY Clean' from project 'HOMEY Clean')
    cd /Users/ryankanfer/Documents/Developer/HOMEY\ Clean
    

SwiftCompile normal arm64 /Users/ryankanfer/Documents/Developer/HOMEY\ Clean/HOMEY\ Clean/Features/Isla/Components/AnalyticsTilesGrid.swift (in target 'HOMEY Clean' from project 'HOMEY Clean')
    cd /Users/ryankanfer/Documents/Developer/HOMEY\ Clean
    

SwiftCompile normal arm64 /Users/ryankanfer/Documents/Developer/HOMEY\ Clean/HOMEY\ Clean/Features/Isla/Components/AnalyticTilesView.swift (in target 'HOMEY Clean' from project 'HOMEY Clean')
    cd /Users/ryankanfer/Documents/Developer/HOMEY\ Clean
    

SwiftCompile normal arm64 /Users/ryankanfer/Documents/Developer/HOMEY\ Clean/HOMEY\ Clean/Features/Isla/Components/DataRibbon.swift (in target 'HOMEY Clean' from project 'HOMEY Clean')
    cd /Users/ryankanfer/Documents/Developer/HOMEY\ Clean
    

SwiftDriverJobDiscovery normal x86_64 Compiling ScoutDataService.swift, ScoutViewModel.swift, ARFeaturesView.swift, FullSheetView.swift, HoloMapView.swift, PeekCard.swift, PriceSlider.swift, ProgressionEventView.swift, ScoutHeroView.swift, ScoutLensTray.swift, ScoutRightRail.swift, ScoutRootView.swift, AISearchEngine.swift, EmotionalContextPicker.swift, EmotionalPropertyMatcher.swift, MatchmakerFiltersView.swift, MatchmakerView.swift, MatchmakerViewModel.swift, SearchFiltersView.swift, SearchTabView.swift, SearchViewModel.swift, CompanionStore.swift, SpatialCompanionShell.swift (in target 'HOMEY Clean' from project 'HOMEY Clean')

SwiftCompile normal arm64 Compiling\ TypographySystem.swift,\ ResourceManager.swift,\ AgentChatView.swift,\ AIAvatarSystem.swift,\ AnimationManager.swift,\ ClientTabView.swift,\ DocumentsDashboardView.swift,\ Font+Fallback.swift,\ HOMEY_CleanApp.swift,\ OnboardingModalView.swift,\ ProfilesService.swift,\ ProfileTabView.swift,\ ProfileViewModel.swift,\ RootView.swift,\ SupabaseAuthManager.swift /Users/ryankanfer/Documents/Developer/HOMEY\ Clean/HOMEY\ Clean/Core/Design/TypographySystem.swift /Users/ryankanfer/Documents/Developer/HOMEY\ Clean/HOMEY\ Clean/Core/Utilities/ResourceManager.swift /Users/ryankanfer/Documents/Developer/HOMEY\ Clean/HOMEY\ Clean/Core/AgentChatView.swift /Users/ryankanfer/Documents/Developer/HOMEY\ Clean/HOMEY\ Clean/Core/AIAvatarSystem.swift /Users/ryankanfer/Documents/Developer/HOMEY\ Clean/HOMEY\ Clean/Core/AnimationManager.swift /Users/ryankanfer/Documents/Developer/HOMEY\ Clean/HOMEY\ Clean/Core/ClientTabView.swift /Users/ryankanfer/Documents/Developer/HOMEY\ Clean/HOMEY\ Clean/Core/DocumentsDashboardView.swift /Users/ryankanfer/Documents/Developer/HOMEY\ Clean/HOMEY\ Clean/Core/Font+Fallback.swift /Users/ryankanfer/Documents/Developer/HOMEY\ Clean/HOMEY\ Clean/Core/HOMEY_CleanApp.swift /Users/ryankanfer/Documents/Developer/HOMEY\ Clean/HOMEY\ Clean/Core/OnboardingModalView.swift /Users/ryankanfer/Documents/Developer/HOMEY\ Clean/HOMEY\ Clean/Core/ProfilesService.swift /Users/ryankanfer/Documents/Developer/HOMEY\ Clean/HOMEY\ Clean/Core/ProfileTabView.swift /Users/ryankanfer/Documents/Developer/HOMEY\ Clean/HOMEY\ Clean/Core/ProfileViewModel.swift /Users/ryankanfer/Documents/Developer/HOMEY\ Clean/HOMEY\ Clean/Core/RootView.swift /Users/ryankanfer/Documents/Developer/HOMEY\ Clean/HOMEY\ Clean/Core/SupabaseAuthManager.swift (in target 'HOMEY Clean' from project 'HOMEY Clean')

SwiftCompile normal arm64 /Users/ryankanfer/Documents/Developer/HOMEY\ Clean/HOMEY\ Clean/Core/Design/TypographySystem.swift (in target 'HOMEY Clean' from project 'HOMEY Clean')
    cd /Users/ryankanfer/Documents/Developer/HOMEY\ Clean
    
/Users/ryankanfer/Library/Developer/Xcode/DerivedData/HOMEY_Clean-gafualdnzupkfseuistvwtqbnpqd/Build/Intermediates.noindex/HOMEY Clean.build/Debug-iphonesimulator/HOMEY Clean.build/DerivedSources/GeneratedAssetSymbols.swift:663:14: warning: The "Primary" color asset name resolves to a conflicting Color symbol "primary". Try renaming the asset.
    #warning("The \"Primary\" color asset name resolves to a conflicting Color symbol \"primary\". Try renaming the asset.")
             ^~~~~~~~~~~~~~~~~~~~~~~~~~~~~~~~~~~~~~~~~~~~~~~~~~~~~~~~~~~~~~~~~~~~~~~~~~~~~~~~~~~~~~~~~~~~~~~~~~~~~~~~~~~~~~

SwiftCompile normal arm64 /Users/ryankanfer/Documents/Developer/HOMEY\ Clean/HOMEY\ Clean/Core/Utilities/ResourceManager.swift (in target 'HOMEY Clean' from project 'HOMEY Clean')
    cd /Users/ryankanfer/Documents/Developer/HOMEY\ Clean
    

SwiftCompile normal arm64 /Users/ryankanfer/Documents/Developer/HOMEY\ Clean/HOMEY\ Clean/Core/AgentChatView.swift (in target 'HOMEY Clean' from project 'HOMEY Clean')
    cd /Users/ryankanfer/Documents/Developer/HOMEY\ Clean
    
/Users/ryankanfer/Documents/Developer/HOMEY Clean/HOMEY Clean/Core/Design/TRAEMicroInteractions.swift:476:45: warning: backward matching of the unlabeled trailing closure is deprecated; label the argument with 'onLongPress' to suppress this warning
            .traeInteractive(type: .button) {
                                          ~ ^
                                          , onLongPress: 
/Users/ryankanfer/Documents/Developer/HOMEY Clean/HOMEY Clean/Core/Design/TRAEMicroInteractions.swift:440:10: note: 'traeInteractive(type:isEnabled:onTap:onLongPress:)' declared here
    func traeInteractive(
         ^
/Users/ryankanfer/Library/Developer/Xcode/DerivedData/HOMEY_Clean-gafualdnzupkfseuistvwtqbnpqd/Build/Intermediates.noindex/HOMEY Clean.build/Debug-iphonesimulator/HOMEY Clean.build/DerivedSources/GeneratedAssetSymbols.swift:30:14: warning: The "AccentColor" color asset name resolves to the symbol "accent" which already exists. Try renaming the asset.
    #warning("The \"AccentColor\" color asset name resolves to the symbol \"accent\" which already exists. Try renaming the asset.")
             ^~~~~~~~~~~~~~~~~~~~~~~~~~~~~~~~~~~~~~~~~~~~~~~~~~~~~~~~~~~~~~~~~~~~~~~~~~~~~~~~~~~~~~~~~~~~~~~~~~~~~~~~~~~~~~~~~~~~~~
/Users/ryankanfer/Documents/Developer/HOMEY Clean/HOMEY Clean/Core/AgentChatView.swift:22:22: warning: 'onChange(of:perform:)' was deprecated in iOS 17.0: Use `onChange` with a two or zero parameter action closure instead.
                    .onChange(of: messages.count) { _ in
                     ^

SwiftCompile normal arm64 /Users/ryankanfer/Documents/Developer/HOMEY\ Clean/HOMEY\ Clean/Core/AIAvatarSystem.swift (in target 'HOMEY Clean' from project 'HOMEY Clean')
    cd /Users/ryankanfer/Documents/Developer/HOMEY\ Clean
    

SwiftCompile normal arm64 /Users/ryankanfer/Documents/Developer/HOMEY\ Clean/HOMEY\ Clean/Core/AnimationManager.swift (in target 'HOMEY Clean' from project 'HOMEY Clean')
    cd /Users/ryankanfer/Documents/Developer/HOMEY\ Clean
    
/Users/ryankanfer/Documents/Developer/HOMEY Clean/HOMEY Clean/Core/AnimationManager.swift:53:38: warning: capture of 'token' with non-Sendable type 'AnimationManager.AnimationToken' in a '@Sendable' closure
                self?.cleanup(token: token)
                                     ^
/Users/ryankanfer/Documents/Developer/HOMEY Clean/HOMEY Clean/Core/AnimationManager.swift:23:19: note: consider making struct 'AnimationToken' conform to the 'Sendable' protocol
    public struct AnimationToken: Hashable, Identifiable {
                  ^
                                                        , Sendable
/Users/ryankanfer/Documents/Developer/HOMEY Clean/HOMEY Clean/Core/AnimationManager.swift:53:23: warning: call to main actor-isolated instance method 'cleanup(token:)' in a synchronous nonisolated context
                self?.cleanup(token: token)
                      ^
/Users/ryankanfer/Documents/Developer/HOMEY Clean/HOMEY Clean/Core/AnimationManager.swift:62:17: note: calls to instance method 'cleanup(token:)' from outside of its actor context are implicitly asynchronous
    public func cleanup(token: AnimationToken) {
                ^

SwiftCompile normal arm64 /Users/ryankanfer/Documents/Developer/HOMEY\ Clean/HOMEY\ Clean/Core/ClientTabView.swift (in target 'HOMEY Clean' from project 'HOMEY Clean')
    cd /Users/ryankanfer/Documents/Developer/HOMEY\ Clean
    

SwiftCompile normal arm64 /Users/ryankanfer/Documents/Developer/HOMEY\ Clean/HOMEY\ Clean/Core/DocumentsDashboardView.swift (in target 'HOMEY Clean' from project 'HOMEY Clean')
    cd /Users/ryankanfer/Documents/Developer/HOMEY\ Clean
    

SwiftCompile normal arm64 /Users/ryankanfer/Documents/Developer/HOMEY\ Clean/HOMEY\ Clean/Core/Font+Fallback.swift (in target 'HOMEY Clean' from project 'HOMEY Clean')
    cd /Users/ryankanfer/Documents/Developer/HOMEY\ Clean
    

SwiftCompile normal arm64 /Users/ryankanfer/Documents/Developer/HOMEY\ Clean/HOMEY\ Clean/Core/HOMEY_CleanApp.swift (in target 'HOMEY Clean' from project 'HOMEY Clean')
    cd /Users/ryankanfer/Documents/Developer/HOMEY\ Clean
    

SwiftCompile normal arm64 /Users/ryankanfer/Documents/Developer/HOMEY\ Clean/HOMEY\ Clean/Core/OnboardingModalView.swift (in target 'HOMEY Clean' from project 'HOMEY Clean')
    cd /Users/ryankanfer/Documents/Developer/HOMEY\ Clean
    
/Users/ryankanfer/Documents/Developer/HOMEY Clean/HOMEY Clean/Core/OnboardingModalView.swift:180:13: warning: initialization of immutable value 'userData' was never used; consider replacing with assignment to '_' or removing it
        let userData = OnboardingData(
        ~~~~^~~~~~~~
        _
/Users/ryankanfer/Documents/Developer/HOMEY Clean/HOMEY Clean/Core/OnboardingModalView.swift:320:19: warning: value 'agent' was defined but never used; consider replacing with boolean test
        guard let agent = selectedAgent else { return }
              ~~~~^~~~~~~~
                                        != nil

SwiftCompile normal arm64 /Users/ryankanfer/Documents/Developer/HOMEY\ Clean/HOMEY\ Clean/Core/ProfilesService.swift (in target 'HOMEY Clean' from project 'HOMEY Clean')
    cd /Users/ryankanfer/Documents/Developer/HOMEY\ Clean
    

SwiftCompile normal arm64 /Users/ryankanfer/Documents/Developer/HOMEY\ Clean/HOMEY\ Clean/Core/ProfileTabView.swift (in target 'HOMEY Clean' from project 'HOMEY Clean')
    cd /Users/ryankanfer/Documents/Developer/HOMEY\ Clean
    

SwiftCompile normal arm64 /Users/ryankanfer/Documents/Developer/HOMEY\ Clean/HOMEY\ Clean/Core/ProfileViewModel.swift (in target 'HOMEY Clean' from project 'HOMEY Clean')
    cd /Users/ryankanfer/Documents/Developer/HOMEY\ Clean
    
/Users/ryankanfer/Documents/Developer/HOMEY Clean/HOMEY Clean/Core/ProfileViewModel.swift:98:34: warning: will never be executed
        if tourRequestsCount > 0 {
                                 ^
/Users/ryankanfer/Documents/Developer/HOMEY Clean/HOMEY Clean/Core/ProfileViewModel.swift:98:30: note: condition always evaluates to false
        if tourRequestsCount > 0 {
                             ^
/Users/ryankanfer/Documents/Developer/HOMEY Clean/HOMEY Clean/Core/ProfileViewModel.swift:100:44: warning: will never be executed
        } else if savedPropertiesCount > 5 {
                                           ^
/Users/ryankanfer/Documents/Developer/HOMEY Clean/HOMEY Clean/Core/ProfileViewModel.swift:100:40: note: condition always evaluates to false
        } else if savedPropertiesCount > 5 {
                                       ^
/Users/ryankanfer/Documents/Developer/HOMEY Clean/HOMEY Clean/Core/ProfileViewModel.swift:102:38: warning: will never be executed
        } else if documentsCount > 0 {
                                     ^
/Users/ryankanfer/Documents/Developer/HOMEY Clean/HOMEY Clean/Core/ProfileViewModel.swift:102:34: note: condition always evaluates to false
        } else if documentsCount > 0 {
                                 ^

SwiftCompile normal arm64 /Users/ryankanfer/Documents/Developer/HOMEY\ Clean/HOMEY\ Clean/Core/RootView.swift (in target 'HOMEY Clean' from project 'HOMEY Clean')
    cd /Users/ryankanfer/Documents/Developer/HOMEY\ Clean
    

SwiftCompile normal arm64 /Users/ryankanfer/Documents/Developer/HOMEY\ Clean/HOMEY\ Clean/Core/SupabaseAuthManager.swift (in target 'HOMEY Clean' from project 'HOMEY Clean')
    cd /Users/ryankanfer/Documents/Developer/HOMEY\ Clean
    

SwiftDriverJobDiscovery normal x86_64 Compiling PreferencesRepository.swift, ProfilesRepository.swift, AppTabRoot.swift, ARDocumentScanner.swift, CelebrationOverlay.swift, DocumentCategoryCard.swift, DocumentContextTooltip.swift, DocumentsRow.swift, DocumentsView.swift, DocumentsViewModel.swift, EnhancedDocumentsView.swift, Env.swift, HeaderSection.swift, PaigeCompanionView.swift, PaigeDocumentsView.swift, ProgressCard.swift, QuickActionCard.swift, SearchSection.swift, BadgeDetailSheet.swift, DossierSheet.swift, ProfessionalCard.swift, ProgressionBadges.swift, RolodexWall.swift, Contact.swift (in target 'HOMEY Clean' from project 'HOMEY Clean')

SwiftCompile normal x86_64 Compiling\ ScoutDashboardView.swift,\ CatalogImage.swift,\ VizaDashboardView.swift,\ ClientDashboardView.swift,\ SignatureSceneHomepage.swift,\ SignatureSceneIntegration.swift,\ AnimatedHeroBackground.swift,\ CharlieDashboard.swift /Users/ryankanfer/Documents/Developer/HOMEY\ Clean/HOMEY\ Clean/Dashboards/Clients/Pages/Scout/ScoutDashboardView.swift /Users/ryankanfer/Documents/Developer/HOMEY\ Clean/HOMEY\ Clean/Dashboards/Clients/Pages/Viza/CatalogImage.swift /Users/ryankanfer/Documents/Developer/HOMEY\ Clean/HOMEY\ Clean/Dashboards/Clients/Pages/Viza/VizaDashboardView.swift /Users/ryankanfer/Documents/Developer/HOMEY\ Clean/HOMEY\ Clean/Dashboards/Clients/ClientDashboardView.swift /Users/ryankanfer/Documents/Developer/HOMEY\ Clean/HOMEY\ Clean/Dashboards/Clients/SignatureSceneHomepage.swift /Users/ryankanfer/Documents/Developer/HOMEY\ Clean/HOMEY\ Clean/Dashboards/Clients/SignatureSceneIntegration.swift /Users/ryankanfer/Documents/Developer/HOMEY\ Clean/HOMEY\ Clean/Dashboards/Dashboard\ UIs/AnimatedHeroBackground.swift /Users/ryankanfer/Documents/Developer/HOMEY\ Clean/HOMEY\ Clean/Dashboards/CharlieDashboard.swift (in target 'HOMEY Clean' from project 'HOMEY Clean')

SwiftCompile normal x86_64 /Users/ryankanfer/Documents/Developer/HOMEY\ Clean/HOMEY\ Clean/Dashboards/Clients/Pages/Scout/ScoutDashboardView.swift (in target 'HOMEY Clean' from project 'HOMEY Clean')
    cd /Users/ryankanfer/Documents/Developer/HOMEY\ Clean
    

SwiftCompile normal x86_64 /Users/ryankanfer/Documents/Developer/HOMEY\ Clean/HOMEY\ Clean/Dashboards/Clients/Pages/Viza/CatalogImage.swift (in target 'HOMEY Clean' from project 'HOMEY Clean')
    cd /Users/ryankanfer/Documents/Developer/HOMEY\ Clean
    

SwiftCompile normal x86_64 /Users/ryankanfer/Documents/Developer/HOMEY\ Clean/HOMEY\ Clean/Dashboards/Clients/Pages/Viza/VizaDashboardView.swift (in target 'HOMEY Clean' from project 'HOMEY Clean')
    cd /Users/ryankanfer/Documents/Developer/HOMEY\ Clean
    

SwiftCompile normal x86_64 /Users/ryankanfer/Documents/Developer/HOMEY\ Clean/HOMEY\ Clean/Dashboards/Clients/ClientDashboardView.swift (in target 'HOMEY Clean' from project 'HOMEY Clean')
    cd /Users/ryankanfer/Documents/Developer/HOMEY\ Clean
    

SwiftCompile normal x86_64 /Users/ryankanfer/Documents/Developer/HOMEY\ Clean/HOMEY\ Clean/Dashboards/Clients/SignatureSceneHomepage.swift (in target 'HOMEY Clean' from project 'HOMEY Clean')
    cd /Users/ryankanfer/Documents/Developer/HOMEY\ Clean
    
/Users/ryankanfer/Library/Developer/Xcode/DerivedData/HOMEY_Clean-gafualdnzupkfseuistvwtqbnpqd/Build/Intermediates.noindex/HOMEY Clean.build/Debug-iphonesimulator/HOMEY Clean.build/DerivedSources/GeneratedAssetSymbols.swift:663:14: warning: The "Primary" color asset name resolves to a conflicting Color symbol "primary". Try renaming the asset.
    #warning("The \"Primary\" color asset name resolves to a conflicting Color symbol \"primary\". Try renaming the asset.")
             ^~~~~~~~~~~~~~~~~~~~~~~~~~~~~~~~~~~~~~~~~~~~~~~~~~~~~~~~~~~~~~~~~~~~~~~~~~~~~~~~~~~~~~~~~~~~~~~~~~~~~~~~~~~~~~

SwiftCompile normal x86_64 /Users/ryankanfer/Documents/Developer/HOMEY\ Clean/HOMEY\ Clean/Dashboards/Clients/SignatureSceneIntegration.swift (in target 'HOMEY Clean' from project 'HOMEY Clean')
    cd /Users/ryankanfer/Documents/Developer/HOMEY\ Clean
    

SwiftCompile normal x86_64 /Users/ryankanfer/Documents/Developer/HOMEY\ Clean/HOMEY\ Clean/Dashboards/Dashboard\ UIs/AnimatedHeroBackground.swift (in target 'HOMEY Clean' from project 'HOMEY Clean')
    cd /Users/ryankanfer/Documents/Developer/HOMEY\ Clean
    

SwiftCompile normal x86_64 /Users/ryankanfer/Documents/Developer/HOMEY\ Clean/HOMEY\ Clean/Dashboards/CharlieDashboard.swift (in target 'HOMEY Clean' from project 'HOMEY Clean')
    cd /Users/ryankanfer/Documents/Developer/HOMEY\ Clean
    
/Users/ryankanfer/Documents/Developer/HOMEY Clean/HOMEY Clean/Core/Design/TRAEMicroInteractions.swift:476:45: warning: backward matching of the unlabeled trailing closure is deprecated; label the argument with 'onLongPress' to suppress this warning
            .traeInteractive(type: .button) {
                                          ~ ^
                                          , onLongPress: 
/Users/ryankanfer/Documents/Developer/HOMEY Clean/HOMEY Clean/Core/Design/TRAEMicroInteractions.swift:440:10: note: 'traeInteractive(type:isEnabled:onTap:onLongPress:)' declared here
    func traeInteractive(
         ^
/Users/ryankanfer/Library/Developer/Xcode/DerivedData/HOMEY_Clean-gafualdnzupkfseuistvwtqbnpqd/Build/Intermediates.noindex/HOMEY Clean.build/Debug-iphonesimulator/HOMEY Clean.build/DerivedSources/GeneratedAssetSymbols.swift:30:14: warning: The "AccentColor" color asset name resolves to the symbol "accent" which already exists. Try renaming the asset.
    #warning("The \"AccentColor\" color asset name resolves to the symbol \"accent\" which already exists. Try renaming the asset.")
             ^~~~~~~~~~~~~~~~~~~~~~~~~~~~~~~~~~~~~~~~~~~~~~~~~~~~~~~~~~~~~~~~~~~~~~~~~~~~~~~~~~~~~~~~~~~~~~~~~~~~~~~~~~~~~~~~~~~~~~

SwiftDriverJobDiscovery normal arm64 Compiling CharacterTilesGrid.swift, LaunchGate.swift, LaunchView.swift, TeamTile.swift, UnifiedWelcomeView.swift, WelcomePagerView.swift, WelcomeStoryboardView.swift, RoleSelectionView.swift, AnimatedGradient.swift, AnimatedLuxeBackground.swift, CTAButtonStyle.swift, GlassFooterItem.swift, GlassScaffold.swift, HeroTheme.swift, RoundedCard.swift, Spacing.swift, Typography.swift (in target 'HOMEY Clean' from project 'HOMEY Clean')

SwiftCompile normal arm64 Compiling\ ProgressionEventView.swift,\ ScoutHeroView.swift,\ ScoutLensTray.swift,\ ScoutRightRail.swift,\ ScoutRootView.swift,\ AISearchEngine.swift,\ EmotionalContextPicker.swift,\ EmotionalPropertyMatcher.swift,\ MatchmakerFiltersView.swift,\ MatchmakerView.swift,\ MatchmakerViewModel.swift,\ SearchFiltersView.swift,\ SearchTabView.swift,\ SearchViewModel.swift,\ CompanionStore.swift,\ SpatialCompanionShell.swift,\ ColorPaletteRow.swift /Users/ryankanfer/Documents/Developer/HOMEY\ Clean/HOMEY\ Clean/Features/Scout/Views/ProgressionEventView.swift /Users/ryankanfer/Documents/Developer/HOMEY\ Clean/HOMEY\ Clean/Features/Scout/Views/ScoutHeroView.swift /Users/ryankanfer/Documents/Developer/HOMEY\ Clean/HOMEY\ Clean/Features/Scout/Views/ScoutLensTray.swift /Users/ryankanfer/Documents/Developer/HOMEY\ Clean/HOMEY\ Clean/Features/Scout/Views/ScoutRightRail.swift /Users/ryankanfer/Documents/Developer/HOMEY\ Clean/HOMEY\ Clean/Features/Scout/Views/ScoutRootView.swift /Users/ryankanfer/Documents/Developer/HOMEY\ Clean/HOMEY\ Clean/Features/Search/AISearchEngine.swift /Users/ryankanfer/Documents/Developer/HOMEY\ Clean/HOMEY\ Clean/Features/Search/EmotionalContextPicker.swift /Users/ryankanfer/Documents/Developer/HOMEY\ Clean/HOMEY\ Clean/Features/Search/EmotionalPropertyMatcher.swift /Users/ryankanfer/Documents/Developer/HOMEY\ Clean/HOMEY\ Clean/Features/Search/MatchmakerFiltersView.swift /Users/ryankanfer/Documents/Developer/HOMEY\ Clean/HOMEY\ Clean/Features/Search/MatchmakerView.swift /Users/ryankanfer/Documents/Developer/HOMEY\ Clean/HOMEY\ Clean/Features/Search/MatchmakerViewModel.swift /Users/ryankanfer/Documents/Developer/HOMEY\ Clean/HOMEY\ Clean/Features/Search/SearchFiltersView.swift /Users/ryankanfer/Documents/Developer/HOMEY\ Clean/HOMEY\ Clean/Features/Search/SearchTabView.swift /Users/ryankanfer/Documents/Developer/HOMEY\ Clean/HOMEY\ Clean/Features/Search/SearchViewModel.swift /Users/ryankanfer/Documents/Developer/HOMEY\ Clean/HOMEY\ Clean/Features/SpatialCompanion/CompanionStore.swift /Users/ryankanfer/Documents/Developer/HOMEY\ Clean/HOMEY\ Clean/Features/SpatialCompanion/SpatialCompanionShell.swift /Users/ryankanfer/Documents/Developer/HOMEY\ Clean/HOMEY\ Clean/Features/Viza/Components/ColorPaletteRow.swift (in target 'HOMEY Clean' from project 'HOMEY Clean')
SwiftCompile normal arm64 /Users/ryankanfer/Documents/Developer/HOMEY\ Clean/HOMEY\ Clean/Features/Scout/Views/ProgressionEventView.swift (in target 'HOMEY Clean' from project 'HOMEY Clean')
    cd /Users/ryankanfer/Documents/Developer/HOMEY\ Clean
    

SwiftCompile normal arm64 /Users/ryankanfer/Documents/Developer/HOMEY\ Clean/HOMEY\ Clean/Features/Scout/Views/ScoutHeroView.swift (in target 'HOMEY Clean' from project 'HOMEY Clean')
    cd /Users/ryankanfer/Documents/Developer/HOMEY\ Clean
    

SwiftCompile normal arm64 /Users/ryankanfer/Documents/Developer/HOMEY\ Clean/HOMEY\ Clean/Features/Scout/Views/ScoutLensTray.swift (in target 'HOMEY Clean' from project 'HOMEY Clean')
    cd /Users/ryankanfer/Documents/Developer/HOMEY\ Clean
    

SwiftCompile normal arm64 /Users/ryankanfer/Documents/Developer/HOMEY\ Clean/HOMEY\ Clean/Features/Scout/Views/ScoutRightRail.swift (in target 'HOMEY Clean' from project 'HOMEY Clean')
    cd /Users/ryankanfer/Documents/Developer/HOMEY\ Clean
    

SwiftCompile normal arm64 /Users/ryankanfer/Documents/Developer/HOMEY\ Clean/HOMEY\ Clean/Features/Scout/Views/ScoutRootView.swift (in target 'HOMEY Clean' from project 'HOMEY Clean')
    cd /Users/ryankanfer/Documents/Developer/HOMEY\ Clean
    

SwiftCompile normal arm64 /Users/ryankanfer/Documents/Developer/HOMEY\ Clean/HOMEY\ Clean/Features/Search/AISearchEngine.swift (in target 'HOMEY Clean' from project 'HOMEY Clean')
    cd /Users/ryankanfer/Documents/Developer/HOMEY\ Clean
    

SwiftCompile normal arm64 /Users/ryankanfer/Documents/Developer/HOMEY\ Clean/HOMEY\ Clean/Features/Search/EmotionalContextPicker.swift (in target 'HOMEY Clean' from project 'HOMEY Clean')
    cd /Users/ryankanfer/Documents/Developer/HOMEY\ Clean
    

SwiftCompile normal arm64 /Users/ryankanfer/Documents/Developer/HOMEY\ Clean/HOMEY\ Clean/Features/Search/EmotionalPropertyMatcher.swift (in target 'HOMEY Clean' from project 'HOMEY Clean')
    cd /Users/ryankanfer/Documents/Developer/HOMEY\ Clean
    

SwiftCompile normal arm64 /Users/ryankanfer/Documents/Developer/HOMEY\ Clean/HOMEY\ Clean/Features/Search/MatchmakerFiltersView.swift (in target 'HOMEY Clean' from project 'HOMEY Clean')
    cd /Users/ryankanfer/Documents/Developer/HOMEY\ Clean
    

SwiftCompile normal arm64 /Users/ryankanfer/Documents/Developer/HOMEY\ Clean/HOMEY\ Clean/Features/Search/MatchmakerView.swift (in target 'HOMEY Clean' from project 'HOMEY Clean')
    cd /Users/ryankanfer/Documents/Developer/HOMEY\ Clean
    

SwiftCompile normal arm64 /Users/ryankanfer/Documents/Developer/HOMEY\ Clean/HOMEY\ Clean/Features/Search/MatchmakerViewModel.swift (in target 'HOMEY Clean' from project 'HOMEY Clean')
    cd /Users/ryankanfer/Documents/Developer/HOMEY\ Clean
    

SwiftCompile normal arm64 /Users/ryankanfer/Documents/Developer/HOMEY\ Clean/HOMEY\ Clean/Features/Search/SearchFiltersView.swift (in target 'HOMEY Clean' from project 'HOMEY Clean')
    cd /Users/ryankanfer/Documents/Developer/HOMEY\ Clean
    

SwiftCompile normal arm64 /Users/ryankanfer/Documents/Developer/HOMEY\ Clean/HOMEY\ Clean/Features/Search/SearchTabView.swift (in target 'HOMEY Clean' from project 'HOMEY Clean')
    cd /Users/ryankanfer/Documents/Developer/HOMEY\ Clean
    

SwiftCompile normal arm64 /Users/ryankanfer/Documents/Developer/HOMEY\ Clean/HOMEY\ Clean/Features/Search/SearchViewModel.swift (in target 'HOMEY Clean' from project 'HOMEY Clean')
    cd /Users/ryankanfer/Documents/Developer/HOMEY\ Clean
    

SwiftCompile normal arm64 /Users/ryankanfer/Documents/Developer/HOMEY\ Clean/HOMEY\ Clean/Features/SpatialCompanion/CompanionStore.swift (in target 'HOMEY Clean' from project 'HOMEY Clean')
    cd /Users/ryankanfer/Documents/Developer/HOMEY\ Clean
    

SwiftCompile normal arm64 /Users/ryankanfer/Documents/Developer/HOMEY\ Clean/HOMEY\ Clean/Features/SpatialCompanion/SpatialCompanionShell.swift (in target 'HOMEY Clean' from project 'HOMEY Clean')
    cd /Users/ryankanfer/Documents/Developer/HOMEY\ Clean
    

SwiftCompile normal arm64 /Users/ryankanfer/Documents/Developer/HOMEY\ Clean/HOMEY\ Clean/Features/Viza/Components/ColorPaletteRow.swift (in target 'HOMEY Clean' from project 'HOMEY Clean')
    cd /Users/ryankanfer/Documents/Developer/HOMEY\ Clean
    

SwiftDriverJobDiscovery normal arm64 Compiling FloatingAvatarView.swift, GlassNavigationFooter.swift, GradientBackgrounds.swift, HeroAVPlayerView.swift, HeroVideoView.swift, LeftNavigationDrawer.swift, RecommendationEngine.swift, SmartAIBox.swift, SmartRecommendationView.swift, StyledSymbol.swift, CelebrationAnimations.swift, LiquidGlassSystem.swift, LiquidWordmark.swift, SemanticColors.swift, TRAEAmbientMotion.swift (in target 'HOMEY Clean' from project 'HOMEY Clean')

SwiftCompile normal arm64 Compiling\ TRAEAvatarAnimations.swift,\ TRAEButtonAnimations.swift,\ TRAECarouselAnimations.swift,\ TRAEDemoView.swift,\ TRAEDragDrop.swift,\ TRAEHapticFeedback.swift,\ TRAEMicroInteractions.swift,\ TRAEMotionSystem.swift,\ TRAEPageTransitions.swift,\ TRAEProgressAnimations.swift,\ TRAEProgressiveDisclosure.swift,\ TRAESearchAnimations.swift,\ TRAESwipeGestures.swift,\ TRAEUploadAnimations.swift,\ TRAEVisualAssets.swift /Users/ryankanfer/Documents/Developer/HOMEY\ Clean/HOMEY\ Clean/Core/Design/TRAEAvatarAnimations.swift /Users/ryankanfer/Documents/Developer/HOMEY\ Clean/HOMEY\ Clean/Core/Design/TRAEButtonAnimations.swift /Users/ryankanfer/Documents/Developer/HOMEY\ Clean/HOMEY\ Clean/Core/Design/TRAECarouselAnimations.swift /Users/ryankanfer/Documents/Developer/HOMEY\ Clean/HOMEY\ Clean/Core/Design/TRAEDemoView.swift /Users/ryankanfer/Documents/Developer/HOMEY\ Clean/HOMEY\ Clean/Core/Design/TRAEDragDrop.swift /Users/ryankanfer/Documents/Developer/HOMEY\ Clean/HOMEY\ Clean/Core/Design/TRAEHapticFeedback.swift /Users/ryankanfer/Documents/Developer/HOMEY\ Clean/HOMEY\ Clean/Core/Design/TRAEMicroInteractions.swift /Users/ryankanfer/Documents/Developer/HOMEY\ Clean/HOMEY\ Clean/Core/Design/TRAEMotionSystem.swift /Users/ryankanfer/Documents/Developer/HOMEY\ Clean/HOMEY\ Clean/Core/Design/TRAEPageTransitions.swift /Users/ryankanfer/Documents/Developer/HOMEY\ Clean/HOMEY\ Clean/Core/Design/TRAEProgressAnimations.swift /Users/ryankanfer/Documents/Developer/HOMEY\ Clean/HOMEY\ Clean/Core/Design/TRAEProgressiveDisclosure.swift /Users/ryankanfer/Documents/Developer/HOMEY\ Clean/HOMEY\ Clean/Core/Design/TRAESearchAnimations.swift /Users/ryankanfer/Documents/Developer/HOMEY\ Clean/HOMEY\ Clean/Core/Design/TRAESwipeGestures.swift /Users/ryankanfer/Documents/Developer/HOMEY\ Clean/HOMEY\ Clean/Core/Design/TRAEUploadAnimations.swift /Users/ryankanfer/Documents/Developer/HOMEY\ Clean/HOMEY\ Clean/Core/Design/TRAEVisualAssets.swift (in target 'HOMEY Clean' from project 'HOMEY Clean')
SwiftCompile normal arm64 /Users/ryankanfer/Documents/Developer/HOMEY\ Clean/HOMEY\ Clean/Core/Design/TRAEAvatarAnimations.swift (in target 'HOMEY Clean' from project 'HOMEY Clean')
    cd /Users/ryankanfer/Documents/Developer/HOMEY\ Clean
    

SwiftCompile normal arm64 /Users/ryankanfer/Documents/Developer/HOMEY\ Clean/HOMEY\ Clean/Core/Design/TRAEButtonAnimations.swift (in target 'HOMEY Clean' from project 'HOMEY Clean')
    cd /Users/ryankanfer/Documents/Developer/HOMEY\ Clean
    

SwiftCompile normal arm64 /Users/ryankanfer/Documents/Developer/HOMEY\ Clean/HOMEY\ Clean/Core/Design/TRAECarouselAnimations.swift (in target 'HOMEY Clean' from project 'HOMEY Clean')
    cd /Users/ryankanfer/Documents/Developer/HOMEY\ Clean
    

SwiftCompile normal arm64 /Users/ryankanfer/Documents/Developer/HOMEY\ Clean/HOMEY\ Clean/Core/Design/TRAEDemoView.swift (in target 'HOMEY Clean' from project 'HOMEY Clean')
    cd /Users/ryankanfer/Documents/Developer/HOMEY\ Clean
    

SwiftCompile normal arm64 /Users/ryankanfer/Documents/Developer/HOMEY\ Clean/HOMEY\ Clean/Core/Design/TRAEDragDrop.swift (in target 'HOMEY Clean' from project 'HOMEY Clean')
    cd /Users/ryankanfer/Documents/Developer/HOMEY\ Clean
    

SwiftCompile normal arm64 /Users/ryankanfer/Documents/Developer/HOMEY\ Clean/HOMEY\ Clean/Core/Design/TRAEHapticFeedback.swift (in target 'HOMEY Clean' from project 'HOMEY Clean')
    cd /Users/ryankanfer/Documents/Developer/HOMEY\ Clean
    

SwiftCompile normal arm64 /Users/ryankanfer/Documents/Developer/HOMEY\ Clean/HOMEY\ Clean/Core/Design/TRAEMicroInteractions.swift (in target 'HOMEY Clean' from project 'HOMEY Clean')
    cd /Users/ryankanfer/Documents/Developer/HOMEY\ Clean
    

SwiftCompile normal arm64 /Users/ryankanfer/Documents/Developer/HOMEY\ Clean/HOMEY\ Clean/Core/Design/TRAEMotionSystem.swift (in target 'HOMEY Clean' from project 'HOMEY Clean')
    cd /Users/ryankanfer/Documents/Developer/HOMEY\ Clean
    

SwiftCompile normal arm64 /Users/ryankanfer/Documents/Developer/HOMEY\ Clean/HOMEY\ Clean/Core/Design/TRAEPageTransitions.swift (in target 'HOMEY Clean' from project 'HOMEY Clean')
    cd /Users/ryankanfer/Documents/Developer/HOMEY\ Clean
    

SwiftCompile normal arm64 /Users/ryankanfer/Documents/Developer/HOMEY\ Clean/HOMEY\ Clean/Core/Design/TRAEProgressAnimations.swift (in target 'HOMEY Clean' from project 'HOMEY Clean')
    cd /Users/ryankanfer/Documents/Developer/HOMEY\ Clean
    

SwiftCompile normal arm64 /Users/ryankanfer/Documents/Developer/HOMEY\ Clean/HOMEY\ Clean/Core/Design/TRAEProgressiveDisclosure.swift (in target 'HOMEY Clean' from project 'HOMEY Clean')
    cd /Users/ryankanfer/Documents/Developer/HOMEY\ Clean
    

SwiftCompile normal arm64 /Users/ryankanfer/Documents/Developer/HOMEY\ Clean/HOMEY\ Clean/Core/Design/TRAESearchAnimations.swift (in target 'HOMEY Clean' from project 'HOMEY Clean')
    cd /Users/ryankanfer/Documents/Developer/HOMEY\ Clean
    

SwiftCompile normal arm64 /Users/ryankanfer/Documents/Developer/HOMEY\ Clean/HOMEY\ Clean/Core/Design/TRAESwipeGestures.swift (in target 'HOMEY Clean' from project 'HOMEY Clean')
    cd /Users/ryankanfer/Documents/Developer/HOMEY\ Clean
    

SwiftCompile normal arm64 /Users/ryankanfer/Documents/Developer/HOMEY\ Clean/HOMEY\ Clean/Core/Design/TRAEUploadAnimations.swift (in target 'HOMEY Clean' from project 'HOMEY Clean')
    cd /Users/ryankanfer/Documents/Developer/HOMEY\ Clean
    

SwiftCompile normal arm64 /Users/ryankanfer/Documents/Developer/HOMEY\ Clean/HOMEY\ Clean/Core/Design/TRAEVisualAssets.swift (in target 'HOMEY Clean' from project 'HOMEY Clean')
    cd /Users/ryankanfer/Documents/Developer/HOMEY\ Clean
    

SwiftDriverJobDiscovery normal arm64 Compiling AuthGate.swift, LoginView.swift, SignupView.swift, PlaceholderRow.swift, SectionCard.swift, Color+Hex.swift, ContentView.swift, ComingSoonView.swift, Theme.swift, GlassCardContent.swift, CharlieUpdateBox.swift, ChatAvatar.swift, ChatModal.swift, ClientTabBar.swift, EpisodeDetailSheet.swift (in target 'HOMEY Clean' from project 'HOMEY Clean')

SwiftCompile normal x86_64 Compiling\ JourneyStage.swift /Users/ryankanfer/Documents/Developer/HOMEY\ Clean/HOMEY\ Clean/Models/JourneyStage.swift (in target 'HOMEY Clean' from project 'HOMEY Clean')

SwiftCompile normal x86_64 /Users/ryankanfer/Documents/Developer/HOMEY\ Clean/HOMEY\ Clean/Models/JourneyStage.swift (in target 'HOMEY Clean' from project 'HOMEY Clean')
    cd /Users/ryankanfer/Documents/Developer/HOMEY\ Clean
    

SwiftDriverJobDiscovery normal x86_64 Compiling ScoutDashboardView.swift, CatalogImage.swift, VizaDashboardView.swift, ClientDashboardView.swift, SignatureSceneHomepage.swift, SignatureSceneIntegration.swift, AnimatedHeroBackground.swift, CharlieDashboard.swift (in target 'HOMEY Clean' from project 'HOMEY Clean')

SwiftCompile normal arm64 Compiling\ PreferencesRepository.swift,\ ProfilesRepository.swift,\ AppTabRoot.swift,\ ARDocumentScanner.swift,\ CelebrationOverlay.swift,\ DocumentCategoryCard.swift,\ DocumentContextTooltip.swift,\ DocumentsRow.swift,\ DocumentsView.swift,\ DocumentsViewModel.swift,\ EnhancedDocumentsView.swift,\ Env.swift,\ HeaderSection.swift,\ PaigeCompanionView.swift,\ PaigeDocumentsView.swift,\ ProgressCard.swift,\ QuickActionCard.swift,\ SearchSection.swift /Users/ryankanfer/Documents/Developer/HOMEY\ Clean/HOMEY\ Clean/Data/Repositories/PreferencesRepository.swift /Users/ryankanfer/Documents/Developer/HOMEY\ Clean/HOMEY\ Clean/Data/Repositories/ProfilesRepository.swift /Users/ryankanfer/Documents/Developer/HOMEY\ Clean/HOMEY\ Clean/Features/Documents/AppTabRoot.swift /Users/ryankanfer/Documents/Developer/HOMEY\ Clean/HOMEY\ Clean/Features/Documents/ARDocumentScanner.swift /Users/ryankanfer/Documents/Developer/HOMEY\ Clean/HOMEY\ Clean/Features/Documents/CelebrationOverlay.swift /Users/ryankanfer/Documents/Developer/HOMEY\ Clean/HOMEY\ Clean/Features/Documents/DocumentCategoryCard.swift /Users/ryankanfer/Documents/Developer/HOMEY\ Clean/HOMEY\ Clean/Features/Documents/DocumentContextTooltip.swift /Users/ryankanfer/Documents/Developer/HOMEY\ Clean/HOMEY\ Clean/Features/Documents/DocumentsRow.swift /Users/ryankanfer/Documents/Developer/HOMEY\ Clean/HOMEY\ Clean/Features/Documents/DocumentsView.swift /Users/ryankanfer/Documents/Developer/HOMEY\ Clean/HOMEY\ Clean/Features/Documents/DocumentsViewModel.swift /Users/ryankanfer/Documents/Developer/HOMEY\ Clean/HOMEY\ Clean/Features/Documents/EnhancedDocumentsView.swift /Users/ryankanfer/Documents/Developer/HOMEY\ Clean/HOMEY\ Clean/Features/Documents/Env.swift /Users/ryankanfer/Documents/Developer/HOMEY\ Clean/HOMEY\ Clean/Features/Documents/HeaderSection.swift /Users/ryankanfer/Documents/Developer/HOMEY\ Clean/HOMEY\ Clean/Features/Documents/PaigeCompanionView.swift /Users/ryankanfer/Documents/Developer/HOMEY\ Clean/HOMEY\ Clean/Features/Documents/PaigeDocumentsView.swift /Users/ryankanfer/Documents/Developer/HOMEY\ Clean/HOMEY\ Clean/Features/Documents/ProgressCard.swift /Users/ryankanfer/Documents/Developer/HOMEY\ Clean/HOMEY\ Clean/Features/Documents/QuickActionCard.swift /Users/ryankanfer/Documents/Developer/HOMEY\ Clean/HOMEY\ Clean/Features/Documents/SearchSection.swift (in target 'HOMEY Clean' from project 'HOMEY Clean')

SwiftCompile normal arm64 /Users/ryankanfer/Documents/Developer/HOMEY\ Clean/HOMEY\ Clean/Data/Repositories/PreferencesRepository.swift (in target 'HOMEY Clean' from project 'HOMEY Clean')
    cd /Users/ryankanfer/Documents/Developer/HOMEY\ Clean
    
/Users/ryankanfer/Documents/Developer/HOMEY Clean/HOMEY Clean/Data/Repositories/PreferencesRepository.swift:108:16: warning: value 'existing' was defined but never used; consider replacing with boolean test
        if let existing = try await fetchPreferences(for: user.id) {
           ~~~~^~~~~~~~~~~
           (                                                      ) != nil

SwiftCompile normal arm64 /Users/ryankanfer/Documents/Developer/HOMEY\ Clean/HOMEY\ Clean/Data/Repositories/ProfilesRepository.swift (in target 'HOMEY Clean' from project 'HOMEY Clean')
    cd /Users/ryankanfer/Documents/Developer/HOMEY\ Clean
    

SwiftCompile normal arm64 /Users/ryankanfer/Documents/Developer/HOMEY\ Clean/HOMEY\ Clean/Features/Documents/AppTabRoot.swift (in target 'HOMEY Clean' from project 'HOMEY Clean')
    cd /Users/ryankanfer/Documents/Developer/HOMEY\ Clean
    
/Users/ryankanfer/Library/Developer/Xcode/DerivedData/HOMEY_Clean-gafualdnzupkfseuistvwtqbnpqd/Build/Intermediates.noindex/HOMEY Clean.build/Debug-iphonesimulator/HOMEY Clean.build/DerivedSources/GeneratedAssetSymbols.swift:663:14: warning: The "Primary" color asset name resolves to a conflicting Color symbol "primary". Try renaming the asset.
    #warning("The \"Primary\" color asset name resolves to a conflicting Color symbol \"primary\". Try renaming the asset.")
             ^~~~~~~~~~~~~~~~~~~~~~~~~~~~~~~~~~~~~~~~~~~~~~~~~~~~~~~~~~~~~~~~~~~~~~~~~~~~~~~~~~~~~~~~~~~~~~~~~~~~~~~~~~~~~~
/Users/ryankanfer/Documents/Developer/HOMEY Clean/HOMEY Clean/Core/Design/TRAEMicroInteractions.swift:476:45: warning: backward matching of the unlabeled trailing closure is deprecated; label the argument with 'onLongPress' to suppress this warning
            .traeInteractive(type: .button) {
                                          ~ ^
                                          , onLongPress: 
/Users/ryankanfer/Documents/Developer/HOMEY Clean/HOMEY Clean/Core/Design/TRAEMicroInteractions.swift:440:10: note: 'traeInteractive(type:isEnabled:onTap:onLongPress:)' declared here
    func traeInteractive(
         ^
/Users/ryankanfer/Library/Developer/Xcode/DerivedData/HOMEY_Clean-gafualdnzupkfseuistvwtqbnpqd/Build/Intermediates.noindex/HOMEY Clean.build/Debug-iphonesimulator/HOMEY Clean.build/DerivedSources/GeneratedAssetSymbols.swift:30:14: warning: The "AccentColor" color asset name resolves to the symbol "accent" which already exists. Try renaming the asset.
    #warning("The \"AccentColor\" color asset name resolves to the symbol \"accent\" which already exists. Try renaming the asset.")
             ^~~~~~~~~~~~~~~~~~~~~~~~~~~~~~~~~~~~~~~~~~~~~~~~~~~~~~~~~~~~~~~~~~~~~~~~~~~~~~~~~~~~~~~~~~~~~~~~~~~~~~~~~~~~~~~~~~~~~~

SwiftCompile normal arm64 /Users/ryankanfer/Documents/Developer/HOMEY\ Clean/HOMEY\ Clean/Features/Documents/ARDocumentScanner.swift (in target 'HOMEY Clean' from project 'HOMEY Clean')
    cd /Users/ryankanfer/Documents/Developer/HOMEY\ Clean
    

SwiftCompile normal arm64 /Users/ryankanfer/Documents/Developer/HOMEY\ Clean/HOMEY\ Clean/Features/Documents/CelebrationOverlay.swift (in target 'HOMEY Clean' from project 'HOMEY Clean')
    cd /Users/ryankanfer/Documents/Developer/HOMEY\ Clean
    

SwiftCompile normal arm64 /Users/ryankanfer/Documents/Developer/HOMEY\ Clean/HOMEY\ Clean/Features/Documents/DocumentCategoryCard.swift (in target 'HOMEY Clean' from project 'HOMEY Clean')
    cd /Users/ryankanfer/Documents/Developer/HOMEY\ Clean
    

SwiftCompile normal arm64 /Users/ryankanfer/Documents/Developer/HOMEY\ Clean/HOMEY\ Clean/Features/Documents/DocumentContextTooltip.swift (in target 'HOMEY Clean' from project 'HOMEY Clean')
    cd /Users/ryankanfer/Documents/Developer/HOMEY\ Clean
    

SwiftCompile normal arm64 /Users/ryankanfer/Documents/Developer/HOMEY\ Clean/HOMEY\ Clean/Features/Documents/DocumentsRow.swift (in target 'HOMEY Clean' from project 'HOMEY Clean')
    cd /Users/ryankanfer/Documents/Developer/HOMEY\ Clean
    

SwiftCompile normal arm64 /Users/ryankanfer/Documents/Developer/HOMEY\ Clean/HOMEY\ Clean/Features/Documents/DocumentsView.swift (in target 'HOMEY Clean' from project 'HOMEY Clean')
    cd /Users/ryankanfer/Documents/Developer/HOMEY\ Clean
    
/Users/ryankanfer/Documents/Developer/HOMEY Clean/HOMEY Clean/Features/Documents/DocumentsView.swift:93:1: warning: extension declares a conformance of imported type 'String' to imported protocol 'Identifiable'; this will not behave correctly if the owners of 'Swift' introduce this conformance in the future
extension String: Identifiable {
^
/Users/ryankanfer/Documents/Developer/HOMEY Clean/HOMEY Clean/Features/Documents/DocumentsView.swift:93:1: note: add '@retroactive' to silence this warning
extension String: Identifiable {
^                 ~~~~~~~~~~~~
                  @retroactive Identifiable

SwiftCompile normal arm64 /Users/ryankanfer/Documents/Developer/HOMEY\ Clean/HOMEY\ Clean/Features/Documents/DocumentsViewModel.swift (in target 'HOMEY Clean' from project 'HOMEY Clean')
    cd /Users/ryankanfer/Documents/Developer/HOMEY\ Clean
    

SwiftCompile normal arm64 /Users/ryankanfer/Documents/Developer/HOMEY\ Clean/HOMEY\ Clean/Features/Documents/EnhancedDocumentsView.swift (in target 'HOMEY Clean' from project 'HOMEY Clean')
    cd /Users/ryankanfer/Documents/Developer/HOMEY\ Clean
    
/Users/ryankanfer/Documents/Developer/HOMEY Clean/HOMEY Clean/Features/Documents/EnhancedDocumentsView.swift:89:10: warning: 'onChange(of:perform:)' was deprecated in iOS 17.0: Use `onChange` with a two or zero parameter action closure instead.
        .onChange(of: vm.isUploading) { isUploading in
         ^
/Users/ryankanfer/Documents/Developer/HOMEY Clean/HOMEY Clean/Features/Documents/EnhancedDocumentsView.swift:272:32: warning: 'appendInterpolation' is deprecated: Localized string interpolation produces an unlocalized, debug description for this type of value. Use a type supported by LocalizedStringKey.StringInterpolation or initialize a LocalizedStringResource instead with an interpolated value that conforms to CustomLocalizedStringResourceConvertible.
                        Text("\(value)")
                               ^

SwiftCompile normal arm64 /Users/ryankanfer/Documents/Developer/HOMEY\ Clean/HOMEY\ Clean/Features/Documents/Env.swift (in target 'HOMEY Clean' from project 'HOMEY Clean')
    cd /Users/ryankanfer/Documents/Developer/HOMEY\ Clean
    

SwiftCompile normal arm64 /Users/ryankanfer/Documents/Developer/HOMEY\ Clean/HOMEY\ Clean/Features/Documents/HeaderSection.swift (in target 'HOMEY Clean' from project 'HOMEY Clean')
    cd /Users/ryankanfer/Documents/Developer/HOMEY\ Clean
    

SwiftCompile normal arm64 /Users/ryankanfer/Documents/Developer/HOMEY\ Clean/HOMEY\ Clean/Features/Documents/PaigeCompanionView.swift (in target 'HOMEY Clean' from project 'HOMEY Clean')
    cd /Users/ryankanfer/Documents/Developer/HOMEY\ Clean
    

SwiftCompile normal arm64 /Users/ryankanfer/Documents/Developer/HOMEY\ Clean/HOMEY\ Clean/Features/Documents/PaigeDocumentsView.swift (in target 'HOMEY Clean' from project 'HOMEY Clean')
    cd /Users/ryankanfer/Documents/Developer/HOMEY\ Clean
    
/Users/ryankanfer/Documents/Developer/HOMEY Clean/HOMEY Clean/Features/Documents/PaigeDocumentsView.swift:553:27: warning: immutable value 'url' was never used; consider replacing with '_' or removing it
        case .success(let url):
                      ~~~~^~~
                      _
/Users/ryankanfer/Documents/Developer/HOMEY Clean/HOMEY Clean/Features/Documents/PaigeDocumentsView.swift:689:19: warning: value 'paige' was defined but never used; consider replacing with boolean test
        guard let paige = aiAvatarManager.getAvatar(by: "paige") else { return }
              ~~~~^~~~~~~~
                                                                 != nil
/Users/ryankanfer/Documents/Developer/HOMEY Clean/HOMEY Clean/Features/Documents/PaigeDocumentsView.swift:716:20: warning: value 'taxVault' was defined but never used; consider replacing with boolean test
            if let taxVault = incompleteVaults.first(where: { $0.name.lowercased().contains("financial") }) {
               ~~~~^~~~~~~~~~~
                                                                                                            != nil
/Users/ryankanfer/Documents/Developer/HOMEY Clean/HOMEY Clean/Features/Documents/PaigeDocumentsView.swift:718:28: warning: value 'employmentVault' was defined but never used; consider replacing with boolean test
             } else if let employmentVault = incompleteVaults.first(where: { $0.name.lowercased().contains("employment") }) {
                       ~~~~^~~~~~~~~~~~~~~~~~
                                                                                                                            != nil

SwiftCompile normal arm64 /Users/ryankanfer/Documents/Developer/HOMEY\ Clean/HOMEY\ Clean/Features/Documents/ProgressCard.swift (in target 'HOMEY Clean' from project 'HOMEY Clean')
    cd /Users/ryankanfer/Documents/Developer/HOMEY\ Clean
    

SwiftCompile normal arm64 /Users/ryankanfer/Documents/Developer/HOMEY\ Clean/HOMEY\ Clean/Features/Documents/QuickActionCard.swift (in target 'HOMEY Clean' from project 'HOMEY Clean')
    cd /Users/ryankanfer/Documents/Developer/HOMEY\ Clean
    

SwiftCompile normal arm64 /Users/ryankanfer/Documents/Developer/HOMEY\ Clean/HOMEY\ Clean/Features/Documents/SearchSection.swift (in target 'HOMEY Clean' from project 'HOMEY Clean')
    cd /Users/ryankanfer/Documents/Developer/HOMEY\ Clean
    
/Users/ryankanfer/Documents/Developer/HOMEY Clean/HOMEY Clean/Features/Documents/SearchSection.swift:24:22: warning: 'onChange(of:perform:)' was deprecated in iOS 17.0: Use `onChange` with a two or zero parameter action closure instead.
                    .onChange(of: searchText) { newValue in
                     ^

SwiftDriverJobDiscovery normal x86_64 Compiling JourneyStage.swift (in target 'HOMEY Clean' from project 'HOMEY Clean')

SwiftCompile normal x86_64 Compiling\ DashboardPlaceholder.swift,\ AuthRepository.swift,\ DocumentsRepository.swift,\ EventsRepository.swift,\ MessagesRepository.swift,\ ColorPaletteRow.swift,\ FurnitureToolbar.swift,\ ProgressionSystem.swift /Users/ryankanfer/Documents/Developer/HOMEY\ Clean/HOMEY\ Clean/Dashboards/DashboardPlaceholder.swift /Users/ryankanfer/Documents/Developer/HOMEY\ Clean/HOMEY\ Clean/Data/Repositories/AuthRepository.swift /Users/ryankanfer/Documents/Developer/HOMEY\ Clean/HOMEY\ Clean/Data/Repositories/DocumentsRepository.swift /Users/ryankanfer/Documents/Developer/HOMEY\ Clean/HOMEY\ Clean/Data/Repositories/EventsRepository.swift /Users/ryankanfer/Documents/Developer/HOMEY\ Clean/HOMEY\ Clean/Data/Repositories/MessagesRepository.swift /Users/ryankanfer/Documents/Developer/HOMEY\ Clean/HOMEY\ Clean/Features/Viza/Components/ColorPaletteRow.swift /Users/ryankanfer/Documents/Developer/HOMEY\ Clean/HOMEY\ Clean/Features/Viza/Components/FurnitureToolbar.swift /Users/ryankanfer/Documents/Developer/HOMEY\ Clean/HOMEY\ Clean/Features/Viza/Components/ProgressionSystem.swift (in target 'HOMEY Clean' from project 'HOMEY Clean')

SwiftCompile normal x86_64 /Users/ryankanfer/Documents/Developer/HOMEY\ Clean/HOMEY\ Clean/Dashboards/DashboardPlaceholder.swift (in target 'HOMEY Clean' from project 'HOMEY Clean')
    cd /Users/ryankanfer/Documents/Developer/HOMEY\ Clean
    

SwiftCompile normal x86_64 /Users/ryankanfer/Documents/Developer/HOMEY\ Clean/HOMEY\ Clean/Data/Repositories/AuthRepository.swift (in target 'HOMEY Clean' from project 'HOMEY Clean')
    cd /Users/ryankanfer/Documents/Developer/HOMEY\ Clean
    
/Users/ryankanfer/Documents/Developer/HOMEY Clean/HOMEY Clean/Data/Repositories/AuthRepository.swift:27:13: warning: initialization of immutable value 'response' was never used; consider replacing with assignment to '_' or removing it
        let response = try await client.auth.signIn(email: email, password: password)
        ~~~~^~~~~~~~
        _
/Users/ryankanfer/Documents/Developer/HOMEY Clean/HOMEY Clean/Data/Repositories/AuthRepository.swift:38:13: warning: initialization of immutable value 'response' was never used; consider replacing with assignment to '_' or removing it
        let response = try await client.auth.signUp(
        ~~~~^~~~~~~~
        _

SwiftCompile normal x86_64 /Users/ryankanfer/Documents/Developer/HOMEY\ Clean/HOMEY\ Clean/Data/Repositories/DocumentsRepository.swift (in target 'HOMEY Clean' from project 'HOMEY Clean')
    cd /Users/ryankanfer/Documents/Developer/HOMEY\ Clean
    
/Users/ryankanfer/Documents/Developer/HOMEY Clean/HOMEY Clean/Data/Repositories/DocumentsRepository.swift:101:30: warning: 'database' is deprecated: Direct access to database is deprecated, please use one of the available methods such as, SupabaseClient.from(_:), SupabaseClient.rpc(_:params:), or SupabaseClient.schema(_:).
        _ = try await client.database.from("documents").insert(
                             ^
/Users/ryankanfer/Documents/Developer/HOMEY Clean/HOMEY Clean/Data/Repositories/DocumentsRepository.swift:133:78: warning: 'database' is deprecated: Direct access to database is deprecated, please use one of the available methods such as, SupabaseClient.from(_:), SupabaseClient.rpc(_:params:), or SupabaseClient.schema(_:).
        let response: PostgrestResponse<[DocumentRecord]> = try await client.database.from("documents").insert(
                                                                             ^
/Users/ryankanfer/Documents/Developer/HOMEY Clean/HOMEY Clean/Data/Repositories/DocumentsRepository.swift:165:30: warning: 'database' is deprecated: Direct access to database is deprecated, please use one of the available methods such as, SupabaseClient.from(_:), SupabaseClient.rpc(_:params:), or SupabaseClient.schema(_:).
        _ = try await client.database.from("documents")
                             ^
/Users/ryankanfer/Documents/Developer/HOMEY Clean/HOMEY Clean/Data/Repositories/DocumentsRepository.swift:180:30: warning: 'database' is deprecated: Direct access to database is deprecated, please use one of the available methods such as, SupabaseClient.from(_:), SupabaseClient.rpc(_:params:), or SupabaseClient.schema(_:).
        _ = try await client.database.from("documents")
                             ^
/Users/ryankanfer/Documents/Developer/HOMEY Clean/HOMEY Clean/Data/Repositories/DocumentsRepository.swift:189:78: warning: 'database' is deprecated: Direct access to database is deprecated, please use one of the available methods such as, SupabaseClient.from(_:), SupabaseClient.rpc(_:params:), or SupabaseClient.schema(_:).
        let response: PostgrestResponse<[DocumentRecord]> = try await client.database
                                                                             ^
/Users/ryankanfer/Documents/Developer/HOMEY Clean/HOMEY Clean/Data/Repositories/DocumentsRepository.swift:212:30: warning: 'database' is deprecated: Direct access to database is deprecated, please use one of the available methods such as, SupabaseClient.from(_:), SupabaseClient.rpc(_:params:), or SupabaseClient.schema(_:).
        _ = try await client.database.from("documents")
                             ^
/Users/ryankanfer/Documents/Developer/HOMEY Clean/HOMEY Clean/Data/Repositories/DocumentsRepository.swift:220:78: warning: 'database' is deprecated: Direct access to database is deprecated, please use one of the available methods such as, SupabaseClient.from(_:), SupabaseClient.rpc(_:params:), or SupabaseClient.schema(_:).
        let response: PostgrestResponse<[DocumentRecord]> = try await client.database
                                                                             ^

SwiftCompile normal x86_64 /Users/ryankanfer/Documents/Developer/HOMEY\ Clean/HOMEY\ Clean/Data/Repositories/EventsRepository.swift (in target 'HOMEY Clean' from project 'HOMEY Clean')
    cd /Users/ryankanfer/Documents/Developer/HOMEY\ Clean
    

SwiftCompile normal x86_64 /Users/ryankanfer/Documents/Developer/HOMEY\ Clean/HOMEY\ Clean/Data/Repositories/MessagesRepository.swift (in target 'HOMEY Clean' from project 'HOMEY Clean')
    cd /Users/ryankanfer/Documents/Developer/HOMEY\ Clean
    

SwiftCompile normal x86_64 /Users/ryankanfer/Documents/Developer/HOMEY\ Clean/HOMEY\ Clean/Features/Viza/Components/ColorPaletteRow.swift (in target 'HOMEY Clean' from project 'HOMEY Clean')
    cd /Users/ryankanfer/Documents/Developer/HOMEY\ Clean
    
/Users/ryankanfer/Library/Developer/Xcode/DerivedData/HOMEY_Clean-gafualdnzupkfseuistvwtqbnpqd/Build/Intermediates.noindex/HOMEY Clean.build/Debug-iphonesimulator/HOMEY Clean.build/DerivedSources/GeneratedAssetSymbols.swift:663:14: warning: The "Primary" color asset name resolves to a conflicting Color symbol "primary". Try renaming the asset.
    #warning("The \"Primary\" color asset name resolves to a conflicting Color symbol \"primary\". Try renaming the asset.")
             ^~~~~~~~~~~~~~~~~~~~~~~~~~~~~~~~~~~~~~~~~~~~~~~~~~~~~~~~~~~~~~~~~~~~~~~~~~~~~~~~~~~~~~~~~~~~~~~~~~~~~~~~~~~~~~

SwiftCompile normal x86_64 /Users/ryankanfer/Documents/Developer/HOMEY\ Clean/HOMEY\ Clean/Features/Viza/Components/FurnitureToolbar.swift (in target 'HOMEY Clean' from project 'HOMEY Clean')
    cd /Users/ryankanfer/Documents/Developer/HOMEY\ Clean
    

SwiftCompile normal x86_64 /Users/ryankanfer/Documents/Developer/HOMEY\ Clean/HOMEY\ Clean/Features/Viza/Components/ProgressionSystem.swift (in target 'HOMEY Clean' from project 'HOMEY Clean')
    cd /Users/ryankanfer/Documents/Developer/HOMEY\ Clean
    
/Users/ryankanfer/Documents/Developer/HOMEY Clean/HOMEY Clean/Core/Design/TRAEMicroInteractions.swift:476:45: warning: backward matching of the unlabeled trailing closure is deprecated; label the argument with 'onLongPress' to suppress this warning
            .traeInteractive(type: .button) {
                                          ~ ^
                                          , onLongPress: 
/Users/ryankanfer/Documents/Developer/HOMEY Clean/HOMEY Clean/Core/Design/TRAEMicroInteractions.swift:440:10: note: 'traeInteractive(type:isEnabled:onTap:onLongPress:)' declared here
    func traeInteractive(
         ^
/Users/ryankanfer/Library/Developer/Xcode/DerivedData/HOMEY_Clean-gafualdnzupkfseuistvwtqbnpqd/Build/Intermediates.noindex/HOMEY Clean.build/Debug-iphonesimulator/HOMEY Clean.build/DerivedSources/GeneratedAssetSymbols.swift:30:14: warning: The "AccentColor" color asset name resolves to the symbol "accent" which already exists. Try renaming the asset.
    #warning("The \"AccentColor\" color asset name resolves to the symbol \"accent\" which already exists. Try renaming the asset.")
             ^~~~~~~~~~~~~~~~~~~~~~~~~~~~~~~~~~~~~~~~~~~~~~~~~~~~~~~~~~~~~~~~~~~~~~~~~~~~~~~~~~~~~~~~~~~~~~~~~~~~~~~~~~~~~~~~~~~~~~
/Users/ryankanfer/Documents/Developer/HOMEY Clean/HOMEY Clean/Features/Viza/Components/ProgressionSystem.swift:61:10: warning: 'onChange(of:perform:)' was deprecated in iOS 17.0: Use `onChange` with a two or zero parameter action closure instead.
        .onChange(of: viewModel.showingProgressionMoment) { isShowing in
         ^
/Users/ryankanfer/Documents/Developer/HOMEY Clean/HOMEY Clean/Features/Viza/Components/ProgressionSystem.swift:291:27: warning: main actor-isolated property 'showingProgressionMoment' can not be referenced from a Sendable closure
            if !viewModel.showingProgressionMoment {
                          ^
/Users/ryankanfer/Documents/Developer/HOMEY Clean/HOMEY Clean/Features/Viza/ViewModels/VizaVisionViewModel.swift:42:20: note: property declared here
    @Published var showingProgressionMoment = false
                   ^

SwiftDriverJobDiscovery normal x86_64 Compiling LeftNavigationDrawer.swift, RecommendationEngine.swift, SmartAIBox.swift, SmartRecommendationView.swift, StyledSymbol.swift, CelebrationAnimations.swift, LiquidGlassSystem.swift, LiquidWordmark.swift, SemanticColors.swift, TRAEAmbientMotion.swift, TRAEAvatarAnimations.swift, TRAEButtonAnimations.swift, TRAECarouselAnimations.swift, TRAEDemoView.swift, TRAEDragDrop.swift, TRAEHapticFeedback.swift, TRAEMicroInteractions.swift, TRAEMotionSystem.swift, TRAEPageTransitions.swift, TRAEProgressAnimations.swift, TRAEProgressiveDisclosure.swift, TRAESearchAnimations.swift, TRAESwipeGestures.swift, TRAEUploadAnimations.swift (in target 'HOMEY Clean' from project 'HOMEY Clean')

SwiftCompile normal x86_64 Compiling\ ProjectionDome.swift,\ SaveExportSheet.swift,\ ScenePresetsBar.swift,\ VizaVisionModels.swift,\ SaveExportManager.swift,\ VizaVisionViewModel.swift,\ VizaVisionView.swift,\ CharlieRoomModels.swift /Users/ryankanfer/Documents/Developer/HOMEY\ Clean/HOMEY\ Clean/Features/Viza/Components/ProjectionDome.swift /Users/ryankanfer/Documents/Developer/HOMEY\ Clean/HOMEY\ Clean/Features/Viza/Components/SaveExportSheet.swift /Users/ryankanfer/Documents/Developer/HOMEY\ Clean/HOMEY\ Clean/Features/Viza/Components/ScenePresetsBar.swift /Users/ryankanfer/Documents/Developer/HOMEY\ Clean/HOMEY\ Clean/Features/Viza/Models/VizaVisionModels.swift /Users/ryankanfer/Documents/Developer/HOMEY\ Clean/HOMEY\ Clean/Features/Viza/Services/SaveExportManager.swift /Users/ryankanfer/Documents/Developer/HOMEY\ Clean/HOMEY\ Clean/Features/Viza/ViewModels/VizaVisionViewModel.swift /Users/ryankanfer/Documents/Developer/HOMEY\ Clean/HOMEY\ Clean/Features/Viza/Views/VizaVisionView.swift /Users/ryankanfer/Documents/Developer/HOMEY\ Clean/HOMEY\ Clean/Models/CharlieRoomModels.swift (in target 'HOMEY Clean' from project 'HOMEY Clean')

SwiftCompile normal x86_64 /Users/ryankanfer/Documents/Developer/HOMEY\ Clean/HOMEY\ Clean/Features/Viza/Components/ProjectionDome.swift (in target 'HOMEY Clean' from project 'HOMEY Clean')
    cd /Users/ryankanfer/Documents/Developer/HOMEY\ Clean
    
/Users/ryankanfer/Library/Developer/Xcode/DerivedData/HOMEY_Clean-gafualdnzupkfseuistvwtqbnpqd/Build/Intermediates.noindex/HOMEY Clean.build/Debug-iphonesimulator/HOMEY Clean.build/DerivedSources/GeneratedAssetSymbols.swift:663:14: warning: The "Primary" color asset name resolves to a conflicting Color symbol "primary". Try renaming the asset.
    #warning("The \"Primary\" color asset name resolves to a conflicting Color symbol \"primary\". Try renaming the asset.")
             ^~~~~~~~~~~~~~~~~~~~~~~~~~~~~~~~~~~~~~~~~~~~~~~~~~~~~~~~~~~~~~~~~~~~~~~~~~~~~~~~~~~~~~~~~~~~~~~~~~~~~~~~~~~~~~
/Users/ryankanfer/Documents/Developer/HOMEY Clean/HOMEY Clean/Core/Design/TRAEMicroInteractions.swift:476:45: warning: backward matching of the unlabeled trailing closure is deprecated; label the argument with 'onLongPress' to suppress this warning
            .traeInteractive(type: .button) {
                                          ~ ^
                                          , onLongPress: 
/Users/ryankanfer/Documents/Developer/HOMEY Clean/HOMEY Clean/Core/Design/TRAEMicroInteractions.swift:440:10: note: 'traeInteractive(type:isEnabled:onTap:onLongPress:)' declared here
    func traeInteractive(
         ^
/Users/ryankanfer/Library/Developer/Xcode/DerivedData/HOMEY_Clean-gafualdnzupkfseuistvwtqbnpqd/Build/Intermediates.noindex/HOMEY Clean.build/Debug-iphonesimulator/HOMEY Clean.build/DerivedSources/GeneratedAssetSymbols.swift:30:14: warning: The "AccentColor" color asset name resolves to the symbol "accent" which already exists. Try renaming the asset.
    #warning("The \"AccentColor\" color asset name resolves to the symbol \"accent\" which already exists. Try renaming the asset.")
             ^~~~~~~~~~~~~~~~~~~~~~~~~~~~~~~~~~~~~~~~~~~~~~~~~~~~~~~~~~~~~~~~~~~~~~~~~~~~~~~~~~~~~~~~~~~~~~~~~~~~~~~~~~~~~~~~~~~~~~
/Users/ryankanfer/Documents/Developer/HOMEY Clean/HOMEY Clean/Features/Viza/Components/ProjectionDome.swift:42:10: warning: 'onChange(of:perform:)' was deprecated in iOS 17.0: Use `onChange` with a two or zero parameter action closure instead.
        .onChange(of: viewModel.currentDomeEffect) { _ in
         ^

SwiftCompile normal x86_64 /Users/ryankanfer/Documents/Developer/HOMEY\ Clean/HOMEY\ Clean/Features/Viza/Components/SaveExportSheet.swift (in target 'HOMEY Clean' from project 'HOMEY Clean')
    cd /Users/ryankanfer/Documents/Developer/HOMEY\ Clean
    
/Users/ryankanfer/Documents/Developer/HOMEY Clean/HOMEY Clean/Features/Viza/Components/SaveExportSheet.swift:489:13: warning: initialization of immutable value 'savedLook' was never used; consider replacing with assignment to '_' or removing it
        let savedLook = saveManager.saveLook(
        ~~~~^~~~~~~~~
        _

SwiftCompile normal x86_64 /Users/ryankanfer/Documents/Developer/HOMEY\ Clean/HOMEY\ Clean/Features/Viza/Components/ScenePresetsBar.swift (in target 'HOMEY Clean' from project 'HOMEY Clean')
    cd /Users/ryankanfer/Documents/Developer/HOMEY\ Clean
    

SwiftCompile normal x86_64 /Users/ryankanfer/Documents/Developer/HOMEY\ Clean/HOMEY\ Clean/Features/Viza/Models/VizaVisionModels.swift (in target 'HOMEY Clean' from project 'HOMEY Clean')
    cd /Users/ryankanfer/Documents/Developer/HOMEY\ Clean
    
/Users/ryankanfer/Documents/Developer/HOMEY Clean/HOMEY Clean/Features/Viza/Models/VizaVisionModels.swift:14:9: warning: immutable property will not be decoded because it is declared with an initial value which cannot be overwritten
    let id = UUID()
        ^
/Users/ryankanfer/Documents/Developer/HOMEY Clean/HOMEY Clean/Features/Viza/Models/VizaVisionModels.swift:14:9: note: set the initial value via the initializer or explicitly define a CodingKeys enum including a 'id' case to silence this warning
    let id = UUID()
        ^
/Users/ryankanfer/Documents/Developer/HOMEY Clean/HOMEY Clean/Features/Viza/Models/VizaVisionModels.swift:14:9: note: make the property mutable instead
    let id = UUID()
    ~~~ ^
    var
/Users/ryankanfer/Documents/Developer/HOMEY Clean/HOMEY Clean/Features/Viza/Models/VizaVisionModels.swift:66:9: warning: immutable property will not be decoded because it is declared with an initial value which cannot be overwritten
    let id = UUID()
        ^
/Users/ryankanfer/Documents/Developer/HOMEY Clean/HOMEY Clean/Features/Viza/Models/VizaVisionModels.swift:66:9: note: set the initial value via the initializer or explicitly define a CodingKeys enum including a 'id' case to silence this warning
    let id = UUID()
        ^
/Users/ryankanfer/Documents/Developer/HOMEY Clean/HOMEY Clean/Features/Viza/Models/VizaVisionModels.swift:66:9: note: make the property mutable instead
    let id = UUID()
    ~~~ ^
    var
/Users/ryankanfer/Documents/Developer/HOMEY Clean/HOMEY Clean/Features/Viza/Models/VizaVisionModels.swift:177:9: warning: immutable property will not be decoded because it is declared with an initial value which cannot be overwritten
    let id = UUID()
        ^
/Users/ryankanfer/Documents/Developer/HOMEY Clean/HOMEY Clean/Features/Viza/Models/VizaVisionModels.swift:177:9: note: set the initial value via the initializer or explicitly define a CodingKeys enum including a 'id' case to silence this warning
    let id = UUID()
        ^
/Users/ryankanfer/Documents/Developer/HOMEY Clean/HOMEY Clean/Features/Viza/Models/VizaVisionModels.swift:177:9: note: make the property mutable instead
    let id = UUID()
    ~~~ ^
    var
/Users/ryankanfer/Documents/Developer/HOMEY Clean/HOMEY Clean/Features/Viza/Models/VizaVisionModels.swift:316:9: warning: immutable property will not be decoded because it is declared with an initial value which cannot be overwritten
    let id = UUID()
        ^
/Users/ryankanfer/Documents/Developer/HOMEY Clean/HOMEY Clean/Features/Viza/Models/VizaVisionModels.swift:316:9: note: set the initial value via the initializer or explicitly define a CodingKeys enum including a 'id' case to silence this warning
    let id = UUID()
        ^
/Users/ryankanfer/Documents/Developer/HOMEY Clean/HOMEY Clean/Features/Viza/Models/VizaVisionModels.swift:316:9: note: make the property mutable instead
    let id = UUID()
    ~~~ ^
    var
/Users/ryankanfer/Documents/Developer/HOMEY Clean/HOMEY Clean/Features/Viza/Models/VizaVisionModels.swift:339:9: warning: immutable property will not be decoded because it is declared with an initial value which cannot be overwritten
    let id = UUID()
        ^
/Users/ryankanfer/Documents/Developer/HOMEY Clean/HOMEY Clean/Features/Viza/Models/VizaVisionModels.swift:339:9: note: set the initial value via the initializer or explicitly define a CodingKeys enum including a 'id' case to silence this warning
    let id = UUID()
        ^
/Users/ryankanfer/Documents/Developer/HOMEY Clean/HOMEY Clean/Features/Viza/Models/VizaVisionModels.swift:339:9: note: make the property mutable instead
    let id = UUID()
    ~~~ ^
    var
/Users/ryankanfer/Documents/Developer/HOMEY Clean/HOMEY Clean/Features/Viza/Models/VizaVisionModels.swift:345:9: warning: immutable property will not be decoded because it is declared with an initial value which cannot be overwritten
    let timestamp: Date = Date()
        ^
/Users/ryankanfer/Documents/Developer/HOMEY Clean/HOMEY Clean/Features/Viza/Models/VizaVisionModels.swift:345:9: note: set the initial value via the initializer or explicitly define a CodingKeys enum including a 'timestamp' case to silence this warning
    let timestamp: Date = Date()
        ^
/Users/ryankanfer/Documents/Developer/HOMEY Clean/HOMEY Clean/Features/Viza/Models/VizaVisionModels.swift:345:9: note: make the property mutable instead
    let timestamp: Date = Date()
    ~~~ ^
    var

SwiftCompile normal x86_64 /Users/ryankanfer/Documents/Developer/HOMEY\ Clean/HOMEY\ Clean/Features/Viza/Services/SaveExportManager.swift (in target 'HOMEY Clean' from project 'HOMEY Clean')
    cd /Users/ryankanfer/Documents/Developer/HOMEY\ Clean
    

SwiftCompile normal x86_64 /Users/ryankanfer/Documents/Developer/HOMEY\ Clean/HOMEY\ Clean/Features/Viza/ViewModels/VizaVisionViewModel.swift (in target 'HOMEY Clean' from project 'HOMEY Clean')
    cd /Users/ryankanfer/Documents/Developer/HOMEY\ Clean
    
/Users/ryankanfer/Documents/Developer/HOMEY Clean/HOMEY Clean/Features/Viza/ViewModels/VizaVisionViewModel.swift:195:13: warning: immutable value 'domeStyle' was never used; consider replacing with '_' or removing it
        let domeStyle: DomeStyle = {
            ^~~~~~~~~
            _

SwiftCompile normal x86_64 /Users/ryankanfer/Documents/Developer/HOMEY\ Clean/HOMEY\ Clean/Features/Viza/Views/VizaVisionView.swift (in target 'HOMEY Clean' from project 'HOMEY Clean')
    cd /Users/ryankanfer/Documents/Developer/HOMEY\ Clean
    

SwiftCompile normal x86_64 /Users/ryankanfer/Documents/Developer/HOMEY\ Clean/HOMEY\ Clean/Models/CharlieRoomModels.swift (in target 'HOMEY Clean' from project 'HOMEY Clean')
    cd /Users/ryankanfer/Documents/Developer/HOMEY\ Clean
    

SwiftDriverJobDiscovery normal arm64 Compiling DataRibbonsView.swift, IslaHeaderView.swift, RibbonDetailSheet.swift, TickerView.swift, TileDetailSheet.swift, MarketDataModels.swift, IslaDataService.swift, IslaRootView.swift, MarketTicker.swift, TileDetailView.swift, EpisodeDetailView.swift, JourneyEpisodeInterface.swift, JourneyNavigationView.swift, ComprehensiveOnboardingFlow.swift (in target 'HOMEY Clean' from project 'HOMEY Clean')

SwiftCompile normal x86_64 Compiling\ AuthStyles.swift,\ Colors.swift,\ Gradients.swift,\ HomeyTextStyles.swift,\ RoomVibeBackground.swift,\ DocumentDetailSheet.swift,\ DocumentUploadSheet.swift,\ PaigeDashboard.swift /Users/ryankanfer/Documents/Developer/HOMEY\ Clean/HOMEY\ Clean/UI/Theme/AuthStyles.swift /Users/ryankanfer/Documents/Developer/HOMEY\ Clean/HOMEY\ Clean/UI/Theme/Colors.swift /Users/ryankanfer/Documents/Developer/HOMEY\ Clean/HOMEY\ Clean/UI/Theme/Gradients.swift /Users/ryankanfer/Documents/Developer/HOMEY\ Clean/HOMEY\ Clean/UI/Theme/HomeyTextStyles.swift /Users/ryankanfer/Documents/Developer/HOMEY\ Clean/HOMEY\ Clean/UI/Theme/RoomVibeBackground.swift /Users/ryankanfer/Documents/Developer/HOMEY\ Clean/HOMEY\ Clean/Views/Dashboards/Clients/DocumentDetailSheet.swift /Users/ryankanfer/Documents/Developer/HOMEY\ Clean/HOMEY\ Clean/Views/Dashboards/Clients/DocumentUploadSheet.swift /Users/ryankanfer/Documents/Developer/HOMEY\ Clean/HOMEY\ Clean/Views/Dashboards/Clients/PaigeDashboard.swift (in target 'HOMEY Clean' from project 'HOMEY Clean')

SwiftCompile normal x86_64 /Users/ryankanfer/Documents/Developer/HOMEY\ Clean/HOMEY\ Clean/UI/Theme/AuthStyles.swift (in target 'HOMEY Clean' from project 'HOMEY Clean')
    cd /Users/ryankanfer/Documents/Developer/HOMEY\ Clean
    
/Users/ryankanfer/Library/Developer/Xcode/DerivedData/HOMEY_Clean-gafualdnzupkfseuistvwtqbnpqd/Build/Intermediates.noindex/HOMEY Clean.build/Debug-iphonesimulator/HOMEY Clean.build/DerivedSources/GeneratedAssetSymbols.swift:663:14: warning: The "Primary" color asset name resolves to a conflicting Color symbol "primary". Try renaming the asset.
    #warning("The \"Primary\" color asset name resolves to a conflicting Color symbol \"primary\". Try renaming the asset.")
             ^~~~~~~~~~~~~~~~~~~~~~~~~~~~~~~~~~~~~~~~~~~~~~~~~~~~~~~~~~~~~~~~~~~~~~~~~~~~~~~~~~~~~~~~~~~~~~~~~~~~~~~~~~~~~~

SwiftCompile normal x86_64 /Users/ryankanfer/Documents/Developer/HOMEY\ Clean/HOMEY\ Clean/UI/Theme/Colors.swift (in target 'HOMEY Clean' from project 'HOMEY Clean')
    cd /Users/ryankanfer/Documents/Developer/HOMEY\ Clean
    

SwiftCompile normal x86_64 /Users/ryankanfer/Documents/Developer/HOMEY\ Clean/HOMEY\ Clean/UI/Theme/Gradients.swift (in target 'HOMEY Clean' from project 'HOMEY Clean')
    cd /Users/ryankanfer/Documents/Developer/HOMEY\ Clean
    

SwiftCompile normal x86_64 /Users/ryankanfer/Documents/Developer/HOMEY\ Clean/HOMEY\ Clean/UI/Theme/HomeyTextStyles.swift (in target 'HOMEY Clean' from project 'HOMEY Clean')
    cd /Users/ryankanfer/Documents/Developer/HOMEY\ Clean
    

SwiftCompile normal x86_64 /Users/ryankanfer/Documents/Developer/HOMEY\ Clean/HOMEY\ Clean/UI/Theme/RoomVibeBackground.swift (in target 'HOMEY Clean' from project 'HOMEY Clean')
    cd /Users/ryankanfer/Documents/Developer/HOMEY\ Clean
    

SwiftCompile normal x86_64 /Users/ryankanfer/Documents/Developer/HOMEY\ Clean/HOMEY\ Clean/Views/Dashboards/Clients/DocumentDetailSheet.swift (in target 'HOMEY Clean' from project 'HOMEY Clean')
    cd /Users/ryankanfer/Documents/Developer/HOMEY\ Clean
    

SwiftCompile normal x86_64 /Users/ryankanfer/Documents/Developer/HOMEY\ Clean/HOMEY\ Clean/Views/Dashboards/Clients/DocumentUploadSheet.swift (in target 'HOMEY Clean' from project 'HOMEY Clean')
    cd /Users/ryankanfer/Documents/Developer/HOMEY\ Clean
    
/Users/ryankanfer/Documents/Developer/HOMEY Clean/HOMEY Clean/Core/Design/TRAEMicroInteractions.swift:476:45: warning: backward matching of the unlabeled trailing closure is deprecated; label the argument with 'onLongPress' to suppress this warning
            .traeInteractive(type: .button) {
                                          ~ ^
                                          , onLongPress: 
/Users/ryankanfer/Documents/Developer/HOMEY Clean/HOMEY Clean/Core/Design/TRAEMicroInteractions.swift:440:10: note: 'traeInteractive(type:isEnabled:onTap:onLongPress:)' declared here
    func traeInteractive(
         ^
/Users/ryankanfer/Library/Developer/Xcode/DerivedData/HOMEY_Clean-gafualdnzupkfseuistvwtqbnpqd/Build/Intermediates.noindex/HOMEY Clean.build/Debug-iphonesimulator/HOMEY Clean.build/DerivedSources/GeneratedAssetSymbols.swift:30:14: warning: The "AccentColor" color asset name resolves to the symbol "accent" which already exists. Try renaming the asset.
    #warning("The \"AccentColor\" color asset name resolves to the symbol \"accent\" which already exists. Try renaming the asset.")
             ^~~~~~~~~~~~~~~~~~~~~~~~~~~~~~~~~~~~~~~~~~~~~~~~~~~~~~~~~~~~~~~~~~~~~~~~~~~~~~~~~~~~~~~~~~~~~~~~~~~~~~~~~~~~~~~~~~~~~~

SwiftCompile normal x86_64 /Users/ryankanfer/Documents/Developer/HOMEY\ Clean/HOMEY\ Clean/Views/Dashboards/Clients/PaigeDashboard.swift (in target 'HOMEY Clean' from project 'HOMEY Clean')
    cd /Users/ryankanfer/Documents/Developer/HOMEY\ Clean
    

SwiftDriverJobDiscovery normal arm64 Compiling TypographySystem.swift, ResourceManager.swift, AgentChatView.swift, AIAvatarSystem.swift, AnimationManager.swift, ClientTabView.swift, DocumentsDashboardView.swift, Font+Fallback.swift, HOMEY_CleanApp.swift, OnboardingModalView.swift, ProfilesService.swift, ProfileTabView.swift, ProfileViewModel.swift, RootView.swift, SupabaseAuthManager.swift (in target 'HOMEY Clean' from project 'HOMEY Clean')

SwiftCompile normal arm64 Compiling\ GlassCard.swift,\ AbstractLuxeBackground.swift,\ GlassStyle.swift,\ AuthStyles.swift,\ Colors.swift,\ Gradients.swift,\ HomeyTextStyles.swift,\ RoomVibeBackground.swift,\ DocumentDetailSheet.swift,\ DocumentUploadSheet.swift,\ PaigeDashboard.swift,\ VaultDetailSheet.swift,\ CustomizableHomepageGrid.swift,\ HomepageCustomizationSheet.swift,\ NextUpSmartCard.swift,\ AccountSettingsSection.swift,\ AdvancedSettingsHub.swift /Users/ryankanfer/Documents/Developer/HOMEY\ Clean/HOMEY\ Clean/UI/Components/GlassCard.swift /Users/ryankanfer/Documents/Developer/HOMEY\ Clean/HOMEY\ Clean/UI/Style/AbstractLuxeBackground.swift /Users/ryankanfer/Documents/Developer/HOMEY\ Clean/HOMEY\ Clean/UI/Style/GlassStyle.swift /Users/ryankanfer/Documents/Developer/HOMEY\ Clean/HOMEY\ Clean/UI/Theme/AuthStyles.swift /Users/ryankanfer/Documents/Developer/HOMEY\ Clean/HOMEY\ Clean/UI/Theme/Colors.swift /Users/ryankanfer/Documents/Developer/HOMEY\ Clean/HOMEY\ Clean/UI/Theme/Gradients.swift /Users/ryankanfer/Documents/Developer/HOMEY\ Clean/HOMEY\ Clean/UI/Theme/HomeyTextStyles.swift /Users/ryankanfer/Documents/Developer/HOMEY\ Clean/HOMEY\ Clean/UI/Theme/RoomVibeBackground.swift /Users/ryankanfer/Documents/Developer/HOMEY\ Clean/HOMEY\ Clean/Views/Dashboards/Clients/DocumentDetailSheet.swift /Users/ryankanfer/Documents/Developer/HOMEY\ Clean/HOMEY\ Clean/Views/Dashboards/Clients/DocumentUploadSheet.swift /Users/ryankanfer/Documents/Developer/HOMEY\ Clean/HOMEY\ Clean/Views/Dashboards/Clients/PaigeDashboard.swift /Users/ryankanfer/Documents/Developer/HOMEY\ Clean/HOMEY\ Clean/Views/Dashboards/Clients/VaultDetailSheet.swift /Users/ryankanfer/Documents/Developer/HOMEY\ Clean/HOMEY\ Clean/Views/Homepage/CustomizableHomepageGrid.swift /Users/ryankanfer/Documents/Developer/HOMEY\ Clean/HOMEY\ Clean/Views/Homepage/HomepageCustomizationSheet.swift /Users/ryankanfer/Documents/Developer/HOMEY\ Clean/HOMEY\ Clean/Views/Homepage/NextUpSmartCard.swift /Users/ryankanfer/Documents/Developer/HOMEY\ Clean/HOMEY\ Clean/Views/Settings/AccountSettingsSection.swift /Users/ryankanfer/Documents/Developer/HOMEY\ Clean/HOMEY\ Clean/Views/Settings/AdvancedSettingsHub.swift (in target 'HOMEY Clean' from project 'HOMEY Clean')
Failed frontend command:
/Applications/Xcode.app/Contents/Developer/Toolchains/XcodeDefault.xctoolchain/usr/bin/swift-frontend -frontend -c -filelist /Users/ryankanfer/Library/Developer/Xcode/DerivedData/HOMEY_Clean-gafualdnzupkfseuistvwtqbnpqd/Build/Intermediates.noindex/HOMEY\ Clean.build/Debug-iphonesimulator/HOMEY\ Clean.build/Objects-normal/arm64/sources-2 -primary-file /Users/ryankanfer/Documents/Developer/HOMEY\ Clean/HOMEY\ Clean/UI/Components/GlassCard.swift -primary-file /Users/ryankanfer/Documents/Developer/HOMEY\ Clean/HOMEY\ Clean/UI/Style/AbstractLuxeBackground.swift -primary-file /Users/ryankanfer/Documents/Developer/HOMEY\ Clean/HOMEY\ Clean/UI/Style/GlassStyle.swift -primary-file /Users/ryankanfer/Documents/Developer/HOMEY\ Clean/HOMEY\ Clean/UI/Theme/AuthStyles.swift -primary-file /Users/ryankanfer/Documents/Developer/HOMEY\ Clean/HOMEY\ Clean/UI/Theme/Colors.swift -primary-file /Users/ryankanfer/Documents/Developer/HOMEY\ Clean/HOMEY\ Clean/UI/Theme/Gradients.swift -primary-file /Users/ryankanfer/Documents/Developer/HOMEY\ Clean/HOMEY\ Clean/UI/Theme/HomeyTextStyles.swift -primary-file /Users/ryankanfer/Documents/Developer/HOMEY\ Clean/HOMEY\ Clean/UI/Theme/RoomVibeBackground.swift -primary-file /Users/ryankanfer/Documents/Developer/HOMEY\ Clean/HOMEY\ Clean/Views/Dashboards/Clients/DocumentDetailSheet.swift -primary-file /Users/ryankanfer/Documents/Developer/HOMEY\ Clean/HOMEY\ Clean/Views/Dashboards/Clients/DocumentUploadSheet.swift -primary-file /Users/ryankanfer/Documents/Developer/HOMEY\ Clean/HOMEY\ Clean/Views/Dashboards/Clients/PaigeDashboard.swift -primary-file /Users/ryankanfer/Documents/Developer/HOMEY\ Clean/HOMEY\ Clean/Views/Dashboards/Clients/VaultDetailSheet.swift -primary-file /Users/ryankanfer/Documents/Developer/HOMEY\ Clean/HOMEY\ Clean/Views/Homepage/CustomizableHomepageGrid.swift -primary-file /Users/ryankanfer/Documents/Developer/HOMEY\ Clean/HOMEY\ Clean/Views/Homepage/HomepageCustomizationSheet.swift -primary-file /Users/ryankanfer/Documents/Developer/HOMEY\ Clean/HOMEY\ Clean/Views/Homepage/NextUpSmartCard.swift -primary-file /Users/ryankanfer/Documents/Developer/HOMEY\ Clean/HOMEY\ Clean/Views/Settings/AccountSettingsSection.swift -primary-file /Users/ryankanfer/Documents/Developer/HOMEY\ Clean/HOMEY\ Clean/Views/Settings/AdvancedSettingsHub.swift -supplementary-output-file-map /Users/ryankanfer/Library/Developer/Xcode/DerivedData/HOMEY_Clean-gafualdnzupkfseuistvwtqbnpqd/Build/Intermediates.noindex/HOMEY\ Clean.build/Debug-iphonesimulator/HOMEY\ Clean.build/Objects-normal/arm64/supplementaryOutputs-16 -emit-localized-strings -emit-localized-strings-path /Users/ryankanfer/Library/Developer/Xcode/DerivedData/HOMEY_Clean-gafualdnzupkfseuistvwtqbnpqd/Build/Intermediates.noindex/HOMEY\ Clean.build/Debug-iphonesimulator/HOMEY\ Clean.build/Objects-normal/arm64 -target arm64-apple-ios18.5-simulator -module-can-import-version DeveloperToolsSupport 23.0.4 23.0.4 -module-can-import-version Foundation 4040.1 4040.1.0 -module-can-import Supabase -module-can-import-version SwiftUI 7.0.84.1 7.0.84 -module-can-import-version UIKit 9088.1.113 9088.1.113 -disable-cross-import-overlay-search -swift-module-cross-import AVKit /Applications/Xcode.app/Contents/Developer/Platforms/iPhoneSimulator.platform/Developer/SDKs/iPhoneSimulator.sdk/System/Library/Frameworks/AVKit.framework/Modules/AVKit.swiftcrossimport/SwiftUI.swiftoverlay -swift-module-cross-import AVKit /Applications/Xcode.app/Contents/Developer/Platforms/iPhoneSimulator.platform/Developer/SDKs/iPhoneSimulator26.0.sdk/System/Library/Frameworks/AVKit.framework/Modules/AVKit.swiftcrossimport/SwiftUI.swiftoverlay -swift-module-cross-import MapKit /Applications/Xcode.app/Contents/Developer/Platforms/iPhoneSimulator.platform/Developer/SDKs/iPhoneSimulator.sdk/System/Library/Frameworks/MapKit.framework/Modules/MapKit.swiftcrossimport/SwiftUI.swiftoverlay -swift-module-cross-import PhotosUI /Applications/Xcode.app/Contents/Developer/Platforms/iPhoneSimulator.platform/Developer/SDKs/iPhoneSimulator.sdk/System/Library/Frameworks/PhotosUI.framework/Modules/PhotosUI.swiftcrossimport/SwiftUI.swiftoverlay -swift-module-cross-import PhotosUI /Applications/Xcode.app/Contents/Developer/Platforms/iPhoneSimulator.platform/Developer/SDKs/iPhoneSimulator.sdk/System/Library/Frameworks/PhotosUI.framework/Modules/PhotosUI.swiftcrossimport/WidgetKit.swiftoverlay -swift-module-cross-import PhotosUI /Applications/Xcode.app/Contents/Developer/Platforms/iPhoneSimulator.platform/Developer/SDKs/iPhoneSimulator26.0.sdk/System/Library/Frameworks/PhotosUI.framework/Modules/PhotosUI.swiftcrossimport/SwiftUI.swiftoverlay -swift-module-cross-import PhotosUI /Applications/Xcode.app/Contents/Developer/Platforms/iPhoneSimulator.platform/Developer/SDKs/iPhoneSimulator26.0.sdk/System/Library/Frameworks/PhotosUI.framework/Modules/PhotosUI.swiftcrossimport/WidgetKit.swiftoverlay -swift-module-cross-import RealityKit /Applications/Xcode.app/Contents/Developer/Platforms/iPhoneSimulator.platform/Developer/SDKs/iPhoneSimulator26.0.sdk/System/Library/Frameworks/RealityKit.framework/Modules/RealityKit.swiftcrossimport/SwiftUI.swiftoverlay -load-resolved-plugin /Applications/Xcode.app/Contents/Developer/Platforms/iPhoneOS.platform/Developer/usr/lib/swift/host/plugins/libFoundationMacros.dylib\#/Applications/Xcode.app/Contents/Developer/Platforms/iPhoneOS.platform/Developer/usr/bin/swift-plugin-server\#FoundationMacros -load-resolved-plugin /Applications/Xcode.app/Contents/Developer/Platforms/iPhoneOS.platform/Developer/usr/lib/swift/host/plugins/libObservationMacros.dylib\#/Applications/Xcode.app/Contents/Developer/Platforms/iPhoneOS.platform/Developer/usr/bin/swift-plugin-server\#ObservationMacros -load-resolved-plugin /Applications/Xcode.app/Contents/Developer/Platforms/iPhoneOS.platform/Developer/usr/lib/swift/host/plugins/libPreviewsMacros.dylib\#/Applications/Xcode.app/Contents/Developer/Platforms/iPhoneOS.platform/Developer/usr/bin/swift-plugin-server\#PreviewsMacros -load-resolved-plugin /Applications/Xcode.app/Contents/Developer/Platforms/iPhoneOS.platform/Developer/usr/lib/swift/host/plugins/libSwiftMacros.dylib\#/Applications/Xcode.app/Contents/Developer/Platforms/iPhoneOS.platform/Developer/usr/bin/swift-plugin-server\#SwiftMacros -load-resolved-plugin /Applications/Xcode.app/Contents/Developer/Platforms/iPhoneOS.platform/Developer/usr/lib/swift/host/plugins/libSwiftUIMacros.dylib\#/Applications/Xcode.app/Contents/Developer/Platforms/iPhoneOS.platform/Developer/usr/bin/swift-plugin-server\#SwiftUIMacros -load-resolved-plugin /Applications/Xcode.app/Contents/Developer/Platforms/iPhoneOS.platform/Developer/usr/lib/swift/host/plugins/libTipKitMacros.dylib\#/Applications/Xcode.app/Contents/Developer/Platforms/iPhoneOS.platform/Developer/usr/bin/swift-plugin-server\#TipKitMacros -disable-implicit-swift-modules -Xcc -fno-implicit-modules -Xcc -fno-implicit-module-maps -explicit-swift-module-map-file /Users/ryankanfer/Library/Developer/Xcode/DerivedData/HOMEY_Clean-gafualdnzupkfseuistvwtqbnpqd/Build/Intermediates.noindex/HOMEY\ Clean.build/Debug-iphonesimulator/HOMEY\ Clean.build/Objects-normal/arm64/HOMEY_Clean-dependencies-2.json -Xllvm -aarch64-use-tbi -enable-objc-interop -sdk /Applications/Xcode.app/Contents/Developer/Platforms/iPhoneSimulator.platform/Developer/SDKs/iPhoneSimulator26.0.sdk -I /Users/ryankanfer/Library/Developer/Xcode/DerivedData/HOMEY_Clean-gafualdnzupkfseuistvwtqbnpqd/Build/Products/Debug-iphonesimulator -F /Users/ryankanfer/Library/Developer/Xcode/DerivedData/HOMEY_Clean-gafualdnzupkfseuistvwtqbnpqd/Build/Products/Debug-iphonesimulator/PackageFrameworks -F /Users/ryankanfer/Library/Developer/Xcode/DerivedData/HOMEY_Clean-gafualdnzupkfseuistvwtqbnpqd/Build/Products/Debug-iphonesimulator/PackageFrameworks -F /Users/ryankanfer/Library/Developer/Xcode/DerivedData/HOMEY_Clean-gafualdnzupkfseuistvwtqbnpqd/Build/Products/Debug-iphonesimulator/PackageFrameworks -F /Users/ryankanfer/Library/Developer/Xcode/DerivedData/HOMEY_Clean-gafualdnzupkfseuistvwtqbnpqd/Build/Products/Debug-iphonesimulator/PackageFrameworks -F /Users/ryankanfer/Library/Developer/Xcode/DerivedData/HOMEY_Clean-gafualdnzupkfseuistvwtqbnpqd/Build/Products/Debug-iphonesimulator/PackageFrameworks -F /Users/ryankanfer/Library/Developer/Xcode/DerivedData/HOMEY_Clean-gafualdnzupkfseuistvwtqbnpqd/Build/Products/Debug-iphonesimulator/PackageFrameworks -F /Users/ryankanfer/Library/Developer/Xcode/DerivedData/HOMEY_Clean-gafualdnzupkfseuistvwtqbnpqd/Build/Products/Debug-iphonesimulator/PackageFrameworks -F /Users/ryankanfer/Library/Developer/Xcode/DerivedData/HOMEY_Clean-gafualdnzupkfseuistvwtqbnpqd/Build/Products/Debug-iphonesimulator/PackageFrameworks -F /Users/ryankanfer/Library/Developer/Xcode/DerivedData/HOMEY_Clean-gafualdnzupkfseuistvwtqbnpqd/Build/Products/Debug-iphonesimulator/PackageFrameworks -F /Users/ryankanfer/Library/Developer/Xcode/DerivedData/HOMEY_Clean-gafualdnzupkfseuistvwtqbnpqd/Build/Products/Debug-iphonesimulator/PackageFrameworks -F /Users/ryankanfer/Library/Developer/Xcode/DerivedData/HOMEY_Clean-gafualdnzupkfseuistvwtqbnpqd/Build/Products/Debug-iphonesimulator/PackageFrameworks -F /Users/ryankanfer/Library/Developer/Xcode/DerivedData/HOMEY_Clean-gafualdnzupkfseuistvwtqbnpqd/Build/Products/Debug-iphonesimulator/PackageFrameworks -F /Users/ryankanfer/Library/Developer/Xcode/DerivedData/HOMEY_Clean-gafualdnzupkfseuistvwtqbnpqd/Build/Products/Debug-iphonesimulator/PackageFrameworks -F /Users/ryankanfer/Library/Developer/Xcode/DerivedData/HOMEY_Clean-gafualdnzupkfseuistvwtqbnpqd/Build/Products/Debug-iphonesimulator/PackageFrameworks -F /Users/ryankanfer/Library/Developer/Xcode/DerivedData/HOMEY_Clean-gafualdnzupkfseuistvwtqbnpqd/Build/Products/Debug-iphonesimulator -no-color-diagnostics -Xcc -fno-color-diagnostics -enable-testing -g -debug-info-format\=dwarf -dwarf-version\=5 -module-cache-path /Users/ryankanfer/Library/Developer/Xcode/DerivedData/HOMEY_Clean-gafualdnzupkfseuistvwtqbnpqd/Build/Intermediates.noindex/SwiftExplicitPrecompiledModules -profile-generate -profile-coverage-mapping -swift-version 5 -enforce-exclusivity\=checked -Onone -D DEBUG -serialize-debugging-options -const-gather-protocols-file /Users/ryankanfer/Library/Developer/Xcode/DerivedData/HOMEY_Clean-gafualdnzupkfseuistvwtqbnpqd/Build/Intermediates.noindex/HOMEY\ Clean.build/Debug-iphonesimulator/HOMEY\ Clean.build/Objects-normal/arm64/HOMEY\ Clean_const_extract_protocols.json -enable-experimental-feature DebugDescriptionMacro -enable-bare-slash-regex -empty-abi-descriptor -validate-clang-modules-once -clang-build-session-file /Users/ryankanfer/Library/Developer/Xcode/DerivedData/ModuleCache.noindex/Session.modulevalidation -Xcc -working-directory -Xcc /Users/ryankanfer/Documents/Developer/HOMEY\ Clean -enable-anonymous-context-mangled-names -file-compilation-dir /Users/ryankanfer/Documents/Developer/HOMEY\ Clean -Xcc -D_LIBCPP_HARDENING_MODE\=_LIBCPP_HARDENING_MODE_DEBUG -Xcc -ivfsstatcache -Xcc /Users/ryankanfer/Library/Developer/Xcode/DerivedData/SDKStatCaches.noindex/iphonesimulator26.0-23A339-26257891a6c027eb51374368541b8346.sdkstatcache -Xcc -I/Users/ryankanfer/Library/Developer/Xcode/DerivedData/HOMEY_Clean-gafualdnzupkfseuistvwtqbnpqd/Build/Intermediates.noindex/HOMEY\ Clean.build/Debug-iphonesimulator/HOMEY\ Clean.build/swift-overrides.hmap -Xcc -iquote -Xcc /Users/ryankanfer/Library/Developer/Xcode/DerivedData/HOMEY_Clean-gafualdnzupkfseuistvwtqbnpqd/Build/Intermediates.noindex/HOMEY\ Clean.build/Debug-iphonesimulator/HOMEY\ Clean.build/HOMEY\ Clean-generated-files.hmap -Xcc -I/Users/ryankanfer/Library/Developer/Xcode/DerivedData/HOMEY_Clean-gafualdnzupkfseuistvwtqbnpqd/Build/Intermediates.noindex/HOMEY\ Clean.build/Debug-iphonesimulator/HOMEY\ Clean.build/HOMEY\ Clean-own-target-headers.hmap -Xcc -I/Users/ryankanfer/Library/Developer/Xcode/DerivedData/HOMEY_Clean-gafualdnzupkfseuistvwtqbnpqd/Build/Intermediates.noindex/HOMEY\ Clean.build/Debug-iphonesimulator/HOMEY\ Clean.build/HOMEY\ Clean-all-non-framework-target-headers.hmap -Xcc -ivfsoverlay -Xcc /Users/ryankanfer/Library/Developer/Xcode/DerivedData/HOMEY_Clean-gafualdnzupkfseuistvwtqbnpqd/Build/Intermediates.noindex/HOMEY\ Clean.build/Debug-iphonesimulator/HOMEY\ Clean-0f55fb2587d36a9d6da7defd35999c5a-VFS-iphonesimulator/all-product-headers.yaml -Xcc -iquote -Xcc /Users/ryankanfer/Library/Developer/Xcode/DerivedData/HOMEY_Clean-gafualdnzupkfseuistvwtqbnpqd/Build/Intermediates.noindex/HOMEY\ Clean.build/Debug-iphonesimulator/HOMEY\ Clean.build/HOMEY\ Clean-project-headers.hmap -Xcc -I/Users/ryankanfer/Library/Developer/Xcode/DerivedData/HOMEY_Clean-gafualdnzupkfseuistvwtqbnpqd/Build/Products/Debug-iphonesimulator/include -Xcc -I/Users/ryankanfer/Library/Developer/Xcode/DerivedData/HOMEY_Clean-gafualdnzupkfseuistvwtqbnpqd/Build/Intermediates.noindex/HOMEY\ Clean.build/Debug-iphonesimulator/HOMEY\ Clean.build/DerivedSources-normal/arm64 -Xcc -I/Users/ryankanfer/Library/Developer/Xcode/DerivedData/HOMEY_Clean-gafualdnzupkfseuistvwtqbnpqd/Build/Intermediates.noindex/HOMEY\ Clean.build/Debug-iphonesimulator/HOMEY\ Clean.build/DerivedSources/arm64 -Xcc -I/Users/ryankanfer/Library/Developer/Xcode/DerivedData/HOMEY_Clean-gafualdnzupkfseuistvwtqbnpqd/Build/Intermediates.noindex/HOMEY\ Clean.build/Debug-iphonesimulator/HOMEY\ Clean.build/DerivedSources -Xcc -DDEBUG\=1 -no-auto-bridging-header-chaining -module-name HOMEY_Clean -frontend-parseable-output -disable-clang-spi -target-sdk-version 26.0 -target-sdk-name iphonesimulator26.0 -clang-target arm64-apple-ios26.0-simulator -in-process-plugin-server-path /Applications/Xcode.app/Contents/Developer/Toolchains/XcodeDefault.xctoolchain/usr/lib/swift/host/libSwiftInProcPluginServer.dylib -o /Users/ryankanfer/Library/Developer/Xcode/DerivedData/HOMEY_Clean-gafualdnzupkfseuistvwtqbnpqd/Build/Intermediates.noindex/HOMEY\ Clean.build/Debug-iphonesimulator/HOMEY\ Clean.build/Objects-normal/arm64/GlassCard.o -o /Users/ryankanfer/Library/Developer/Xcode/DerivedData/HOMEY_Clean-gafualdnzupkfseuistvwtqbnpqd/Build/Intermediates.noindex/HOMEY\ Clean.build/Debug-iphonesimulator/HOMEY\ Clean.build/Objects-normal/arm64/AbstractLuxeBackground.o -o /Users/ryankanfer/Library/Developer/Xcode/DerivedData/HOMEY_Clean-gafualdnzupkfseuistvwtqbnpqd/Build/Intermediates.noindex/HOMEY\ Clean.build/Debug-iphonesimulator/HOMEY\ Clean.build/Objects-normal/arm64/GlassStyle.o -o /Users/ryankanfer/Library/Developer/Xcode/DerivedData/HOMEY_Clean-gafualdnzupkfseuistvwtqbnpqd/Build/Intermediates.noindex/HOMEY\ Clean.build/Debug-iphonesimulator/HOMEY\ Clean.build/Objects-normal/arm64/AuthStyles.o -o /Users/ryankanfer/Library/Developer/Xcode/DerivedData/HOMEY_Clean-gafualdnzupkfseuistvwtqbnpqd/Build/Intermediates.noindex/HOMEY\ Clean.build/Debug-iphonesimulator/HOMEY\ Clean.build/Objects-normal/arm64/Colors.o -o /Users/ryankanfer/Library/Developer/Xcode/DerivedData/HOMEY_Clean-gafualdnzupkfseuistvwtqbnpqd/Build/Intermediates.noindex/HOMEY\ Clean.build/Debug-iphonesimulator/HOMEY\ Clean.build/Objects-normal/arm64/Gradients.o -o /Users/ryankanfer/Library/Developer/Xcode/DerivedData/HOMEY_Clean-gafualdnzupkfseuistvwtqbnpqd/Build/Intermediates.noindex/HOMEY\ Clean.build/Debug-iphonesimulator/HOMEY\ Clean.build/Objects-normal/arm64/HomeyTextStyles.o -o /Users/ryankanfer/Library/Developer/Xcode/DerivedData/HOMEY_Clean-gafualdnzupkfseuistvwtqbnpqd/Build/Intermediates.noindex/HOMEY\ Clean.build/Debug-iphonesimulator/HOMEY\ Clean.build/Objects-normal/arm64/RoomVibeBackground.o -o /Users/ryankanfer/Library/Developer/Xcode/DerivedData/HOMEY_Clean-gafualdnzupkfseuistvwtqbnpqd/Build/Intermediates.noindex/HOMEY\ Clean.build/Debug-iphonesimulator/HOMEY\ Clean.build/Objects-normal/arm64/DocumentDetailSheet.o -o /Users/ryankanfer/Library/Developer/Xcode/DerivedData/HOMEY_Clean-gafualdnzupkfseuistvwtqbnpqd/Build/Intermediates.noindex/HOMEY\ Clean.build/Debug-iphonesimulator/HOMEY\ Clean.build/Objects-normal/arm64/DocumentUploadSheet.o -o /Users/ryankanfer/Library/Developer/Xcode/DerivedData/HOMEY_Clean-gafualdnzupkfseuistvwtqbnpqd/Build/Intermediates.noindex/HOMEY\ Clean.build/Debug-iphonesimulator/HOMEY\ Clean.build/Objects-normal/arm64/PaigeDashboard.o -o /Users/ryankanfer/Library/Developer/Xcode/DerivedData/HOMEY_Clean-gafualdnzupkfseuistvwtqbnpqd/Build/Intermediates.noindex/HOMEY\ Clean.build/Debug-iphonesimulator/HOMEY\ Clean.build/Objects-normal/arm64/VaultDetailSheet.o -o /Users/ryankanfer/Library/Developer/Xcode/DerivedData/HOMEY_Clean-gafualdnzupkfseuistvwtqbnpqd/Build/Intermediates.noindex/HOMEY\ Clean.build/Debug-iphonesimulator/HOMEY\ Clean.build/Objects-normal/arm64/CustomizableHomepageGrid.o -o /Users/ryankanfer/Library/Developer/Xcode/DerivedData/HOMEY_Clean-gafualdnzupkfseuistvwtqbnpqd/Build/Intermediates.noindex/HOMEY\ Clean.build/Debug-iphonesimulator/HOMEY\ Clean.build/Objects-normal/arm64/HomepageCustomizationSheet.o -o /Users/ryankanfer/Library/Developer/Xcode/DerivedData/HOMEY_Clean-gafualdnzupkfseuistvwtqbnpqd/Build/Intermediates.noindex/HOMEY\ Clean.build/Debug-iphonesimulator/HOMEY\ Clean.build/Objects-normal/arm64/NextUpSmartCard.o -o /Users/ryankanfer/Library/Developer/Xcode/DerivedData/HOMEY_Clean-gafualdnzupkfseuistvwtqbnpqd/Build/Intermediates.noindex/HOMEY\ Clean.build/Debug-iphonesimulator/HOMEY\ Clean.build/Objects-normal/arm64/AccountSettingsSection.o -o /Users/ryankanfer/Library/Developer/Xcode/DerivedData/HOMEY_Clean-gafualdnzupkfseuistvwtqbnpqd/Build/Intermediates.noindex/HOMEY\ Clean.build/Debug-iphonesimulator/HOMEY\ Clean.build/Objects-normal/arm64/AdvancedSettingsHub.o -index-unit-output-path /HOMEY\ Clean.build/Debug-iphonesimulator/HOMEY\ Clean.build/Objects-normal/arm64/GlassCard.o -index-unit-output-path /HOMEY\ Clean.build/Debug-iphonesimulator/HOMEY\ Clean.build/Objects-normal/arm64/AbstractLuxeBackground.o -index-unit-output-path /HOMEY\ Clean.build/Debug-iphonesimulator/HOMEY\ Clean.build/Objects-normal/arm64/GlassStyle.o -index-unit-output-path /HOMEY\ Clean.build/Debug-iphonesimulator/HOMEY\ Clean.build/Objects-normal/arm64/AuthStyles.o -index-unit-output-path /HOMEY\ Clean.build/Debug-iphonesimulator/HOMEY\ Clean.build/Objects-normal/arm64/Colors.o -index-unit-output-path /HOMEY\ Clean.build/Debug-iphonesimulator/HOMEY\ Clean.build/Objects-normal/arm64/Gradients.o -index-unit-output-path /HOMEY\ Clean.build/Debug-iphonesimulator/HOMEY\ Clean.build/Objects-normal/arm64/HomeyTextStyles.o -index-unit-output-path /HOMEY\ Clean.build/Debug-iphonesimulator/HOMEY\ Clean.build/Objects-normal/arm64/RoomVibeBackground.o -index-unit-output-path /HOMEY\ Clean.build/Debug-iphonesimulator/HOMEY\ Clean.build/Objects-normal/arm64/DocumentDetailSheet.o -index-unit-output-path /HOMEY\ Clean.build/Debug-iphonesimulator/HOMEY\ Clean.build/Objects-normal/arm64/DocumentUploadSheet.o -index-unit-output-path /HOMEY\ Clean.build/Debug-iphonesimulator/HOMEY\ Clean.build/Objects-normal/arm64/PaigeDashboard.o -index-unit-output-path /HOMEY\ Clean.build/Debug-iphonesimulator/HOMEY\ Clean.build/Objects-normal/arm64/VaultDetailSheet.o -index-unit-output-path /HOMEY\ Clean.build/Debug-iphonesimulator/HOMEY\ Clean.build/Objects-normal/arm64/CustomizableHomepageGrid.o -index-unit-output-path /HOMEY\ Clean.build/Debug-iphonesimulator/HOMEY\ Clean.build/Objects-normal/arm64/HomepageCustomizationSheet.o -index-unit-output-path /HOMEY\ Clean.build/Debug-iphonesimulator/HOMEY\ Clean.build/Objects-normal/arm64/NextUpSmartCard.o -index-unit-output-path /HOMEY\ Clean.build/Debug-iphonesimulator/HOMEY\ Clean.build/Objects-normal/arm64/AccountSettingsSection.o -index-unit-output-path /HOMEY\ Clean.build/Debug-iphonesimulator/HOMEY\ Clean.build/Objects-normal/arm64/AdvancedSettingsHub.o -index-store-path /Users/ryankanfer/Library/Developer/Xcode/DerivedData/HOMEY_Clean-gafualdnzupkfseuistvwtqbnpqd/Index.noindex/DataStore -index-system-modules

SwiftCompile normal arm64 /Users/ryankanfer/Documents/Developer/HOMEY\ Clean/HOMEY\ Clean/UI/Components/GlassCard.swift (in target 'HOMEY Clean' from project 'HOMEY Clean')
    cd /Users/ryankanfer/Documents/Developer/HOMEY\ Clean
    
/Users/ryankanfer/Library/Developer/Xcode/DerivedData/HOMEY_Clean-gafualdnzupkfseuistvwtqbnpqd/Build/Intermediates.noindex/HOMEY Clean.build/Debug-iphonesimulator/HOMEY Clean.build/DerivedSources/GeneratedAssetSymbols.swift:663:14: warning: The "Primary" color asset name resolves to a conflicting Color symbol "primary". Try renaming the asset.
    #warning("The \"Primary\" color asset name resolves to a conflicting Color symbol \"primary\". Try renaming the asset.")
             ^~~~~~~~~~~~~~~~~~~~~~~~~~~~~~~~~~~~~~~~~~~~~~~~~~~~~~~~~~~~~~~~~~~~~~~~~~~~~~~~~~~~~~~~~~~~~~~~~~~~~~~~~~~~~~

SwiftCompile normal arm64 /Users/ryankanfer/Documents/Developer/HOMEY\ Clean/HOMEY\ Clean/UI/Style/AbstractLuxeBackground.swift (in target 'HOMEY Clean' from project 'HOMEY Clean')
    cd /Users/ryankanfer/Documents/Developer/HOMEY\ Clean
    

SwiftCompile normal arm64 /Users/ryankanfer/Documents/Developer/HOMEY\ Clean/HOMEY\ Clean/UI/Style/GlassStyle.swift (in target 'HOMEY Clean' from project 'HOMEY Clean')
    cd /Users/ryankanfer/Documents/Developer/HOMEY\ Clean
    

SwiftCompile normal arm64 /Users/ryankanfer/Documents/Developer/HOMEY\ Clean/HOMEY\ Clean/UI/Theme/AuthStyles.swift (in target 'HOMEY Clean' from project 'HOMEY Clean')
    cd /Users/ryankanfer/Documents/Developer/HOMEY\ Clean
    

SwiftCompile normal arm64 /Users/ryankanfer/Documents/Developer/HOMEY\ Clean/HOMEY\ Clean/UI/Theme/Colors.swift (in target 'HOMEY Clean' from project 'HOMEY Clean')
    cd /Users/ryankanfer/Documents/Developer/HOMEY\ Clean
    

SwiftCompile normal arm64 /Users/ryankanfer/Documents/Developer/HOMEY\ Clean/HOMEY\ Clean/UI/Theme/Gradients.swift (in target 'HOMEY Clean' from project 'HOMEY Clean')
    cd /Users/ryankanfer/Documents/Developer/HOMEY\ Clean
    

SwiftCompile normal arm64 /Users/ryankanfer/Documents/Developer/HOMEY\ Clean/HOMEY\ Clean/UI/Theme/HomeyTextStyles.swift (in target 'HOMEY Clean' from project 'HOMEY Clean')
    cd /Users/ryankanfer/Documents/Developer/HOMEY\ Clean
    

SwiftCompile normal arm64 /Users/ryankanfer/Documents/Developer/HOMEY\ Clean/HOMEY\ Clean/UI/Theme/RoomVibeBackground.swift (in target 'HOMEY Clean' from project 'HOMEY Clean')
    cd /Users/ryankanfer/Documents/Developer/HOMEY\ Clean
    

SwiftCompile normal arm64 /Users/ryankanfer/Documents/Developer/HOMEY\ Clean/HOMEY\ Clean/Views/Dashboards/Clients/DocumentDetailSheet.swift (in target 'HOMEY Clean' from project 'HOMEY Clean')
    cd /Users/ryankanfer/Documents/Developer/HOMEY\ Clean
    

SwiftCompile normal arm64 /Users/ryankanfer/Documents/Developer/HOMEY\ Clean/HOMEY\ Clean/Views/Dashboards/Clients/DocumentUploadSheet.swift (in target 'HOMEY Clean' from project 'HOMEY Clean')
    cd /Users/ryankanfer/Documents/Developer/HOMEY\ Clean
    
/Users/ryankanfer/Documents/Developer/HOMEY Clean/HOMEY Clean/Core/Design/TRAEMicroInteractions.swift:476:45: warning: backward matching of the unlabeled trailing closure is deprecated; label the argument with 'onLongPress' to suppress this warning
            .traeInteractive(type: .button) {
                                          ~ ^
                                          , onLongPress: 
/Users/ryankanfer/Documents/Developer/HOMEY Clean/HOMEY Clean/Core/Design/TRAEMicroInteractions.swift:440:10: note: 'traeInteractive(type:isEnabled:onTap:onLongPress:)' declared here
    func traeInteractive(
         ^
/Users/ryankanfer/Library/Developer/Xcode/DerivedData/HOMEY_Clean-gafualdnzupkfseuistvwtqbnpqd/Build/Intermediates.noindex/HOMEY Clean.build/Debug-iphonesimulator/HOMEY Clean.build/DerivedSources/GeneratedAssetSymbols.swift:30:14: warning: The "AccentColor" color asset name resolves to the symbol "accent" which already exists. Try renaming the asset.
    #warning("The \"AccentColor\" color asset name resolves to the symbol \"accent\" which already exists. Try renaming the asset.")
             ^~~~~~~~~~~~~~~~~~~~~~~~~~~~~~~~~~~~~~~~~~~~~~~~~~~~~~~~~~~~~~~~~~~~~~~~~~~~~~~~~~~~~~~~~~~~~~~~~~~~~~~~~~~~~~~~~~~~~~

SwiftCompile normal arm64 /Users/ryankanfer/Documents/Developer/HOMEY\ Clean/HOMEY\ Clean/Views/Dashboards/Clients/PaigeDashboard.swift (in target 'HOMEY Clean' from project 'HOMEY Clean')
    cd /Users/ryankanfer/Documents/Developer/HOMEY\ Clean
    

SwiftCompile normal arm64 /Users/ryankanfer/Documents/Developer/HOMEY\ Clean/HOMEY\ Clean/Views/Dashboards/Clients/VaultDetailSheet.swift (in target 'HOMEY Clean' from project 'HOMEY Clean')
    cd /Users/ryankanfer/Documents/Developer/HOMEY\ Clean
    

SwiftCompile normal arm64 /Users/ryankanfer/Documents/Developer/HOMEY\ Clean/HOMEY\ Clean/Views/Homepage/CustomizableHomepageGrid.swift (in target 'HOMEY Clean' from project 'HOMEY Clean')
    cd /Users/ryankanfer/Documents/Developer/HOMEY\ Clean
    

SwiftCompile normal arm64 /Users/ryankanfer/Documents/Developer/HOMEY\ Clean/HOMEY\ Clean/Views/Homepage/HomepageCustomizationSheet.swift (in target 'HOMEY Clean' from project 'HOMEY Clean')
    cd /Users/ryankanfer/Documents/Developer/HOMEY\ Clean
    
/Users/ryankanfer/Documents/Developer/HOMEY Clean/HOMEY Clean/Views/Homepage/HomepageCustomizationSheet.swift:136:20: error: extra argument 'theme' in call
            theme: themePreference
~~~~~~~~~~~~~~~~~~~^~~~~~~~~~~~~~~

SwiftCompile normal arm64 /Users/ryankanfer/Documents/Developer/HOMEY\ Clean/HOMEY\ Clean/Views/Homepage/NextUpSmartCard.swift (in target 'HOMEY Clean' from project 'HOMEY Clean')
    cd /Users/ryankanfer/Documents/Developer/HOMEY\ Clean
    

SwiftCompile normal arm64 /Users/ryankanfer/Documents/Developer/HOMEY\ Clean/HOMEY\ Clean/Views/Settings/AccountSettingsSection.swift (in target 'HOMEY Clean' from project 'HOMEY Clean')
    cd /Users/ryankanfer/Documents/Developer/HOMEY\ Clean
    

SwiftCompile normal arm64 /Users/ryankanfer/Documents/Developer/HOMEY\ Clean/HOMEY\ Clean/Views/Settings/AdvancedSettingsHub.swift (in target 'HOMEY Clean' from project 'HOMEY Clean')
    cd /Users/ryankanfer/Documents/Developer/HOMEY\ Clean
    

SwiftDriverJobDiscovery normal x86_64 Compiling DashboardPlaceholder.swift, AuthRepository.swift, DocumentsRepository.swift, EventsRepository.swift, MessagesRepository.swift, ColorPaletteRow.swift, FurnitureToolbar.swift, ProgressionSystem.swift (in target 'HOMEY Clean' from project 'HOMEY Clean')

SwiftCompile normal arm64 Compiling\ FurnitureToolbar.swift,\ ProgressionSystem.swift,\ ProjectionDome.swift,\ SaveExportSheet.swift,\ ScenePresetsBar.swift,\ VizaVisionModels.swift,\ SaveExportManager.swift,\ VizaVisionViewModel.swift,\ VizaVisionView.swift,\ AppConfig.swift,\ CharlieRoomModels.swift,\ CompanionModule.swift,\ DocumentVault.swift,\ HomepageCustomization.swift,\ JourneyEpisode.swift,\ JourneyStage.swift,\ CharacterCarousel.swift /Users/ryankanfer/Documents/Developer/HOMEY\ Clean/HOMEY\ Clean/Features/Viza/Components/FurnitureToolbar.swift /Users/ryankanfer/Documents/Developer/HOMEY\ Clean/HOMEY\ Clean/Features/Viza/Components/ProgressionSystem.swift /Users/ryankanfer/Documents/Developer/HOMEY\ Clean/HOMEY\ Clean/Features/Viza/Components/ProjectionDome.swift /Users/ryankanfer/Documents/Developer/HOMEY\ Clean/HOMEY\ Clean/Features/Viza/Components/SaveExportSheet.swift /Users/ryankanfer/Documents/Developer/HOMEY\ Clean/HOMEY\ Clean/Features/Viza/Components/ScenePresetsBar.swift /Users/ryankanfer/Documents/Developer/HOMEY\ Clean/HOMEY\ Clean/Features/Viza/Models/VizaVisionModels.swift /Users/ryankanfer/Documents/Developer/HOMEY\ Clean/HOMEY\ Clean/Features/Viza/Services/SaveExportManager.swift /Users/ryankanfer/Documents/Developer/HOMEY\ Clean/HOMEY\ Clean/Features/Viza/ViewModels/VizaVisionViewModel.swift /Users/ryankanfer/Documents/Developer/HOMEY\ Clean/HOMEY\ Clean/Features/Viza/Views/VizaVisionView.swift /Users/ryankanfer/Documents/Developer/HOMEY\ Clean/HOMEY\ Clean/ios/Shared/Config/AppConfig.swift /Users/ryankanfer/Documents/Developer/HOMEY\ Clean/HOMEY\ Clean/Models/CharlieRoomModels.swift /Users/ryankanfer/Documents/Developer/HOMEY\ Clean/HOMEY\ Clean/Models/CompanionModule.swift /Users/ryankanfer/Documents/Developer/HOMEY\ Clean/HOMEY\ Clean/Models/DocumentVault.swift /Users/ryankanfer/Documents/Developer/HOMEY\ Clean/HOMEY\ Clean/Models/HomepageCustomization.swift /Users/ryankanfer/Documents/Developer/HOMEY\ Clean/HOMEY\ Clean/Models/JourneyEpisode.swift /Users/ryankanfer/Documents/Developer/HOMEY\ Clean/HOMEY\ Clean/Models/JourneyStage.swift /Users/ryankanfer/Documents/Developer/HOMEY\ Clean/HOMEY\ Clean/Opening/CharacterCarousel.swift (in target 'HOMEY Clean' from project 'HOMEY Clean')

SwiftCompile normal arm64 /Users/ryankanfer/Documents/Developer/HOMEY\ Clean/HOMEY\ Clean/Features/Viza/Components/FurnitureToolbar.swift (in target 'HOMEY Clean' from project 'HOMEY Clean')
    cd /Users/ryankanfer/Documents/Developer/HOMEY\ Clean
    

SwiftCompile normal arm64 /Users/ryankanfer/Documents/Developer/HOMEY\ Clean/HOMEY\ Clean/Features/Viza/Components/ProgressionSystem.swift (in target 'HOMEY Clean' from project 'HOMEY Clean')
    cd /Users/ryankanfer/Documents/Developer/HOMEY\ Clean
    

SwiftCompile normal arm64 /Users/ryankanfer/Documents/Developer/HOMEY\ Clean/HOMEY\ Clean/Features/Viza/Components/ProjectionDome.swift (in target 'HOMEY Clean' from project 'HOMEY Clean')
    cd /Users/ryankanfer/Documents/Developer/HOMEY\ Clean
    

SwiftCompile normal arm64 /Users/ryankanfer/Documents/Developer/HOMEY\ Clean/HOMEY\ Clean/Features/Viza/Components/SaveExportSheet.swift (in target 'HOMEY Clean' from project 'HOMEY Clean')
    cd /Users/ryankanfer/Documents/Developer/HOMEY\ Clean
    

SwiftCompile normal arm64 /Users/ryankanfer/Documents/Developer/HOMEY\ Clean/HOMEY\ Clean/Features/Viza/Components/ScenePresetsBar.swift (in target 'HOMEY Clean' from project 'HOMEY Clean')
    cd /Users/ryankanfer/Documents/Developer/HOMEY\ Clean
    

SwiftCompile normal arm64 /Users/ryankanfer/Documents/Developer/HOMEY\ Clean/HOMEY\ Clean/Features/Viza/Models/VizaVisionModels.swift (in target 'HOMEY Clean' from project 'HOMEY Clean')
    cd /Users/ryankanfer/Documents/Developer/HOMEY\ Clean
    

SwiftCompile normal arm64 /Users/ryankanfer/Documents/Developer/HOMEY\ Clean/HOMEY\ Clean/Features/Viza/Services/SaveExportManager.swift (in target 'HOMEY Clean' from project 'HOMEY Clean')
    cd /Users/ryankanfer/Documents/Developer/HOMEY\ Clean
    

SwiftCompile normal arm64 /Users/ryankanfer/Documents/Developer/HOMEY\ Clean/HOMEY\ Clean/Features/Viza/ViewModels/VizaVisionViewModel.swift (in target 'HOMEY Clean' from project 'HOMEY Clean')
    cd /Users/ryankanfer/Documents/Developer/HOMEY\ Clean
    

SwiftCompile normal arm64 /Users/ryankanfer/Documents/Developer/HOMEY\ Clean/HOMEY\ Clean/Features/Viza/Views/VizaVisionView.swift (in target 'HOMEY Clean' from project 'HOMEY Clean')
    cd /Users/ryankanfer/Documents/Developer/HOMEY\ Clean
    

SwiftCompile normal arm64 /Users/ryankanfer/Documents/Developer/HOMEY\ Clean/HOMEY\ Clean/ios/Shared/Config/AppConfig.swift (in target 'HOMEY Clean' from project 'HOMEY Clean')
    cd /Users/ryankanfer/Documents/Developer/HOMEY\ Clean
    

SwiftCompile normal arm64 /Users/ryankanfer/Documents/Developer/HOMEY\ Clean/HOMEY\ Clean/Models/CharlieRoomModels.swift (in target 'HOMEY Clean' from project 'HOMEY Clean')
    cd /Users/ryankanfer/Documents/Developer/HOMEY\ Clean
    

SwiftCompile normal arm64 /Users/ryankanfer/Documents/Developer/HOMEY\ Clean/HOMEY\ Clean/Models/CompanionModule.swift (in target 'HOMEY Clean' from project 'HOMEY Clean')
    cd /Users/ryankanfer/Documents/Developer/HOMEY\ Clean
    

SwiftCompile normal arm64 /Users/ryankanfer/Documents/Developer/HOMEY\ Clean/HOMEY\ Clean/Models/DocumentVault.swift (in target 'HOMEY Clean' from project 'HOMEY Clean')
    cd /Users/ryankanfer/Documents/Developer/HOMEY\ Clean
    

SwiftCompile normal arm64 /Users/ryankanfer/Documents/Developer/HOMEY\ Clean/HOMEY\ Clean/Models/HomepageCustomization.swift (in target 'HOMEY Clean' from project 'HOMEY Clean')
    cd /Users/ryankanfer/Documents/Developer/HOMEY\ Clean
    

SwiftCompile normal arm64 /Users/ryankanfer/Documents/Developer/HOMEY\ Clean/HOMEY\ Clean/Models/JourneyEpisode.swift (in target 'HOMEY Clean' from project 'HOMEY Clean')
    cd /Users/ryankanfer/Documents/Developer/HOMEY\ Clean
    

SwiftCompile normal arm64 /Users/ryankanfer/Documents/Developer/HOMEY\ Clean/HOMEY\ Clean/Models/JourneyStage.swift (in target 'HOMEY Clean' from project 'HOMEY Clean')
    cd /Users/ryankanfer/Documents/Developer/HOMEY\ Clean
    

SwiftCompile normal arm64 /Users/ryankanfer/Documents/Developer/HOMEY\ Clean/HOMEY\ Clean/Opening/CharacterCarousel.swift (in target 'HOMEY Clean' from project 'HOMEY Clean')
    cd /Users/ryankanfer/Documents/Developer/HOMEY\ Clean
    

SwiftDriverJobDiscovery normal arm64 Compiling ClientDashboardView.swift, SignatureSceneHomepage.swift, SignatureSceneIntegration.swift, AnimatedHeroBackground.swift, CharlieDashboard.swift, DashboardPlaceholder.swift, AuthRepository.swift, DocumentsRepository.swift, IntroductionService.swift, DrewDirectoryTestView.swift, DrewDirectoryView.swift, EducationCenterView.swift, AnalyticsTilesGrid.swift, AnalyticTilesView.swift, DataRibbon.swift (in target 'HOMEY Clean' from project 'HOMEY Clean')

SwiftCompile normal arm64 Compiling\ SwipeablePropertyStack.swift,\ AnalyticsEvent.swift,\ Lens.swift,\ Listing.swift,\ OverlayLayer.swift,\ ProgressState.swift,\ PropertyListing.swift,\ PropertySearchParams.swift,\ ShortlistEntry.swift,\ AccessibilityService.swift,\ LocationManager.swift,\ ScoutDataService.swift,\ ScoutViewModel.swift,\ ARFeaturesView.swift,\ FullSheetView.swift,\ HoloMapView.swift,\ PeekCard.swift,\ PriceSlider.swift /Users/ryankanfer/Documents/Developer/HOMEY\ Clean/HOMEY\ Clean/Features/Scout/Components/SwipeablePropertyStack.swift /Users/ryankanfer/Documents/Developer/HOMEY\ Clean/HOMEY\ Clean/Features/Scout/Models/AnalyticsEvent.swift /Users/ryankanfer/Documents/Developer/HOMEY\ Clean/HOMEY\ Clean/Features/Scout/Models/Lens.swift /Users/ryankanfer/Documents/Developer/HOMEY\ Clean/HOMEY\ Clean/Features/Scout/Models/Listing.swift /Users/ryankanfer/Documents/Developer/HOMEY\ Clean/HOMEY\ Clean/Features/Scout/Models/OverlayLayer.swift /Users/ryankanfer/Documents/Developer/HOMEY\ Clean/HOMEY\ Clean/Features/Scout/Models/ProgressState.swift /Users/ryankanfer/Documents/Developer/HOMEY\ Clean/HOMEY\ Clean/Features/Scout/Models/PropertyListing.swift /Users/ryankanfer/Documents/Developer/HOMEY\ Clean/HOMEY\ Clean/Features/Scout/Models/PropertySearchParams.swift /Users/ryankanfer/Documents/Developer/HOMEY\ Clean/HOMEY\ Clean/Features/Scout/Models/ShortlistEntry.swift /Users/ryankanfer/Documents/Developer/HOMEY\ Clean/HOMEY\ Clean/Features/Scout/Services/AccessibilityService.swift /Users/ryankanfer/Documents/Developer/HOMEY\ Clean/HOMEY\ Clean/Features/Scout/Services/LocationManager.swift /Users/ryankanfer/Documents/Developer/HOMEY\ Clean/HOMEY\ Clean/Features/Scout/Services/ScoutDataService.swift /Users/ryankanfer/Documents/Developer/HOMEY\ Clean/HOMEY\ Clean/Features/Scout/ViewModels/ScoutViewModel.swift /Users/ryankanfer/Documents/Developer/HOMEY\ Clean/HOMEY\ Clean/Features/Scout/Views/ARFeaturesView.swift /Users/ryankanfer/Documents/Developer/HOMEY\ Clean/HOMEY\ Clean/Features/Scout/Views/FullSheetView.swift /Users/ryankanfer/Documents/Developer/HOMEY\ Clean/HOMEY\ Clean/Features/Scout/Views/HoloMapView.swift /Users/ryankanfer/Documents/Developer/HOMEY\ Clean/HOMEY\ Clean/Features/Scout/Views/PeekCard.swift /Users/ryankanfer/Documents/Developer/HOMEY\ Clean/HOMEY\ Clean/Features/Scout/Views/PriceSlider.swift (in target 'HOMEY Clean' from project 'HOMEY Clean')

SwiftCompile normal arm64 /Users/ryankanfer/Documents/Developer/HOMEY\ Clean/HOMEY\ Clean/Features/Scout/Components/SwipeablePropertyStack.swift (in target 'HOMEY Clean' from project 'HOMEY Clean')
    cd /Users/ryankanfer/Documents/Developer/HOMEY\ Clean
    

SwiftCompile normal arm64 /Users/ryankanfer/Documents/Developer/HOMEY\ Clean/HOMEY\ Clean/Features/Scout/Models/AnalyticsEvent.swift (in target 'HOMEY Clean' from project 'HOMEY Clean')
    cd /Users/ryankanfer/Documents/Developer/HOMEY\ Clean
    

SwiftCompile normal arm64 /Users/ryankanfer/Documents/Developer/HOMEY\ Clean/HOMEY\ Clean/Features/Scout/Models/Lens.swift (in target 'HOMEY Clean' from project 'HOMEY Clean')
    cd /Users/ryankanfer/Documents/Developer/HOMEY\ Clean
    

SwiftCompile normal arm64 /Users/ryankanfer/Documents/Developer/HOMEY\ Clean/HOMEY\ Clean/Features/Scout/Models/Listing.swift (in target 'HOMEY Clean' from project 'HOMEY Clean')
    cd /Users/ryankanfer/Documents/Developer/HOMEY\ Clean
    

SwiftCompile normal arm64 /Users/ryankanfer/Documents/Developer/HOMEY\ Clean/HOMEY\ Clean/Features/Scout/Models/OverlayLayer.swift (in target 'HOMEY Clean' from project 'HOMEY Clean')
    cd /Users/ryankanfer/Documents/Developer/HOMEY\ Clean
    

SwiftCompile normal arm64 /Users/ryankanfer/Documents/Developer/HOMEY\ Clean/HOMEY\ Clean/Features/Scout/Models/ProgressState.swift (in target 'HOMEY Clean' from project 'HOMEY Clean')
    cd /Users/ryankanfer/Documents/Developer/HOMEY\ Clean
    

SwiftCompile normal arm64 /Users/ryankanfer/Documents/Developer/HOMEY\ Clean/HOMEY\ Clean/Features/Scout/Models/PropertyListing.swift (in target 'HOMEY Clean' from project 'HOMEY Clean')
    cd /Users/ryankanfer/Documents/Developer/HOMEY\ Clean
    

SwiftCompile normal arm64 /Users/ryankanfer/Documents/Developer/HOMEY\ Clean/HOMEY\ Clean/Features/Scout/Models/PropertySearchParams.swift (in target 'HOMEY Clean' from project 'HOMEY Clean')
    cd /Users/ryankanfer/Documents/Developer/HOMEY\ Clean
    

SwiftCompile normal arm64 /Users/ryankanfer/Documents/Developer/HOMEY\ Clean/HOMEY\ Clean/Features/Scout/Models/ShortlistEntry.swift (in target 'HOMEY Clean' from project 'HOMEY Clean')
    cd /Users/ryankanfer/Documents/Developer/HOMEY\ Clean
    

SwiftCompile normal arm64 /Users/ryankanfer/Documents/Developer/HOMEY\ Clean/HOMEY\ Clean/Features/Scout/Services/AccessibilityService.swift (in target 'HOMEY Clean' from project 'HOMEY Clean')
    cd /Users/ryankanfer/Documents/Developer/HOMEY\ Clean
    

SwiftCompile normal arm64 /Users/ryankanfer/Documents/Developer/HOMEY\ Clean/HOMEY\ Clean/Features/Scout/Services/LocationManager.swift (in target 'HOMEY Clean' from project 'HOMEY Clean')
    cd /Users/ryankanfer/Documents/Developer/HOMEY\ Clean
    

SwiftCompile normal arm64 /Users/ryankanfer/Documents/Developer/HOMEY\ Clean/HOMEY\ Clean/Features/Scout/Services/ScoutDataService.swift (in target 'HOMEY Clean' from project 'HOMEY Clean')
    cd /Users/ryankanfer/Documents/Developer/HOMEY\ Clean
    

SwiftCompile normal arm64 /Users/ryankanfer/Documents/Developer/HOMEY\ Clean/HOMEY\ Clean/Features/Scout/ViewModels/ScoutViewModel.swift (in target 'HOMEY Clean' from project 'HOMEY Clean')
    cd /Users/ryankanfer/Documents/Developer/HOMEY\ Clean
    

SwiftCompile normal arm64 /Users/ryankanfer/Documents/Developer/HOMEY\ Clean/HOMEY\ Clean/Features/Scout/Views/ARFeaturesView.swift (in target 'HOMEY Clean' from project 'HOMEY Clean')
    cd /Users/ryankanfer/Documents/Developer/HOMEY\ Clean
    

SwiftCompile normal arm64 /Users/ryankanfer/Documents/Developer/HOMEY\ Clean/HOMEY\ Clean/Features/Scout/Views/FullSheetView.swift (in target 'HOMEY Clean' from project 'HOMEY Clean')
    cd /Users/ryankanfer/Documents/Developer/HOMEY\ Clean
    

SwiftCompile normal arm64 /Users/ryankanfer/Documents/Developer/HOMEY\ Clean/HOMEY\ Clean/Features/Scout/Views/HoloMapView.swift (in target 'HOMEY Clean' from project 'HOMEY Clean')
    cd /Users/ryankanfer/Documents/Developer/HOMEY\ Clean
    

SwiftCompile normal arm64 /Users/ryankanfer/Documents/Developer/HOMEY\ Clean/HOMEY\ Clean/Features/Scout/Views/PeekCard.swift (in target 'HOMEY Clean' from project 'HOMEY Clean')
    cd /Users/ryankanfer/Documents/Developer/HOMEY\ Clean
    

SwiftCompile normal arm64 /Users/ryankanfer/Documents/Developer/HOMEY\ Clean/HOMEY\ Clean/Features/Scout/Views/PriceSlider.swift (in target 'HOMEY Clean' from project 'HOMEY Clean')
    cd /Users/ryankanfer/Documents/Developer/HOMEY\ Clean
    

SwiftDriverJobDiscovery normal arm64 Compiling BadgeDetailSheet.swift, DossierSheet.swift, ProfessionalCard.swift, ProgressionBadges.swift, RolodexWall.swift, Contact.swift, ContinuousOnboardingManager.swift, OnboardingComponents.swift, ARFeatureIntegration.swift, ARPropertyVisualization.swift, CameraNeighborhoodContext.swift, CircularMask.swift, ListingDetailSheet.swift, PropertyBuildingCard.swift, ScoutFilterTray.swift, ScoutSearchBar.swift, ScoutShortlistRail.swift, SwipeablePropertyCard.swift (in target 'HOMEY Clean' from project 'HOMEY Clean')

SwiftCompile normal arm64 Compiling\ DrewDirectoryViewModel.swift /Users/ryankanfer/Documents/Developer/HOMEY\ Clean/HOMEY\ Clean/Features/Drew/ViewModels/DrewDirectoryViewModel.swift (in target 'HOMEY Clean' from project 'HOMEY Clean')

SwiftCompile normal arm64 /Users/ryankanfer/Documents/Developer/HOMEY\ Clean/HOMEY\ Clean/Features/Drew/ViewModels/DrewDirectoryViewModel.swift (in target 'HOMEY Clean' from project 'HOMEY Clean')
    cd /Users/ryankanfer/Documents/Developer/HOMEY\ Clean
    

SwiftDriverJobDiscovery normal arm64 Compiling PreferencesRepository.swift, ProfilesRepository.swift, AppTabRoot.swift, ARDocumentScanner.swift, CelebrationOverlay.swift, DocumentCategoryCard.swift, DocumentContextTooltip.swift, DocumentsRow.swift, DocumentsView.swift, DocumentsViewModel.swift, EnhancedDocumentsView.swift, Env.swift, HeaderSection.swift, PaigeCompanionView.swift, PaigeDocumentsView.swift, ProgressCard.swift, QuickActionCard.swift, SearchSection.swift (in target 'HOMEY Clean' from project 'HOMEY Clean')

SwiftCompile normal arm64 Compiling\ EventsRepository.swift,\ MessagesRepository.swift /Users/ryankanfer/Documents/Developer/HOMEY\ Clean/HOMEY\ Clean/Data/Repositories/EventsRepository.swift /Users/ryankanfer/Documents/Developer/HOMEY\ Clean/HOMEY\ Clean/Data/Repositories/MessagesRepository.swift (in target 'HOMEY Clean' from project 'HOMEY Clean')

SwiftCompile normal arm64 /Users/ryankanfer/Documents/Developer/HOMEY\ Clean/HOMEY\ Clean/Data/Repositories/EventsRepository.swift (in target 'HOMEY Clean' from project 'HOMEY Clean')
    cd /Users/ryankanfer/Documents/Developer/HOMEY\ Clean
    

SwiftCompile normal arm64 /Users/ryankanfer/Documents/Developer/HOMEY\ Clean/HOMEY\ Clean/Data/Repositories/MessagesRepository.swift (in target 'HOMEY Clean' from project 'HOMEY Clean')
    cd /Users/ryankanfer/Documents/Developer/HOMEY\ Clean
    

SwiftDriverJobDiscovery normal arm64 Compiling DrewDirectoryViewModel.swift (in target 'HOMEY Clean' from project 'HOMEY Clean')

SwiftCompile normal arm64 Compiling\ InviteRedeemer.swift,\ JourneyEvent.swift,\ APIClient.swift /Users/ryankanfer/Documents/Developer/HOMEY\ Clean/HOMEY\ Clean/Auth/InviteRedeemer.swift /Users/ryankanfer/Documents/Developer/HOMEY\ Clean/HOMEY\ Clean/Components/JourneyEvent.swift /Users/ryankanfer/Documents/Developer/HOMEY\ Clean/HOMEY\ Clean/Core/APIClient.swift (in target 'HOMEY Clean' from project 'HOMEY Clean')

SwiftCompile normal arm64 /Users/ryankanfer/Documents/Developer/HOMEY\ Clean/HOMEY\ Clean/Auth/InviteRedeemer.swift (in target 'HOMEY Clean' from project 'HOMEY Clean')
    cd /Users/ryankanfer/Documents/Developer/HOMEY\ Clean
    
/Users/ryankanfer/Documents/Developer/HOMEY Clean/HOMEY Clean/Auth/InviteRedeemer.swift:17:25: warning: main actor-isolated static property 'shared' cannot be accessed from outside of the actor; this is an error in the Swift 6 language mode
        if FeatureFlags.shared.devBypassReferralValidation {
           ~~~~~~~~~~~~~^~~~~~~~~~~~~~~~~~~~~~~~~~~~~~~~~~
           await 

SwiftCompile normal arm64 /Users/ryankanfer/Documents/Developer/HOMEY\ Clean/HOMEY\ Clean/Components/JourneyEvent.swift (in target 'HOMEY Clean' from project 'HOMEY Clean')
    cd /Users/ryankanfer/Documents/Developer/HOMEY\ Clean
    

SwiftCompile normal arm64 /Users/ryankanfer/Documents/Developer/HOMEY\ Clean/HOMEY\ Clean/Core/APIClient.swift (in target 'HOMEY Clean' from project 'HOMEY Clean')
    cd /Users/ryankanfer/Documents/Developer/HOMEY\ Clean
    

SwiftDriverJobDiscovery normal x86_64 Compiling AuthStyles.swift, Colors.swift, Gradients.swift, HomeyTextStyles.swift, RoomVibeBackground.swift, DocumentDetailSheet.swift, DocumentUploadSheet.swift, PaigeDashboard.swift (in target 'HOMEY Clean' from project 'HOMEY Clean')

SwiftCompile normal arm64 Compiling\ NudgeService.swift,\ EducationCenterSection.swift /Users/ryankanfer/Documents/Developer/HOMEY\ Clean/HOMEY\ Clean/Dashboards/Agents/NudgeService.swift /Users/ryankanfer/Documents/Developer/HOMEY\ Clean/HOMEY\ Clean/Dashboards/Clients/Pages/Charlie/EducationCenterSection.swift (in target 'HOMEY Clean' from project 'HOMEY Clean')

SwiftCompile normal arm64 /Users/ryankanfer/Documents/Developer/HOMEY\ Clean/HOMEY\ Clean/Dashboards/Agents/NudgeService.swift (in target 'HOMEY Clean' from project 'HOMEY Clean')
    cd /Users/ryankanfer/Documents/Developer/HOMEY\ Clean
    

SwiftCompile normal arm64 /Users/ryankanfer/Documents/Developer/HOMEY\ Clean/HOMEY\ Clean/Dashboards/Clients/Pages/Charlie/EducationCenterSection.swift (in target 'HOMEY Clean' from project 'HOMEY Clean')
    cd /Users/ryankanfer/Documents/Developer/HOMEY\ Clean
    

SwiftDriverJobDiscovery normal arm64 Compiling EventsRepository.swift, MessagesRepository.swift (in target 'HOMEY Clean' from project 'HOMEY Clean')

SwiftCompile normal arm64 Compiling\ CacheManager.swift,\ FeatureFlags.swift,\ HomeyAPI.swift /Users/ryankanfer/Documents/Developer/HOMEY\ Clean/HOMEY\ Clean/Core/CacheManager.swift /Users/ryankanfer/Documents/Developer/HOMEY\ Clean/HOMEY\ Clean/Core/FeatureFlags.swift /Users/ryankanfer/Documents/Developer/HOMEY\ Clean/HOMEY\ Clean/Core/HomeyAPI.swift (in target 'HOMEY Clean' from project 'HOMEY Clean')

SwiftCompile normal arm64 /Users/ryankanfer/Documents/Developer/HOMEY\ Clean/HOMEY\ Clean/Core/CacheManager.swift (in target 'HOMEY Clean' from project 'HOMEY Clean')
    cd /Users/ryankanfer/Documents/Developer/HOMEY\ Clean
    

SwiftCompile normal arm64 /Users/ryankanfer/Documents/Developer/HOMEY\ Clean/HOMEY\ Clean/Core/FeatureFlags.swift (in target 'HOMEY Clean' from project 'HOMEY Clean')
    cd /Users/ryankanfer/Documents/Developer/HOMEY\ Clean
    

SwiftCompile normal arm64 /Users/ryankanfer/Documents/Developer/HOMEY\ Clean/HOMEY\ Clean/Core/HomeyAPI.swift (in target 'HOMEY Clean' from project 'HOMEY Clean')
    cd /Users/ryankanfer/Documents/Developer/HOMEY\ Clean
    

SwiftDriverJobDiscovery normal arm64 Compiling InviteRedeemer.swift, JourneyEvent.swift, APIClient.swift (in target 'HOMEY Clean' from project 'HOMEY Clean')

SwiftCompile normal arm64 Compiling\ AppSessionManager.swift,\ AppState.swift,\ AuthManager.swift /Users/ryankanfer/Documents/Developer/HOMEY\ Clean/HOMEY\ Clean/Core/AppSessionManager.swift /Users/ryankanfer/Documents/Developer/HOMEY\ Clean/HOMEY\ Clean/Core/AppState.swift /Users/ryankanfer/Documents/Developer/HOMEY\ Clean/HOMEY\ Clean/Core/AuthManager.swift (in target 'HOMEY Clean' from project 'HOMEY Clean')

SwiftCompile normal arm64 /Users/ryankanfer/Documents/Developer/HOMEY\ Clean/HOMEY\ Clean/Core/AppSessionManager.swift (in target 'HOMEY Clean' from project 'HOMEY Clean')
    cd /Users/ryankanfer/Documents/Developer/HOMEY\ Clean
    

SwiftCompile normal arm64 /Users/ryankanfer/Documents/Developer/HOMEY\ Clean/HOMEY\ Clean/Core/AppState.swift (in target 'HOMEY Clean' from project 'HOMEY Clean')
    cd /Users/ryankanfer/Documents/Developer/HOMEY\ Clean
    

SwiftCompile normal arm64 /Users/ryankanfer/Documents/Developer/HOMEY\ Clean/HOMEY\ Clean/Core/AuthManager.swift (in target 'HOMEY Clean' from project 'HOMEY Clean')
    cd /Users/ryankanfer/Documents/Developer/HOMEY\ Clean
    

SwiftDriverJobDiscovery normal x86_64 Compiling ProjectionDome.swift, SaveExportSheet.swift, ScenePresetsBar.swift, VizaVisionModels.swift, SaveExportManager.swift, VizaVisionViewModel.swift, VizaVisionView.swift, CharlieRoomModels.swift (in target 'HOMEY Clean' from project 'HOMEY Clean')

SwiftCompile normal arm64 Compiling\ AnalyticTileType.swift,\ IslaViewModel.swift /Users/ryankanfer/Documents/Developer/HOMEY\ Clean/HOMEY\ Clean/Features/Isla/Models/AnalyticTileType.swift /Users/ryankanfer/Documents/Developer/HOMEY\ Clean/HOMEY\ Clean/Features/Isla/ViewModels/IslaViewModel.swift (in target 'HOMEY Clean' from project 'HOMEY Clean')

SwiftCompile normal arm64 /Users/ryankanfer/Documents/Developer/HOMEY\ Clean/HOMEY\ Clean/Features/Isla/Models/AnalyticTileType.swift (in target 'HOMEY Clean' from project 'HOMEY Clean')
    cd /Users/ryankanfer/Documents/Developer/HOMEY\ Clean
    

SwiftCompile normal arm64 /Users/ryankanfer/Documents/Developer/HOMEY\ Clean/HOMEY\ Clean/Features/Isla/ViewModels/IslaViewModel.swift (in target 'HOMEY Clean' from project 'HOMEY Clean')
    cd /Users/ryankanfer/Documents/Developer/HOMEY\ Clean
    

SwiftDriverJobDiscovery normal arm64 Compiling NudgeService.swift, EducationCenterSection.swift (in target 'HOMEY Clean' from project 'HOMEY Clean')

SwiftCompile normal arm64 Compiling\ EventsManager.swift /Users/ryankanfer/Documents/Developer/HOMEY\ Clean/HOMEY\ Clean/Core/EventsManager.swift (in target 'HOMEY Clean' from project 'HOMEY Clean')

SwiftCompile normal arm64 /Users/ryankanfer/Documents/Developer/HOMEY\ Clean/HOMEY\ Clean/Core/EventsManager.swift (in target 'HOMEY Clean' from project 'HOMEY Clean')
    cd /Users/ryankanfer/Documents/Developer/HOMEY\ Clean
    
/Users/ryankanfer/Documents/Developer/HOMEY Clean/HOMEY Clean/Core/EventsManager.swift:44:31: warning: immutable value 'query' was never used; consider replacing with '_' or removing it
        case .searchQuery(let query, let filters):
                          ~~~~^~~~~
                          _

SwiftDriverJobDiscovery normal arm64 Compiling AnalyticTileType.swift, IslaViewModel.swift (in target 'HOMEY Clean' from project 'HOMEY Clean')

SwiftCompile normal arm64 Compiling\ Models.swift,\ SessionManager+Role.swift,\ SupabaseFunctionsService.swift /Users/ryankanfer/Documents/Developer/HOMEY\ Clean/HOMEY\ Clean/Core/Models.swift /Users/ryankanfer/Documents/Developer/HOMEY\ Clean/HOMEY\ Clean/Core/SessionManager+Role.swift /Users/ryankanfer/Documents/Developer/HOMEY\ Clean/HOMEY\ Clean/Core/SupabaseFunctionsService.swift (in target 'HOMEY Clean' from project 'HOMEY Clean')

SwiftCompile normal arm64 /Users/ryankanfer/Documents/Developer/HOMEY\ Clean/HOMEY\ Clean/Core/Models.swift (in target 'HOMEY Clean' from project 'HOMEY Clean')
    cd /Users/ryankanfer/Documents/Developer/HOMEY\ Clean
    

SwiftCompile normal arm64 /Users/ryankanfer/Documents/Developer/HOMEY\ Clean/HOMEY\ Clean/Core/SessionManager+Role.swift (in target 'HOMEY Clean' from project 'HOMEY Clean')
    cd /Users/ryankanfer/Documents/Developer/HOMEY\ Clean
    

SwiftCompile normal arm64 /Users/ryankanfer/Documents/Developer/HOMEY\ Clean/HOMEY\ Clean/Core/SupabaseFunctionsService.swift (in target 'HOMEY Clean' from project 'HOMEY Clean')
    cd /Users/ryankanfer/Documents/Developer/HOMEY\ Clean
    

SwiftDriverJobDiscovery normal arm64 Compiling CacheManager.swift, FeatureFlags.swift, HomeyAPI.swift (in target 'HOMEY Clean' from project 'HOMEY Clean')

SwiftCompile normal arm64 Compiling\ HomeyKind.swift /Users/ryankanfer/Documents/Developer/HOMEY\ Clean/HOMEY\ Clean/Components/HomeyKind.swift (in target 'HOMEY Clean' from project 'HOMEY Clean')

SwiftCompile normal arm64 /Users/ryankanfer/Documents/Developer/HOMEY\ Clean/HOMEY\ Clean/Components/HomeyKind.swift (in target 'HOMEY Clean' from project 'HOMEY Clean')
    cd /Users/ryankanfer/Documents/Developer/HOMEY\ Clean
    

SwiftDriverJobDiscovery normal arm64 Compiling AppSessionManager.swift, AppState.swift, AuthManager.swift (in target 'HOMEY Clean' from project 'HOMEY Clean')

SwiftCompile normal arm64 Compiling\ ChatTarget.swift /Users/ryankanfer/Documents/Developer/HOMEY\ Clean/HOMEY\ Clean/Components/ChatTarget.swift (in target 'HOMEY Clean' from project 'HOMEY Clean')

SwiftCompile normal arm64 /Users/ryankanfer/Documents/Developer/HOMEY\ Clean/HOMEY\ Clean/Components/ChatTarget.swift (in target 'HOMEY Clean' from project 'HOMEY Clean')
    cd /Users/ryankanfer/Documents/Developer/HOMEY\ Clean
    

SwiftDriverJobDiscovery normal arm64 Compiling EventsManager.swift (in target 'HOMEY Clean' from project 'HOMEY Clean')

SwiftCompile normal arm64 Compiling\ EducationCenterSectionView.swift,\ SubwayProgressView.swift,\ DrewDashboardView.swift,\ VendorsView.swift,\ IslaDashboardView.swift,\ CategoryCard.swift,\ CategoryDetailModal.swift,\ PaigeDashboardView.swift,\ PaigeDocumentVault.swift,\ PaigeMicroInteractions.swift,\ QuickActionsRow.swift,\ UploadDocumentFlow.swift,\ ScoutDashboardView.swift,\ CatalogImage.swift,\ VizaDashboardView.swift /Users/ryankanfer/Documents/Developer/HOMEY\ Clean/HOMEY\ Clean/Dashboards/Clients/Pages/Charlie/EducationCenterSectionView.swift /Users/ryankanfer/Documents/Developer/HOMEY\ Clean/HOMEY\ Clean/Dashboards/Clients/Pages/Charlie/SubwayProgressView.swift /Users/ryankanfer/Documents/Developer/HOMEY\ Clean/HOMEY\ Clean/Dashboards/Clients/Pages/Drew/DrewDashboardView.swift /Users/ryankanfer/Documents/Developer/HOMEY\ Clean/HOMEY\ Clean/Dashboards/Clients/Pages/Drew/VendorsView.swift /Users/ryankanfer/Documents/Developer/HOMEY\ Clean/HOMEY\ Clean/Dashboards/Clients/Pages/Isla/IslaDashboardView.swift /Users/ryankanfer/Documents/Developer/HOMEY\ Clean/HOMEY\ Clean/Dashboards/Clients/Pages/Paige/CategoryCard.swift /Users/ryankanfer/Documents/Developer/HOMEY\ Clean/HOMEY\ Clean/Dashboards/Clients/Pages/Paige/CategoryDetailModal.swift /Users/ryankanfer/Documents/Developer/HOMEY\ Clean/HOMEY\ Clean/Dashboards/Clients/Pages/Paige/PaigeDashboardView.swift /Users/ryankanfer/Documents/Developer/HOMEY\ Clean/HOMEY\ Clean/Dashboards/Clients/Pages/Paige/PaigeDocumentVault.swift /Users/ryankanfer/Documents/Developer/HOMEY\ Clean/HOMEY\ Clean/Dashboards/Clients/Pages/Paige/PaigeMicroInteractions.swift /Users/ryankanfer/Documents/Developer/HOMEY\ Clean/HOMEY\ Clean/Dashboards/Clients/Pages/Paige/QuickActionsRow.swift /Users/ryankanfer/Documents/Developer/HOMEY\ Clean/HOMEY\ Clean/Dashboards/Clients/Pages/Paige/UploadDocumentFlow.swift /Users/ryankanfer/Documents/Developer/HOMEY\ Clean/HOMEY\ Clean/Dashboards/Clients/Pages/Scout/ScoutDashboardView.swift /Users/ryankanfer/Documents/Developer/HOMEY\ Clean/HOMEY\ Clean/Dashboards/Clients/Pages/Viza/CatalogImage.swift /Users/ryankanfer/Documents/Developer/HOMEY\ Clean/HOMEY\ Clean/Dashboards/Clients/Pages/Viza/VizaDashboardView.swift (in target 'HOMEY Clean' from project 'HOMEY Clean')

SwiftCompile normal arm64 /Users/ryankanfer/Documents/Developer/HOMEY\ Clean/HOMEY\ Clean/Dashboards/Clients/Pages/Charlie/EducationCenterSectionView.swift (in target 'HOMEY Clean' from project 'HOMEY Clean')
    cd /Users/ryankanfer/Documents/Developer/HOMEY\ Clean
    

SwiftCompile normal arm64 /Users/ryankanfer/Documents/Developer/HOMEY\ Clean/HOMEY\ Clean/Dashboards/Clients/Pages/Charlie/SubwayProgressView.swift (in target 'HOMEY Clean' from project 'HOMEY Clean')
    cd /Users/ryankanfer/Documents/Developer/HOMEY\ Clean
    

SwiftCompile normal arm64 /Users/ryankanfer/Documents/Developer/HOMEY\ Clean/HOMEY\ Clean/Dashboards/Clients/Pages/Drew/DrewDashboardView.swift (in target 'HOMEY Clean' from project 'HOMEY Clean')
    cd /Users/ryankanfer/Documents/Developer/HOMEY\ Clean
    

SwiftCompile normal arm64 /Users/ryankanfer/Documents/Developer/HOMEY\ Clean/HOMEY\ Clean/Dashboards/Clients/Pages/Drew/VendorsView.swift (in target 'HOMEY Clean' from project 'HOMEY Clean')
    cd /Users/ryankanfer/Documents/Developer/HOMEY\ Clean
    

SwiftCompile normal arm64 /Users/ryankanfer/Documents/Developer/HOMEY\ Clean/HOMEY\ Clean/Dashboards/Clients/Pages/Isla/IslaDashboardView.swift (in target 'HOMEY Clean' from project 'HOMEY Clean')
    cd /Users/ryankanfer/Documents/Developer/HOMEY\ Clean
    

SwiftCompile normal arm64 /Users/ryankanfer/Documents/Developer/HOMEY\ Clean/HOMEY\ Clean/Dashboards/Clients/Pages/Paige/CategoryCard.swift (in target 'HOMEY Clean' from project 'HOMEY Clean')
    cd /Users/ryankanfer/Documents/Developer/HOMEY\ Clean
    

SwiftCompile normal arm64 /Users/ryankanfer/Documents/Developer/HOMEY\ Clean/HOMEY\ Clean/Dashboards/Clients/Pages/Paige/CategoryDetailModal.swift (in target 'HOMEY Clean' from project 'HOMEY Clean')
    cd /Users/ryankanfer/Documents/Developer/HOMEY\ Clean
    

SwiftCompile normal arm64 /Users/ryankanfer/Documents/Developer/HOMEY\ Clean/HOMEY\ Clean/Dashboards/Clients/Pages/Paige/PaigeDashboardView.swift (in target 'HOMEY Clean' from project 'HOMEY Clean')
    cd /Users/ryankanfer/Documents/Developer/HOMEY\ Clean
    

SwiftCompile normal arm64 /Users/ryankanfer/Documents/Developer/HOMEY\ Clean/HOMEY\ Clean/Dashboards/Clients/Pages/Paige/PaigeDocumentVault.swift (in target 'HOMEY Clean' from project 'HOMEY Clean')
    cd /Users/ryankanfer/Documents/Developer/HOMEY\ Clean
    

SwiftCompile normal arm64 /Users/ryankanfer/Documents/Developer/HOMEY\ Clean/HOMEY\ Clean/Dashboards/Clients/Pages/Paige/PaigeMicroInteractions.swift (in target 'HOMEY Clean' from project 'HOMEY Clean')
    cd /Users/ryankanfer/Documents/Developer/HOMEY\ Clean
    

SwiftCompile normal arm64 /Users/ryankanfer/Documents/Developer/HOMEY\ Clean/HOMEY\ Clean/Dashboards/Clients/Pages/Paige/QuickActionsRow.swift (in target 'HOMEY Clean' from project 'HOMEY Clean')
    cd /Users/ryankanfer/Documents/Developer/HOMEY\ Clean
    

SwiftCompile normal arm64 /Users/ryankanfer/Documents/Developer/HOMEY\ Clean/HOMEY\ Clean/Dashboards/Clients/Pages/Paige/UploadDocumentFlow.swift (in target 'HOMEY Clean' from project 'HOMEY Clean')
    cd /Users/ryankanfer/Documents/Developer/HOMEY\ Clean
    

SwiftCompile normal arm64 /Users/ryankanfer/Documents/Developer/HOMEY\ Clean/HOMEY\ Clean/Dashboards/Clients/Pages/Scout/ScoutDashboardView.swift (in target 'HOMEY Clean' from project 'HOMEY Clean')
    cd /Users/ryankanfer/Documents/Developer/HOMEY\ Clean
    

SwiftCompile normal arm64 /Users/ryankanfer/Documents/Developer/HOMEY\ Clean/HOMEY\ Clean/Dashboards/Clients/Pages/Viza/CatalogImage.swift (in target 'HOMEY Clean' from project 'HOMEY Clean')
    cd /Users/ryankanfer/Documents/Developer/HOMEY\ Clean
    

SwiftCompile normal arm64 /Users/ryankanfer/Documents/Developer/HOMEY\ Clean/HOMEY\ Clean/Dashboards/Clients/Pages/Viza/VizaDashboardView.swift (in target 'HOMEY Clean' from project 'HOMEY Clean')
    cd /Users/ryankanfer/Documents/Developer/HOMEY\ Clean
    

SwiftDriverJobDiscovery normal arm64 Compiling HomeyKind.swift (in target 'HOMEY Clean' from project 'HOMEY Clean')

SwiftCompile normal x86_64 Compiling\ VaultDetailSheet.swift,\ CustomizableHomepageGrid.swift,\ HomepageCustomizationSheet.swift,\ NextUpSmartCard.swift,\ AccountSettingsSection.swift,\ AdvancedSettingsHub.swift,\ AppearanceSettingsSection.swift,\ HelpSupportSettingsSection.swift,\ IntegrationsSettingsSection.swift,\ NotificationsSettingsSection.swift,\ PersonalizationSettingsSection.swift,\ PrivacySecuritySettingsSection.swift,\ ComprehensiveSettingsView.swift,\ HomeyLandingViewWithProfile.swift,\ NavigationDashboardView.swift,\ SettingsView.swift,\ ThemeSettingsView.swift,\ CharlieAct.swift,\ FontDebugView.swift,\ JourneyLoggingPlaceholder.swift,\ JourneyWatcher.swift,\ SupabaseEventsService.swift,\ GeneratedAssetSymbols.swift /Users/ryankanfer/Documents/Developer/HOMEY\ Clean/HOMEY\ Clean/Views/Dashboards/Clients/VaultDetailSheet.swift /Users/ryankanfer/Documents/Developer/HOMEY\ Clean/HOMEY\ Clean/Views/Homepage/CustomizableHomepageGrid.swift /Users/ryankanfer/Documents/Developer/HOMEY\ Clean/HOMEY\ Clean/Views/Homepage/HomepageCustomizationSheet.swift /Users/ryankanfer/Documents/Developer/HOMEY\ Clean/HOMEY\ Clean/Views/Homepage/NextUpSmartCard.swift /Users/ryankanfer/Documents/Developer/HOMEY\ Clean/HOMEY\ Clean/Views/Settings/AccountSettingsSection.swift /Users/ryankanfer/Documents/Developer/HOMEY\ Clean/HOMEY\ Clean/Views/Settings/AdvancedSettingsHub.swift /Users/ryankanfer/Documents/Developer/HOMEY\ Clean/HOMEY\ Clean/Views/Settings/AppearanceSettingsSection.swift /Users/ryankanfer/Documents/Developer/HOMEY\ Clean/HOMEY\ Clean/Views/Settings/HelpSupportSettingsSection.swift /Users/ryankanfer/Documents/Developer/HOMEY\ Clean/HOMEY\ Clean/Views/Settings/IntegrationsSettingsSection.swift /Users/ryankanfer/Documents/Developer/HOMEY\ Clean/HOMEY\ Clean/Views/Settings/NotificationsSettingsSection.swift /Users/ryankanfer/Documents/Developer/HOMEY\ Clean/HOMEY\ Clean/Views/Settings/PersonalizationSettingsSection.swift /Users/ryankanfer/Documents/Developer/HOMEY\ Clean/HOMEY\ Clean/Views/Settings/PrivacySecuritySettingsSection.swift /Users/ryankanfer/Documents/Developer/HOMEY\ Clean/HOMEY\ Clean/Views/ComprehensiveSettingsView.swift /Users/ryankanfer/Documents/Developer/HOMEY\ Clean/HOMEY\ Clean/Views/HomeyLandingViewWithProfile.swift /Users/ryankanfer/Documents/Developer/HOMEY\ Clean/HOMEY\ Clean/Views/NavigationDashboardView.swift /Users/ryankanfer/Documents/Developer/HOMEY\ Clean/HOMEY\ Clean/Views/SettingsView.swift /Users/ryankanfer/Documents/Developer/HOMEY\ Clean/HOMEY\ Clean/Views/ThemeSettingsView.swift /Users/ryankanfer/Documents/Developer/HOMEY\ Clean/HOMEY\ Clean/CharlieAct.swift /Users/ryankanfer/Documents/Developer/HOMEY\ Clean/HOMEY\ Clean/FontDebugView.swift /Users/ryankanfer/Documents/Developer/HOMEY\ Clean/HOMEY\ Clean/JourneyLoggingPlaceholder.swift /Users/ryankanfer/Documents/Developer/HOMEY\ Clean/HOMEY\ Clean/JourneyWatcher.swift /Users/ryankanfer/Documents/Developer/HOMEY\ Clean/HOMEY\ Clean/SupabaseEventsService.swift /Users/ryankanfer/Library/Developer/Xcode/DerivedData/HOMEY_Clean-gafualdnzupkfseuistvwtqbnpqd/Build/Intermediates.noindex/HOMEY\ Clean.build/Debug-iphonesimulator/HOMEY\ Clean.build/DerivedSources/GeneratedAssetSymbols.swift (in target 'HOMEY Clean' from project 'HOMEY Clean')

SwiftCompile normal x86_64 /Users/ryankanfer/Documents/Developer/HOMEY\ Clean/HOMEY\ Clean/Views/Dashboards/Clients/VaultDetailSheet.swift (in target 'HOMEY Clean' from project 'HOMEY Clean')
    cd /Users/ryankanfer/Documents/Developer/HOMEY\ Clean
    

SwiftCompile normal x86_64 /Users/ryankanfer/Documents/Developer/HOMEY\ Clean/HOMEY\ Clean/Views/Homepage/CustomizableHomepageGrid.swift (in target 'HOMEY Clean' from project 'HOMEY Clean')
    cd /Users/ryankanfer/Documents/Developer/HOMEY\ Clean
    

SwiftCompile normal x86_64 /Users/ryankanfer/Documents/Developer/HOMEY\ Clean/HOMEY\ Clean/Views/Homepage/HomepageCustomizationSheet.swift (in target 'HOMEY Clean' from project 'HOMEY Clean')
    cd /Users/ryankanfer/Documents/Developer/HOMEY\ Clean
    

SwiftCompile normal x86_64 /Users/ryankanfer/Documents/Developer/HOMEY\ Clean/HOMEY\ Clean/Views/Homepage/NextUpSmartCard.swift (in target 'HOMEY Clean' from project 'HOMEY Clean')
    cd /Users/ryankanfer/Documents/Developer/HOMEY\ Clean
    

SwiftCompile normal x86_64 /Users/ryankanfer/Documents/Developer/HOMEY\ Clean/HOMEY\ Clean/Views/Settings/AccountSettingsSection.swift (in target 'HOMEY Clean' from project 'HOMEY Clean')
    cd /Users/ryankanfer/Documents/Developer/HOMEY\ Clean
    

SwiftCompile normal x86_64 /Users/ryankanfer/Documents/Developer/HOMEY\ Clean/HOMEY\ Clean/Views/Settings/AdvancedSettingsHub.swift (in target 'HOMEY Clean' from project 'HOMEY Clean')
    cd /Users/ryankanfer/Documents/Developer/HOMEY\ Clean
    

SwiftCompile normal x86_64 /Users/ryankanfer/Documents/Developer/HOMEY\ Clean/HOMEY\ Clean/Views/Settings/AppearanceSettingsSection.swift (in target 'HOMEY Clean' from project 'HOMEY Clean')
    cd /Users/ryankanfer/Documents/Developer/HOMEY\ Clean
    

SwiftCompile normal x86_64 /Users/ryankanfer/Documents/Developer/HOMEY\ Clean/HOMEY\ Clean/Views/Settings/HelpSupportSettingsSection.swift (in target 'HOMEY Clean' from project 'HOMEY Clean')
    cd /Users/ryankanfer/Documents/Developer/HOMEY\ Clean
    

SwiftCompile normal x86_64 /Users/ryankanfer/Documents/Developer/HOMEY\ Clean/HOMEY\ Clean/Views/Settings/IntegrationsSettingsSection.swift (in target 'HOMEY Clean' from project 'HOMEY Clean')
    cd /Users/ryankanfer/Documents/Developer/HOMEY\ Clean
    

SwiftCompile normal x86_64 /Users/ryankanfer/Documents/Developer/HOMEY\ Clean/HOMEY\ Clean/Views/Settings/NotificationsSettingsSection.swift (in target 'HOMEY Clean' from project 'HOMEY Clean')
    cd /Users/ryankanfer/Documents/Developer/HOMEY\ Clean
    

SwiftCompile normal x86_64 /Users/ryankanfer/Documents/Developer/HOMEY\ Clean/HOMEY\ Clean/Views/Settings/PersonalizationSettingsSection.swift (in target 'HOMEY Clean' from project 'HOMEY Clean')
    cd /Users/ryankanfer/Documents/Developer/HOMEY\ Clean
    

SwiftCompile normal x86_64 /Users/ryankanfer/Documents/Developer/HOMEY\ Clean/HOMEY\ Clean/Views/Settings/PrivacySecuritySettingsSection.swift (in target 'HOMEY Clean' from project 'HOMEY Clean')
    cd /Users/ryankanfer/Documents/Developer/HOMEY\ Clean
    

SwiftCompile normal x86_64 /Users/ryankanfer/Documents/Developer/HOMEY\ Clean/HOMEY\ Clean/Views/ComprehensiveSettingsView.swift (in target 'HOMEY Clean' from project 'HOMEY Clean')
    cd /Users/ryankanfer/Documents/Developer/HOMEY\ Clean
    

SwiftCompile normal x86_64 /Users/ryankanfer/Documents/Developer/HOMEY\ Clean/HOMEY\ Clean/Views/HomeyLandingViewWithProfile.swift (in target 'HOMEY Clean' from project 'HOMEY Clean')
    cd /Users/ryankanfer/Documents/Developer/HOMEY\ Clean
    

SwiftCompile normal x86_64 /Users/ryankanfer/Documents/Developer/HOMEY\ Clean/HOMEY\ Clean/Views/NavigationDashboardView.swift (in target 'HOMEY Clean' from project 'HOMEY Clean')
    cd /Users/ryankanfer/Documents/Developer/HOMEY\ Clean
    

SwiftCompile normal x86_64 /Users/ryankanfer/Documents/Developer/HOMEY\ Clean/HOMEY\ Clean/Views/SettingsView.swift (in target 'HOMEY Clean' from project 'HOMEY Clean')
    cd /Users/ryankanfer/Documents/Developer/HOMEY\ Clean
    

SwiftCompile normal x86_64 /Users/ryankanfer/Documents/Developer/HOMEY\ Clean/HOMEY\ Clean/Views/ThemeSettingsView.swift (in target 'HOMEY Clean' from project 'HOMEY Clean')
    cd /Users/ryankanfer/Documents/Developer/HOMEY\ Clean
    

SwiftCompile normal x86_64 /Users/ryankanfer/Documents/Developer/HOMEY\ Clean/HOMEY\ Clean/CharlieAct.swift (in target 'HOMEY Clean' from project 'HOMEY Clean')
    cd /Users/ryankanfer/Documents/Developer/HOMEY\ Clean
    

SwiftCompile normal x86_64 /Users/ryankanfer/Documents/Developer/HOMEY\ Clean/HOMEY\ Clean/FontDebugView.swift (in target 'HOMEY Clean' from project 'HOMEY Clean')
    cd /Users/ryankanfer/Documents/Developer/HOMEY\ Clean
    

SwiftCompile normal x86_64 /Users/ryankanfer/Documents/Developer/HOMEY\ Clean/HOMEY\ Clean/JourneyLoggingPlaceholder.swift (in target 'HOMEY Clean' from project 'HOMEY Clean')
    cd /Users/ryankanfer/Documents/Developer/HOMEY\ Clean
    

SwiftCompile normal x86_64 /Users/ryankanfer/Documents/Developer/HOMEY\ Clean/HOMEY\ Clean/JourneyWatcher.swift (in target 'HOMEY Clean' from project 'HOMEY Clean')
    cd /Users/ryankanfer/Documents/Developer/HOMEY\ Clean
    

SwiftCompile normal x86_64 /Users/ryankanfer/Documents/Developer/HOMEY\ Clean/HOMEY\ Clean/SupabaseEventsService.swift (in target 'HOMEY Clean' from project 'HOMEY Clean')
    cd /Users/ryankanfer/Documents/Developer/HOMEY\ Clean
    

SwiftCompile normal x86_64 /Users/ryankanfer/Library/Developer/Xcode/DerivedData/HOMEY_Clean-gafualdnzupkfseuistvwtqbnpqd/Build/Intermediates.noindex/HOMEY\ Clean.build/Debug-iphonesimulator/HOMEY\ Clean.build/DerivedSources/GeneratedAssetSymbols.swift (in target 'HOMEY Clean' from project 'HOMEY Clean')
    cd /Users/ryankanfer/Documents/Developer/HOMEY\ Clean
    

SwiftDriverJobDiscovery normal arm64 Compiling ChatTarget.swift (in target 'HOMEY Clean' from project 'HOMEY Clean')

SwiftCompile normal x86_64 Compiling\ ContinuousOnboardingManager.swift,\ OnboardingComponents.swift,\ ARFeatureIntegration.swift,\ ARPropertyVisualization.swift,\ CameraNeighborhoodContext.swift,\ CircularMask.swift,\ ListingDetailSheet.swift,\ PropertyBuildingCard.swift,\ ScoutFilterTray.swift,\ ScoutSearchBar.swift,\ ScoutShortlistRail.swift,\ SwipeablePropertyCard.swift,\ SwipeablePropertyStack.swift,\ AnalyticsEvent.swift,\ Lens.swift,\ Listing.swift,\ OverlayLayer.swift,\ ProgressState.swift,\ PropertyListing.swift,\ PropertySearchParams.swift,\ ShortlistEntry.swift,\ AccessibilityService.swift,\ LocationManager.swift /Users/ryankanfer/Documents/Developer/HOMEY\ Clean/HOMEY\ Clean/Features/Onboarding/ContinuousOnboardingManager.swift /Users/ryankanfer/Documents/Developer/HOMEY\ Clean/HOMEY\ Clean/Features/Onboarding/OnboardingComponents.swift /Users/ryankanfer/Documents/Developer/HOMEY\ Clean/HOMEY\ Clean/Features/Scout/Components/ARFeatureIntegration.swift /Users/ryankanfer/Documents/Developer/HOMEY\ Clean/HOMEY\ Clean/Features/Scout/Components/ARPropertyVisualization.swift /Users/ryankanfer/Documents/Developer/HOMEY\ Clean/HOMEY\ Clean/Features/Scout/Components/CameraNeighborhoodContext.swift /Users/ryankanfer/Documents/Developer/HOMEY\ Clean/HOMEY\ Clean/Features/Scout/Components/CircularMask.swift /Users/ryankanfer/Documents/Developer/HOMEY\ Clean/HOMEY\ Clean/Features/Scout/Components/ListingDetailSheet.swift /Users/ryankanfer/Documents/Developer/HOMEY\ Clean/HOMEY\ Clean/Features/Scout/Components/PropertyBuildingCard.swift /Users/ryankanfer/Documents/Developer/HOMEY\ Clean/HOMEY\ Clean/Features/Scout/Components/ScoutFilterTray.swift /Users/ryankanfer/Documents/Developer/HOMEY\ Clean/HOMEY\ Clean/Features/Scout/Components/ScoutSearchBar.swift /Users/ryankanfer/Documents/Developer/HOMEY\ Clean/HOMEY\ Clean/Features/Scout/Components/ScoutShortlistRail.swift /Users/ryankanfer/Documents/Developer/HOMEY\ Clean/HOMEY\ Clean/Features/Scout/Components/SwipeablePropertyCard.swift /Users/ryankanfer/Documents/Developer/HOMEY\ Clean/HOMEY\ Clean/Features/Scout/Components/SwipeablePropertyStack.swift /Users/ryankanfer/Documents/Developer/HOMEY\ Clean/HOMEY\ Clean/Features/Scout/Models/AnalyticsEvent.swift /Users/ryankanfer/Documents/Developer/HOMEY\ Clean/HOMEY\ Clean/Features/Scout/Models/Lens.swift /Users/ryankanfer/Documents/Developer/HOMEY\ Clean/HOMEY\ Clean/Features/Scout/Models/Listing.swift /Users/ryankanfer/Documents/Developer/HOMEY\ Clean/HOMEY\ Clean/Features/Scout/Models/OverlayLayer.swift /Users/ryankanfer/Documents/Developer/HOMEY\ Clean/HOMEY\ Clean/Features/Scout/Models/ProgressState.swift /Users/ryankanfer/Documents/Developer/HOMEY\ Clean/HOMEY\ Clean/Features/Scout/Models/PropertyListing.swift /Users/ryankanfer/Documents/Developer/HOMEY\ Clean/HOMEY\ Clean/Features/Scout/Models/PropertySearchParams.swift /Users/ryankanfer/Documents/Developer/HOMEY\ Clean/HOMEY\ Clean/Features/Scout/Models/ShortlistEntry.swift /Users/ryankanfer/Documents/Developer/HOMEY\ Clean/HOMEY\ Clean/Features/Scout/Services/AccessibilityService.swift /Users/ryankanfer/Documents/Developer/HOMEY\ Clean/HOMEY\ Clean/Features/Scout/Services/LocationManager.swift (in target 'HOMEY Clean' from project 'HOMEY Clean')

SwiftCompile normal x86_64 /Users/ryankanfer/Documents/Developer/HOMEY\ Clean/HOMEY\ Clean/Features/Onboarding/ContinuousOnboardingManager.swift (in target 'HOMEY Clean' from project 'HOMEY Clean')
    cd /Users/ryankanfer/Documents/Developer/HOMEY\ Clean
    

SwiftCompile normal x86_64 /Users/ryankanfer/Documents/Developer/HOMEY\ Clean/HOMEY\ Clean/Features/Onboarding/OnboardingComponents.swift (in target 'HOMEY Clean' from project 'HOMEY Clean')
    cd /Users/ryankanfer/Documents/Developer/HOMEY\ Clean
    

SwiftCompile normal x86_64 /Users/ryankanfer/Documents/Developer/HOMEY\ Clean/HOMEY\ Clean/Features/Scout/Components/ARFeatureIntegration.swift (in target 'HOMEY Clean' from project 'HOMEY Clean')
    cd /Users/ryankanfer/Documents/Developer/HOMEY\ Clean
    

SwiftCompile normal x86_64 /Users/ryankanfer/Documents/Developer/HOMEY\ Clean/HOMEY\ Clean/Features/Scout/Components/ARPropertyVisualization.swift (in target 'HOMEY Clean' from project 'HOMEY Clean')
    cd /Users/ryankanfer/Documents/Developer/HOMEY\ Clean
    

SwiftCompile normal x86_64 /Users/ryankanfer/Documents/Developer/HOMEY\ Clean/HOMEY\ Clean/Features/Scout/Components/CameraNeighborhoodContext.swift (in target 'HOMEY Clean' from project 'HOMEY Clean')
    cd /Users/ryankanfer/Documents/Developer/HOMEY\ Clean
    

SwiftCompile normal x86_64 /Users/ryankanfer/Documents/Developer/HOMEY\ Clean/HOMEY\ Clean/Features/Scout/Components/CircularMask.swift (in target 'HOMEY Clean' from project 'HOMEY Clean')
    cd /Users/ryankanfer/Documents/Developer/HOMEY\ Clean
    

SwiftCompile normal x86_64 /Users/ryankanfer/Documents/Developer/HOMEY\ Clean/HOMEY\ Clean/Features/Scout/Components/ListingDetailSheet.swift (in target 'HOMEY Clean' from project 'HOMEY Clean')
    cd /Users/ryankanfer/Documents/Developer/HOMEY\ Clean
    

SwiftCompile normal x86_64 /Users/ryankanfer/Documents/Developer/HOMEY\ Clean/HOMEY\ Clean/Features/Scout/Components/PropertyBuildingCard.swift (in target 'HOMEY Clean' from project 'HOMEY Clean')
    cd /Users/ryankanfer/Documents/Developer/HOMEY\ Clean
    

SwiftCompile normal x86_64 /Users/ryankanfer/Documents/Developer/HOMEY\ Clean/HOMEY\ Clean/Features/Scout/Components/ScoutFilterTray.swift (in target 'HOMEY Clean' from project 'HOMEY Clean')
    cd /Users/ryankanfer/Documents/Developer/HOMEY\ Clean
    

SwiftCompile normal x86_64 /Users/ryankanfer/Documents/Developer/HOMEY\ Clean/HOMEY\ Clean/Features/Scout/Components/ScoutSearchBar.swift (in target 'HOMEY Clean' from project 'HOMEY Clean')
    cd /Users/ryankanfer/Documents/Developer/HOMEY\ Clean
    

SwiftCompile normal x86_64 /Users/ryankanfer/Documents/Developer/HOMEY\ Clean/HOMEY\ Clean/Features/Scout/Components/ScoutShortlistRail.swift (in target 'HOMEY Clean' from project 'HOMEY Clean')
    cd /Users/ryankanfer/Documents/Developer/HOMEY\ Clean
    

SwiftCompile normal x86_64 /Users/ryankanfer/Documents/Developer/HOMEY\ Clean/HOMEY\ Clean/Features/Scout/Components/SwipeablePropertyCard.swift (in target 'HOMEY Clean' from project 'HOMEY Clean')
    cd /Users/ryankanfer/Documents/Developer/HOMEY\ Clean
    

SwiftCompile normal x86_64 /Users/ryankanfer/Documents/Developer/HOMEY\ Clean/HOMEY\ Clean/Features/Scout/Components/SwipeablePropertyStack.swift (in target 'HOMEY Clean' from project 'HOMEY Clean')
    cd /Users/ryankanfer/Documents/Developer/HOMEY\ Clean
    

SwiftCompile normal x86_64 /Users/ryankanfer/Documents/Developer/HOMEY\ Clean/HOMEY\ Clean/Features/Scout/Models/AnalyticsEvent.swift (in target 'HOMEY Clean' from project 'HOMEY Clean')
    cd /Users/ryankanfer/Documents/Developer/HOMEY\ Clean
    

SwiftCompile normal x86_64 /Users/ryankanfer/Documents/Developer/HOMEY\ Clean/HOMEY\ Clean/Features/Scout/Models/Lens.swift (in target 'HOMEY Clean' from project 'HOMEY Clean')
    cd /Users/ryankanfer/Documents/Developer/HOMEY\ Clean
    

SwiftCompile normal x86_64 /Users/ryankanfer/Documents/Developer/HOMEY\ Clean/HOMEY\ Clean/Features/Scout/Models/Listing.swift (in target 'HOMEY Clean' from project 'HOMEY Clean')
    cd /Users/ryankanfer/Documents/Developer/HOMEY\ Clean
    

SwiftCompile normal x86_64 /Users/ryankanfer/Documents/Developer/HOMEY\ Clean/HOMEY\ Clean/Features/Scout/Models/OverlayLayer.swift (in target 'HOMEY Clean' from project 'HOMEY Clean')
    cd /Users/ryankanfer/Documents/Developer/HOMEY\ Clean
    

SwiftCompile normal x86_64 /Users/ryankanfer/Documents/Developer/HOMEY\ Clean/HOMEY\ Clean/Features/Scout/Models/ProgressState.swift (in target 'HOMEY Clean' from project 'HOMEY Clean')
    cd /Users/ryankanfer/Documents/Developer/HOMEY\ Clean
    

SwiftCompile normal x86_64 /Users/ryankanfer/Documents/Developer/HOMEY\ Clean/HOMEY\ Clean/Features/Scout/Models/PropertyListing.swift (in target 'HOMEY Clean' from project 'HOMEY Clean')
    cd /Users/ryankanfer/Documents/Developer/HOMEY\ Clean
    

SwiftCompile normal x86_64 /Users/ryankanfer/Documents/Developer/HOMEY\ Clean/HOMEY\ Clean/Features/Scout/Models/PropertySearchParams.swift (in target 'HOMEY Clean' from project 'HOMEY Clean')
    cd /Users/ryankanfer/Documents/Developer/HOMEY\ Clean
    

SwiftCompile normal x86_64 /Users/ryankanfer/Documents/Developer/HOMEY\ Clean/HOMEY\ Clean/Features/Scout/Models/ShortlistEntry.swift (in target 'HOMEY Clean' from project 'HOMEY Clean')
    cd /Users/ryankanfer/Documents/Developer/HOMEY\ Clean
    

SwiftCompile normal x86_64 /Users/ryankanfer/Documents/Developer/HOMEY\ Clean/HOMEY\ Clean/Features/Scout/Services/AccessibilityService.swift (in target 'HOMEY Clean' from project 'HOMEY Clean')
    cd /Users/ryankanfer/Documents/Developer/HOMEY\ Clean
    

SwiftCompile normal x86_64 /Users/ryankanfer/Documents/Developer/HOMEY\ Clean/HOMEY\ Clean/Features/Scout/Services/LocationManager.swift (in target 'HOMEY Clean' from project 'HOMEY Clean')
    cd /Users/ryankanfer/Documents/Developer/HOMEY\ Clean
    

SwiftDriverJobDiscovery normal arm64 Compiling Models.swift, SessionManager+Role.swift, SupabaseFunctionsService.swift (in target 'HOMEY Clean' from project 'HOMEY Clean')

SwiftCompile normal x86_64 Compiling\ DocumentVault.swift,\ HomepageCustomization.swift,\ JourneyEpisode.swift,\ CharacterCarousel.swift,\ CharacterTilesGrid.swift,\ LaunchGate.swift,\ LaunchView.swift,\ TeamTile.swift /Users/ryankanfer/Documents/Developer/HOMEY\ Clean/HOMEY\ Clean/Models/DocumentVault.swift /Users/ryankanfer/Documents/Developer/HOMEY\ Clean/HOMEY\ Clean/Models/HomepageCustomization.swift /Users/ryankanfer/Documents/Developer/HOMEY\ Clean/HOMEY\ Clean/Models/JourneyEpisode.swift /Users/ryankanfer/Documents/Developer/HOMEY\ Clean/HOMEY\ Clean/Opening/CharacterCarousel.swift /Users/ryankanfer/Documents/Developer/HOMEY\ Clean/HOMEY\ Clean/Opening/CharacterTilesGrid.swift /Users/ryankanfer/Documents/Developer/HOMEY\ Clean/HOMEY\ Clean/Opening/LaunchGate.swift /Users/ryankanfer/Documents/Developer/HOMEY\ Clean/HOMEY\ Clean/Opening/LaunchView.swift /Users/ryankanfer/Documents/Developer/HOMEY\ Clean/HOMEY\ Clean/Opening/TeamTile.swift (in target 'HOMEY Clean' from project 'HOMEY Clean')

** BUILD FAILED **


The following build commands failed:
	SwiftCompile normal arm64 Compiling\ GlassCard.swift,\ AbstractLuxeBackground.swift,\ GlassStyle.swift,\ AuthStyles.swift,\ Colors.swift,\ Gradients.swift,\ HomeyTextStyles.swift,\ RoomVibeBackground.swift,\ DocumentDetailSheet.swift,\ DocumentUploadSheet.swift,\ PaigeDashboard.swift,\ VaultDetailSheet.swift,\ CustomizableHomepageGrid.swift,\ HomepageCustomizationSheet.swift,\ NextUpSmartCard.swift,\ AccountSettingsSection.swift,\ AdvancedSettingsHub.swift /Users/ryankanfer/Documents/Developer/HOMEY\ Clean/HOMEY\ Clean/UI/Components/GlassCard.swift /Users/ryankanfer/Documents/Developer/HOMEY\ Clean/HOMEY\ Clean/UI/Style/AbstractLuxeBackground.swift /Users/ryankanfer/Documents/Developer/HOMEY\ Clean/HOMEY\ Clean/UI/Style/GlassStyle.swift /Users/ryankanfer/Documents/Developer/HOMEY\ Clean/HOMEY\ Clean/UI/Theme/AuthStyles.swift /Users/ryankanfer/Documents/Developer/HOMEY\ Clean/HOMEY\ Clean/UI/Theme/Colors.swift /Users/ryankanfer/Documents/Developer/HOMEY\ Clean/HOMEY\ Clean/UI/Theme/Gradients.swift /Users/ryankanfer/Documents/Developer/HOMEY\ Clean/HOMEY\ Clean/UI/Theme/HomeyTextStyles.swift /Users/ryankanfer/Documents/Developer/HOMEY\ Clean/HOMEY\ Clean/UI/Theme/RoomVibeBackground.swift /Users/ryankanfer/Documents/Developer/HOMEY\ Clean/HOMEY\ Clean/Views/Dashboards/Clients/DocumentDetailSheet.swift /Users/ryankanfer/Documents/Developer/HOMEY\ Clean/HOMEY\ Clean/Views/Dashboards/Clients/DocumentUploadSheet.swift /Users/ryankanfer/Documents/Developer/HOMEY\ Clean/HOMEY\ Clean/Views/Dashboards/Clients/PaigeDashboard.swift /Users/ryankanfer/Documents/Developer/HOMEY\ Clean/HOMEY\ Clean/Views/Dashboards/Clients/VaultDetailSheet.swift /Users/ryankanfer/Documents/Developer/HOMEY\ Clean/HOMEY\ Clean/Views/Homepage/CustomizableHomepageGrid.swift /Users/ryankanfer/Documents/Developer/HOMEY\ Clean/HOMEY\ Clean/Views/Homepage/HomepageCustomizationSheet.swift /Users/ryankanfer/Documents/Developer/HOMEY\ Clean/HOMEY\ Clean/Views/Homepage/NextUpSmartCard.swift /Users/ryankanfer/Documents/Developer/HOMEY\ Clean/HOMEY\ Clean/Views/Settings/AccountSettingsSection.swift /Users/ryankanfer/Documents/Developer/HOMEY\ Clean/HOMEY\ Clean/Views/Settings/AdvancedSettingsHub.swift (in target 'HOMEY Clean' from project 'HOMEY Clean')
	SwiftCompile normal arm64 /Users/ryankanfer/Documents/Developer/HOMEY\ Clean/HOMEY\ Clean/Views/Homepage/HomepageCustomizationSheet.swift (in target 'HOMEY Clean' from project 'HOMEY Clean')
	Building project HOMEY Clean with scheme HOMEY Clean
(3 failures)
