Command line invocation:
    /Applications/Xcode.app/Contents/Developer/usr/bin/xcodebuild -project "HOMEY Clean.xcodeproj" -scheme "HOMEY Clean" clean build

Resolve Package Graph


Resolved source packages:
  swift-asn1: https://github.com/apple/swift-asn1.git @ 1.4.0
  xctest-dynamic-overlay: https://github.com/pointfreeco/xctest-dynamic-overlay @ 1.6.1
  swift-syntax: https://github.com/swiftlang/swift-syntax @ 602.0.0
  swift-custom-dump: https://github.com/pointfreeco/swift-custom-dump @ 1.3.3
  swift-concurrency-extras: https://github.com/pointfreeco/swift-concurrency-extras @ 1.3.1
  swift-clocks: https://github.com/pointfreeco/swift-clocks @ 1.0.6
  swift-snapshot-testing: https://github.com/pointfreeco/swift-snapshot-testing @ 1.18.7
  swift-crypto: https://github.com/apple/swift-crypto.git @ 3.14.0
  Supabase: https://github.com/supabase-community/supabase-swift @ 2.31.2
  swift-http-types: https://github.com/apple/swift-http-types.git @ 1.4.0

2025-09-22 23:18:58.598 xcodebuild[47594:12255861] [MT] IDERunDestination: Supported platforms for the buildables in the current scheme is empty.
--- xcodebuild: WARNING: Using the first of multiple matching destinations:
{ platform:macOS, arch:arm64, variant:Designed for [iPad,iPhone], id:00006000-000225193A89801E, name:My Mac }
{ platform:iOS, id:dvtdevice-DVTiPhonePlaceholder-iphoneos:placeholder, name:Any iOS Device }
{ platform:iOS Simulator, id:dvtdevice-DVTiOSDeviceSimulatorPlaceholder-iphonesimulator:placeholder, name:Any iOS Simulator Device }
{ platform:iOS Simulator, arch:arm64, id:AD2261D8-135A-4618-9D4F-059F074F0648, OS:18.6, name:iPhone 16 Pro Test }
{ platform:iOS Simulator, arch:x86_64, id:AD2261D8-135A-4618-9D4F-059F074F0648, OS:18.6, name:iPhone 16 Pro Test }
{ platform:iOS, arch:arm64, id:00008120-001A70D22247C01E, name:Ryan’s iPhone }
CreateBuildRequest

SendProjectDescription

CreateBuildOperation

** CLEAN SUCCEEDED **

--- xcodebuild: WARNING: Using the first of multiple matching destinations:
{ platform:macOS, arch:arm64, variant:Designed for [iPad,iPhone], id:00006000-000225193A89801E, name:My Mac }
{ platform:iOS, id:dvtdevice-DVTiPhonePlaceholder-iphoneos:placeholder, name:Any iOS Device }
{ platform:iOS Simulator, id:dvtdevice-DVTiOSDeviceSimulatorPlaceholder-iphonesimulator:placeholder, name:Any iOS Simulator Device }
{ platform:iOS Simulator, arch:arm64, id:AD2261D8-135A-4618-9D4F-059F074F0648, OS:18.6, name:iPhone 16 Pro Test }
{ platform:iOS Simulator, arch:x86_64, id:AD2261D8-135A-4618-9D4F-059F074F0648, OS:18.6, name:iPhone 16 Pro Test }
{ platform:iOS, arch:arm64, id:00008120-001A70D22247C01E, name:Ryan’s iPhone }
ComputePackagePrebuildTargetDependencyGraph

Prepare packages

CreateBuildRequest

SendProjectDescription

CreateBuildOperation

ComputeTargetDependencyGraph
note: Building targets in dependency order
note: Target dependency graph (28 targets)
    Target 'HOMEY Clean' in project 'HOMEY Clean'
        ➜ Explicit dependency on target 'PostgREST' in project 'Supabase'
        ➜ Explicit dependency on target 'Functions' in project 'Supabase'
        ➜ Explicit dependency on target 'Supabase' in project 'Supabase'
        ➜ Explicit dependency on target 'Auth' in project 'Supabase'
        ➜ Explicit dependency on target 'Storage' in project 'Supabase'
        ➜ Explicit dependency on target 'Realtime' in project 'Supabase'
    Target 'Realtime' in project 'Supabase'
        ➜ Explicit dependency on target 'Realtime' in project 'Supabase'
        ➜ Explicit dependency on target 'Helpers' in project 'Supabase'
        ➜ Explicit dependency on target 'ConcurrencyExtras' in project 'swift-concurrency-extras'
        ➜ Explicit dependency on target 'HTTPTypes' in project 'swift-http-types'
        ➜ Explicit dependency on target 'Clocks' in project 'swift-clocks'
        ➜ Explicit dependency on target 'XCTestDynamicOverlay' in project 'xctest-dynamic-overlay'
        ➜ Explicit dependency on target 'IssueReporting' in project 'xctest-dynamic-overlay'
    Target 'Storage' in project 'Supabase'
        ➜ Explicit dependency on target 'Storage' in project 'Supabase'
        ➜ Explicit dependency on target 'Helpers' in project 'Supabase'
        ➜ Explicit dependency on target 'ConcurrencyExtras' in project 'swift-concurrency-extras'
        ➜ Explicit dependency on target 'HTTPTypes' in project 'swift-http-types'
        ➜ Explicit dependency on target 'Clocks' in project 'swift-clocks'
        ➜ Explicit dependency on target 'XCTestDynamicOverlay' in project 'xctest-dynamic-overlay'
    Target 'Auth' in project 'Supabase'
        ➜ Explicit dependency on target 'Auth' in project 'Supabase'
        ➜ Explicit dependency on target 'Helpers' in project 'Supabase'
        ➜ Explicit dependency on target 'ConcurrencyExtras' in project 'swift-concurrency-extras'
        ➜ Explicit dependency on target 'HTTPTypes' in project 'swift-http-types'
        ➜ Explicit dependency on target 'Clocks' in project 'swift-clocks'
        ➜ Explicit dependency on target 'XCTestDynamicOverlay' in project 'xctest-dynamic-overlay'
        ➜ Explicit dependency on target 'Crypto' in project 'swift-crypto'
    Target 'Supabase' in project 'Supabase'
        ➜ Explicit dependency on target 'Supabase' in project 'Supabase'
        ➜ Explicit dependency on target 'Functions' in project 'Supabase'
        ➜ Explicit dependency on target 'PostgREST' in project 'Supabase'
        ➜ Explicit dependency on target 'Auth' in project 'Supabase'
        ➜ Explicit dependency on target 'Realtime' in project 'Supabase'
        ➜ Explicit dependency on target 'Storage' in project 'Supabase'
        ➜ Explicit dependency on target 'Helpers' in project 'Supabase'
        ➜ Explicit dependency on target 'ConcurrencyExtras' in project 'swift-concurrency-extras'
        ➜ Explicit dependency on target 'HTTPTypes' in project 'swift-http-types'
        ➜ Explicit dependency on target 'Clocks' in project 'swift-clocks'
        ➜ Explicit dependency on target 'XCTestDynamicOverlay' in project 'xctest-dynamic-overlay'
        ➜ Explicit dependency on target 'Crypto' in project 'swift-crypto'
        ➜ Explicit dependency on target 'IssueReporting' in project 'xctest-dynamic-overlay'
    Target 'Supabase' in project 'Supabase'
        ➜ Explicit dependency on target 'Helpers' in project 'Supabase'
        ➜ Explicit dependency on target 'Auth' in project 'Supabase'
        ➜ Explicit dependency on target 'Functions' in project 'Supabase'
        ➜ Explicit dependency on target 'PostgREST' in project 'Supabase'
        ➜ Explicit dependency on target 'Realtime' in project 'Supabase'
        ➜ Explicit dependency on target 'Storage' in project 'Supabase'
        ➜ Explicit dependency on target 'ConcurrencyExtras' in project 'swift-concurrency-extras'
        ➜ Explicit dependency on target 'HTTPTypes' in project 'swift-http-types'
        ➜ Explicit dependency on target 'Clocks' in project 'swift-clocks'
        ➜ Explicit dependency on target 'XCTestDynamicOverlay' in project 'xctest-dynamic-overlay'
        ➜ Explicit dependency on target 'Crypto' in project 'swift-crypto'
        ➜ Explicit dependency on target 'IssueReporting' in project 'xctest-dynamic-overlay'
    Target 'Storage' in project 'Supabase'
        ➜ Explicit dependency on target 'Helpers' in project 'Supabase'
        ➜ Explicit dependency on target 'ConcurrencyExtras' in project 'swift-concurrency-extras'
        ➜ Explicit dependency on target 'HTTPTypes' in project 'swift-http-types'
        ➜ Explicit dependency on target 'Clocks' in project 'swift-clocks'
        ➜ Explicit dependency on target 'XCTestDynamicOverlay' in project 'xctest-dynamic-overlay'
    Target 'Realtime' in project 'Supabase'
        ➜ Explicit dependency on target 'Helpers' in project 'Supabase'
        ➜ Explicit dependency on target 'ConcurrencyExtras' in project 'swift-concurrency-extras'
        ➜ Explicit dependency on target 'HTTPTypes' in project 'swift-http-types'
        ➜ Explicit dependency on target 'Clocks' in project 'swift-clocks'
        ➜ Explicit dependency on target 'XCTestDynamicOverlay' in project 'xctest-dynamic-overlay'
        ➜ Explicit dependency on target 'IssueReporting' in project 'xctest-dynamic-overlay'
    Target 'Auth' in project 'Supabase'
        ➜ Explicit dependency on target 'Helpers' in project 'Supabase'
        ➜ Explicit dependency on target 'ConcurrencyExtras' in project 'swift-concurrency-extras'
        ➜ Explicit dependency on target 'HTTPTypes' in project 'swift-http-types'
        ➜ Explicit dependency on target 'Clocks' in project 'swift-clocks'
        ➜ Explicit dependency on target 'XCTestDynamicOverlay' in project 'xctest-dynamic-overlay'
        ➜ Explicit dependency on target 'Crypto' in project 'swift-crypto'
    Target 'Crypto' in project 'swift-crypto'
        ➜ Explicit dependency on target 'Crypto' in project 'swift-crypto'
        ➜ Explicit dependency on target 'swift-crypto_Crypto' in project 'swift-crypto'
    Target 'Crypto' in project 'swift-crypto'
        ➜ Explicit dependency on target 'swift-crypto_Crypto' in project 'swift-crypto'
    Target 'swift-crypto_Crypto' in project 'swift-crypto' (no dependencies)
    Target 'Functions' in project 'Supabase'
        ➜ Explicit dependency on target 'Functions' in project 'Supabase'
        ➜ Explicit dependency on target 'Helpers' in project 'Supabase'
        ➜ Explicit dependency on target 'ConcurrencyExtras' in project 'swift-concurrency-extras'
        ➜ Explicit dependency on target 'HTTPTypes' in project 'swift-http-types'
        ➜ Explicit dependency on target 'Clocks' in project 'swift-clocks'
        ➜ Explicit dependency on target 'XCTestDynamicOverlay' in project 'xctest-dynamic-overlay'
    Target 'Functions' in project 'Supabase'
        ➜ Explicit dependency on target 'Helpers' in project 'Supabase'
        ➜ Explicit dependency on target 'ConcurrencyExtras' in project 'swift-concurrency-extras'
        ➜ Explicit dependency on target 'HTTPTypes' in project 'swift-http-types'
        ➜ Explicit dependency on target 'Clocks' in project 'swift-clocks'
        ➜ Explicit dependency on target 'XCTestDynamicOverlay' in project 'xctest-dynamic-overlay'
    Target 'PostgREST' in project 'Supabase'
        ➜ Explicit dependency on target 'PostgREST' in project 'Supabase'
        ➜ Explicit dependency on target 'Helpers' in project 'Supabase'
        ➜ Explicit dependency on target 'ConcurrencyExtras' in project 'swift-concurrency-extras'
        ➜ Explicit dependency on target 'HTTPTypes' in project 'swift-http-types'
        ➜ Explicit dependency on target 'Clocks' in project 'swift-clocks'
        ➜ Explicit dependency on target 'XCTestDynamicOverlay' in project 'xctest-dynamic-overlay'
    Target 'PostgREST' in project 'Supabase'
        ➜ Explicit dependency on target 'Helpers' in project 'Supabase'
        ➜ Explicit dependency on target 'ConcurrencyExtras' in project 'swift-concurrency-extras'
        ➜ Explicit dependency on target 'HTTPTypes' in project 'swift-http-types'
        ➜ Explicit dependency on target 'Clocks' in project 'swift-clocks'
        ➜ Explicit dependency on target 'XCTestDynamicOverlay' in project 'xctest-dynamic-overlay'
    Target 'Helpers' in project 'Supabase'
        ➜ Explicit dependency on target 'ConcurrencyExtras' in project 'swift-concurrency-extras'
        ➜ Explicit dependency on target 'HTTPTypes' in project 'swift-http-types'
        ➜ Explicit dependency on target 'Clocks' in project 'swift-clocks'
        ➜ Explicit dependency on target 'XCTestDynamicOverlay' in project 'xctest-dynamic-overlay'
    Target 'XCTestDynamicOverlay' in project 'xctest-dynamic-overlay'
        ➜ Explicit dependency on target 'XCTestDynamicOverlay' in project 'xctest-dynamic-overlay'
        ➜ Explicit dependency on target 'IssueReportingPackageSupport' in project 'xctest-dynamic-overlay'
        ➜ Explicit dependency on target 'IssueReporting' in project 'xctest-dynamic-overlay'
    Target 'XCTestDynamicOverlay' in project 'xctest-dynamic-overlay'
        ➜ Explicit dependency on target 'IssueReportingPackageSupport' in project 'xctest-dynamic-overlay'
        ➜ Explicit dependency on target 'IssueReporting' in project 'xctest-dynamic-overlay'
    Target 'Clocks' in project 'swift-clocks'
        ➜ Explicit dependency on target 'Clocks' in project 'swift-clocks'
        ➜ Explicit dependency on target 'ConcurrencyExtras' in project 'swift-concurrency-extras'
        ➜ Explicit dependency on target 'IssueReporting' in project 'xctest-dynamic-overlay'
    Target 'Clocks' in project 'swift-clocks'
        ➜ Explicit dependency on target 'ConcurrencyExtras' in project 'swift-concurrency-extras'
        ➜ Explicit dependency on target 'IssueReporting' in project 'xctest-dynamic-overlay'
    Target 'IssueReporting' in project 'xctest-dynamic-overlay'
        ➜ Explicit dependency on target 'IssueReporting' in project 'xctest-dynamic-overlay'
        ➜ Explicit dependency on target 'IssueReportingPackageSupport' in project 'xctest-dynamic-overlay'
    Target 'IssueReporting' in project 'xctest-dynamic-overlay'
        ➜ Explicit dependency on target 'IssueReportingPackageSupport' in project 'xctest-dynamic-overlay'
    Target 'IssueReportingPackageSupport' in project 'xctest-dynamic-overlay' (no dependencies)
    Target 'HTTPTypes' in project 'swift-http-types'
        ➜ Explicit dependency on target 'HTTPTypes' in project 'swift-http-types'
    Target 'HTTPTypes' in project 'swift-http-types' (no dependencies)
    Target 'ConcurrencyExtras' in project 'swift-concurrency-extras'
        ➜ Explicit dependency on target 'ConcurrencyExtras' in project 'swift-concurrency-extras'
    Target 'ConcurrencyExtras' in project 'swift-concurrency-extras' (no dependencies)

GatherProvisioningInputs

CreateBuildDescription

ExecuteExternalTool /Applications/Xcode.app/Contents/Developer/Toolchains/XcodeDefault.xctoolchain/usr/bin/swiftc --version

ExecuteExternalTool /Applications/Xcode.app/Contents/Developer/Toolchains/XcodeDefault.xctoolchain/usr/bin/clang -v -E -dM -isysroot /Applications/Xcode.app/Contents/Developer/Platforms/iPhoneOS.platform/Developer/SDKs/iPhoneOS26.0.sdk -x c -c /dev/null

ExecuteExternalTool /Applications/Xcode.app/Contents/Developer/usr/bin/actool --print-asset-tag-combinations --output-format xml1 /Users/ryankanfer/Documents/Developer/HOMEY Clean/HOMEY Clean/Assets.xcassets

ExecuteExternalTool /Applications/Xcode.app/Contents/Developer/Toolchains/XcodeDefault.xctoolchain/usr/bin/ld -version_details

ReadFileContents /Applications/Xcode.app/Contents/Developer/Toolchains/XcodeDefault.xctoolchain/usr/share/docc/features.json

ExecuteExternalTool /Applications/Xcode.app/Contents/Developer/usr/bin/actool --version --output-format xml1

Build description signature: 1c4926549bf087d9f9260141fcba6097
Build description path: /Users/ryankanfer/Library/Developer/Xcode/DerivedData/HOMEY_Clean-gafualdnzupkfseuistvwtqbnpqd/Build/Intermediates.noindex/XCBuildData/1c4926549bf087d9f9260141fcba6097.xcbuilddata
ClangStatCache /Applications/Xcode.app/Contents/Developer/Toolchains/XcodeDefault.xctoolchain/usr/bin/clang-stat-cache /Applications/Xcode.app/Contents/Developer/Platforms/iPhoneOS.platform/Developer/SDKs/iPhoneOS26.0.sdk /Users/ryankanfer/Library/Developer/Xcode/DerivedData/SDKStatCaches.noindex/iphoneos26.0-23A339-81ce72e5b06c9602b9d30b56f2eed08a.sdkstatcache
    cd /Users/ryankanfer/Documents/Developer/HOMEY\ Clean/HOMEY\ Clean.xcodeproj
    /Applications/Xcode.app/Contents/Developer/Toolchains/XcodeDefault.xctoolchain/usr/bin/clang-stat-cache /Applications/Xcode.app/Contents/Developer/Platforms/iPhoneOS.platform/Developer/SDKs/iPhoneOS26.0.sdk -o /Users/ryankanfer/Library/Developer/Xcode/DerivedData/SDKStatCaches.noindex/iphoneos26.0-23A339-81ce72e5b06c9602b9d30b56f2eed08a.sdkstatcache

CreateBuildDirectory /Users/ryankanfer/Library/Developer/Xcode/DerivedData/HOMEY_Clean-gafualdnzupkfseuistvwtqbnpqd/Build/Products
    cd /Users/ryankanfer/Documents/Developer/HOMEY\ Clean/HOMEY\ Clean.xcodeproj
    builtin-create-build-directory /Users/ryankanfer/Library/Developer/Xcode/DerivedData/HOMEY_Clean-gafualdnzupkfseuistvwtqbnpqd/Build/Products

CreateBuildDirectory /Users/ryankanfer/Library/Developer/Xcode/DerivedData/HOMEY_Clean-gafualdnzupkfseuistvwtqbnpqd/Build/Intermediates.noindex
    cd /Users/ryankanfer/Documents/Developer/HOMEY\ Clean/HOMEY\ Clean.xcodeproj
    builtin-create-build-directory /Users/ryankanfer/Library/Developer/Xcode/DerivedData/HOMEY_Clean-gafualdnzupkfseuistvwtqbnpqd/Build/Intermediates.noindex

CreateBuildDirectory /Users/ryankanfer/Library/Developer/Xcode/DerivedData/HOMEY_Clean-gafualdnzupkfseuistvwtqbnpqd/Build/Intermediates.noindex/ExplicitPrecompiledModules
    cd /Users/ryankanfer/Documents/Developer/HOMEY\ Clean/HOMEY\ Clean.xcodeproj
    builtin-create-build-directory /Users/ryankanfer/Library/Developer/Xcode/DerivedData/HOMEY_Clean-gafualdnzupkfseuistvwtqbnpqd/Build/Intermediates.noindex/ExplicitPrecompiledModules

CreateBuildDirectory /Users/ryankanfer/Library/Developer/Xcode/DerivedData/HOMEY_Clean-gafualdnzupkfseuistvwtqbnpqd/Build/Products/Debug-iphoneos
    cd /Users/ryankanfer/Documents/Developer/HOMEY\ Clean/HOMEY\ Clean.xcodeproj
    builtin-create-build-directory /Users/ryankanfer/Library/Developer/Xcode/DerivedData/HOMEY_Clean-gafualdnzupkfseuistvwtqbnpqd/Build/Products/Debug-iphoneos

CreateBuildDirectory /Users/ryankanfer/Library/Developer/Xcode/DerivedData/HOMEY_Clean-gafualdnzupkfseuistvwtqbnpqd/Build/Intermediates.noindex/SwiftExplicitPrecompiledModules
    cd /Users/ryankanfer/Documents/Developer/HOMEY\ Clean/HOMEY\ Clean.xcodeproj
    builtin-create-build-directory /Users/ryankanfer/Library/Developer/Xcode/DerivedData/HOMEY_Clean-gafualdnzupkfseuistvwtqbnpqd/Build/Intermediates.noindex/SwiftExplicitPrecompiledModules

CreateBuildDirectory /Users/ryankanfer/Library/Developer/Xcode/DerivedData/HOMEY_Clean-gafualdnzupkfseuistvwtqbnpqd/Build/Intermediates.noindex/EagerLinkingTBDs/Debug-iphoneos
    cd /Users/ryankanfer/Documents/Developer/HOMEY\ Clean/HOMEY\ Clean.xcodeproj
    builtin-create-build-directory /Users/ryankanfer/Library/Developer/Xcode/DerivedData/HOMEY_Clean-gafualdnzupkfseuistvwtqbnpqd/Build/Intermediates.noindex/EagerLinkingTBDs/Debug-iphoneos

WriteAuxiliaryFile /Users/ryankanfer/Library/Developer/Xcode/DerivedData/HOMEY_Clean-gafualdnzupkfseuistvwtqbnpqd/Build/Intermediates.noindex/HOMEY\ Clean.build/Debug-iphoneos/HOMEY\ Clean-0f55fb2587d36a9d6da7defd35999c5a-VFS-iphoneos/all-product-headers.yaml
    cd /Users/ryankanfer/Documents/Developer/HOMEY\ Clean/HOMEY\ Clean.xcodeproj
    write-file /Users/ryankanfer/Library/Developer/Xcode/DerivedData/HOMEY_Clean-gafualdnzupkfseuistvwtqbnpqd/Build/Intermediates.noindex/HOMEY\ Clean.build/Debug-iphoneos/HOMEY\ Clean-0f55fb2587d36a9d6da7defd35999c5a-VFS-iphoneos/all-product-headers.yaml

CreateBuildDirectory /Users/ryankanfer/Library/Developer/Xcode/DerivedData/HOMEY_Clean-gafualdnzupkfseuistvwtqbnpqd/Build/Products/Debug-iphoneos/PackageFrameworks
    cd /Users/ryankanfer/Documents/Developer/HOMEY\ Clean/HOMEY\ Clean.xcodeproj
    builtin-create-build-directory /Users/ryankanfer/Library/Developer/Xcode/DerivedData/HOMEY_Clean-gafualdnzupkfseuistvwtqbnpqd/Build/Products/Debug-iphoneos/PackageFrameworks

WriteAuxiliaryFile /Users/ryankanfer/Library/Developer/Xcode/DerivedData/HOMEY_Clean-gafualdnzupkfseuistvwtqbnpqd/Build/Intermediates.noindex/swift-crypto.build/Debug-iphoneos/swift-crypto_Crypto.build/swift-crypto_Crypto.DependencyStaticMetadataFileList (in target 'swift-crypto_Crypto' from project 'swift-crypto')
    cd /Users/ryankanfer/Library/Developer/Xcode/DerivedData/HOMEY_Clean-gafualdnzupkfseuistvwtqbnpqd/SourcePackages/checkouts/swift-crypto
    write-file /Users/ryankanfer/Library/Developer/Xcode/DerivedData/HOMEY_Clean-gafualdnzupkfseuistvwtqbnpqd/Build/Intermediates.noindex/swift-crypto.build/Debug-iphoneos/swift-crypto_Crypto.build/swift-crypto_Crypto.DependencyStaticMetadataFileList

WriteAuxiliaryFile /Users/ryankanfer/Library/Developer/Xcode/DerivedData/HOMEY_Clean-gafualdnzupkfseuistvwtqbnpqd/Build/Intermediates.noindex/swift-crypto.build/Debug-iphoneos/swift-crypto_Crypto.build/swift-crypto_Crypto.DependencyMetadataFileList (in target 'swift-crypto_Crypto' from project 'swift-crypto')
    cd /Users/ryankanfer/Library/Developer/Xcode/DerivedData/HOMEY_Clean-gafualdnzupkfseuistvwtqbnpqd/SourcePackages/checkouts/swift-crypto
    write-file /Users/ryankanfer/Library/Developer/Xcode/DerivedData/HOMEY_Clean-gafualdnzupkfseuistvwtqbnpqd/Build/Intermediates.noindex/swift-crypto.build/Debug-iphoneos/swift-crypto_Crypto.build/swift-crypto_Crypto.DependencyMetadataFileList

WriteAuxiliaryFile /Users/ryankanfer/Library/Developer/Xcode/DerivedData/HOMEY_Clean-gafualdnzupkfseuistvwtqbnpqd/Build/Intermediates.noindex/xctest-dynamic-overlay.build/Debug-iphoneos/XCTestDynamicOverlay.build/XCTestDynamicOverlay.DependencyStaticMetadataFileList (in target 'XCTestDynamicOverlay' from project 'xctest-dynamic-overlay')
    cd /Users/ryankanfer/Library/Developer/Xcode/DerivedData/HOMEY_Clean-gafualdnzupkfseuistvwtqbnpqd/SourcePackages/checkouts/xctest-dynamic-overlay
    write-file /Users/ryankanfer/Library/Developer/Xcode/DerivedData/HOMEY_Clean-gafualdnzupkfseuistvwtqbnpqd/Build/Intermediates.noindex/xctest-dynamic-overlay.build/Debug-iphoneos/XCTestDynamicOverlay.build/XCTestDynamicOverlay.DependencyStaticMetadataFileList

WriteAuxiliaryFile /Users/ryankanfer/Library/Developer/Xcode/DerivedData/HOMEY_Clean-gafualdnzupkfseuistvwtqbnpqd/Build/Intermediates.noindex/xctest-dynamic-overlay.build/Debug-iphoneos/XCTestDynamicOverlay.build/XCTestDynamicOverlay.modulemap (in target 'XCTestDynamicOverlay' from project 'xctest-dynamic-overlay')
    cd /Users/ryankanfer/Library/Developer/Xcode/DerivedData/HOMEY_Clean-gafualdnzupkfseuistvwtqbnpqd/SourcePackages/checkouts/xctest-dynamic-overlay
    write-file /Users/ryankanfer/Library/Developer/Xcode/DerivedData/HOMEY_Clean-gafualdnzupkfseuistvwtqbnpqd/Build/Intermediates.noindex/xctest-dynamic-overlay.build/Debug-iphoneos/XCTestDynamicOverlay.build/XCTestDynamicOverlay.modulemap

WriteAuxiliaryFile /Users/ryankanfer/Library/Developer/Xcode/DerivedData/HOMEY_Clean-gafualdnzupkfseuistvwtqbnpqd/Build/Intermediates.noindex/xctest-dynamic-overlay.build/Debug-iphoneos/XCTestDynamicOverlay.build/XCTestDynamicOverlay.DependencyMetadataFileList (in target 'XCTestDynamicOverlay' from project 'xctest-dynamic-overlay')
    cd /Users/ryankanfer/Library/Developer/Xcode/DerivedData/HOMEY_Clean-gafualdnzupkfseuistvwtqbnpqd/SourcePackages/checkouts/xctest-dynamic-overlay
    write-file /Users/ryankanfer/Library/Developer/Xcode/DerivedData/HOMEY_Clean-gafualdnzupkfseuistvwtqbnpqd/Build/Intermediates.noindex/xctest-dynamic-overlay.build/Debug-iphoneos/XCTestDynamicOverlay.build/XCTestDynamicOverlay.DependencyMetadataFileList

WriteAuxiliaryFile /Users/ryankanfer/Library/Developer/Xcode/DerivedData/HOMEY_Clean-gafualdnzupkfseuistvwtqbnpqd/Build/Intermediates.noindex/swift-crypto.build/Debug-iphoneos/swift-crypto_Crypto.build/empty-swift-crypto_Crypto.plist (in target 'swift-crypto_Crypto' from project 'swift-crypto')
    cd /Users/ryankanfer/Library/Developer/Xcode/DerivedData/HOMEY_Clean-gafualdnzupkfseuistvwtqbnpqd/SourcePackages/checkouts/swift-crypto
    write-file /Users/ryankanfer/Library/Developer/Xcode/DerivedData/HOMEY_Clean-gafualdnzupkfseuistvwtqbnpqd/Build/Intermediates.noindex/swift-crypto.build/Debug-iphoneos/swift-crypto_Crypto.build/empty-swift-crypto_Crypto.plist

WriteAuxiliaryFile /Users/ryankanfer/Library/Developer/Xcode/DerivedData/HOMEY_Clean-gafualdnzupkfseuistvwtqbnpqd/Build/Intermediates.noindex/xctest-dynamic-overlay.build/Debug-iphoneos/XCTestDynamicOverlay.build/Objects-normal/arm64/XCTestDynamicOverlay_const_extract_protocols.json (in target 'XCTestDynamicOverlay' from project 'xctest-dynamic-overlay')
    cd /Users/ryankanfer/Library/Developer/Xcode/DerivedData/HOMEY_Clean-gafualdnzupkfseuistvwtqbnpqd/SourcePackages/checkouts/xctest-dynamic-overlay
    write-file /Users/ryankanfer/Library/Developer/Xcode/DerivedData/HOMEY_Clean-gafualdnzupkfseuistvwtqbnpqd/Build/Intermediates.noindex/xctest-dynamic-overlay.build/Debug-iphoneos/XCTestDynamicOverlay.build/Objects-normal/arm64/XCTestDynamicOverlay_const_extract_protocols.json

WriteAuxiliaryFile /Users/ryankanfer/Library/Developer/Xcode/DerivedData/HOMEY_Clean-gafualdnzupkfseuistvwtqbnpqd/Build/Intermediates.noindex/xctest-dynamic-overlay.build/Debug-iphoneos/XCTestDynamicOverlay.build/Objects-normal/arm64/XCTestDynamicOverlay.SwiftFileList (in target 'XCTestDynamicOverlay' from project 'xctest-dynamic-overlay')
    cd /Users/ryankanfer/Library/Developer/Xcode/DerivedData/HOMEY_Clean-gafualdnzupkfseuistvwtqbnpqd/SourcePackages/checkouts/xctest-dynamic-overlay
    write-file /Users/ryankanfer/Library/Developer/Xcode/DerivedData/HOMEY_Clean-gafualdnzupkfseuistvwtqbnpqd/Build/Intermediates.noindex/xctest-dynamic-overlay.build/Debug-iphoneos/XCTestDynamicOverlay.build/Objects-normal/arm64/XCTestDynamicOverlay.SwiftFileList

WriteAuxiliaryFile /Users/ryankanfer/Library/Developer/Xcode/DerivedData/HOMEY_Clean-gafualdnzupkfseuistvwtqbnpqd/Build/Intermediates.noindex/xctest-dynamic-overlay.build/Debug-iphoneos/XCTestDynamicOverlay.build/Objects-normal/arm64/XCTestDynamicOverlay.SwiftConstValuesFileList (in target 'XCTestDynamicOverlay' from project 'xctest-dynamic-overlay')
    cd /Users/ryankanfer/Library/Developer/Xcode/DerivedData/HOMEY_Clean-gafualdnzupkfseuistvwtqbnpqd/SourcePackages/checkouts/xctest-dynamic-overlay
    write-file /Users/ryankanfer/Library/Developer/Xcode/DerivedData/HOMEY_Clean-gafualdnzupkfseuistvwtqbnpqd/Build/Intermediates.noindex/xctest-dynamic-overlay.build/Debug-iphoneos/XCTestDynamicOverlay.build/Objects-normal/arm64/XCTestDynamicOverlay.SwiftConstValuesFileList

WriteAuxiliaryFile /Users/ryankanfer/Library/Developer/Xcode/DerivedData/HOMEY_Clean-gafualdnzupkfseuistvwtqbnpqd/Build/Intermediates.noindex/xctest-dynamic-overlay.build/Debug-iphoneos/XCTestDynamicOverlay.build/Objects-normal/arm64/XCTestDynamicOverlay.LinkFileList (in target 'XCTestDynamicOverlay' from project 'xctest-dynamic-overlay')
    cd /Users/ryankanfer/Library/Developer/Xcode/DerivedData/HOMEY_Clean-gafualdnzupkfseuistvwtqbnpqd/SourcePackages/checkouts/xctest-dynamic-overlay
    write-file /Users/ryankanfer/Library/Developer/Xcode/DerivedData/HOMEY_Clean-gafualdnzupkfseuistvwtqbnpqd/Build/Intermediates.noindex/xctest-dynamic-overlay.build/Debug-iphoneos/XCTestDynamicOverlay.build/Objects-normal/arm64/XCTestDynamicOverlay.LinkFileList

WriteAuxiliaryFile /Users/ryankanfer/Library/Developer/Xcode/DerivedData/HOMEY_Clean-gafualdnzupkfseuistvwtqbnpqd/Build/Intermediates.noindex/xctest-dynamic-overlay.build/Debug-iphoneos/XCTestDynamicOverlay.build/Objects-normal/arm64/XCTestDynamicOverlay-OutputFileMap.json (in target 'XCTestDynamicOverlay' from project 'xctest-dynamic-overlay')
    cd /Users/ryankanfer/Library/Developer/Xcode/DerivedData/HOMEY_Clean-gafualdnzupkfseuistvwtqbnpqd/SourcePackages/checkouts/xctest-dynamic-overlay
    write-file /Users/ryankanfer/Library/Developer/Xcode/DerivedData/HOMEY_Clean-gafualdnzupkfseuistvwtqbnpqd/Build/Intermediates.noindex/xctest-dynamic-overlay.build/Debug-iphoneos/XCTestDynamicOverlay.build/Objects-normal/arm64/XCTestDynamicOverlay-OutputFileMap.json

Copy /Users/ryankanfer/Library/Developer/Xcode/DerivedData/HOMEY_Clean-gafualdnzupkfseuistvwtqbnpqd/Build/Intermediates.noindex/GeneratedModuleMaps-iphoneos/XCTestDynamicOverlay.modulemap /Users/ryankanfer/Library/Developer/Xcode/DerivedData/HOMEY_Clean-gafualdnzupkfseuistvwtqbnpqd/Build/Intermediates.noindex/xctest-dynamic-overlay.build/Debug-iphoneos/XCTestDynamicOverlay.build/XCTestDynamicOverlay.modulemap (in target 'XCTestDynamicOverlay' from project 'xctest-dynamic-overlay')
    cd /Users/ryankanfer/Library/Developer/Xcode/DerivedData/HOMEY_Clean-gafualdnzupkfseuistvwtqbnpqd/SourcePackages/checkouts/xctest-dynamic-overlay
    builtin-copy -exclude .DS_Store -exclude CVS -exclude .svn -exclude .git -exclude .hg -resolve-src-symlinks /Users/ryankanfer/Library/Developer/Xcode/DerivedData/HOMEY_Clean-gafualdnzupkfseuistvwtqbnpqd/Build/Intermediates.noindex/xctest-dynamic-overlay.build/Debug-iphoneos/XCTestDynamicOverlay.build/XCTestDynamicOverlay.modulemap /Users/ryankanfer/Library/Developer/Xcode/DerivedData/HOMEY_Clean-gafualdnzupkfseuistvwtqbnpqd/Build/Intermediates.noindex/GeneratedModuleMaps-iphoneos

WriteAuxiliaryFile /Users/ryankanfer/Library/Developer/Xcode/DerivedData/HOMEY_Clean-gafualdnzupkfseuistvwtqbnpqd/Build/Intermediates.noindex/Supabase.build/Debug-iphoneos/Supabase.build/Supabase.modulemap (in target 'Supabase' from project 'Supabase')
    cd /Users/ryankanfer/Library/Developer/Xcode/DerivedData/HOMEY_Clean-gafualdnzupkfseuistvwtqbnpqd/SourcePackages/checkouts/supabase-swift
    write-file /Users/ryankanfer/Library/Developer/Xcode/DerivedData/HOMEY_Clean-gafualdnzupkfseuistvwtqbnpqd/Build/Intermediates.noindex/Supabase.build/Debug-iphoneos/Supabase.build/Supabase.modulemap

WriteAuxiliaryFile /Users/ryankanfer/Library/Developer/Xcode/DerivedData/HOMEY_Clean-gafualdnzupkfseuistvwtqbnpqd/Build/Intermediates.noindex/Supabase.build/Debug-iphoneos/Supabase.build/Supabase.DependencyStaticMetadataFileList (in target 'Supabase' from project 'Supabase')
    cd /Users/ryankanfer/Library/Developer/Xcode/DerivedData/HOMEY_Clean-gafualdnzupkfseuistvwtqbnpqd/SourcePackages/checkouts/supabase-swift
    write-file /Users/ryankanfer/Library/Developer/Xcode/DerivedData/HOMEY_Clean-gafualdnzupkfseuistvwtqbnpqd/Build/Intermediates.noindex/Supabase.build/Debug-iphoneos/Supabase.build/Supabase.DependencyStaticMetadataFileList

WriteAuxiliaryFile /Users/ryankanfer/Library/Developer/Xcode/DerivedData/HOMEY_Clean-gafualdnzupkfseuistvwtqbnpqd/Build/Intermediates.noindex/Supabase.build/Debug-iphoneos/Supabase.build/Supabase.DependencyMetadataFileList (in target 'Supabase' from project 'Supabase')
    cd /Users/ryankanfer/Library/Developer/Xcode/DerivedData/HOMEY_Clean-gafualdnzupkfseuistvwtqbnpqd/SourcePackages/checkouts/supabase-swift
    write-file /Users/ryankanfer/Library/Developer/Xcode/DerivedData/HOMEY_Clean-gafualdnzupkfseuistvwtqbnpqd/Build/Intermediates.noindex/Supabase.build/Debug-iphoneos/Supabase.build/Supabase.DependencyMetadataFileList

WriteAuxiliaryFile /Users/ryankanfer/Library/Developer/Xcode/DerivedData/HOMEY_Clean-gafualdnzupkfseuistvwtqbnpqd/Build/Intermediates.noindex/Supabase.build/Debug-iphoneos/Supabase.build/Objects-normal/arm64/Supabase_const_extract_protocols.json (in target 'Supabase' from project 'Supabase')
    cd /Users/ryankanfer/Library/Developer/Xcode/DerivedData/HOMEY_Clean-gafualdnzupkfseuistvwtqbnpqd/SourcePackages/checkouts/supabase-swift
    write-file /Users/ryankanfer/Library/Developer/Xcode/DerivedData/HOMEY_Clean-gafualdnzupkfseuistvwtqbnpqd/Build/Intermediates.noindex/Supabase.build/Debug-iphoneos/Supabase.build/Objects-normal/arm64/Supabase_const_extract_protocols.json

WriteAuxiliaryFile /Users/ryankanfer/Library/Developer/Xcode/DerivedData/HOMEY_Clean-gafualdnzupkfseuistvwtqbnpqd/Build/Intermediates.noindex/Supabase.build/Debug-iphoneos/Supabase.build/Objects-normal/arm64/Supabase.SwiftFileList (in target 'Supabase' from project 'Supabase')
    cd /Users/ryankanfer/Library/Developer/Xcode/DerivedData/HOMEY_Clean-gafualdnzupkfseuistvwtqbnpqd/SourcePackages/checkouts/supabase-swift
    write-file /Users/ryankanfer/Library/Developer/Xcode/DerivedData/HOMEY_Clean-gafualdnzupkfseuistvwtqbnpqd/Build/Intermediates.noindex/Supabase.build/Debug-iphoneos/Supabase.build/Objects-normal/arm64/Supabase.SwiftFileList

WriteAuxiliaryFile /Users/ryankanfer/Library/Developer/Xcode/DerivedData/HOMEY_Clean-gafualdnzupkfseuistvwtqbnpqd/Build/Intermediates.noindex/Supabase.build/Debug-iphoneos/Supabase.build/Objects-normal/arm64/Supabase.SwiftConstValuesFileList (in target 'Supabase' from project 'Supabase')
    cd /Users/ryankanfer/Library/Developer/Xcode/DerivedData/HOMEY_Clean-gafualdnzupkfseuistvwtqbnpqd/SourcePackages/checkouts/supabase-swift
    write-file /Users/ryankanfer/Library/Developer/Xcode/DerivedData/HOMEY_Clean-gafualdnzupkfseuistvwtqbnpqd/Build/Intermediates.noindex/Supabase.build/Debug-iphoneos/Supabase.build/Objects-normal/arm64/Supabase.SwiftConstValuesFileList

WriteAuxiliaryFile /Users/ryankanfer/Library/Developer/Xcode/DerivedData/HOMEY_Clean-gafualdnzupkfseuistvwtqbnpqd/Build/Intermediates.noindex/Supabase.build/Debug-iphoneos/Supabase.build/Objects-normal/arm64/Supabase.LinkFileList (in target 'Supabase' from project 'Supabase')
    cd /Users/ryankanfer/Library/Developer/Xcode/DerivedData/HOMEY_Clean-gafualdnzupkfseuistvwtqbnpqd/SourcePackages/checkouts/supabase-swift
    write-file /Users/ryankanfer/Library/Developer/Xcode/DerivedData/HOMEY_Clean-gafualdnzupkfseuistvwtqbnpqd/Build/Intermediates.noindex/Supabase.build/Debug-iphoneos/Supabase.build/Objects-normal/arm64/Supabase.LinkFileList

WriteAuxiliaryFile /Users/ryankanfer/Library/Developer/Xcode/DerivedData/HOMEY_Clean-gafualdnzupkfseuistvwtqbnpqd/Build/Intermediates.noindex/Supabase.build/Debug-iphoneos/Supabase.build/Objects-normal/arm64/Supabase-OutputFileMap.json (in target 'Supabase' from project 'Supabase')
    cd /Users/ryankanfer/Library/Developer/Xcode/DerivedData/HOMEY_Clean-gafualdnzupkfseuistvwtqbnpqd/SourcePackages/checkouts/supabase-swift
    write-file /Users/ryankanfer/Library/Developer/Xcode/DerivedData/HOMEY_Clean-gafualdnzupkfseuistvwtqbnpqd/Build/Intermediates.noindex/Supabase.build/Debug-iphoneos/Supabase.build/Objects-normal/arm64/Supabase-OutputFileMap.json

Copy /Users/ryankanfer/Library/Developer/Xcode/DerivedData/HOMEY_Clean-gafualdnzupkfseuistvwtqbnpqd/Build/Intermediates.noindex/GeneratedModuleMaps-iphoneos/Supabase.modulemap /Users/ryankanfer/Library/Developer/Xcode/DerivedData/HOMEY_Clean-gafualdnzupkfseuistvwtqbnpqd/Build/Intermediates.noindex/Supabase.build/Debug-iphoneos/Supabase.build/Supabase.modulemap (in target 'Supabase' from project 'Supabase')
    cd /Users/ryankanfer/Library/Developer/Xcode/DerivedData/HOMEY_Clean-gafualdnzupkfseuistvwtqbnpqd/SourcePackages/checkouts/supabase-swift
    builtin-copy -exclude .DS_Store -exclude CVS -exclude .svn -exclude .git -exclude .hg -resolve-src-symlinks /Users/ryankanfer/Library/Developer/Xcode/DerivedData/HOMEY_Clean-gafualdnzupkfseuistvwtqbnpqd/Build/Intermediates.noindex/Supabase.build/Debug-iphoneos/Supabase.build/Supabase.modulemap /Users/ryankanfer/Library/Developer/Xcode/DerivedData/HOMEY_Clean-gafualdnzupkfseuistvwtqbnpqd/Build/Intermediates.noindex/GeneratedModuleMaps-iphoneos

WriteAuxiliaryFile /Users/ryankanfer/Library/Developer/Xcode/DerivedData/HOMEY_Clean-gafualdnzupkfseuistvwtqbnpqd/Build/Intermediates.noindex/Supabase.build/Debug-iphoneos/Storage.build/Storage.modulemap (in target 'Storage' from project 'Supabase')
    cd /Users/ryankanfer/Library/Developer/Xcode/DerivedData/HOMEY_Clean-gafualdnzupkfseuistvwtqbnpqd/SourcePackages/checkouts/supabase-swift
    write-file /Users/ryankanfer/Library/Developer/Xcode/DerivedData/HOMEY_Clean-gafualdnzupkfseuistvwtqbnpqd/Build/Intermediates.noindex/Supabase.build/Debug-iphoneos/Storage.build/Storage.modulemap

WriteAuxiliaryFile /Users/ryankanfer/Library/Developer/Xcode/DerivedData/HOMEY_Clean-gafualdnzupkfseuistvwtqbnpqd/Build/Intermediates.noindex/Supabase.build/Debug-iphoneos/Storage.build/Storage.DependencyStaticMetadataFileList (in target 'Storage' from project 'Supabase')
    cd /Users/ryankanfer/Library/Developer/Xcode/DerivedData/HOMEY_Clean-gafualdnzupkfseuistvwtqbnpqd/SourcePackages/checkouts/supabase-swift
    write-file /Users/ryankanfer/Library/Developer/Xcode/DerivedData/HOMEY_Clean-gafualdnzupkfseuistvwtqbnpqd/Build/Intermediates.noindex/Supabase.build/Debug-iphoneos/Storage.build/Storage.DependencyStaticMetadataFileList

WriteAuxiliaryFile /Users/ryankanfer/Library/Developer/Xcode/DerivedData/HOMEY_Clean-gafualdnzupkfseuistvwtqbnpqd/Build/Intermediates.noindex/Supabase.build/Debug-iphoneos/Storage.build/Storage.DependencyMetadataFileList (in target 'Storage' from project 'Supabase')
    cd /Users/ryankanfer/Library/Developer/Xcode/DerivedData/HOMEY_Clean-gafualdnzupkfseuistvwtqbnpqd/SourcePackages/checkouts/supabase-swift
    write-file /Users/ryankanfer/Library/Developer/Xcode/DerivedData/HOMEY_Clean-gafualdnzupkfseuistvwtqbnpqd/Build/Intermediates.noindex/Supabase.build/Debug-iphoneos/Storage.build/Storage.DependencyMetadataFileList

WriteAuxiliaryFile /Users/ryankanfer/Library/Developer/Xcode/DerivedData/HOMEY_Clean-gafualdnzupkfseuistvwtqbnpqd/Build/Intermediates.noindex/Supabase.build/Debug-iphoneos/Storage.build/Objects-normal/arm64/Storage_const_extract_protocols.json (in target 'Storage' from project 'Supabase')
    cd /Users/ryankanfer/Library/Developer/Xcode/DerivedData/HOMEY_Clean-gafualdnzupkfseuistvwtqbnpqd/SourcePackages/checkouts/supabase-swift
    write-file /Users/ryankanfer/Library/Developer/Xcode/DerivedData/HOMEY_Clean-gafualdnzupkfseuistvwtqbnpqd/Build/Intermediates.noindex/Supabase.build/Debug-iphoneos/Storage.build/Objects-normal/arm64/Storage_const_extract_protocols.json

WriteAuxiliaryFile /Users/ryankanfer/Library/Developer/Xcode/DerivedData/HOMEY_Clean-gafualdnzupkfseuistvwtqbnpqd/Build/Intermediates.noindex/Supabase.build/Debug-iphoneos/Storage.build/Objects-normal/arm64/Storage.SwiftFileList (in target 'Storage' from project 'Supabase')
    cd /Users/ryankanfer/Library/Developer/Xcode/DerivedData/HOMEY_Clean-gafualdnzupkfseuistvwtqbnpqd/SourcePackages/checkouts/supabase-swift
    write-file /Users/ryankanfer/Library/Developer/Xcode/DerivedData/HOMEY_Clean-gafualdnzupkfseuistvwtqbnpqd/Build/Intermediates.noindex/Supabase.build/Debug-iphoneos/Storage.build/Objects-normal/arm64/Storage.SwiftFileList

WriteAuxiliaryFile /Users/ryankanfer/Library/Developer/Xcode/DerivedData/HOMEY_Clean-gafualdnzupkfseuistvwtqbnpqd/Build/Intermediates.noindex/Supabase.build/Debug-iphoneos/Storage.build/Objects-normal/arm64/Storage.SwiftConstValuesFileList (in target 'Storage' from project 'Supabase')
    cd /Users/ryankanfer/Library/Developer/Xcode/DerivedData/HOMEY_Clean-gafualdnzupkfseuistvwtqbnpqd/SourcePackages/checkouts/supabase-swift
    write-file /Users/ryankanfer/Library/Developer/Xcode/DerivedData/HOMEY_Clean-gafualdnzupkfseuistvwtqbnpqd/Build/Intermediates.noindex/Supabase.build/Debug-iphoneos/Storage.build/Objects-normal/arm64/Storage.SwiftConstValuesFileList

WriteAuxiliaryFile /Users/ryankanfer/Library/Developer/Xcode/DerivedData/HOMEY_Clean-gafualdnzupkfseuistvwtqbnpqd/Build/Intermediates.noindex/Supabase.build/Debug-iphoneos/Storage.build/Objects-normal/arm64/Storage.LinkFileList (in target 'Storage' from project 'Supabase')
    cd /Users/ryankanfer/Library/Developer/Xcode/DerivedData/HOMEY_Clean-gafualdnzupkfseuistvwtqbnpqd/SourcePackages/checkouts/supabase-swift
    write-file /Users/ryankanfer/Library/Developer/Xcode/DerivedData/HOMEY_Clean-gafualdnzupkfseuistvwtqbnpqd/Build/Intermediates.noindex/Supabase.build/Debug-iphoneos/Storage.build/Objects-normal/arm64/Storage.LinkFileList

WriteAuxiliaryFile /Users/ryankanfer/Library/Developer/Xcode/DerivedData/HOMEY_Clean-gafualdnzupkfseuistvwtqbnpqd/Build/Intermediates.noindex/Supabase.build/Debug-iphoneos/Storage.build/Objects-normal/arm64/Storage-OutputFileMap.json (in target 'Storage' from project 'Supabase')
    cd /Users/ryankanfer/Library/Developer/Xcode/DerivedData/HOMEY_Clean-gafualdnzupkfseuistvwtqbnpqd/SourcePackages/checkouts/supabase-swift
    write-file /Users/ryankanfer/Library/Developer/Xcode/DerivedData/HOMEY_Clean-gafualdnzupkfseuistvwtqbnpqd/Build/Intermediates.noindex/Supabase.build/Debug-iphoneos/Storage.build/Objects-normal/arm64/Storage-OutputFileMap.json

Copy /Users/ryankanfer/Library/Developer/Xcode/DerivedData/HOMEY_Clean-gafualdnzupkfseuistvwtqbnpqd/Build/Intermediates.noindex/GeneratedModuleMaps-iphoneos/Storage.modulemap /Users/ryankanfer/Library/Developer/Xcode/DerivedData/HOMEY_Clean-gafualdnzupkfseuistvwtqbnpqd/Build/Intermediates.noindex/Supabase.build/Debug-iphoneos/Storage.build/Storage.modulemap (in target 'Storage' from project 'Supabase')
    cd /Users/ryankanfer/Library/Developer/Xcode/DerivedData/HOMEY_Clean-gafualdnzupkfseuistvwtqbnpqd/SourcePackages/checkouts/supabase-swift
    builtin-copy -exclude .DS_Store -exclude CVS -exclude .svn -exclude .git -exclude .hg -resolve-src-symlinks /Users/ryankanfer/Library/Developer/Xcode/DerivedData/HOMEY_Clean-gafualdnzupkfseuistvwtqbnpqd/Build/Intermediates.noindex/Supabase.build/Debug-iphoneos/Storage.build/Storage.modulemap /Users/ryankanfer/Library/Developer/Xcode/DerivedData/HOMEY_Clean-gafualdnzupkfseuistvwtqbnpqd/Build/Intermediates.noindex/GeneratedModuleMaps-iphoneos

WriteAuxiliaryFile /Users/ryankanfer/Library/Developer/Xcode/DerivedData/HOMEY_Clean-gafualdnzupkfseuistvwtqbnpqd/Build/Intermediates.noindex/Supabase.build/Debug-iphoneos/Realtime.build/Realtime.modulemap (in target 'Realtime' from project 'Supabase')
    cd /Users/ryankanfer/Library/Developer/Xcode/DerivedData/HOMEY_Clean-gafualdnzupkfseuistvwtqbnpqd/SourcePackages/checkouts/supabase-swift
    write-file /Users/ryankanfer/Library/Developer/Xcode/DerivedData/HOMEY_Clean-gafualdnzupkfseuistvwtqbnpqd/Build/Intermediates.noindex/Supabase.build/Debug-iphoneos/Realtime.build/Realtime.modulemap

WriteAuxiliaryFile /Users/ryankanfer/Library/Developer/Xcode/DerivedData/HOMEY_Clean-gafualdnzupkfseuistvwtqbnpqd/Build/Intermediates.noindex/Supabase.build/Debug-iphoneos/Realtime.build/Realtime.DependencyStaticMetadataFileList (in target 'Realtime' from project 'Supabase')
    cd /Users/ryankanfer/Library/Developer/Xcode/DerivedData/HOMEY_Clean-gafualdnzupkfseuistvwtqbnpqd/SourcePackages/checkouts/supabase-swift
    write-file /Users/ryankanfer/Library/Developer/Xcode/DerivedData/HOMEY_Clean-gafualdnzupkfseuistvwtqbnpqd/Build/Intermediates.noindex/Supabase.build/Debug-iphoneos/Realtime.build/Realtime.DependencyStaticMetadataFileList

WriteAuxiliaryFile /Users/ryankanfer/Library/Developer/Xcode/DerivedData/HOMEY_Clean-gafualdnzupkfseuistvwtqbnpqd/Build/Intermediates.noindex/Supabase.build/Debug-iphoneos/Realtime.build/Realtime.DependencyMetadataFileList (in target 'Realtime' from project 'Supabase')
    cd /Users/ryankanfer/Library/Developer/Xcode/DerivedData/HOMEY_Clean-gafualdnzupkfseuistvwtqbnpqd/SourcePackages/checkouts/supabase-swift
    write-file /Users/ryankanfer/Library/Developer/Xcode/DerivedData/HOMEY_Clean-gafualdnzupkfseuistvwtqbnpqd/Build/Intermediates.noindex/Supabase.build/Debug-iphoneos/Realtime.build/Realtime.DependencyMetadataFileList

WriteAuxiliaryFile /Users/ryankanfer/Library/Developer/Xcode/DerivedData/HOMEY_Clean-gafualdnzupkfseuistvwtqbnpqd/Build/Intermediates.noindex/Supabase.build/Debug-iphoneos/Realtime.build/Objects-normal/arm64/Realtime_const_extract_protocols.json (in target 'Realtime' from project 'Supabase')
    cd /Users/ryankanfer/Library/Developer/Xcode/DerivedData/HOMEY_Clean-gafualdnzupkfseuistvwtqbnpqd/SourcePackages/checkouts/supabase-swift
    write-file /Users/ryankanfer/Library/Developer/Xcode/DerivedData/HOMEY_Clean-gafualdnzupkfseuistvwtqbnpqd/Build/Intermediates.noindex/Supabase.build/Debug-iphoneos/Realtime.build/Objects-normal/arm64/Realtime_const_extract_protocols.json

WriteAuxiliaryFile /Users/ryankanfer/Library/Developer/Xcode/DerivedData/HOMEY_Clean-gafualdnzupkfseuistvwtqbnpqd/Build/Intermediates.noindex/Supabase.build/Debug-iphoneos/Realtime.build/Objects-normal/arm64/Realtime.SwiftFileList (in target 'Realtime' from project 'Supabase')
    cd /Users/ryankanfer/Library/Developer/Xcode/DerivedData/HOMEY_Clean-gafualdnzupkfseuistvwtqbnpqd/SourcePackages/checkouts/supabase-swift
    write-file /Users/ryankanfer/Library/Developer/Xcode/DerivedData/HOMEY_Clean-gafualdnzupkfseuistvwtqbnpqd/Build/Intermediates.noindex/Supabase.build/Debug-iphoneos/Realtime.build/Objects-normal/arm64/Realtime.SwiftFileList

WriteAuxiliaryFile /Users/ryankanfer/Library/Developer/Xcode/DerivedData/HOMEY_Clean-gafualdnzupkfseuistvwtqbnpqd/Build/Intermediates.noindex/Supabase.build/Debug-iphoneos/Realtime.build/Objects-normal/arm64/Realtime.SwiftConstValuesFileList (in target 'Realtime' from project 'Supabase')
    cd /Users/ryankanfer/Library/Developer/Xcode/DerivedData/HOMEY_Clean-gafualdnzupkfseuistvwtqbnpqd/SourcePackages/checkouts/supabase-swift
    write-file /Users/ryankanfer/Library/Developer/Xcode/DerivedData/HOMEY_Clean-gafualdnzupkfseuistvwtqbnpqd/Build/Intermediates.noindex/Supabase.build/Debug-iphoneos/Realtime.build/Objects-normal/arm64/Realtime.SwiftConstValuesFileList

WriteAuxiliaryFile /Users/ryankanfer/Library/Developer/Xcode/DerivedData/HOMEY_Clean-gafualdnzupkfseuistvwtqbnpqd/Build/Intermediates.noindex/Supabase.build/Debug-iphoneos/Realtime.build/Objects-normal/arm64/Realtime.LinkFileList (in target 'Realtime' from project 'Supabase')
    cd /Users/ryankanfer/Library/Developer/Xcode/DerivedData/HOMEY_Clean-gafualdnzupkfseuistvwtqbnpqd/SourcePackages/checkouts/supabase-swift
    write-file /Users/ryankanfer/Library/Developer/Xcode/DerivedData/HOMEY_Clean-gafualdnzupkfseuistvwtqbnpqd/Build/Intermediates.noindex/Supabase.build/Debug-iphoneos/Realtime.build/Objects-normal/arm64/Realtime.LinkFileList

WriteAuxiliaryFile /Users/ryankanfer/Library/Developer/Xcode/DerivedData/HOMEY_Clean-gafualdnzupkfseuistvwtqbnpqd/Build/Intermediates.noindex/Supabase.build/Debug-iphoneos/Realtime.build/Objects-normal/arm64/Realtime-OutputFileMap.json (in target 'Realtime' from project 'Supabase')
    cd /Users/ryankanfer/Library/Developer/Xcode/DerivedData/HOMEY_Clean-gafualdnzupkfseuistvwtqbnpqd/SourcePackages/checkouts/supabase-swift
    write-file /Users/ryankanfer/Library/Developer/Xcode/DerivedData/HOMEY_Clean-gafualdnzupkfseuistvwtqbnpqd/Build/Intermediates.noindex/Supabase.build/Debug-iphoneos/Realtime.build/Objects-normal/arm64/Realtime-OutputFileMap.json

Copy /Users/ryankanfer/Library/Developer/Xcode/DerivedData/HOMEY_Clean-gafualdnzupkfseuistvwtqbnpqd/Build/Intermediates.noindex/GeneratedModuleMaps-iphoneos/Realtime.modulemap /Users/ryankanfer/Library/Developer/Xcode/DerivedData/HOMEY_Clean-gafualdnzupkfseuistvwtqbnpqd/Build/Intermediates.noindex/Supabase.build/Debug-iphoneos/Realtime.build/Realtime.modulemap (in target 'Realtime' from project 'Supabase')
    cd /Users/ryankanfer/Library/Developer/Xcode/DerivedData/HOMEY_Clean-gafualdnzupkfseuistvwtqbnpqd/SourcePackages/checkouts/supabase-swift
    builtin-copy -exclude .DS_Store -exclude CVS -exclude .svn -exclude .git -exclude .hg -resolve-src-symlinks /Users/ryankanfer/Library/Developer/Xcode/DerivedData/HOMEY_Clean-gafualdnzupkfseuistvwtqbnpqd/Build/Intermediates.noindex/Supabase.build/Debug-iphoneos/Realtime.build/Realtime.modulemap /Users/ryankanfer/Library/Developer/Xcode/DerivedData/HOMEY_Clean-gafualdnzupkfseuistvwtqbnpqd/Build/Intermediates.noindex/GeneratedModuleMaps-iphoneos

WriteAuxiliaryFile /Users/ryankanfer/Library/Developer/Xcode/DerivedData/HOMEY_Clean-gafualdnzupkfseuistvwtqbnpqd/Build/Intermediates.noindex/Supabase.build/Debug-iphoneos/PostgREST.build/PostgREST.modulemap (in target 'PostgREST' from project 'Supabase')
    cd /Users/ryankanfer/Library/Developer/Xcode/DerivedData/HOMEY_Clean-gafualdnzupkfseuistvwtqbnpqd/SourcePackages/checkouts/supabase-swift
    write-file /Users/ryankanfer/Library/Developer/Xcode/DerivedData/HOMEY_Clean-gafualdnzupkfseuistvwtqbnpqd/Build/Intermediates.noindex/Supabase.build/Debug-iphoneos/PostgREST.build/PostgREST.modulemap

WriteAuxiliaryFile /Users/ryankanfer/Library/Developer/Xcode/DerivedData/HOMEY_Clean-gafualdnzupkfseuistvwtqbnpqd/Build/Intermediates.noindex/Supabase.build/Debug-iphoneos/PostgREST.build/PostgREST.DependencyStaticMetadataFileList (in target 'PostgREST' from project 'Supabase')
    cd /Users/ryankanfer/Library/Developer/Xcode/DerivedData/HOMEY_Clean-gafualdnzupkfseuistvwtqbnpqd/SourcePackages/checkouts/supabase-swift
    write-file /Users/ryankanfer/Library/Developer/Xcode/DerivedData/HOMEY_Clean-gafualdnzupkfseuistvwtqbnpqd/Build/Intermediates.noindex/Supabase.build/Debug-iphoneos/PostgREST.build/PostgREST.DependencyStaticMetadataFileList

WriteAuxiliaryFile /Users/ryankanfer/Library/Developer/Xcode/DerivedData/HOMEY_Clean-gafualdnzupkfseuistvwtqbnpqd/Build/Intermediates.noindex/Supabase.build/Debug-iphoneos/PostgREST.build/PostgREST.DependencyMetadataFileList (in target 'PostgREST' from project 'Supabase')
    cd /Users/ryankanfer/Library/Developer/Xcode/DerivedData/HOMEY_Clean-gafualdnzupkfseuistvwtqbnpqd/SourcePackages/checkouts/supabase-swift
    write-file /Users/ryankanfer/Library/Developer/Xcode/DerivedData/HOMEY_Clean-gafualdnzupkfseuistvwtqbnpqd/Build/Intermediates.noindex/Supabase.build/Debug-iphoneos/PostgREST.build/PostgREST.DependencyMetadataFileList

WriteAuxiliaryFile /Users/ryankanfer/Library/Developer/Xcode/DerivedData/HOMEY_Clean-gafualdnzupkfseuistvwtqbnpqd/Build/Intermediates.noindex/Supabase.build/Debug-iphoneos/PostgREST.build/Objects-normal/arm64/PostgREST_const_extract_protocols.json (in target 'PostgREST' from project 'Supabase')
    cd /Users/ryankanfer/Library/Developer/Xcode/DerivedData/HOMEY_Clean-gafualdnzupkfseuistvwtqbnpqd/SourcePackages/checkouts/supabase-swift
    write-file /Users/ryankanfer/Library/Developer/Xcode/DerivedData/HOMEY_Clean-gafualdnzupkfseuistvwtqbnpqd/Build/Intermediates.noindex/Supabase.build/Debug-iphoneos/PostgREST.build/Objects-normal/arm64/PostgREST_const_extract_protocols.json

WriteAuxiliaryFile /Users/ryankanfer/Library/Developer/Xcode/DerivedData/HOMEY_Clean-gafualdnzupkfseuistvwtqbnpqd/Build/Intermediates.noindex/Supabase.build/Debug-iphoneos/PostgREST.build/Objects-normal/arm64/PostgREST.SwiftFileList (in target 'PostgREST' from project 'Supabase')
    cd /Users/ryankanfer/Library/Developer/Xcode/DerivedData/HOMEY_Clean-gafualdnzupkfseuistvwtqbnpqd/SourcePackages/checkouts/supabase-swift
    write-file /Users/ryankanfer/Library/Developer/Xcode/DerivedData/HOMEY_Clean-gafualdnzupkfseuistvwtqbnpqd/Build/Intermediates.noindex/Supabase.build/Debug-iphoneos/PostgREST.build/Objects-normal/arm64/PostgREST.SwiftFileList

WriteAuxiliaryFile /Users/ryankanfer/Library/Developer/Xcode/DerivedData/HOMEY_Clean-gafualdnzupkfseuistvwtqbnpqd/Build/Intermediates.noindex/Supabase.build/Debug-iphoneos/PostgREST.build/Objects-normal/arm64/PostgREST.SwiftConstValuesFileList (in target 'PostgREST' from project 'Supabase')
    cd /Users/ryankanfer/Library/Developer/Xcode/DerivedData/HOMEY_Clean-gafualdnzupkfseuistvwtqbnpqd/SourcePackages/checkouts/supabase-swift
    write-file /Users/ryankanfer/Library/Developer/Xcode/DerivedData/HOMEY_Clean-gafualdnzupkfseuistvwtqbnpqd/Build/Intermediates.noindex/Supabase.build/Debug-iphoneos/PostgREST.build/Objects-normal/arm64/PostgREST.SwiftConstValuesFileList

WriteAuxiliaryFile /Users/ryankanfer/Library/Developer/Xcode/DerivedData/HOMEY_Clean-gafualdnzupkfseuistvwtqbnpqd/Build/Intermediates.noindex/Supabase.build/Debug-iphoneos/PostgREST.build/Objects-normal/arm64/PostgREST.LinkFileList (in target 'PostgREST' from project 'Supabase')
    cd /Users/ryankanfer/Library/Developer/Xcode/DerivedData/HOMEY_Clean-gafualdnzupkfseuistvwtqbnpqd/SourcePackages/checkouts/supabase-swift
    write-file /Users/ryankanfer/Library/Developer/Xcode/DerivedData/HOMEY_Clean-gafualdnzupkfseuistvwtqbnpqd/Build/Intermediates.noindex/Supabase.build/Debug-iphoneos/PostgREST.build/Objects-normal/arm64/PostgREST.LinkFileList

WriteAuxiliaryFile /Users/ryankanfer/Library/Developer/Xcode/DerivedData/HOMEY_Clean-gafualdnzupkfseuistvwtqbnpqd/Build/Intermediates.noindex/Supabase.build/Debug-iphoneos/PostgREST.build/Objects-normal/arm64/PostgREST-OutputFileMap.json (in target 'PostgREST' from project 'Supabase')
    cd /Users/ryankanfer/Library/Developer/Xcode/DerivedData/HOMEY_Clean-gafualdnzupkfseuistvwtqbnpqd/SourcePackages/checkouts/supabase-swift
    write-file /Users/ryankanfer/Library/Developer/Xcode/DerivedData/HOMEY_Clean-gafualdnzupkfseuistvwtqbnpqd/Build/Intermediates.noindex/Supabase.build/Debug-iphoneos/PostgREST.build/Objects-normal/arm64/PostgREST-OutputFileMap.json

Copy /Users/ryankanfer/Library/Developer/Xcode/DerivedData/HOMEY_Clean-gafualdnzupkfseuistvwtqbnpqd/Build/Intermediates.noindex/GeneratedModuleMaps-iphoneos/PostgREST.modulemap /Users/ryankanfer/Library/Developer/Xcode/DerivedData/HOMEY_Clean-gafualdnzupkfseuistvwtqbnpqd/Build/Intermediates.noindex/Supabase.build/Debug-iphoneos/PostgREST.build/PostgREST.modulemap (in target 'PostgREST' from project 'Supabase')
    cd /Users/ryankanfer/Library/Developer/Xcode/DerivedData/HOMEY_Clean-gafualdnzupkfseuistvwtqbnpqd/SourcePackages/checkouts/supabase-swift
    builtin-copy -exclude .DS_Store -exclude CVS -exclude .svn -exclude .git -exclude .hg -resolve-src-symlinks /Users/ryankanfer/Library/Developer/Xcode/DerivedData/HOMEY_Clean-gafualdnzupkfseuistvwtqbnpqd/Build/Intermediates.noindex/Supabase.build/Debug-iphoneos/PostgREST.build/PostgREST.modulemap /Users/ryankanfer/Library/Developer/Xcode/DerivedData/HOMEY_Clean-gafualdnzupkfseuistvwtqbnpqd/Build/Intermediates.noindex/GeneratedModuleMaps-iphoneos

WriteAuxiliaryFile /Users/ryankanfer/Library/Developer/Xcode/DerivedData/HOMEY_Clean-gafualdnzupkfseuistvwtqbnpqd/Build/Intermediates.noindex/xctest-dynamic-overlay.build/Debug-iphoneos/IssueReportingPackageSupport.build/Objects-normal/arm64/IssueReportingPackageSupport_const_extract_protocols.json (in target 'IssueReportingPackageSupport' from project 'xctest-dynamic-overlay')
    cd /Users/ryankanfer/Library/Developer/Xcode/DerivedData/HOMEY_Clean-gafualdnzupkfseuistvwtqbnpqd/SourcePackages/checkouts/xctest-dynamic-overlay
    write-file /Users/ryankanfer/Library/Developer/Xcode/DerivedData/HOMEY_Clean-gafualdnzupkfseuistvwtqbnpqd/Build/Intermediates.noindex/xctest-dynamic-overlay.build/Debug-iphoneos/IssueReportingPackageSupport.build/Objects-normal/arm64/IssueReportingPackageSupport_const_extract_protocols.json

WriteAuxiliaryFile /Users/ryankanfer/Library/Developer/Xcode/DerivedData/HOMEY_Clean-gafualdnzupkfseuistvwtqbnpqd/Build/Intermediates.noindex/xctest-dynamic-overlay.build/Debug-iphoneos/IssueReportingPackageSupport.build/Objects-normal/arm64/IssueReportingPackageSupport.SwiftFileList (in target 'IssueReportingPackageSupport' from project 'xctest-dynamic-overlay')
    cd /Users/ryankanfer/Library/Developer/Xcode/DerivedData/HOMEY_Clean-gafualdnzupkfseuistvwtqbnpqd/SourcePackages/checkouts/xctest-dynamic-overlay
    write-file /Users/ryankanfer/Library/Developer/Xcode/DerivedData/HOMEY_Clean-gafualdnzupkfseuistvwtqbnpqd/Build/Intermediates.noindex/xctest-dynamic-overlay.build/Debug-iphoneos/IssueReportingPackageSupport.build/Objects-normal/arm64/IssueReportingPackageSupport.SwiftFileList

WriteAuxiliaryFile /Users/ryankanfer/Library/Developer/Xcode/DerivedData/HOMEY_Clean-gafualdnzupkfseuistvwtqbnpqd/Build/Intermediates.noindex/xctest-dynamic-overlay.build/Debug-iphoneos/IssueReportingPackageSupport.build/Objects-normal/arm64/IssueReportingPackageSupport.SwiftConstValuesFileList (in target 'IssueReportingPackageSupport' from project 'xctest-dynamic-overlay')
    cd /Users/ryankanfer/Library/Developer/Xcode/DerivedData/HOMEY_Clean-gafualdnzupkfseuistvwtqbnpqd/SourcePackages/checkouts/xctest-dynamic-overlay
    write-file /Users/ryankanfer/Library/Developer/Xcode/DerivedData/HOMEY_Clean-gafualdnzupkfseuistvwtqbnpqd/Build/Intermediates.noindex/xctest-dynamic-overlay.build/Debug-iphoneos/IssueReportingPackageSupport.build/Objects-normal/arm64/IssueReportingPackageSupport.SwiftConstValuesFileList

WriteAuxiliaryFile /Users/ryankanfer/Library/Developer/Xcode/DerivedData/HOMEY_Clean-gafualdnzupkfseuistvwtqbnpqd/Build/Intermediates.noindex/xctest-dynamic-overlay.build/Debug-iphoneos/IssueReportingPackageSupport.build/Objects-normal/arm64/IssueReportingPackageSupport.LinkFileList (in target 'IssueReportingPackageSupport' from project 'xctest-dynamic-overlay')
    cd /Users/ryankanfer/Library/Developer/Xcode/DerivedData/HOMEY_Clean-gafualdnzupkfseuistvwtqbnpqd/SourcePackages/checkouts/xctest-dynamic-overlay
    write-file /Users/ryankanfer/Library/Developer/Xcode/DerivedData/HOMEY_Clean-gafualdnzupkfseuistvwtqbnpqd/Build/Intermediates.noindex/xctest-dynamic-overlay.build/Debug-iphoneos/IssueReportingPackageSupport.build/Objects-normal/arm64/IssueReportingPackageSupport.LinkFileList

WriteAuxiliaryFile /Users/ryankanfer/Library/Developer/Xcode/DerivedData/HOMEY_Clean-gafualdnzupkfseuistvwtqbnpqd/Build/Intermediates.noindex/xctest-dynamic-overlay.build/Debug-iphoneos/IssueReportingPackageSupport.build/Objects-normal/arm64/IssueReportingPackageSupport-OutputFileMap.json (in target 'IssueReportingPackageSupport' from project 'xctest-dynamic-overlay')
    cd /Users/ryankanfer/Library/Developer/Xcode/DerivedData/HOMEY_Clean-gafualdnzupkfseuistvwtqbnpqd/SourcePackages/checkouts/xctest-dynamic-overlay
    write-file /Users/ryankanfer/Library/Developer/Xcode/DerivedData/HOMEY_Clean-gafualdnzupkfseuistvwtqbnpqd/Build/Intermediates.noindex/xctest-dynamic-overlay.build/Debug-iphoneos/IssueReportingPackageSupport.build/Objects-normal/arm64/IssueReportingPackageSupport-OutputFileMap.json

WriteAuxiliaryFile /Users/ryankanfer/Library/Developer/Xcode/DerivedData/HOMEY_Clean-gafualdnzupkfseuistvwtqbnpqd/Build/Intermediates.noindex/xctest-dynamic-overlay.build/Debug-iphoneos/IssueReportingPackageSupport.build/IssueReportingPackageSupport.modulemap (in target 'IssueReportingPackageSupport' from project 'xctest-dynamic-overlay')
    cd /Users/ryankanfer/Library/Developer/Xcode/DerivedData/HOMEY_Clean-gafualdnzupkfseuistvwtqbnpqd/SourcePackages/checkouts/xctest-dynamic-overlay
    write-file /Users/ryankanfer/Library/Developer/Xcode/DerivedData/HOMEY_Clean-gafualdnzupkfseuistvwtqbnpqd/Build/Intermediates.noindex/xctest-dynamic-overlay.build/Debug-iphoneos/IssueReportingPackageSupport.build/IssueReportingPackageSupport.modulemap

WriteAuxiliaryFile /Users/ryankanfer/Library/Developer/Xcode/DerivedData/HOMEY_Clean-gafualdnzupkfseuistvwtqbnpqd/Build/Intermediates.noindex/xctest-dynamic-overlay.build/Debug-iphoneos/IssueReportingPackageSupport.build/IssueReportingPackageSupport.DependencyStaticMetadataFileList (in target 'IssueReportingPackageSupport' from project 'xctest-dynamic-overlay')
    cd /Users/ryankanfer/Library/Developer/Xcode/DerivedData/HOMEY_Clean-gafualdnzupkfseuistvwtqbnpqd/SourcePackages/checkouts/xctest-dynamic-overlay
    write-file /Users/ryankanfer/Library/Developer/Xcode/DerivedData/HOMEY_Clean-gafualdnzupkfseuistvwtqbnpqd/Build/Intermediates.noindex/xctest-dynamic-overlay.build/Debug-iphoneos/IssueReportingPackageSupport.build/IssueReportingPackageSupport.DependencyStaticMetadataFileList

WriteAuxiliaryFile /Users/ryankanfer/Library/Developer/Xcode/DerivedData/HOMEY_Clean-gafualdnzupkfseuistvwtqbnpqd/Build/Intermediates.noindex/xctest-dynamic-overlay.build/Debug-iphoneos/IssueReportingPackageSupport.build/IssueReportingPackageSupport.DependencyMetadataFileList (in target 'IssueReportingPackageSupport' from project 'xctest-dynamic-overlay')
    cd /Users/ryankanfer/Library/Developer/Xcode/DerivedData/HOMEY_Clean-gafualdnzupkfseuistvwtqbnpqd/SourcePackages/checkouts/xctest-dynamic-overlay
    write-file /Users/ryankanfer/Library/Developer/Xcode/DerivedData/HOMEY_Clean-gafualdnzupkfseuistvwtqbnpqd/Build/Intermediates.noindex/xctest-dynamic-overlay.build/Debug-iphoneos/IssueReportingPackageSupport.build/IssueReportingPackageSupport.DependencyMetadataFileList

WriteAuxiliaryFile /Users/ryankanfer/Library/Developer/Xcode/DerivedData/HOMEY_Clean-gafualdnzupkfseuistvwtqbnpqd/Build/Intermediates.noindex/xctest-dynamic-overlay.build/Debug-iphoneos/IssueReporting.build/Objects-normal/arm64/IssueReporting_const_extract_protocols.json (in target 'IssueReporting' from project 'xctest-dynamic-overlay')
    cd /Users/ryankanfer/Library/Developer/Xcode/DerivedData/HOMEY_Clean-gafualdnzupkfseuistvwtqbnpqd/SourcePackages/checkouts/xctest-dynamic-overlay
    write-file /Users/ryankanfer/Library/Developer/Xcode/DerivedData/HOMEY_Clean-gafualdnzupkfseuistvwtqbnpqd/Build/Intermediates.noindex/xctest-dynamic-overlay.build/Debug-iphoneos/IssueReporting.build/Objects-normal/arm64/IssueReporting_const_extract_protocols.json

WriteAuxiliaryFile /Users/ryankanfer/Library/Developer/Xcode/DerivedData/HOMEY_Clean-gafualdnzupkfseuistvwtqbnpqd/Build/Intermediates.noindex/xctest-dynamic-overlay.build/Debug-iphoneos/IssueReporting.build/Objects-normal/arm64/IssueReporting.SwiftFileList (in target 'IssueReporting' from project 'xctest-dynamic-overlay')
    cd /Users/ryankanfer/Library/Developer/Xcode/DerivedData/HOMEY_Clean-gafualdnzupkfseuistvwtqbnpqd/SourcePackages/checkouts/xctest-dynamic-overlay
    write-file /Users/ryankanfer/Library/Developer/Xcode/DerivedData/HOMEY_Clean-gafualdnzupkfseuistvwtqbnpqd/Build/Intermediates.noindex/xctest-dynamic-overlay.build/Debug-iphoneos/IssueReporting.build/Objects-normal/arm64/IssueReporting.SwiftFileList

Copy /Users/ryankanfer/Library/Developer/Xcode/DerivedData/HOMEY_Clean-gafualdnzupkfseuistvwtqbnpqd/Build/Intermediates.noindex/GeneratedModuleMaps-iphoneos/IssueReportingPackageSupport.modulemap /Users/ryankanfer/Library/Developer/Xcode/DerivedData/HOMEY_Clean-gafualdnzupkfseuistvwtqbnpqd/Build/Intermediates.noindex/xctest-dynamic-overlay.build/Debug-iphoneos/IssueReportingPackageSupport.build/IssueReportingPackageSupport.modulemap (in target 'IssueReportingPackageSupport' from project 'xctest-dynamic-overlay')
    cd /Users/ryankanfer/Library/Developer/Xcode/DerivedData/HOMEY_Clean-gafualdnzupkfseuistvwtqbnpqd/SourcePackages/checkouts/xctest-dynamic-overlay
    builtin-copy -exclude .DS_Store -exclude CVS -exclude .svn -exclude .git -exclude .hg -resolve-src-symlinks /Users/ryankanfer/Library/Developer/Xcode/DerivedData/HOMEY_Clean-gafualdnzupkfseuistvwtqbnpqd/Build/Intermediates.noindex/xctest-dynamic-overlay.build/Debug-iphoneos/IssueReportingPackageSupport.build/IssueReportingPackageSupport.modulemap /Users/ryankanfer/Library/Developer/Xcode/DerivedData/HOMEY_Clean-gafualdnzupkfseuistvwtqbnpqd/Build/Intermediates.noindex/GeneratedModuleMaps-iphoneos

WriteAuxiliaryFile /Users/ryankanfer/Library/Developer/Xcode/DerivedData/HOMEY_Clean-gafualdnzupkfseuistvwtqbnpqd/Build/Intermediates.noindex/xctest-dynamic-overlay.build/Debug-iphoneos/IssueReporting.build/Objects-normal/arm64/IssueReporting.SwiftConstValuesFileList (in target 'IssueReporting' from project 'xctest-dynamic-overlay')
    cd /Users/ryankanfer/Library/Developer/Xcode/DerivedData/HOMEY_Clean-gafualdnzupkfseuistvwtqbnpqd/SourcePackages/checkouts/xctest-dynamic-overlay
    write-file /Users/ryankanfer/Library/Developer/Xcode/DerivedData/HOMEY_Clean-gafualdnzupkfseuistvwtqbnpqd/Build/Intermediates.noindex/xctest-dynamic-overlay.build/Debug-iphoneos/IssueReporting.build/Objects-normal/arm64/IssueReporting.SwiftConstValuesFileList

WriteAuxiliaryFile /Users/ryankanfer/Library/Developer/Xcode/DerivedData/HOMEY_Clean-gafualdnzupkfseuistvwtqbnpqd/Build/Intermediates.noindex/xctest-dynamic-overlay.build/Debug-iphoneos/IssueReporting.build/Objects-normal/arm64/IssueReporting.LinkFileList (in target 'IssueReporting' from project 'xctest-dynamic-overlay')
    cd /Users/ryankanfer/Library/Developer/Xcode/DerivedData/HOMEY_Clean-gafualdnzupkfseuistvwtqbnpqd/SourcePackages/checkouts/xctest-dynamic-overlay
    write-file /Users/ryankanfer/Library/Developer/Xcode/DerivedData/HOMEY_Clean-gafualdnzupkfseuistvwtqbnpqd/Build/Intermediates.noindex/xctest-dynamic-overlay.build/Debug-iphoneos/IssueReporting.build/Objects-normal/arm64/IssueReporting.LinkFileList

WriteAuxiliaryFile /Users/ryankanfer/Library/Developer/Xcode/DerivedData/HOMEY_Clean-gafualdnzupkfseuistvwtqbnpqd/Build/Intermediates.noindex/xctest-dynamic-overlay.build/Debug-iphoneos/IssueReporting.build/Objects-normal/arm64/IssueReporting-OutputFileMap.json (in target 'IssueReporting' from project 'xctest-dynamic-overlay')
    cd /Users/ryankanfer/Library/Developer/Xcode/DerivedData/HOMEY_Clean-gafualdnzupkfseuistvwtqbnpqd/SourcePackages/checkouts/xctest-dynamic-overlay
    write-file /Users/ryankanfer/Library/Developer/Xcode/DerivedData/HOMEY_Clean-gafualdnzupkfseuistvwtqbnpqd/Build/Intermediates.noindex/xctest-dynamic-overlay.build/Debug-iphoneos/IssueReporting.build/Objects-normal/arm64/IssueReporting-OutputFileMap.json

WriteAuxiliaryFile /Users/ryankanfer/Library/Developer/Xcode/DerivedData/HOMEY_Clean-gafualdnzupkfseuistvwtqbnpqd/Build/Intermediates.noindex/xctest-dynamic-overlay.build/Debug-iphoneos/IssueReporting.build/IssueReporting.modulemap (in target 'IssueReporting' from project 'xctest-dynamic-overlay')
    cd /Users/ryankanfer/Library/Developer/Xcode/DerivedData/HOMEY_Clean-gafualdnzupkfseuistvwtqbnpqd/SourcePackages/checkouts/xctest-dynamic-overlay
    write-file /Users/ryankanfer/Library/Developer/Xcode/DerivedData/HOMEY_Clean-gafualdnzupkfseuistvwtqbnpqd/Build/Intermediates.noindex/xctest-dynamic-overlay.build/Debug-iphoneos/IssueReporting.build/IssueReporting.modulemap

WriteAuxiliaryFile /Users/ryankanfer/Library/Developer/Xcode/DerivedData/HOMEY_Clean-gafualdnzupkfseuistvwtqbnpqd/Build/Intermediates.noindex/xctest-dynamic-overlay.build/Debug-iphoneos/IssueReporting.build/IssueReporting.DependencyStaticMetadataFileList (in target 'IssueReporting' from project 'xctest-dynamic-overlay')
    cd /Users/ryankanfer/Library/Developer/Xcode/DerivedData/HOMEY_Clean-gafualdnzupkfseuistvwtqbnpqd/SourcePackages/checkouts/xctest-dynamic-overlay
    write-file /Users/ryankanfer/Library/Developer/Xcode/DerivedData/HOMEY_Clean-gafualdnzupkfseuistvwtqbnpqd/Build/Intermediates.noindex/xctest-dynamic-overlay.build/Debug-iphoneos/IssueReporting.build/IssueReporting.DependencyStaticMetadataFileList

WriteAuxiliaryFile /Users/ryankanfer/Library/Developer/Xcode/DerivedData/HOMEY_Clean-gafualdnzupkfseuistvwtqbnpqd/Build/Intermediates.noindex/xctest-dynamic-overlay.build/Debug-iphoneos/IssueReporting.build/IssueReporting.DependencyMetadataFileList (in target 'IssueReporting' from project 'xctest-dynamic-overlay')
    cd /Users/ryankanfer/Library/Developer/Xcode/DerivedData/HOMEY_Clean-gafualdnzupkfseuistvwtqbnpqd/SourcePackages/checkouts/xctest-dynamic-overlay
    write-file /Users/ryankanfer/Library/Developer/Xcode/DerivedData/HOMEY_Clean-gafualdnzupkfseuistvwtqbnpqd/Build/Intermediates.noindex/xctest-dynamic-overlay.build/Debug-iphoneos/IssueReporting.build/IssueReporting.DependencyMetadataFileList

WriteAuxiliaryFile /Users/ryankanfer/Library/Developer/Xcode/DerivedData/HOMEY_Clean-gafualdnzupkfseuistvwtqbnpqd/Build/Intermediates.noindex/Supabase.build/Debug-iphoneos/Helpers.build/Objects-normal/arm64/Helpers_const_extract_protocols.json (in target 'Helpers' from project 'Supabase')
    cd /Users/ryankanfer/Library/Developer/Xcode/DerivedData/HOMEY_Clean-gafualdnzupkfseuistvwtqbnpqd/SourcePackages/checkouts/supabase-swift
    write-file /Users/ryankanfer/Library/Developer/Xcode/DerivedData/HOMEY_Clean-gafualdnzupkfseuistvwtqbnpqd/Build/Intermediates.noindex/Supabase.build/Debug-iphoneos/Helpers.build/Objects-normal/arm64/Helpers_const_extract_protocols.json

WriteAuxiliaryFile /Users/ryankanfer/Library/Developer/Xcode/DerivedData/HOMEY_Clean-gafualdnzupkfseuistvwtqbnpqd/Build/Intermediates.noindex/Supabase.build/Debug-iphoneos/Helpers.build/Objects-normal/arm64/Helpers.SwiftFileList (in target 'Helpers' from project 'Supabase')
    cd /Users/ryankanfer/Library/Developer/Xcode/DerivedData/HOMEY_Clean-gafualdnzupkfseuistvwtqbnpqd/SourcePackages/checkouts/supabase-swift
    write-file /Users/ryankanfer/Library/Developer/Xcode/DerivedData/HOMEY_Clean-gafualdnzupkfseuistvwtqbnpqd/Build/Intermediates.noindex/Supabase.build/Debug-iphoneos/Helpers.build/Objects-normal/arm64/Helpers.SwiftFileList

WriteAuxiliaryFile /Users/ryankanfer/Library/Developer/Xcode/DerivedData/HOMEY_Clean-gafualdnzupkfseuistvwtqbnpqd/Build/Intermediates.noindex/Supabase.build/Debug-iphoneos/Helpers.build/Objects-normal/arm64/Helpers.SwiftConstValuesFileList (in target 'Helpers' from project 'Supabase')
    cd /Users/ryankanfer/Library/Developer/Xcode/DerivedData/HOMEY_Clean-gafualdnzupkfseuistvwtqbnpqd/SourcePackages/checkouts/supabase-swift
    write-file /Users/ryankanfer/Library/Developer/Xcode/DerivedData/HOMEY_Clean-gafualdnzupkfseuistvwtqbnpqd/Build/Intermediates.noindex/Supabase.build/Debug-iphoneos/Helpers.build/Objects-normal/arm64/Helpers.SwiftConstValuesFileList

WriteAuxiliaryFile /Users/ryankanfer/Library/Developer/Xcode/DerivedData/HOMEY_Clean-gafualdnzupkfseuistvwtqbnpqd/Build/Intermediates.noindex/Supabase.build/Debug-iphoneos/Helpers.build/Objects-normal/arm64/Helpers.LinkFileList (in target 'Helpers' from project 'Supabase')
    cd /Users/ryankanfer/Library/Developer/Xcode/DerivedData/HOMEY_Clean-gafualdnzupkfseuistvwtqbnpqd/SourcePackages/checkouts/supabase-swift
    write-file /Users/ryankanfer/Library/Developer/Xcode/DerivedData/HOMEY_Clean-gafualdnzupkfseuistvwtqbnpqd/Build/Intermediates.noindex/Supabase.build/Debug-iphoneos/Helpers.build/Objects-normal/arm64/Helpers.LinkFileList

WriteAuxiliaryFile /Users/ryankanfer/Library/Developer/Xcode/DerivedData/HOMEY_Clean-gafualdnzupkfseuistvwtqbnpqd/Build/Intermediates.noindex/Supabase.build/Debug-iphoneos/Helpers.build/Objects-normal/arm64/Helpers-OutputFileMap.json (in target 'Helpers' from project 'Supabase')
    cd /Users/ryankanfer/Library/Developer/Xcode/DerivedData/HOMEY_Clean-gafualdnzupkfseuistvwtqbnpqd/SourcePackages/checkouts/supabase-swift
    write-file /Users/ryankanfer/Library/Developer/Xcode/DerivedData/HOMEY_Clean-gafualdnzupkfseuistvwtqbnpqd/Build/Intermediates.noindex/Supabase.build/Debug-iphoneos/Helpers.build/Objects-normal/arm64/Helpers-OutputFileMap.json

Copy /Users/ryankanfer/Library/Developer/Xcode/DerivedData/HOMEY_Clean-gafualdnzupkfseuistvwtqbnpqd/Build/Intermediates.noindex/GeneratedModuleMaps-iphoneos/IssueReporting.modulemap /Users/ryankanfer/Library/Developer/Xcode/DerivedData/HOMEY_Clean-gafualdnzupkfseuistvwtqbnpqd/Build/Intermediates.noindex/xctest-dynamic-overlay.build/Debug-iphoneos/IssueReporting.build/IssueReporting.modulemap (in target 'IssueReporting' from project 'xctest-dynamic-overlay')
    cd /Users/ryankanfer/Library/Developer/Xcode/DerivedData/HOMEY_Clean-gafualdnzupkfseuistvwtqbnpqd/SourcePackages/checkouts/xctest-dynamic-overlay
    builtin-copy -exclude .DS_Store -exclude CVS -exclude .svn -exclude .git -exclude .hg -resolve-src-symlinks /Users/ryankanfer/Library/Developer/Xcode/DerivedData/HOMEY_Clean-gafualdnzupkfseuistvwtqbnpqd/Build/Intermediates.noindex/xctest-dynamic-overlay.build/Debug-iphoneos/IssueReporting.build/IssueReporting.modulemap /Users/ryankanfer/Library/Developer/Xcode/DerivedData/HOMEY_Clean-gafualdnzupkfseuistvwtqbnpqd/Build/Intermediates.noindex/GeneratedModuleMaps-iphoneos

WriteAuxiliaryFile /Users/ryankanfer/Library/Developer/Xcode/DerivedData/HOMEY_Clean-gafualdnzupkfseuistvwtqbnpqd/Build/Intermediates.noindex/Supabase.build/Debug-iphoneos/Helpers.build/Helpers.modulemap (in target 'Helpers' from project 'Supabase')
    cd /Users/ryankanfer/Library/Developer/Xcode/DerivedData/HOMEY_Clean-gafualdnzupkfseuistvwtqbnpqd/SourcePackages/checkouts/supabase-swift
    write-file /Users/ryankanfer/Library/Developer/Xcode/DerivedData/HOMEY_Clean-gafualdnzupkfseuistvwtqbnpqd/Build/Intermediates.noindex/Supabase.build/Debug-iphoneos/Helpers.build/Helpers.modulemap

WriteAuxiliaryFile /Users/ryankanfer/Library/Developer/Xcode/DerivedData/HOMEY_Clean-gafualdnzupkfseuistvwtqbnpqd/Build/Intermediates.noindex/Supabase.build/Debug-iphoneos/Helpers.build/Helpers.DependencyStaticMetadataFileList (in target 'Helpers' from project 'Supabase')
    cd /Users/ryankanfer/Library/Developer/Xcode/DerivedData/HOMEY_Clean-gafualdnzupkfseuistvwtqbnpqd/SourcePackages/checkouts/supabase-swift
    write-file /Users/ryankanfer/Library/Developer/Xcode/DerivedData/HOMEY_Clean-gafualdnzupkfseuistvwtqbnpqd/Build/Intermediates.noindex/Supabase.build/Debug-iphoneos/Helpers.build/Helpers.DependencyStaticMetadataFileList

WriteAuxiliaryFile /Users/ryankanfer/Library/Developer/Xcode/DerivedData/HOMEY_Clean-gafualdnzupkfseuistvwtqbnpqd/Build/Intermediates.noindex/Supabase.build/Debug-iphoneos/Helpers.build/Helpers.DependencyMetadataFileList (in target 'Helpers' from project 'Supabase')
    cd /Users/ryankanfer/Library/Developer/Xcode/DerivedData/HOMEY_Clean-gafualdnzupkfseuistvwtqbnpqd/SourcePackages/checkouts/supabase-swift
    write-file /Users/ryankanfer/Library/Developer/Xcode/DerivedData/HOMEY_Clean-gafualdnzupkfseuistvwtqbnpqd/Build/Intermediates.noindex/Supabase.build/Debug-iphoneos/Helpers.build/Helpers.DependencyMetadataFileList

WriteAuxiliaryFile /Users/ryankanfer/Library/Developer/Xcode/DerivedData/HOMEY_Clean-gafualdnzupkfseuistvwtqbnpqd/Build/Intermediates.noindex/swift-http-types.build/Debug-iphoneos/HTTPTypes.build/Objects-normal/arm64/HTTPTypes_const_extract_protocols.json (in target 'HTTPTypes' from project 'swift-http-types')
    cd /Users/ryankanfer/Library/Developer/Xcode/DerivedData/HOMEY_Clean-gafualdnzupkfseuistvwtqbnpqd/SourcePackages/checkouts/swift-http-types
    write-file /Users/ryankanfer/Library/Developer/Xcode/DerivedData/HOMEY_Clean-gafualdnzupkfseuistvwtqbnpqd/Build/Intermediates.noindex/swift-http-types.build/Debug-iphoneos/HTTPTypes.build/Objects-normal/arm64/HTTPTypes_const_extract_protocols.json

WriteAuxiliaryFile /Users/ryankanfer/Library/Developer/Xcode/DerivedData/HOMEY_Clean-gafualdnzupkfseuistvwtqbnpqd/Build/Intermediates.noindex/swift-http-types.build/Debug-iphoneos/HTTPTypes.build/Objects-normal/arm64/HTTPTypes.SwiftFileList (in target 'HTTPTypes' from project 'swift-http-types')
    cd /Users/ryankanfer/Library/Developer/Xcode/DerivedData/HOMEY_Clean-gafualdnzupkfseuistvwtqbnpqd/SourcePackages/checkouts/swift-http-types
    write-file /Users/ryankanfer/Library/Developer/Xcode/DerivedData/HOMEY_Clean-gafualdnzupkfseuistvwtqbnpqd/Build/Intermediates.noindex/swift-http-types.build/Debug-iphoneos/HTTPTypes.build/Objects-normal/arm64/HTTPTypes.SwiftFileList

WriteAuxiliaryFile /Users/ryankanfer/Library/Developer/Xcode/DerivedData/HOMEY_Clean-gafualdnzupkfseuistvwtqbnpqd/Build/Intermediates.noindex/swift-http-types.build/Debug-iphoneos/HTTPTypes.build/Objects-normal/arm64/HTTPTypes.SwiftConstValuesFileList (in target 'HTTPTypes' from project 'swift-http-types')
    cd /Users/ryankanfer/Library/Developer/Xcode/DerivedData/HOMEY_Clean-gafualdnzupkfseuistvwtqbnpqd/SourcePackages/checkouts/swift-http-types
    write-file /Users/ryankanfer/Library/Developer/Xcode/DerivedData/HOMEY_Clean-gafualdnzupkfseuistvwtqbnpqd/Build/Intermediates.noindex/swift-http-types.build/Debug-iphoneos/HTTPTypes.build/Objects-normal/arm64/HTTPTypes.SwiftConstValuesFileList

WriteAuxiliaryFile /Users/ryankanfer/Library/Developer/Xcode/DerivedData/HOMEY_Clean-gafualdnzupkfseuistvwtqbnpqd/Build/Intermediates.noindex/swift-http-types.build/Debug-iphoneos/HTTPTypes.build/Objects-normal/arm64/HTTPTypes.LinkFileList (in target 'HTTPTypes' from project 'swift-http-types')
    cd /Users/ryankanfer/Library/Developer/Xcode/DerivedData/HOMEY_Clean-gafualdnzupkfseuistvwtqbnpqd/SourcePackages/checkouts/swift-http-types
    write-file /Users/ryankanfer/Library/Developer/Xcode/DerivedData/HOMEY_Clean-gafualdnzupkfseuistvwtqbnpqd/Build/Intermediates.noindex/swift-http-types.build/Debug-iphoneos/HTTPTypes.build/Objects-normal/arm64/HTTPTypes.LinkFileList

Copy /Users/ryankanfer/Library/Developer/Xcode/DerivedData/HOMEY_Clean-gafualdnzupkfseuistvwtqbnpqd/Build/Intermediates.noindex/GeneratedModuleMaps-iphoneos/Helpers.modulemap /Users/ryankanfer/Library/Developer/Xcode/DerivedData/HOMEY_Clean-gafualdnzupkfseuistvwtqbnpqd/Build/Intermediates.noindex/Supabase.build/Debug-iphoneos/Helpers.build/Helpers.modulemap (in target 'Helpers' from project 'Supabase')
    cd /Users/ryankanfer/Library/Developer/Xcode/DerivedData/HOMEY_Clean-gafualdnzupkfseuistvwtqbnpqd/SourcePackages/checkouts/supabase-swift
    builtin-copy -exclude .DS_Store -exclude CVS -exclude .svn -exclude .git -exclude .hg -resolve-src-symlinks /Users/ryankanfer/Library/Developer/Xcode/DerivedData/HOMEY_Clean-gafualdnzupkfseuistvwtqbnpqd/Build/Intermediates.noindex/Supabase.build/Debug-iphoneos/Helpers.build/Helpers.modulemap /Users/ryankanfer/Library/Developer/Xcode/DerivedData/HOMEY_Clean-gafualdnzupkfseuistvwtqbnpqd/Build/Intermediates.noindex/GeneratedModuleMaps-iphoneos

WriteAuxiliaryFile /Users/ryankanfer/Library/Developer/Xcode/DerivedData/HOMEY_Clean-gafualdnzupkfseuistvwtqbnpqd/Build/Intermediates.noindex/swift-http-types.build/Debug-iphoneos/HTTPTypes.build/Objects-normal/arm64/HTTPTypes-OutputFileMap.json (in target 'HTTPTypes' from project 'swift-http-types')
    cd /Users/ryankanfer/Library/Developer/Xcode/DerivedData/HOMEY_Clean-gafualdnzupkfseuistvwtqbnpqd/SourcePackages/checkouts/swift-http-types
    write-file /Users/ryankanfer/Library/Developer/Xcode/DerivedData/HOMEY_Clean-gafualdnzupkfseuistvwtqbnpqd/Build/Intermediates.noindex/swift-http-types.build/Debug-iphoneos/HTTPTypes.build/Objects-normal/arm64/HTTPTypes-OutputFileMap.json

WriteAuxiliaryFile /Users/ryankanfer/Library/Developer/Xcode/DerivedData/HOMEY_Clean-gafualdnzupkfseuistvwtqbnpqd/Build/Intermediates.noindex/swift-http-types.build/Debug-iphoneos/HTTPTypes.build/HTTPTypes.modulemap (in target 'HTTPTypes' from project 'swift-http-types')
    cd /Users/ryankanfer/Library/Developer/Xcode/DerivedData/HOMEY_Clean-gafualdnzupkfseuistvwtqbnpqd/SourcePackages/checkouts/swift-http-types
    write-file /Users/ryankanfer/Library/Developer/Xcode/DerivedData/HOMEY_Clean-gafualdnzupkfseuistvwtqbnpqd/Build/Intermediates.noindex/swift-http-types.build/Debug-iphoneos/HTTPTypes.build/HTTPTypes.modulemap

WriteAuxiliaryFile /Users/ryankanfer/Library/Developer/Xcode/DerivedData/HOMEY_Clean-gafualdnzupkfseuistvwtqbnpqd/Build/Intermediates.noindex/swift-http-types.build/Debug-iphoneos/HTTPTypes.build/HTTPTypes.DependencyStaticMetadataFileList (in target 'HTTPTypes' from project 'swift-http-types')
    cd /Users/ryankanfer/Library/Developer/Xcode/DerivedData/HOMEY_Clean-gafualdnzupkfseuistvwtqbnpqd/SourcePackages/checkouts/swift-http-types
    write-file /Users/ryankanfer/Library/Developer/Xcode/DerivedData/HOMEY_Clean-gafualdnzupkfseuistvwtqbnpqd/Build/Intermediates.noindex/swift-http-types.build/Debug-iphoneos/HTTPTypes.build/HTTPTypes.DependencyStaticMetadataFileList

WriteAuxiliaryFile /Users/ryankanfer/Library/Developer/Xcode/DerivedData/HOMEY_Clean-gafualdnzupkfseuistvwtqbnpqd/Build/Intermediates.noindex/swift-http-types.build/Debug-iphoneos/HTTPTypes.build/HTTPTypes.DependencyMetadataFileList (in target 'HTTPTypes' from project 'swift-http-types')
    cd /Users/ryankanfer/Library/Developer/Xcode/DerivedData/HOMEY_Clean-gafualdnzupkfseuistvwtqbnpqd/SourcePackages/checkouts/swift-http-types
    write-file /Users/ryankanfer/Library/Developer/Xcode/DerivedData/HOMEY_Clean-gafualdnzupkfseuistvwtqbnpqd/Build/Intermediates.noindex/swift-http-types.build/Debug-iphoneos/HTTPTypes.build/HTTPTypes.DependencyMetadataFileList

WriteAuxiliaryFile /Users/ryankanfer/Library/Developer/Xcode/DerivedData/HOMEY_Clean-gafualdnzupkfseuistvwtqbnpqd/Build/Intermediates.noindex/HOMEY\ Clean.build/Debug-iphoneos/HOMEY\ Clean.build/empty-HOMEY\ Clean.plist (in target 'HOMEY Clean' from project 'HOMEY Clean')
    cd /Users/ryankanfer/Documents/Developer/HOMEY\ Clean
    write-file /Users/ryankanfer/Library/Developer/Xcode/DerivedData/HOMEY_Clean-gafualdnzupkfseuistvwtqbnpqd/Build/Intermediates.noindex/HOMEY\ Clean.build/Debug-iphoneos/HOMEY\ Clean.build/empty-HOMEY\ Clean.plist

WriteAuxiliaryFile /Users/ryankanfer/Library/Developer/Xcode/DerivedData/HOMEY_Clean-gafualdnzupkfseuistvwtqbnpqd/Build/Intermediates.noindex/HOMEY\ Clean.build/Debug-iphoneos/HOMEY\ Clean.build/Script-794899212E57E87700A5C09B.sh (in target 'HOMEY Clean' from project 'HOMEY Clean')
    cd /Users/ryankanfer/Documents/Developer/HOMEY\ Clean
    write-file /Users/ryankanfer/Library/Developer/Xcode/DerivedData/HOMEY_Clean-gafualdnzupkfseuistvwtqbnpqd/Build/Intermediates.noindex/HOMEY\ Clean.build/Debug-iphoneos/HOMEY\ Clean.build/Script-794899212E57E87700A5C09B.sh

WriteAuxiliaryFile /Users/ryankanfer/Library/Developer/Xcode/DerivedData/HOMEY_Clean-gafualdnzupkfseuistvwtqbnpqd/Build/Intermediates.noindex/HOMEY\ Clean.build/Debug-iphoneos/HOMEY\ Clean.build/Objects-normal/arm64/HOMEY\ Clean_const_extract_protocols.json (in target 'HOMEY Clean' from project 'HOMEY Clean')
    cd /Users/ryankanfer/Documents/Developer/HOMEY\ Clean
    write-file /Users/ryankanfer/Library/Developer/Xcode/DerivedData/HOMEY_Clean-gafualdnzupkfseuistvwtqbnpqd/Build/Intermediates.noindex/HOMEY\ Clean.build/Debug-iphoneos/HOMEY\ Clean.build/Objects-normal/arm64/HOMEY\ Clean_const_extract_protocols.json

WriteAuxiliaryFile /Users/ryankanfer/Library/Developer/Xcode/DerivedData/HOMEY_Clean-gafualdnzupkfseuistvwtqbnpqd/Build/Intermediates.noindex/HOMEY\ Clean.build/Debug-iphoneos/HOMEY\ Clean.build/Objects-normal/arm64/HOMEY\ Clean.SwiftFileList (in target 'HOMEY Clean' from project 'HOMEY Clean')
    cd /Users/ryankanfer/Documents/Developer/HOMEY\ Clean
    write-file /Users/ryankanfer/Library/Developer/Xcode/DerivedData/HOMEY_Clean-gafualdnzupkfseuistvwtqbnpqd/Build/Intermediates.noindex/HOMEY\ Clean.build/Debug-iphoneos/HOMEY\ Clean.build/Objects-normal/arm64/HOMEY\ Clean.SwiftFileList

WriteAuxiliaryFile /Users/ryankanfer/Library/Developer/Xcode/DerivedData/HOMEY_Clean-gafualdnzupkfseuistvwtqbnpqd/Build/Intermediates.noindex/HOMEY\ Clean.build/Debug-iphoneos/HOMEY\ Clean.build/Objects-normal/arm64/HOMEY\ Clean.SwiftConstValuesFileList (in target 'HOMEY Clean' from project 'HOMEY Clean')
    cd /Users/ryankanfer/Documents/Developer/HOMEY\ Clean
    write-file /Users/ryankanfer/Library/Developer/Xcode/DerivedData/HOMEY_Clean-gafualdnzupkfseuistvwtqbnpqd/Build/Intermediates.noindex/HOMEY\ Clean.build/Debug-iphoneos/HOMEY\ Clean.build/Objects-normal/arm64/HOMEY\ Clean.SwiftConstValuesFileList

Copy /Users/ryankanfer/Library/Developer/Xcode/DerivedData/HOMEY_Clean-gafualdnzupkfseuistvwtqbnpqd/Build/Intermediates.noindex/GeneratedModuleMaps-iphoneos/HTTPTypes.modulemap /Users/ryankanfer/Library/Developer/Xcode/DerivedData/HOMEY_Clean-gafualdnzupkfseuistvwtqbnpqd/Build/Intermediates.noindex/swift-http-types.build/Debug-iphoneos/HTTPTypes.build/HTTPTypes.modulemap (in target 'HTTPTypes' from project 'swift-http-types')
    cd /Users/ryankanfer/Library/Developer/Xcode/DerivedData/HOMEY_Clean-gafualdnzupkfseuistvwtqbnpqd/SourcePackages/checkouts/swift-http-types
    builtin-copy -exclude .DS_Store -exclude CVS -exclude .svn -exclude .git -exclude .hg -resolve-src-symlinks /Users/ryankanfer/Library/Developer/Xcode/DerivedData/HOMEY_Clean-gafualdnzupkfseuistvwtqbnpqd/Build/Intermediates.noindex/swift-http-types.build/Debug-iphoneos/HTTPTypes.build/HTTPTypes.modulemap /Users/ryankanfer/Library/Developer/Xcode/DerivedData/HOMEY_Clean-gafualdnzupkfseuistvwtqbnpqd/Build/Intermediates.noindex/GeneratedModuleMaps-iphoneos

WriteAuxiliaryFile /Users/ryankanfer/Library/Developer/Xcode/DerivedData/HOMEY_Clean-gafualdnzupkfseuistvwtqbnpqd/Build/Intermediates.noindex/HOMEY\ Clean.build/Debug-iphoneos/HOMEY\ Clean.build/Objects-normal/arm64/HOMEY\ Clean.LinkFileList (in target 'HOMEY Clean' from project 'HOMEY Clean')
    cd /Users/ryankanfer/Documents/Developer/HOMEY\ Clean
    write-file /Users/ryankanfer/Library/Developer/Xcode/DerivedData/HOMEY_Clean-gafualdnzupkfseuistvwtqbnpqd/Build/Intermediates.noindex/HOMEY\ Clean.build/Debug-iphoneos/HOMEY\ Clean.build/Objects-normal/arm64/HOMEY\ Clean.LinkFileList

WriteAuxiliaryFile /Users/ryankanfer/Library/Developer/Xcode/DerivedData/HOMEY_Clean-gafualdnzupkfseuistvwtqbnpqd/Build/Intermediates.noindex/HOMEY\ Clean.build/Debug-iphoneos/HOMEY\ Clean.build/Objects-normal/arm64/HOMEY\ Clean-OutputFileMap.json (in target 'HOMEY Clean' from project 'HOMEY Clean')
    cd /Users/ryankanfer/Documents/Developer/HOMEY\ Clean
    write-file /Users/ryankanfer/Library/Developer/Xcode/DerivedData/HOMEY_Clean-gafualdnzupkfseuistvwtqbnpqd/Build/Intermediates.noindex/HOMEY\ Clean.build/Debug-iphoneos/HOMEY\ Clean.build/Objects-normal/arm64/HOMEY\ Clean-OutputFileMap.json

WriteAuxiliaryFile /Users/ryankanfer/Library/Developer/Xcode/DerivedData/HOMEY_Clean-gafualdnzupkfseuistvwtqbnpqd/Build/Intermediates.noindex/HOMEY\ Clean.build/Debug-iphoneos/HOMEY\ Clean.build/HOMEY\ Clean.hmap (in target 'HOMEY Clean' from project 'HOMEY Clean')
    cd /Users/ryankanfer/Documents/Developer/HOMEY\ Clean
    write-file /Users/ryankanfer/Library/Developer/Xcode/DerivedData/HOMEY_Clean-gafualdnzupkfseuistvwtqbnpqd/Build/Intermediates.noindex/HOMEY\ Clean.build/Debug-iphoneos/HOMEY\ Clean.build/HOMEY\ Clean.hmap

WriteAuxiliaryFile /Users/ryankanfer/Library/Developer/Xcode/DerivedData/HOMEY_Clean-gafualdnzupkfseuistvwtqbnpqd/Build/Intermediates.noindex/HOMEY\ Clean.build/Debug-iphoneos/HOMEY\ Clean.build/HOMEY\ Clean.DependencyStaticMetadataFileList (in target 'HOMEY Clean' from project 'HOMEY Clean')
    cd /Users/ryankanfer/Documents/Developer/HOMEY\ Clean
    write-file /Users/ryankanfer/Library/Developer/Xcode/DerivedData/HOMEY_Clean-gafualdnzupkfseuistvwtqbnpqd/Build/Intermediates.noindex/HOMEY\ Clean.build/Debug-iphoneos/HOMEY\ Clean.build/HOMEY\ Clean.DependencyStaticMetadataFileList

WriteAuxiliaryFile /Users/ryankanfer/Library/Developer/Xcode/DerivedData/HOMEY_Clean-gafualdnzupkfseuistvwtqbnpqd/Build/Intermediates.noindex/HOMEY\ Clean.build/Debug-iphoneos/HOMEY\ Clean.build/HOMEY\ Clean.DependencyMetadataFileList (in target 'HOMEY Clean' from project 'HOMEY Clean')
    cd /Users/ryankanfer/Documents/Developer/HOMEY\ Clean
    write-file /Users/ryankanfer/Library/Developer/Xcode/DerivedData/HOMEY_Clean-gafualdnzupkfseuistvwtqbnpqd/Build/Intermediates.noindex/HOMEY\ Clean.build/Debug-iphoneos/HOMEY\ Clean.build/HOMEY\ Clean.DependencyMetadataFileList

WriteAuxiliaryFile /Users/ryankanfer/Library/Developer/Xcode/DerivedData/HOMEY_Clean-gafualdnzupkfseuistvwtqbnpqd/Build/Intermediates.noindex/HOMEY\ Clean.build/Debug-iphoneos/HOMEY\ Clean.build/HOMEY\ Clean-project-headers.hmap (in target 'HOMEY Clean' from project 'HOMEY Clean')
    cd /Users/ryankanfer/Documents/Developer/HOMEY\ Clean
    write-file /Users/ryankanfer/Library/Developer/Xcode/DerivedData/HOMEY_Clean-gafualdnzupkfseuistvwtqbnpqd/Build/Intermediates.noindex/HOMEY\ Clean.build/Debug-iphoneos/HOMEY\ Clean.build/HOMEY\ Clean-project-headers.hmap

WriteAuxiliaryFile /Users/ryankanfer/Library/Developer/Xcode/DerivedData/HOMEY_Clean-gafualdnzupkfseuistvwtqbnpqd/Build/Intermediates.noindex/HOMEY\ Clean.build/Debug-iphoneos/HOMEY\ Clean.build/HOMEY\ Clean-own-target-headers.hmap (in target 'HOMEY Clean' from project 'HOMEY Clean')
    cd /Users/ryankanfer/Documents/Developer/HOMEY\ Clean
    write-file /Users/ryankanfer/Library/Developer/Xcode/DerivedData/HOMEY_Clean-gafualdnzupkfseuistvwtqbnpqd/Build/Intermediates.noindex/HOMEY\ Clean.build/Debug-iphoneos/HOMEY\ Clean.build/HOMEY\ Clean-own-target-headers.hmap

WriteAuxiliaryFile /Users/ryankanfer/Library/Developer/Xcode/DerivedData/HOMEY_Clean-gafualdnzupkfseuistvwtqbnpqd/Build/Intermediates.noindex/HOMEY\ Clean.build/Debug-iphoneos/HOMEY\ Clean.build/HOMEY\ Clean-generated-files.hmap (in target 'HOMEY Clean' from project 'HOMEY Clean')
    cd /Users/ryankanfer/Documents/Developer/HOMEY\ Clean
    write-file /Users/ryankanfer/Library/Developer/Xcode/DerivedData/HOMEY_Clean-gafualdnzupkfseuistvwtqbnpqd/Build/Intermediates.noindex/HOMEY\ Clean.build/Debug-iphoneos/HOMEY\ Clean.build/HOMEY\ Clean-generated-files.hmap

WriteAuxiliaryFile /Users/ryankanfer/Library/Developer/Xcode/DerivedData/HOMEY_Clean-gafualdnzupkfseuistvwtqbnpqd/Build/Intermediates.noindex/HOMEY\ Clean.build/Debug-iphoneos/HOMEY\ Clean.build/HOMEY\ Clean-all-target-headers.hmap (in target 'HOMEY Clean' from project 'HOMEY Clean')
    cd /Users/ryankanfer/Documents/Developer/HOMEY\ Clean
    write-file /Users/ryankanfer/Library/Developer/Xcode/DerivedData/HOMEY_Clean-gafualdnzupkfseuistvwtqbnpqd/Build/Intermediates.noindex/HOMEY\ Clean.build/Debug-iphoneos/HOMEY\ Clean.build/HOMEY\ Clean-all-target-headers.hmap

WriteAuxiliaryFile /Users/ryankanfer/Library/Developer/Xcode/DerivedData/HOMEY_Clean-gafualdnzupkfseuistvwtqbnpqd/Build/Intermediates.noindex/HOMEY\ Clean.build/Debug-iphoneos/HOMEY\ Clean.build/HOMEY\ Clean-all-non-framework-target-headers.hmap (in target 'HOMEY Clean' from project 'HOMEY Clean')
    cd /Users/ryankanfer/Documents/Developer/HOMEY\ Clean
    write-file /Users/ryankanfer/Library/Developer/Xcode/DerivedData/HOMEY_Clean-gafualdnzupkfseuistvwtqbnpqd/Build/Intermediates.noindex/HOMEY\ Clean.build/Debug-iphoneos/HOMEY\ Clean.build/HOMEY\ Clean-all-non-framework-target-headers.hmap

WriteAuxiliaryFile /Users/ryankanfer/Library/Developer/Xcode/DerivedData/HOMEY_Clean-gafualdnzupkfseuistvwtqbnpqd/Build/Intermediates.noindex/HOMEY\ Clean.build/Debug-iphoneos/HOMEY\ Clean.build/HOMEY\ Clean-DebugDylibPath-normal-arm64.txt (in target 'HOMEY Clean' from project 'HOMEY Clean')
    cd /Users/ryankanfer/Documents/Developer/HOMEY\ Clean
    write-file /Users/ryankanfer/Library/Developer/Xcode/DerivedData/HOMEY_Clean-gafualdnzupkfseuistvwtqbnpqd/Build/Intermediates.noindex/HOMEY\ Clean.build/Debug-iphoneos/HOMEY\ Clean.build/HOMEY\ Clean-DebugDylibPath-normal-arm64.txt

WriteAuxiliaryFile /Users/ryankanfer/Library/Developer/Xcode/DerivedData/HOMEY_Clean-gafualdnzupkfseuistvwtqbnpqd/Build/Intermediates.noindex/HOMEY\ Clean.build/Debug-iphoneos/HOMEY\ Clean.build/HOMEY\ Clean-DebugDylibInstallName-normal-arm64.txt (in target 'HOMEY Clean' from project 'HOMEY Clean')
    cd /Users/ryankanfer/Documents/Developer/HOMEY\ Clean
    write-file /Users/ryankanfer/Library/Developer/Xcode/DerivedData/HOMEY_Clean-gafualdnzupkfseuistvwtqbnpqd/Build/Intermediates.noindex/HOMEY\ Clean.build/Debug-iphoneos/HOMEY\ Clean.build/HOMEY\ Clean-DebugDylibInstallName-normal-arm64.txt

WriteAuxiliaryFile /Users/ryankanfer/Library/Developer/Xcode/DerivedData/HOMEY_Clean-gafualdnzupkfseuistvwtqbnpqd/Build/Intermediates.noindex/HOMEY\ Clean.build/Debug-iphoneos/HOMEY\ Clean.build/DerivedSources/Entitlements.plist (in target 'HOMEY Clean' from project 'HOMEY Clean')
    cd /Users/ryankanfer/Documents/Developer/HOMEY\ Clean
    write-file /Users/ryankanfer/Library/Developer/Xcode/DerivedData/HOMEY_Clean-gafualdnzupkfseuistvwtqbnpqd/Build/Intermediates.noindex/HOMEY\ Clean.build/Debug-iphoneos/HOMEY\ Clean.build/DerivedSources/Entitlements.plist

WriteAuxiliaryFile /Users/ryankanfer/Library/Developer/Xcode/DerivedData/HOMEY_Clean-gafualdnzupkfseuistvwtqbnpqd/Build/Intermediates.noindex/Supabase.build/Debug-iphoneos/Functions.build/Objects-normal/arm64/Functions.SwiftFileList (in target 'Functions' from project 'Supabase')
    cd /Users/ryankanfer/Library/Developer/Xcode/DerivedData/HOMEY_Clean-gafualdnzupkfseuistvwtqbnpqd/SourcePackages/checkouts/supabase-swift
    write-file /Users/ryankanfer/Library/Developer/Xcode/DerivedData/HOMEY_Clean-gafualdnzupkfseuistvwtqbnpqd/Build/Intermediates.noindex/Supabase.build/Debug-iphoneos/Functions.build/Objects-normal/arm64/Functions.SwiftFileList

WriteAuxiliaryFile /Users/ryankanfer/Library/Developer/Xcode/DerivedData/HOMEY_Clean-gafualdnzupkfseuistvwtqbnpqd/Build/Intermediates.noindex/Supabase.build/Debug-iphoneos/Functions.build/Objects-normal/arm64/Functions_const_extract_protocols.json (in target 'Functions' from project 'Supabase')
    cd /Users/ryankanfer/Library/Developer/Xcode/DerivedData/HOMEY_Clean-gafualdnzupkfseuistvwtqbnpqd/SourcePackages/checkouts/supabase-swift
    write-file /Users/ryankanfer/Library/Developer/Xcode/DerivedData/HOMEY_Clean-gafualdnzupkfseuistvwtqbnpqd/Build/Intermediates.noindex/Supabase.build/Debug-iphoneos/Functions.build/Objects-normal/arm64/Functions_const_extract_protocols.json

WriteAuxiliaryFile /Users/ryankanfer/Library/Developer/Xcode/DerivedData/HOMEY_Clean-gafualdnzupkfseuistvwtqbnpqd/Build/Intermediates.noindex/Supabase.build/Debug-iphoneos/Functions.build/Objects-normal/arm64/Functions.SwiftConstValuesFileList (in target 'Functions' from project 'Supabase')
    cd /Users/ryankanfer/Library/Developer/Xcode/DerivedData/HOMEY_Clean-gafualdnzupkfseuistvwtqbnpqd/SourcePackages/checkouts/supabase-swift
    write-file /Users/ryankanfer/Library/Developer/Xcode/DerivedData/HOMEY_Clean-gafualdnzupkfseuistvwtqbnpqd/Build/Intermediates.noindex/Supabase.build/Debug-iphoneos/Functions.build/Objects-normal/arm64/Functions.SwiftConstValuesFileList

WriteAuxiliaryFile /Users/ryankanfer/Library/Developer/Xcode/DerivedData/HOMEY_Clean-gafualdnzupkfseuistvwtqbnpqd/Build/Intermediates.noindex/Supabase.build/Debug-iphoneos/Functions.build/Objects-normal/arm64/Functions.LinkFileList (in target 'Functions' from project 'Supabase')
    cd /Users/ryankanfer/Library/Developer/Xcode/DerivedData/HOMEY_Clean-gafualdnzupkfseuistvwtqbnpqd/SourcePackages/checkouts/supabase-swift
    write-file /Users/ryankanfer/Library/Developer/Xcode/DerivedData/HOMEY_Clean-gafualdnzupkfseuistvwtqbnpqd/Build/Intermediates.noindex/Supabase.build/Debug-iphoneos/Functions.build/Objects-normal/arm64/Functions.LinkFileList

WriteAuxiliaryFile /Users/ryankanfer/Library/Developer/Xcode/DerivedData/HOMEY_Clean-gafualdnzupkfseuistvwtqbnpqd/Build/Intermediates.noindex/Supabase.build/Debug-iphoneos/Functions.build/Objects-normal/arm64/Functions-OutputFileMap.json (in target 'Functions' from project 'Supabase')
    cd /Users/ryankanfer/Library/Developer/Xcode/DerivedData/HOMEY_Clean-gafualdnzupkfseuistvwtqbnpqd/SourcePackages/checkouts/supabase-swift
    write-file /Users/ryankanfer/Library/Developer/Xcode/DerivedData/HOMEY_Clean-gafualdnzupkfseuistvwtqbnpqd/Build/Intermediates.noindex/Supabase.build/Debug-iphoneos/Functions.build/Objects-normal/arm64/Functions-OutputFileMap.json

WriteAuxiliaryFile /Users/ryankanfer/Library/Developer/Xcode/DerivedData/HOMEY_Clean-gafualdnzupkfseuistvwtqbnpqd/Build/Intermediates.noindex/Supabase.build/Debug-iphoneos/Functions.build/Functions.modulemap (in target 'Functions' from project 'Supabase')
    cd /Users/ryankanfer/Library/Developer/Xcode/DerivedData/HOMEY_Clean-gafualdnzupkfseuistvwtqbnpqd/SourcePackages/checkouts/supabase-swift
    write-file /Users/ryankanfer/Library/Developer/Xcode/DerivedData/HOMEY_Clean-gafualdnzupkfseuistvwtqbnpqd/Build/Intermediates.noindex/Supabase.build/Debug-iphoneos/Functions.build/Functions.modulemap

WriteAuxiliaryFile /Users/ryankanfer/Library/Developer/Xcode/DerivedData/HOMEY_Clean-gafualdnzupkfseuistvwtqbnpqd/Build/Intermediates.noindex/Supabase.build/Debug-iphoneos/Functions.build/Functions.DependencyStaticMetadataFileList (in target 'Functions' from project 'Supabase')
    cd /Users/ryankanfer/Library/Developer/Xcode/DerivedData/HOMEY_Clean-gafualdnzupkfseuistvwtqbnpqd/SourcePackages/checkouts/supabase-swift
    write-file /Users/ryankanfer/Library/Developer/Xcode/DerivedData/HOMEY_Clean-gafualdnzupkfseuistvwtqbnpqd/Build/Intermediates.noindex/Supabase.build/Debug-iphoneos/Functions.build/Functions.DependencyStaticMetadataFileList

WriteAuxiliaryFile /Users/ryankanfer/Library/Developer/Xcode/DerivedData/HOMEY_Clean-gafualdnzupkfseuistvwtqbnpqd/Build/Intermediates.noindex/Supabase.build/Debug-iphoneos/Functions.build/Functions.DependencyMetadataFileList (in target 'Functions' from project 'Supabase')
    cd /Users/ryankanfer/Library/Developer/Xcode/DerivedData/HOMEY_Clean-gafualdnzupkfseuistvwtqbnpqd/SourcePackages/checkouts/supabase-swift
    write-file /Users/ryankanfer/Library/Developer/Xcode/DerivedData/HOMEY_Clean-gafualdnzupkfseuistvwtqbnpqd/Build/Intermediates.noindex/Supabase.build/Debug-iphoneos/Functions.build/Functions.DependencyMetadataFileList

WriteAuxiliaryFile /Users/ryankanfer/Library/Developer/Xcode/DerivedData/HOMEY_Clean-gafualdnzupkfseuistvwtqbnpqd/Build/Intermediates.noindex/swift-crypto.build/Debug-iphoneos/Crypto.build/Objects-normal/arm64/Crypto.SwiftFileList (in target 'Crypto' from project 'swift-crypto')
    cd /Users/ryankanfer/Library/Developer/Xcode/DerivedData/HOMEY_Clean-gafualdnzupkfseuistvwtqbnpqd/SourcePackages/checkouts/swift-crypto
    write-file /Users/ryankanfer/Library/Developer/Xcode/DerivedData/HOMEY_Clean-gafualdnzupkfseuistvwtqbnpqd/Build/Intermediates.noindex/swift-crypto.build/Debug-iphoneos/Crypto.build/Objects-normal/arm64/Crypto.SwiftFileList

WriteAuxiliaryFile /Users/ryankanfer/Library/Developer/Xcode/DerivedData/HOMEY_Clean-gafualdnzupkfseuistvwtqbnpqd/Build/Intermediates.noindex/swift-crypto.build/Debug-iphoneos/Crypto.build/Objects-normal/arm64/Crypto_const_extract_protocols.json (in target 'Crypto' from project 'swift-crypto')
    cd /Users/ryankanfer/Library/Developer/Xcode/DerivedData/HOMEY_Clean-gafualdnzupkfseuistvwtqbnpqd/SourcePackages/checkouts/swift-crypto
    write-file /Users/ryankanfer/Library/Developer/Xcode/DerivedData/HOMEY_Clean-gafualdnzupkfseuistvwtqbnpqd/Build/Intermediates.noindex/swift-crypto.build/Debug-iphoneos/Crypto.build/Objects-normal/arm64/Crypto_const_extract_protocols.json

WriteAuxiliaryFile /Users/ryankanfer/Library/Developer/Xcode/DerivedData/HOMEY_Clean-gafualdnzupkfseuistvwtqbnpqd/Build/Intermediates.noindex/swift-crypto.build/Debug-iphoneos/Crypto.build/Objects-normal/arm64/Crypto.SwiftConstValuesFileList (in target 'Crypto' from project 'swift-crypto')
    cd /Users/ryankanfer/Library/Developer/Xcode/DerivedData/HOMEY_Clean-gafualdnzupkfseuistvwtqbnpqd/SourcePackages/checkouts/swift-crypto
    write-file /Users/ryankanfer/Library/Developer/Xcode/DerivedData/HOMEY_Clean-gafualdnzupkfseuistvwtqbnpqd/Build/Intermediates.noindex/swift-crypto.build/Debug-iphoneos/Crypto.build/Objects-normal/arm64/Crypto.SwiftConstValuesFileList

WriteAuxiliaryFile /Users/ryankanfer/Library/Developer/Xcode/DerivedData/HOMEY_Clean-gafualdnzupkfseuistvwtqbnpqd/Build/Intermediates.noindex/swift-crypto.build/Debug-iphoneos/Crypto.build/Objects-normal/arm64/Crypto.LinkFileList (in target 'Crypto' from project 'swift-crypto')
    cd /Users/ryankanfer/Library/Developer/Xcode/DerivedData/HOMEY_Clean-gafualdnzupkfseuistvwtqbnpqd/SourcePackages/checkouts/swift-crypto
    write-file /Users/ryankanfer/Library/Developer/Xcode/DerivedData/HOMEY_Clean-gafualdnzupkfseuistvwtqbnpqd/Build/Intermediates.noindex/swift-crypto.build/Debug-iphoneos/Crypto.build/Objects-normal/arm64/Crypto.LinkFileList

WriteAuxiliaryFile /Users/ryankanfer/Library/Developer/Xcode/DerivedData/HOMEY_Clean-gafualdnzupkfseuistvwtqbnpqd/Build/Intermediates.noindex/swift-crypto.build/Debug-iphoneos/Crypto.build/Objects-normal/arm64/Crypto-OutputFileMap.json (in target 'Crypto' from project 'swift-crypto')
    cd /Users/ryankanfer/Library/Developer/Xcode/DerivedData/HOMEY_Clean-gafualdnzupkfseuistvwtqbnpqd/SourcePackages/checkouts/swift-crypto
    write-file /Users/ryankanfer/Library/Developer/Xcode/DerivedData/HOMEY_Clean-gafualdnzupkfseuistvwtqbnpqd/Build/Intermediates.noindex/swift-crypto.build/Debug-iphoneos/Crypto.build/Objects-normal/arm64/Crypto-OutputFileMap.json

Copy /Users/ryankanfer/Library/Developer/Xcode/DerivedData/HOMEY_Clean-gafualdnzupkfseuistvwtqbnpqd/Build/Intermediates.noindex/GeneratedModuleMaps-iphoneos/Functions.modulemap /Users/ryankanfer/Library/Developer/Xcode/DerivedData/HOMEY_Clean-gafualdnzupkfseuistvwtqbnpqd/Build/Intermediates.noindex/Supabase.build/Debug-iphoneos/Functions.build/Functions.modulemap (in target 'Functions' from project 'Supabase')
    cd /Users/ryankanfer/Library/Developer/Xcode/DerivedData/HOMEY_Clean-gafualdnzupkfseuistvwtqbnpqd/SourcePackages/checkouts/supabase-swift
    builtin-copy -exclude .DS_Store -exclude CVS -exclude .svn -exclude .git -exclude .hg -resolve-src-symlinks /Users/ryankanfer/Library/Developer/Xcode/DerivedData/HOMEY_Clean-gafualdnzupkfseuistvwtqbnpqd/Build/Intermediates.noindex/Supabase.build/Debug-iphoneos/Functions.build/Functions.modulemap /Users/ryankanfer/Library/Developer/Xcode/DerivedData/HOMEY_Clean-gafualdnzupkfseuistvwtqbnpqd/Build/Intermediates.noindex/GeneratedModuleMaps-iphoneos

WriteAuxiliaryFile /Users/ryankanfer/Library/Developer/Xcode/DerivedData/HOMEY_Clean-gafualdnzupkfseuistvwtqbnpqd/Build/Intermediates.noindex/swift-crypto.build/Debug-iphoneos/Crypto.build/DerivedSources/resource_bundle_accessor.swift (in target 'Crypto' from project 'swift-crypto')
    cd /Users/ryankanfer/Library/Developer/Xcode/DerivedData/HOMEY_Clean-gafualdnzupkfseuistvwtqbnpqd/SourcePackages/checkouts/swift-crypto
    write-file /Users/ryankanfer/Library/Developer/Xcode/DerivedData/HOMEY_Clean-gafualdnzupkfseuistvwtqbnpqd/Build/Intermediates.noindex/swift-crypto.build/Debug-iphoneos/Crypto.build/DerivedSources/resource_bundle_accessor.swift

WriteAuxiliaryFile /Users/ryankanfer/Library/Developer/Xcode/DerivedData/HOMEY_Clean-gafualdnzupkfseuistvwtqbnpqd/Build/Intermediates.noindex/swift-crypto.build/Debug-iphoneos/Crypto.build/Crypto.modulemap (in target 'Crypto' from project 'swift-crypto')
    cd /Users/ryankanfer/Library/Developer/Xcode/DerivedData/HOMEY_Clean-gafualdnzupkfseuistvwtqbnpqd/SourcePackages/checkouts/swift-crypto
    write-file /Users/ryankanfer/Library/Developer/Xcode/DerivedData/HOMEY_Clean-gafualdnzupkfseuistvwtqbnpqd/Build/Intermediates.noindex/swift-crypto.build/Debug-iphoneos/Crypto.build/Crypto.modulemap

WriteAuxiliaryFile /Users/ryankanfer/Library/Developer/Xcode/DerivedData/HOMEY_Clean-gafualdnzupkfseuistvwtqbnpqd/Build/Intermediates.noindex/swift-crypto.build/Debug-iphoneos/Crypto.build/Crypto.DependencyStaticMetadataFileList (in target 'Crypto' from project 'swift-crypto')
    cd /Users/ryankanfer/Library/Developer/Xcode/DerivedData/HOMEY_Clean-gafualdnzupkfseuistvwtqbnpqd/SourcePackages/checkouts/swift-crypto
    write-file /Users/ryankanfer/Library/Developer/Xcode/DerivedData/HOMEY_Clean-gafualdnzupkfseuistvwtqbnpqd/Build/Intermediates.noindex/swift-crypto.build/Debug-iphoneos/Crypto.build/Crypto.DependencyStaticMetadataFileList

WriteAuxiliaryFile /Users/ryankanfer/Library/Developer/Xcode/DerivedData/HOMEY_Clean-gafualdnzupkfseuistvwtqbnpqd/Build/Intermediates.noindex/swift-crypto.build/Debug-iphoneos/Crypto.build/Crypto.DependencyMetadataFileList (in target 'Crypto' from project 'swift-crypto')
    cd /Users/ryankanfer/Library/Developer/Xcode/DerivedData/HOMEY_Clean-gafualdnzupkfseuistvwtqbnpqd/SourcePackages/checkouts/swift-crypto
    write-file /Users/ryankanfer/Library/Developer/Xcode/DerivedData/HOMEY_Clean-gafualdnzupkfseuistvwtqbnpqd/Build/Intermediates.noindex/swift-crypto.build/Debug-iphoneos/Crypto.build/Crypto.DependencyMetadataFileList

WriteAuxiliaryFile /Users/ryankanfer/Library/Developer/Xcode/DerivedData/HOMEY_Clean-gafualdnzupkfseuistvwtqbnpqd/Build/Intermediates.noindex/swift-concurrency-extras.build/Debug-iphoneos/ConcurrencyExtras.build/Objects-normal/arm64/ConcurrencyExtras.SwiftFileList (in target 'ConcurrencyExtras' from project 'swift-concurrency-extras')
    cd /Users/ryankanfer/Library/Developer/Xcode/DerivedData/HOMEY_Clean-gafualdnzupkfseuistvwtqbnpqd/SourcePackages/checkouts/swift-concurrency-extras
    write-file /Users/ryankanfer/Library/Developer/Xcode/DerivedData/HOMEY_Clean-gafualdnzupkfseuistvwtqbnpqd/Build/Intermediates.noindex/swift-concurrency-extras.build/Debug-iphoneos/ConcurrencyExtras.build/Objects-normal/arm64/ConcurrencyExtras.SwiftFileList

WriteAuxiliaryFile /Users/ryankanfer/Library/Developer/Xcode/DerivedData/HOMEY_Clean-gafualdnzupkfseuistvwtqbnpqd/Build/Intermediates.noindex/swift-concurrency-extras.build/Debug-iphoneos/ConcurrencyExtras.build/Objects-normal/arm64/ConcurrencyExtras_const_extract_protocols.json (in target 'ConcurrencyExtras' from project 'swift-concurrency-extras')
    cd /Users/ryankanfer/Library/Developer/Xcode/DerivedData/HOMEY_Clean-gafualdnzupkfseuistvwtqbnpqd/SourcePackages/checkouts/swift-concurrency-extras
    write-file /Users/ryankanfer/Library/Developer/Xcode/DerivedData/HOMEY_Clean-gafualdnzupkfseuistvwtqbnpqd/Build/Intermediates.noindex/swift-concurrency-extras.build/Debug-iphoneos/ConcurrencyExtras.build/Objects-normal/arm64/ConcurrencyExtras_const_extract_protocols.json

WriteAuxiliaryFile /Users/ryankanfer/Library/Developer/Xcode/DerivedData/HOMEY_Clean-gafualdnzupkfseuistvwtqbnpqd/Build/Intermediates.noindex/swift-concurrency-extras.build/Debug-iphoneos/ConcurrencyExtras.build/Objects-normal/arm64/ConcurrencyExtras.SwiftConstValuesFileList (in target 'ConcurrencyExtras' from project 'swift-concurrency-extras')
    cd /Users/ryankanfer/Library/Developer/Xcode/DerivedData/HOMEY_Clean-gafualdnzupkfseuistvwtqbnpqd/SourcePackages/checkouts/swift-concurrency-extras
    write-file /Users/ryankanfer/Library/Developer/Xcode/DerivedData/HOMEY_Clean-gafualdnzupkfseuistvwtqbnpqd/Build/Intermediates.noindex/swift-concurrency-extras.build/Debug-iphoneos/ConcurrencyExtras.build/Objects-normal/arm64/ConcurrencyExtras.SwiftConstValuesFileList

WriteAuxiliaryFile /Users/ryankanfer/Library/Developer/Xcode/DerivedData/HOMEY_Clean-gafualdnzupkfseuistvwtqbnpqd/Build/Intermediates.noindex/swift-concurrency-extras.build/Debug-iphoneos/ConcurrencyExtras.build/Objects-normal/arm64/ConcurrencyExtras.LinkFileList (in target 'ConcurrencyExtras' from project 'swift-concurrency-extras')
    cd /Users/ryankanfer/Library/Developer/Xcode/DerivedData/HOMEY_Clean-gafualdnzupkfseuistvwtqbnpqd/SourcePackages/checkouts/swift-concurrency-extras
    write-file /Users/ryankanfer/Library/Developer/Xcode/DerivedData/HOMEY_Clean-gafualdnzupkfseuistvwtqbnpqd/Build/Intermediates.noindex/swift-concurrency-extras.build/Debug-iphoneos/ConcurrencyExtras.build/Objects-normal/arm64/ConcurrencyExtras.LinkFileList

Copy /Users/ryankanfer/Library/Developer/Xcode/DerivedData/HOMEY_Clean-gafualdnzupkfseuistvwtqbnpqd/Build/Intermediates.noindex/GeneratedModuleMaps-iphoneos/Crypto.modulemap /Users/ryankanfer/Library/Developer/Xcode/DerivedData/HOMEY_Clean-gafualdnzupkfseuistvwtqbnpqd/Build/Intermediates.noindex/swift-crypto.build/Debug-iphoneos/Crypto.build/Crypto.modulemap (in target 'Crypto' from project 'swift-crypto')
    cd /Users/ryankanfer/Library/Developer/Xcode/DerivedData/HOMEY_Clean-gafualdnzupkfseuistvwtqbnpqd/SourcePackages/checkouts/swift-crypto
    builtin-copy -exclude .DS_Store -exclude CVS -exclude .svn -exclude .git -exclude .hg -resolve-src-symlinks /Users/ryankanfer/Library/Developer/Xcode/DerivedData/HOMEY_Clean-gafualdnzupkfseuistvwtqbnpqd/Build/Intermediates.noindex/swift-crypto.build/Debug-iphoneos/Crypto.build/Crypto.modulemap /Users/ryankanfer/Library/Developer/Xcode/DerivedData/HOMEY_Clean-gafualdnzupkfseuistvwtqbnpqd/Build/Intermediates.noindex/GeneratedModuleMaps-iphoneos

WriteAuxiliaryFile /Users/ryankanfer/Library/Developer/Xcode/DerivedData/HOMEY_Clean-gafualdnzupkfseuistvwtqbnpqd/Build/Intermediates.noindex/swift-concurrency-extras.build/Debug-iphoneos/ConcurrencyExtras.build/Objects-normal/arm64/ConcurrencyExtras-OutputFileMap.json (in target 'ConcurrencyExtras' from project 'swift-concurrency-extras')
    cd /Users/ryankanfer/Library/Developer/Xcode/DerivedData/HOMEY_Clean-gafualdnzupkfseuistvwtqbnpqd/SourcePackages/checkouts/swift-concurrency-extras
    write-file /Users/ryankanfer/Library/Developer/Xcode/DerivedData/HOMEY_Clean-gafualdnzupkfseuistvwtqbnpqd/Build/Intermediates.noindex/swift-concurrency-extras.build/Debug-iphoneos/ConcurrencyExtras.build/Objects-normal/arm64/ConcurrencyExtras-OutputFileMap.json

WriteAuxiliaryFile /Users/ryankanfer/Library/Developer/Xcode/DerivedData/HOMEY_Clean-gafualdnzupkfseuistvwtqbnpqd/Build/Intermediates.noindex/swift-concurrency-extras.build/Debug-iphoneos/ConcurrencyExtras.build/ConcurrencyExtras.modulemap (in target 'ConcurrencyExtras' from project 'swift-concurrency-extras')
    cd /Users/ryankanfer/Library/Developer/Xcode/DerivedData/HOMEY_Clean-gafualdnzupkfseuistvwtqbnpqd/SourcePackages/checkouts/swift-concurrency-extras
    write-file /Users/ryankanfer/Library/Developer/Xcode/DerivedData/HOMEY_Clean-gafualdnzupkfseuistvwtqbnpqd/Build/Intermediates.noindex/swift-concurrency-extras.build/Debug-iphoneos/ConcurrencyExtras.build/ConcurrencyExtras.modulemap

WriteAuxiliaryFile /Users/ryankanfer/Library/Developer/Xcode/DerivedData/HOMEY_Clean-gafualdnzupkfseuistvwtqbnpqd/Build/Intermediates.noindex/swift-concurrency-extras.build/Debug-iphoneos/ConcurrencyExtras.build/ConcurrencyExtras.DependencyStaticMetadataFileList (in target 'ConcurrencyExtras' from project 'swift-concurrency-extras')
    cd /Users/ryankanfer/Library/Developer/Xcode/DerivedData/HOMEY_Clean-gafualdnzupkfseuistvwtqbnpqd/SourcePackages/checkouts/swift-concurrency-extras
    write-file /Users/ryankanfer/Library/Developer/Xcode/DerivedData/HOMEY_Clean-gafualdnzupkfseuistvwtqbnpqd/Build/Intermediates.noindex/swift-concurrency-extras.build/Debug-iphoneos/ConcurrencyExtras.build/ConcurrencyExtras.DependencyStaticMetadataFileList

WriteAuxiliaryFile /Users/ryankanfer/Library/Developer/Xcode/DerivedData/HOMEY_Clean-gafualdnzupkfseuistvwtqbnpqd/Build/Intermediates.noindex/swift-concurrency-extras.build/Debug-iphoneos/ConcurrencyExtras.build/ConcurrencyExtras.DependencyMetadataFileList (in target 'ConcurrencyExtras' from project 'swift-concurrency-extras')
    cd /Users/ryankanfer/Library/Developer/Xcode/DerivedData/HOMEY_Clean-gafualdnzupkfseuistvwtqbnpqd/SourcePackages/checkouts/swift-concurrency-extras
    write-file /Users/ryankanfer/Library/Developer/Xcode/DerivedData/HOMEY_Clean-gafualdnzupkfseuistvwtqbnpqd/Build/Intermediates.noindex/swift-concurrency-extras.build/Debug-iphoneos/ConcurrencyExtras.build/ConcurrencyExtras.DependencyMetadataFileList

WriteAuxiliaryFile /Users/ryankanfer/Library/Developer/Xcode/DerivedData/HOMEY_Clean-gafualdnzupkfseuistvwtqbnpqd/Build/Intermediates.noindex/swift-clocks.build/Debug-iphoneos/Clocks.build/Objects-normal/arm64/Clocks.SwiftConstValuesFileList (in target 'Clocks' from project 'swift-clocks')
    cd /Users/ryankanfer/Library/Developer/Xcode/DerivedData/HOMEY_Clean-gafualdnzupkfseuistvwtqbnpqd/SourcePackages/checkouts/swift-clocks
    write-file /Users/ryankanfer/Library/Developer/Xcode/DerivedData/HOMEY_Clean-gafualdnzupkfseuistvwtqbnpqd/Build/Intermediates.noindex/swift-clocks.build/Debug-iphoneos/Clocks.build/Objects-normal/arm64/Clocks.SwiftConstValuesFileList

WriteAuxiliaryFile /Users/ryankanfer/Library/Developer/Xcode/DerivedData/HOMEY_Clean-gafualdnzupkfseuistvwtqbnpqd/Build/Intermediates.noindex/swift-clocks.build/Debug-iphoneos/Clocks.build/Objects-normal/arm64/Clocks_const_extract_protocols.json (in target 'Clocks' from project 'swift-clocks')
    cd /Users/ryankanfer/Library/Developer/Xcode/DerivedData/HOMEY_Clean-gafualdnzupkfseuistvwtqbnpqd/SourcePackages/checkouts/swift-clocks
    write-file /Users/ryankanfer/Library/Developer/Xcode/DerivedData/HOMEY_Clean-gafualdnzupkfseuistvwtqbnpqd/Build/Intermediates.noindex/swift-clocks.build/Debug-iphoneos/Clocks.build/Objects-normal/arm64/Clocks_const_extract_protocols.json

WriteAuxiliaryFile /Users/ryankanfer/Library/Developer/Xcode/DerivedData/HOMEY_Clean-gafualdnzupkfseuistvwtqbnpqd/Build/Intermediates.noindex/swift-clocks.build/Debug-iphoneos/Clocks.build/Objects-normal/arm64/Clocks.SwiftFileList (in target 'Clocks' from project 'swift-clocks')
    cd /Users/ryankanfer/Library/Developer/Xcode/DerivedData/HOMEY_Clean-gafualdnzupkfseuistvwtqbnpqd/SourcePackages/checkouts/swift-clocks
    write-file /Users/ryankanfer/Library/Developer/Xcode/DerivedData/HOMEY_Clean-gafualdnzupkfseuistvwtqbnpqd/Build/Intermediates.noindex/swift-clocks.build/Debug-iphoneos/Clocks.build/Objects-normal/arm64/Clocks.SwiftFileList

Copy /Users/ryankanfer/Library/Developer/Xcode/DerivedData/HOMEY_Clean-gafualdnzupkfseuistvwtqbnpqd/Build/Intermediates.noindex/GeneratedModuleMaps-iphoneos/ConcurrencyExtras.modulemap /Users/ryankanfer/Library/Developer/Xcode/DerivedData/HOMEY_Clean-gafualdnzupkfseuistvwtqbnpqd/Build/Intermediates.noindex/swift-concurrency-extras.build/Debug-iphoneos/ConcurrencyExtras.build/ConcurrencyExtras.modulemap (in target 'ConcurrencyExtras' from project 'swift-concurrency-extras')
    cd /Users/ryankanfer/Library/Developer/Xcode/DerivedData/HOMEY_Clean-gafualdnzupkfseuistvwtqbnpqd/SourcePackages/checkouts/swift-concurrency-extras
    builtin-copy -exclude .DS_Store -exclude CVS -exclude .svn -exclude .git -exclude .hg -resolve-src-symlinks /Users/ryankanfer/Library/Developer/Xcode/DerivedData/HOMEY_Clean-gafualdnzupkfseuistvwtqbnpqd/Build/Intermediates.noindex/swift-concurrency-extras.build/Debug-iphoneos/ConcurrencyExtras.build/ConcurrencyExtras.modulemap /Users/ryankanfer/Library/Developer/Xcode/DerivedData/HOMEY_Clean-gafualdnzupkfseuistvwtqbnpqd/Build/Intermediates.noindex/GeneratedModuleMaps-iphoneos

WriteAuxiliaryFile /Users/ryankanfer/Library/Developer/Xcode/DerivedData/HOMEY_Clean-gafualdnzupkfseuistvwtqbnpqd/Build/Intermediates.noindex/swift-clocks.build/Debug-iphoneos/Clocks.build/Objects-normal/arm64/Clocks.LinkFileList (in target 'Clocks' from project 'swift-clocks')
    cd /Users/ryankanfer/Library/Developer/Xcode/DerivedData/HOMEY_Clean-gafualdnzupkfseuistvwtqbnpqd/SourcePackages/checkouts/swift-clocks
    write-file /Users/ryankanfer/Library/Developer/Xcode/DerivedData/HOMEY_Clean-gafualdnzupkfseuistvwtqbnpqd/Build/Intermediates.noindex/swift-clocks.build/Debug-iphoneos/Clocks.build/Objects-normal/arm64/Clocks.LinkFileList

WriteAuxiliaryFile /Users/ryankanfer/Library/Developer/Xcode/DerivedData/HOMEY_Clean-gafualdnzupkfseuistvwtqbnpqd/Build/Intermediates.noindex/swift-clocks.build/Debug-iphoneos/Clocks.build/Objects-normal/arm64/Clocks-OutputFileMap.json (in target 'Clocks' from project 'swift-clocks')
    cd /Users/ryankanfer/Library/Developer/Xcode/DerivedData/HOMEY_Clean-gafualdnzupkfseuistvwtqbnpqd/SourcePackages/checkouts/swift-clocks
    write-file /Users/ryankanfer/Library/Developer/Xcode/DerivedData/HOMEY_Clean-gafualdnzupkfseuistvwtqbnpqd/Build/Intermediates.noindex/swift-clocks.build/Debug-iphoneos/Clocks.build/Objects-normal/arm64/Clocks-OutputFileMap.json

WriteAuxiliaryFile /Users/ryankanfer/Library/Developer/Xcode/DerivedData/HOMEY_Clean-gafualdnzupkfseuistvwtqbnpqd/Build/Intermediates.noindex/swift-clocks.build/Debug-iphoneos/Clocks.build/Clocks.modulemap (in target 'Clocks' from project 'swift-clocks')
    cd /Users/ryankanfer/Library/Developer/Xcode/DerivedData/HOMEY_Clean-gafualdnzupkfseuistvwtqbnpqd/SourcePackages/checkouts/swift-clocks
    write-file /Users/ryankanfer/Library/Developer/Xcode/DerivedData/HOMEY_Clean-gafualdnzupkfseuistvwtqbnpqd/Build/Intermediates.noindex/swift-clocks.build/Debug-iphoneos/Clocks.build/Clocks.modulemap

WriteAuxiliaryFile /Users/ryankanfer/Library/Developer/Xcode/DerivedData/HOMEY_Clean-gafualdnzupkfseuistvwtqbnpqd/Build/Intermediates.noindex/swift-clocks.build/Debug-iphoneos/Clocks.build/Clocks.DependencyStaticMetadataFileList (in target 'Clocks' from project 'swift-clocks')
    cd /Users/ryankanfer/Library/Developer/Xcode/DerivedData/HOMEY_Clean-gafualdnzupkfseuistvwtqbnpqd/SourcePackages/checkouts/swift-clocks
    write-file /Users/ryankanfer/Library/Developer/Xcode/DerivedData/HOMEY_Clean-gafualdnzupkfseuistvwtqbnpqd/Build/Intermediates.noindex/swift-clocks.build/Debug-iphoneos/Clocks.build/Clocks.DependencyStaticMetadataFileList

WriteAuxiliaryFile /Users/ryankanfer/Library/Developer/Xcode/DerivedData/HOMEY_Clean-gafualdnzupkfseuistvwtqbnpqd/Build/Intermediates.noindex/swift-clocks.build/Debug-iphoneos/Clocks.build/Clocks.DependencyMetadataFileList (in target 'Clocks' from project 'swift-clocks')
    cd /Users/ryankanfer/Library/Developer/Xcode/DerivedData/HOMEY_Clean-gafualdnzupkfseuistvwtqbnpqd/SourcePackages/checkouts/swift-clocks
    write-file /Users/ryankanfer/Library/Developer/Xcode/DerivedData/HOMEY_Clean-gafualdnzupkfseuistvwtqbnpqd/Build/Intermediates.noindex/swift-clocks.build/Debug-iphoneos/Clocks.build/Clocks.DependencyMetadataFileList

WriteAuxiliaryFile /Users/ryankanfer/Library/Developer/Xcode/DerivedData/HOMEY_Clean-gafualdnzupkfseuistvwtqbnpqd/Build/Intermediates.noindex/Supabase.build/Debug-iphoneos/Auth.build/Objects-normal/arm64/Auth_const_extract_protocols.json (in target 'Auth' from project 'Supabase')
    cd /Users/ryankanfer/Library/Developer/Xcode/DerivedData/HOMEY_Clean-gafualdnzupkfseuistvwtqbnpqd/SourcePackages/checkouts/supabase-swift
    write-file /Users/ryankanfer/Library/Developer/Xcode/DerivedData/HOMEY_Clean-gafualdnzupkfseuistvwtqbnpqd/Build/Intermediates.noindex/Supabase.build/Debug-iphoneos/Auth.build/Objects-normal/arm64/Auth_const_extract_protocols.json

WriteAuxiliaryFile /Users/ryankanfer/Library/Developer/Xcode/DerivedData/HOMEY_Clean-gafualdnzupkfseuistvwtqbnpqd/Build/Intermediates.noindex/Supabase.build/Debug-iphoneos/Auth.build/Objects-normal/arm64/Auth.SwiftFileList (in target 'Auth' from project 'Supabase')
    cd /Users/ryankanfer/Library/Developer/Xcode/DerivedData/HOMEY_Clean-gafualdnzupkfseuistvwtqbnpqd/SourcePackages/checkouts/supabase-swift
    write-file /Users/ryankanfer/Library/Developer/Xcode/DerivedData/HOMEY_Clean-gafualdnzupkfseuistvwtqbnpqd/Build/Intermediates.noindex/Supabase.build/Debug-iphoneos/Auth.build/Objects-normal/arm64/Auth.SwiftFileList

WriteAuxiliaryFile /Users/ryankanfer/Library/Developer/Xcode/DerivedData/HOMEY_Clean-gafualdnzupkfseuistvwtqbnpqd/Build/Intermediates.noindex/Supabase.build/Debug-iphoneos/Auth.build/Objects-normal/arm64/Auth.SwiftConstValuesFileList (in target 'Auth' from project 'Supabase')
    cd /Users/ryankanfer/Library/Developer/Xcode/DerivedData/HOMEY_Clean-gafualdnzupkfseuistvwtqbnpqd/SourcePackages/checkouts/supabase-swift
    write-file /Users/ryankanfer/Library/Developer/Xcode/DerivedData/HOMEY_Clean-gafualdnzupkfseuistvwtqbnpqd/Build/Intermediates.noindex/Supabase.build/Debug-iphoneos/Auth.build/Objects-normal/arm64/Auth.SwiftConstValuesFileList

WriteAuxiliaryFile /Users/ryankanfer/Library/Developer/Xcode/DerivedData/HOMEY_Clean-gafualdnzupkfseuistvwtqbnpqd/Build/Intermediates.noindex/Supabase.build/Debug-iphoneos/Auth.build/Objects-normal/arm64/Auth.LinkFileList (in target 'Auth' from project 'Supabase')
    cd /Users/ryankanfer/Library/Developer/Xcode/DerivedData/HOMEY_Clean-gafualdnzupkfseuistvwtqbnpqd/SourcePackages/checkouts/supabase-swift
    write-file /Users/ryankanfer/Library/Developer/Xcode/DerivedData/HOMEY_Clean-gafualdnzupkfseuistvwtqbnpqd/Build/Intermediates.noindex/Supabase.build/Debug-iphoneos/Auth.build/Objects-normal/arm64/Auth.LinkFileList

Copy /Users/ryankanfer/Library/Developer/Xcode/DerivedData/HOMEY_Clean-gafualdnzupkfseuistvwtqbnpqd/Build/Intermediates.noindex/GeneratedModuleMaps-iphoneos/Clocks.modulemap /Users/ryankanfer/Library/Developer/Xcode/DerivedData/HOMEY_Clean-gafualdnzupkfseuistvwtqbnpqd/Build/Intermediates.noindex/swift-clocks.build/Debug-iphoneos/Clocks.build/Clocks.modulemap (in target 'Clocks' from project 'swift-clocks')
    cd /Users/ryankanfer/Library/Developer/Xcode/DerivedData/HOMEY_Clean-gafualdnzupkfseuistvwtqbnpqd/SourcePackages/checkouts/swift-clocks
    builtin-copy -exclude .DS_Store -exclude CVS -exclude .svn -exclude .git -exclude .hg -resolve-src-symlinks /Users/ryankanfer/Library/Developer/Xcode/DerivedData/HOMEY_Clean-gafualdnzupkfseuistvwtqbnpqd/Build/Intermediates.noindex/swift-clocks.build/Debug-iphoneos/Clocks.build/Clocks.modulemap /Users/ryankanfer/Library/Developer/Xcode/DerivedData/HOMEY_Clean-gafualdnzupkfseuistvwtqbnpqd/Build/Intermediates.noindex/GeneratedModuleMaps-iphoneos

WriteAuxiliaryFile /Users/ryankanfer/Library/Developer/Xcode/DerivedData/HOMEY_Clean-gafualdnzupkfseuistvwtqbnpqd/Build/Intermediates.noindex/Supabase.build/Debug-iphoneos/Auth.build/Objects-normal/arm64/Auth-OutputFileMap.json (in target 'Auth' from project 'Supabase')
    cd /Users/ryankanfer/Library/Developer/Xcode/DerivedData/HOMEY_Clean-gafualdnzupkfseuistvwtqbnpqd/SourcePackages/checkouts/supabase-swift
    write-file /Users/ryankanfer/Library/Developer/Xcode/DerivedData/HOMEY_Clean-gafualdnzupkfseuistvwtqbnpqd/Build/Intermediates.noindex/Supabase.build/Debug-iphoneos/Auth.build/Objects-normal/arm64/Auth-OutputFileMap.json

WriteAuxiliaryFile /Users/ryankanfer/Library/Developer/Xcode/DerivedData/HOMEY_Clean-gafualdnzupkfseuistvwtqbnpqd/Build/Intermediates.noindex/Supabase.build/Debug-iphoneos/Auth.build/Auth.modulemap (in target 'Auth' from project 'Supabase')
    cd /Users/ryankanfer/Library/Developer/Xcode/DerivedData/HOMEY_Clean-gafualdnzupkfseuistvwtqbnpqd/SourcePackages/checkouts/supabase-swift
    write-file /Users/ryankanfer/Library/Developer/Xcode/DerivedData/HOMEY_Clean-gafualdnzupkfseuistvwtqbnpqd/Build/Intermediates.noindex/Supabase.build/Debug-iphoneos/Auth.build/Auth.modulemap

WriteAuxiliaryFile /Users/ryankanfer/Library/Developer/Xcode/DerivedData/HOMEY_Clean-gafualdnzupkfseuistvwtqbnpqd/Build/Intermediates.noindex/Supabase.build/Debug-iphoneos/Auth.build/Auth.DependencyStaticMetadataFileList (in target 'Auth' from project 'Supabase')
    cd /Users/ryankanfer/Library/Developer/Xcode/DerivedData/HOMEY_Clean-gafualdnzupkfseuistvwtqbnpqd/SourcePackages/checkouts/supabase-swift
    write-file /Users/ryankanfer/Library/Developer/Xcode/DerivedData/HOMEY_Clean-gafualdnzupkfseuistvwtqbnpqd/Build/Intermediates.noindex/Supabase.build/Debug-iphoneos/Auth.build/Auth.DependencyStaticMetadataFileList

WriteAuxiliaryFile /Users/ryankanfer/Library/Developer/Xcode/DerivedData/HOMEY_Clean-gafualdnzupkfseuistvwtqbnpqd/Build/Intermediates.noindex/Supabase.build/Debug-iphoneos/Auth.build/Auth.DependencyMetadataFileList (in target 'Auth' from project 'Supabase')
    cd /Users/ryankanfer/Library/Developer/Xcode/DerivedData/HOMEY_Clean-gafualdnzupkfseuistvwtqbnpqd/SourcePackages/checkouts/supabase-swift
    write-file /Users/ryankanfer/Library/Developer/Xcode/DerivedData/HOMEY_Clean-gafualdnzupkfseuistvwtqbnpqd/Build/Intermediates.noindex/Supabase.build/Debug-iphoneos/Auth.build/Auth.DependencyMetadataFileList

MkDir /Users/ryankanfer/Library/Developer/Xcode/DerivedData/HOMEY_Clean-gafualdnzupkfseuistvwtqbnpqd/Build/Products/Debug-iphoneos/swift-crypto_Crypto.bundle (in target 'swift-crypto_Crypto' from project 'swift-crypto')
    cd /Users/ryankanfer/Library/Developer/Xcode/DerivedData/HOMEY_Clean-gafualdnzupkfseuistvwtqbnpqd/SourcePackages/checkouts/swift-crypto
    /bin/mkdir -p /Users/ryankanfer/Library/Developer/Xcode/DerivedData/HOMEY_Clean-gafualdnzupkfseuistvwtqbnpqd/Build/Products/Debug-iphoneos/swift-crypto_Crypto.bundle

MkDir /Users/ryankanfer/Library/Developer/Xcode/DerivedData/HOMEY_Clean-gafualdnzupkfseuistvwtqbnpqd/Build/Products/Debug-iphoneos/HOMEY\ Clean.app (in target 'HOMEY Clean' from project 'HOMEY Clean')
    cd /Users/ryankanfer/Documents/Developer/HOMEY\ Clean
    /bin/mkdir -p /Users/ryankanfer/Library/Developer/Xcode/DerivedData/HOMEY_Clean-gafualdnzupkfseuistvwtqbnpqd/Build/Products/Debug-iphoneos/HOMEY\ Clean.app

Copy /Users/ryankanfer/Library/Developer/Xcode/DerivedData/HOMEY_Clean-gafualdnzupkfseuistvwtqbnpqd/Build/Intermediates.noindex/GeneratedModuleMaps-iphoneos/Auth.modulemap /Users/ryankanfer/Library/Developer/Xcode/DerivedData/HOMEY_Clean-gafualdnzupkfseuistvwtqbnpqd/Build/Intermediates.noindex/Supabase.build/Debug-iphoneos/Auth.build/Auth.modulemap (in target 'Auth' from project 'Supabase')
    cd /Users/ryankanfer/Library/Developer/Xcode/DerivedData/HOMEY_Clean-gafualdnzupkfseuistvwtqbnpqd/SourcePackages/checkouts/supabase-swift
    builtin-copy -exclude .DS_Store -exclude CVS -exclude .svn -exclude .git -exclude .hg -resolve-src-symlinks /Users/ryankanfer/Library/Developer/Xcode/DerivedData/HOMEY_Clean-gafualdnzupkfseuistvwtqbnpqd/Build/Intermediates.noindex/Supabase.build/Debug-iphoneos/Auth.build/Auth.modulemap /Users/ryankanfer/Library/Developer/Xcode/DerivedData/HOMEY_Clean-gafualdnzupkfseuistvwtqbnpqd/Build/Intermediates.noindex/GeneratedModuleMaps-iphoneos

ProcessInfoPlistFile /Users/ryankanfer/Library/Developer/Xcode/DerivedData/HOMEY_Clean-gafualdnzupkfseuistvwtqbnpqd/Build/Products/Debug-iphoneos/swift-crypto_Crypto.bundle/Info.plist /Users/ryankanfer/Library/Developer/Xcode/DerivedData/HOMEY_Clean-gafualdnzupkfseuistvwtqbnpqd/Build/Intermediates.noindex/swift-crypto.build/Debug-iphoneos/swift-crypto_Crypto.build/empty-swift-crypto_Crypto.plist (in target 'swift-crypto_Crypto' from project 'swift-crypto')
    cd /Users/ryankanfer/Library/Developer/Xcode/DerivedData/HOMEY_Clean-gafualdnzupkfseuistvwtqbnpqd/SourcePackages/checkouts/swift-crypto
    builtin-infoPlistUtility /Users/ryankanfer/Library/Developer/Xcode/DerivedData/HOMEY_Clean-gafualdnzupkfseuistvwtqbnpqd/Build/Intermediates.noindex/swift-crypto.build/Debug-iphoneos/swift-crypto_Crypto.build/empty-swift-crypto_Crypto.plist -producttype com.apple.product-type.bundle -expandbuildsettings -format binary -platform iphoneos -requiredArchitecture arm64 -o /Users/ryankanfer/Library/Developer/Xcode/DerivedData/HOMEY_Clean-gafualdnzupkfseuistvwtqbnpqd/Build/Products/Debug-iphoneos/swift-crypto_Crypto.bundle/Info.plist

CpResource /Users/ryankanfer/Library/Developer/Xcode/DerivedData/HOMEY_Clean-gafualdnzupkfseuistvwtqbnpqd/Build/Products/Debug-iphoneos/swift-crypto_Crypto.bundle/PrivacyInfo.xcprivacy /Users/ryankanfer/Library/Developer/Xcode/DerivedData/HOMEY_Clean-gafualdnzupkfseuistvwtqbnpqd/SourcePackages/checkouts/swift-crypto/Sources/Crypto/PrivacyInfo.xcprivacy (in target 'swift-crypto_Crypto' from project 'swift-crypto')
    cd /Users/ryankanfer/Library/Developer/Xcode/DerivedData/HOMEY_Clean-gafualdnzupkfseuistvwtqbnpqd/SourcePackages/checkouts/swift-crypto
    builtin-copy -exclude .DS_Store -exclude CVS -exclude .svn -exclude .git -exclude .hg -resolve-src-symlinks /Users/ryankanfer/Library/Developer/Xcode/DerivedData/HOMEY_Clean-gafualdnzupkfseuistvwtqbnpqd/SourcePackages/checkouts/swift-crypto/Sources/Crypto/PrivacyInfo.xcprivacy /Users/ryankanfer/Library/Developer/Xcode/DerivedData/HOMEY_Clean-gafualdnzupkfseuistvwtqbnpqd/Build/Products/Debug-iphoneos/swift-crypto_Crypto.bundle

RegisterExecutionPolicyException /Users/ryankanfer/Library/Developer/Xcode/DerivedData/HOMEY_Clean-gafualdnzupkfseuistvwtqbnpqd/Build/Products/Debug-iphoneos/swift-crypto_Crypto.bundle (in target 'swift-crypto_Crypto' from project 'swift-crypto')
    cd /Users/ryankanfer/Library/Developer/Xcode/DerivedData/HOMEY_Clean-gafualdnzupkfseuistvwtqbnpqd/SourcePackages/checkouts/swift-crypto
    builtin-RegisterExecutionPolicyException /Users/ryankanfer/Library/Developer/Xcode/DerivedData/HOMEY_Clean-gafualdnzupkfseuistvwtqbnpqd/Build/Products/Debug-iphoneos/swift-crypto_Crypto.bundle

Touch /Users/ryankanfer/Library/Developer/Xcode/DerivedData/HOMEY_Clean-gafualdnzupkfseuistvwtqbnpqd/Build/Products/Debug-iphoneos/swift-crypto_Crypto.bundle (in target 'swift-crypto_Crypto' from project 'swift-crypto')
    cd /Users/ryankanfer/Library/Developer/Xcode/DerivedData/HOMEY_Clean-gafualdnzupkfseuistvwtqbnpqd/SourcePackages/checkouts/swift-crypto
    /usr/bin/touch -c /Users/ryankanfer/Library/Developer/Xcode/DerivedData/HOMEY_Clean-gafualdnzupkfseuistvwtqbnpqd/Build/Products/Debug-iphoneos/swift-crypto_Crypto.bundle

SwiftDriver Crypto normal arm64 com.apple.xcode.tools.swift.compiler (in target 'Crypto' from project 'swift-crypto')
    cd /Users/ryankanfer/Documents/Developer/HOMEY\ Clean/HOMEY\ Clean.xcodeproj
    builtin-SwiftDriver -- /Applications/Xcode.app/Contents/Developer/Toolchains/XcodeDefault.xctoolchain/usr/bin/swiftc -module-name Crypto -Onone -enforce-exclusivity\=checked @/Users/ryankanfer/Library/Developer/Xcode/DerivedData/HOMEY_Clean-gafualdnzupkfseuistvwtqbnpqd/Build/Intermediates.noindex/swift-crypto.build/Debug-iphoneos/Crypto.build/Objects-normal/arm64/Crypto.SwiftFileList -DSWIFT_PACKAGE -DDEBUG -DSWIFT_MODULE_RESOURCE_BUNDLE_AVAILABLE -DCRYPTO_IN_SWIFTPM -DXcode -enable-upcoming-feature MemberImportVisibility -plugin-path /Applications/Xcode.app/Contents/Developer/Toolchains/XcodeDefault.xctoolchain/usr/lib/swift/host/plugins/testing -enable-experimental-feature DebugDescriptionMacro -sdk /Applications/Xcode.app/Contents/Developer/Platforms/iPhoneOS.platform/Developer/SDKs/iPhoneOS26.0.sdk -target arm64-apple-ios12.0 -g -module-cache-path /Users/ryankanfer/Library/Developer/Xcode/DerivedData/ModuleCache.noindex -Xfrontend -serialize-debugging-options -profile-coverage-mapping -profile-generate -enable-testing -suppress-warnings -index-store-path /Users/ryankanfer/Library/Developer/Xcode/DerivedData/HOMEY_Clean-gafualdnzupkfseuistvwtqbnpqd/Index.noindex/DataStore -Xcc -D_LIBCPP_HARDENING_MODE\=_LIBCPP_HARDENING_MODE_DEBUG -swift-version 5 -I /Users/ryankanfer/Library/Developer/Xcode/DerivedData/HOMEY_Clean-gafualdnzupkfseuistvwtqbnpqd/Build/Products/Debug-iphoneos -Isystem /Applications/Xcode.app/Contents/Developer/Platforms/iPhoneOS.platform/Developer/usr/lib -F /Users/ryankanfer/Library/Developer/Xcode/DerivedData/HOMEY_Clean-gafualdnzupkfseuistvwtqbnpqd/Build/Products/Debug-iphoneos -F /Applications/Xcode.app/Contents/Developer/Platforms/iPhoneOS.platform/Developer/Library/Frameworks -F /Applications/Xcode.app/Contents/Developer/Platforms/iPhoneOS.platform/Developer/SDKs/iPhoneOS26.0.sdk/Developer/Library/Frameworks -c -j8 -enable-batch-mode -incremental -Xcc -ivfsstatcache -Xcc /Users/ryankanfer/Library/Developer/Xcode/DerivedData/SDKStatCaches.noindex/iphoneos26.0-23A339-81ce72e5b06c9602b9d30b56f2eed08a.sdkstatcache -output-file-map /Users/ryankanfer/Library/Developer/Xcode/DerivedData/HOMEY_Clean-gafualdnzupkfseuistvwtqbnpqd/Build/Intermediates.noindex/swift-crypto.build/Debug-iphoneos/Crypto.build/Objects-normal/arm64/Crypto-OutputFileMap.json -use-frontend-parseable-output -save-temps -no-color-diagnostics -explicit-module-build -module-cache-path /Users/ryankanfer/Library/Developer/Xcode/DerivedData/HOMEY_Clean-gafualdnzupkfseuistvwtqbnpqd/Build/Intermediates.noindex/SwiftExplicitPrecompiledModules -clang-scanner-module-cache-path /Users/ryankanfer/Library/Developer/Xcode/DerivedData/ModuleCache.noindex -sdk-module-cache-path /Users/ryankanfer/Library/Developer/Xcode/DerivedData/ModuleCache.noindex -serialize-diagnostics -emit-dependencies -emit-module -emit-module-path /Users/ryankanfer/Library/Developer/Xcode/DerivedData/HOMEY_Clean-gafualdnzupkfseuistvwtqbnpqd/Build/Intermediates.noindex/swift-crypto.build/Debug-iphoneos/Crypto.build/Objects-normal/arm64/Crypto.swiftmodule -validate-clang-modules-once -clang-build-session-file /Users/ryankanfer/Library/Developer/Xcode/DerivedData/ModuleCache.noindex/Session.modulevalidation -package-name swift_crypto -Xcc -I/Users/ryankanfer/Library/Developer/Xcode/DerivedData/HOMEY_Clean-gafualdnzupkfseuistvwtqbnpqd/Build/Intermediates.noindex/swift-crypto.build/Debug-iphoneos/Crypto.build/swift-overrides.hmap -emit-const-values -Xfrontend -const-gather-protocols-file -Xfrontend /Users/ryankanfer/Library/Developer/Xcode/DerivedData/HOMEY_Clean-gafualdnzupkfseuistvwtqbnpqd/Build/Intermediates.noindex/swift-crypto.build/Debug-iphoneos/Crypto.build/Objects-normal/arm64/Crypto_const_extract_protocols.json -Xcc -I/Users/ryankanfer/Library/Developer/Xcode/DerivedData/HOMEY_Clean-gafualdnzupkfseuistvwtqbnpqd/Build/Products/Debug-iphoneos/include -Xcc -I/Users/ryankanfer/Library/Developer/Xcode/DerivedData/HOMEY_Clean-gafualdnzupkfseuistvwtqbnpqd/Build/Intermediates.noindex/swift-crypto.build/Debug-iphoneos/Crypto.build/DerivedSources-normal/arm64 -Xcc -I/Users/ryankanfer/Library/Developer/Xcode/DerivedData/HOMEY_Clean-gafualdnzupkfseuistvwtqbnpqd/Build/Intermediates.noindex/swift-crypto.build/Debug-iphoneos/Crypto.build/DerivedSources/arm64 -Xcc -I/Users/ryankanfer/Library/Developer/Xcode/DerivedData/HOMEY_Clean-gafualdnzupkfseuistvwtqbnpqd/Build/Intermediates.noindex/swift-crypto.build/Debug-iphoneos/Crypto.build/DerivedSources -Xcc -DSWIFT_PACKAGE -Xcc -DDEBUG\=1 -emit-objc-header -emit-objc-header-path /Users/ryankanfer/Library/Developer/Xcode/DerivedData/HOMEY_Clean-gafualdnzupkfseuistvwtqbnpqd/Build/Intermediates.noindex/swift-crypto.build/Debug-iphoneos/Crypto.build/Objects-normal/arm64/Crypto-Swift.h -working-directory /Users/ryankanfer/Documents/Developer/HOMEY\ Clean/HOMEY\ Clean.xcodeproj -experimental-emit-module-separately -disable-cmo

SwiftDriver IssueReportingPackageSupport normal arm64 com.apple.xcode.tools.swift.compiler (in target 'IssueReportingPackageSupport' from project 'xctest-dynamic-overlay')
    cd /Users/ryankanfer/Documents/Developer/HOMEY\ Clean/HOMEY\ Clean.xcodeproj
    builtin-SwiftDriver -- /Applications/Xcode.app/Contents/Developer/Toolchains/XcodeDefault.xctoolchain/usr/bin/swiftc -module-name IssueReportingPackageSupport -Onone -enforce-exclusivity\=checked @/Users/ryankanfer/Library/Developer/Xcode/DerivedData/HOMEY_Clean-gafualdnzupkfseuistvwtqbnpqd/Build/Intermediates.noindex/xctest-dynamic-overlay.build/Debug-iphoneos/IssueReportingPackageSupport.build/Objects-normal/arm64/IssueReportingPackageSupport.SwiftFileList -DSWIFT_PACKAGE -DDEBUG -DSWIFT_MODULE_RESOURCE_BUNDLE_UNAVAILABLE -DXcode -plugin-path /Applications/Xcode.app/Contents/Developer/Toolchains/XcodeDefault.xctoolchain/usr/lib/swift/host/plugins/testing -enable-experimental-feature DebugDescriptionMacro -sdk /Applications/Xcode.app/Contents/Developer/Platforms/iPhoneOS.platform/Developer/SDKs/iPhoneOS26.0.sdk -target arm64-apple-ios13.0 -g -module-cache-path /Users/ryankanfer/Library/Developer/Xcode/DerivedData/ModuleCache.noindex -Xfrontend -serialize-debugging-options -profile-coverage-mapping -profile-generate -enable-testing -suppress-warnings -index-store-path /Users/ryankanfer/Library/Developer/Xcode/DerivedData/HOMEY_Clean-gafualdnzupkfseuistvwtqbnpqd/Index.noindex/DataStore -Xcc -D_LIBCPP_HARDENING_MODE\=_LIBCPP_HARDENING_MODE_DEBUG -swift-version 6 -I /Users/ryankanfer/Library/Developer/Xcode/DerivedData/HOMEY_Clean-gafualdnzupkfseuistvwtqbnpqd/Build/Products/Debug-iphoneos -Isystem /Applications/Xcode.app/Contents/Developer/Platforms/iPhoneOS.platform/Developer/usr/lib -F /Users/ryankanfer/Library/Developer/Xcode/DerivedData/HOMEY_Clean-gafualdnzupkfseuistvwtqbnpqd/Build/Products/Debug-iphoneos -F /Applications/Xcode.app/Contents/Developer/Platforms/iPhoneOS.platform/Developer/Library/Frameworks -F /Applications/Xcode.app/Contents/Developer/Platforms/iPhoneOS.platform/Developer/SDKs/iPhoneOS26.0.sdk/Developer/Library/Frameworks -parse-as-library -c -j8 -enable-batch-mode -incremental -Xcc -ivfsstatcache -Xcc /Users/ryankanfer/Library/Developer/Xcode/DerivedData/SDKStatCaches.noindex/iphoneos26.0-23A339-81ce72e5b06c9602b9d30b56f2eed08a.sdkstatcache -output-file-map /Users/ryankanfer/Library/Developer/Xcode/DerivedData/HOMEY_Clean-gafualdnzupkfseuistvwtqbnpqd/Build/Intermediates.noindex/xctest-dynamic-overlay.build/Debug-iphoneos/IssueReportingPackageSupport.build/Objects-normal/arm64/IssueReportingPackageSupport-OutputFileMap.json -use-frontend-parseable-output -save-temps -no-color-diagnostics -explicit-module-build -module-cache-path /Users/ryankanfer/Library/Developer/Xcode/DerivedData/HOMEY_Clean-gafualdnzupkfseuistvwtqbnpqd/Build/Intermediates.noindex/SwiftExplicitPrecompiledModules -clang-scanner-module-cache-path /Users/ryankanfer/Library/Developer/Xcode/DerivedData/ModuleCache.noindex -sdk-module-cache-path /Users/ryankanfer/Library/Developer/Xcode/DerivedData/ModuleCache.noindex -serialize-diagnostics -emit-dependencies -emit-module -emit-module-path /Users/ryankanfer/Library/Developer/Xcode/DerivedData/HOMEY_Clean-gafualdnzupkfseuistvwtqbnpqd/Build/Intermediates.noindex/xctest-dynamic-overlay.build/Debug-iphoneos/IssueReportingPackageSupport.build/Objects-normal/arm64/IssueReportingPackageSupport.swiftmodule -user-module-version 1.6.1 -validate-clang-modules-once -clang-build-session-file /Users/ryankanfer/Library/Developer/Xcode/DerivedData/ModuleCache.noindex/Session.modulevalidation -package-name xctest_dynamic_overlay -Xcc -I/Users/ryankanfer/Library/Developer/Xcode/DerivedData/HOMEY_Clean-gafualdnzupkfseuistvwtqbnpqd/Build/Intermediates.noindex/xctest-dynamic-overlay.build/Debug-iphoneos/IssueReportingPackageSupport.build/swift-overrides.hmap -emit-const-values -Xfrontend -const-gather-protocols-file -Xfrontend /Users/ryankanfer/Library/Developer/Xcode/DerivedData/HOMEY_Clean-gafualdnzupkfseuistvwtqbnpqd/Build/Intermediates.noindex/xctest-dynamic-overlay.build/Debug-iphoneos/IssueReportingPackageSupport.build/Objects-normal/arm64/IssueReportingPackageSupport_const_extract_protocols.json -Xcc -I/Users/ryankanfer/Library/Developer/Xcode/DerivedData/HOMEY_Clean-gafualdnzupkfseuistvwtqbnpqd/Build/Products/Debug-iphoneos/include -Xcc -I/Users/ryankanfer/Library/Developer/Xcode/DerivedData/HOMEY_Clean-gafualdnzupkfseuistvwtqbnpqd/Build/Intermediates.noindex/xctest-dynamic-overlay.build/Debug-iphoneos/IssueReportingPackageSupport.build/DerivedSources-normal/arm64 -Xcc -I/Users/ryankanfer/Library/Developer/Xcode/DerivedData/HOMEY_Clean-gafualdnzupkfseuistvwtqbnpqd/Build/Intermediates.noindex/xctest-dynamic-overlay.build/Debug-iphoneos/IssueReportingPackageSupport.build/DerivedSources/arm64 -Xcc -I/Users/ryankanfer/Library/Developer/Xcode/DerivedData/HOMEY_Clean-gafualdnzupkfseuistvwtqbnpqd/Build/Intermediates.noindex/xctest-dynamic-overlay.build/Debug-iphoneos/IssueReportingPackageSupport.build/DerivedSources -Xcc -DSWIFT_PACKAGE -Xcc -DDEBUG\=1 -emit-objc-header -emit-objc-header-path /Users/ryankanfer/Library/Developer/Xcode/DerivedData/HOMEY_Clean-gafualdnzupkfseuistvwtqbnpqd/Build/Intermediates.noindex/xctest-dynamic-overlay.build/Debug-iphoneos/IssueReportingPackageSupport.build/Objects-normal/arm64/IssueReportingPackageSupport-Swift.h -working-directory /Users/ryankanfer/Documents/Developer/HOMEY\ Clean/HOMEY\ Clean.xcodeproj -experimental-emit-module-separately -disable-cmo

SwiftDriver HTTPTypes normal arm64 com.apple.xcode.tools.swift.compiler (in target 'HTTPTypes' from project 'swift-http-types')
    cd /Users/ryankanfer/Documents/Developer/HOMEY\ Clean/HOMEY\ Clean.xcodeproj
    builtin-SwiftDriver -- /Applications/Xcode.app/Contents/Developer/Toolchains/XcodeDefault.xctoolchain/usr/bin/swiftc -module-name HTTPTypes -Onone -enforce-exclusivity\=checked @/Users/ryankanfer/Library/Developer/Xcode/DerivedData/HOMEY_Clean-gafualdnzupkfseuistvwtqbnpqd/Build/Intermediates.noindex/swift-http-types.build/Debug-iphoneos/HTTPTypes.build/Objects-normal/arm64/HTTPTypes.SwiftFileList -DSWIFT_PACKAGE -DDEBUG -DSWIFT_MODULE_RESOURCE_BUNDLE_UNAVAILABLE -DXcode -enable-experimental-feature StrictConcurrency\=complete -enable-upcoming-feature MemberImportVisibility -plugin-path /Applications/Xcode.app/Contents/Developer/Toolchains/XcodeDefault.xctoolchain/usr/lib/swift/host/plugins/testing -enable-experimental-feature DebugDescriptionMacro -sdk /Applications/Xcode.app/Contents/Developer/Platforms/iPhoneOS.platform/Developer/SDKs/iPhoneOS26.0.sdk -target arm64-apple-ios12.0 -g -module-cache-path /Users/ryankanfer/Library/Developer/Xcode/DerivedData/ModuleCache.noindex -Xfrontend -serialize-debugging-options -profile-coverage-mapping -profile-generate -enable-testing -suppress-warnings -index-store-path /Users/ryankanfer/Library/Developer/Xcode/DerivedData/HOMEY_Clean-gafualdnzupkfseuistvwtqbnpqd/Index.noindex/DataStore -Xcc -D_LIBCPP_HARDENING_MODE\=_LIBCPP_HARDENING_MODE_DEBUG -swift-version 5 -I /Users/ryankanfer/Library/Developer/Xcode/DerivedData/HOMEY_Clean-gafualdnzupkfseuistvwtqbnpqd/Build/Products/Debug-iphoneos -Isystem /Applications/Xcode.app/Contents/Developer/Platforms/iPhoneOS.platform/Developer/usr/lib -F /Users/ryankanfer/Library/Developer/Xcode/DerivedData/HOMEY_Clean-gafualdnzupkfseuistvwtqbnpqd/Build/Products/Debug-iphoneos -F /Applications/Xcode.app/Contents/Developer/Platforms/iPhoneOS.platform/Developer/Library/Frameworks -F /Applications/Xcode.app/Contents/Developer/Platforms/iPhoneOS.platform/Developer/SDKs/iPhoneOS26.0.sdk/Developer/Library/Frameworks -c -j8 -enable-batch-mode -incremental -Xcc -ivfsstatcache -Xcc /Users/ryankanfer/Library/Developer/Xcode/DerivedData/SDKStatCaches.noindex/iphoneos26.0-23A339-81ce72e5b06c9602b9d30b56f2eed08a.sdkstatcache -output-file-map /Users/ryankanfer/Library/Developer/Xcode/DerivedData/HOMEY_Clean-gafualdnzupkfseuistvwtqbnpqd/Build/Intermediates.noindex/swift-http-types.build/Debug-iphoneos/HTTPTypes.build/Objects-normal/arm64/HTTPTypes-OutputFileMap.json -use-frontend-parseable-output -save-temps -no-color-diagnostics -explicit-module-build -module-cache-path /Users/ryankanfer/Library/Developer/Xcode/DerivedData/HOMEY_Clean-gafualdnzupkfseuistvwtqbnpqd/Build/Intermediates.noindex/SwiftExplicitPrecompiledModules -clang-scanner-module-cache-path /Users/ryankanfer/Library/Developer/Xcode/DerivedData/ModuleCache.noindex -sdk-module-cache-path /Users/ryankanfer/Library/Developer/Xcode/DerivedData/ModuleCache.noindex -serialize-diagnostics -emit-dependencies -emit-module -emit-module-path /Users/ryankanfer/Library/Developer/Xcode/DerivedData/HOMEY_Clean-gafualdnzupkfseuistvwtqbnpqd/Build/Intermediates.noindex/swift-http-types.build/Debug-iphoneos/HTTPTypes.build/Objects-normal/arm64/HTTPTypes.swiftmodule -validate-clang-modules-once -clang-build-session-file /Users/ryankanfer/Library/Developer/Xcode/DerivedData/ModuleCache.noindex/Session.modulevalidation -package-name swift_http_types -Xcc -I/Users/ryankanfer/Library/Developer/Xcode/DerivedData/HOMEY_Clean-gafualdnzupkfseuistvwtqbnpqd/Build/Intermediates.noindex/swift-http-types.build/Debug-iphoneos/HTTPTypes.build/swift-overrides.hmap -emit-const-values -Xfrontend -const-gather-protocols-file -Xfrontend /Users/ryankanfer/Library/Developer/Xcode/DerivedData/HOMEY_Clean-gafualdnzupkfseuistvwtqbnpqd/Build/Intermediates.noindex/swift-http-types.build/Debug-iphoneos/HTTPTypes.build/Objects-normal/arm64/HTTPTypes_const_extract_protocols.json -Xcc -I/Users/ryankanfer/Library/Developer/Xcode/DerivedData/HOMEY_Clean-gafualdnzupkfseuistvwtqbnpqd/Build/Products/Debug-iphoneos/include -Xcc -I/Users/ryankanfer/Library/Developer/Xcode/DerivedData/HOMEY_Clean-gafualdnzupkfseuistvwtqbnpqd/Build/Intermediates.noindex/swift-http-types.build/Debug-iphoneos/HTTPTypes.build/DerivedSources-normal/arm64 -Xcc -I/Users/ryankanfer/Library/Developer/Xcode/DerivedData/HOMEY_Clean-gafualdnzupkfseuistvwtqbnpqd/Build/Intermediates.noindex/swift-http-types.build/Debug-iphoneos/HTTPTypes.build/DerivedSources/arm64 -Xcc -I/Users/ryankanfer/Library/Developer/Xcode/DerivedData/HOMEY_Clean-gafualdnzupkfseuistvwtqbnpqd/Build/Intermediates.noindex/swift-http-types.build/Debug-iphoneos/HTTPTypes.build/DerivedSources -Xcc -DSWIFT_PACKAGE -Xcc -DDEBUG\=1 -emit-objc-header -emit-objc-header-path /Users/ryankanfer/Library/Developer/Xcode/DerivedData/HOMEY_Clean-gafualdnzupkfseuistvwtqbnpqd/Build/Intermediates.noindex/swift-http-types.build/Debug-iphoneos/HTTPTypes.build/Objects-normal/arm64/HTTPTypes-Swift.h -working-directory /Users/ryankanfer/Documents/Developer/HOMEY\ Clean/HOMEY\ Clean.xcodeproj -experimental-emit-module-separately -disable-cmo

SwiftDriver ConcurrencyExtras normal arm64 com.apple.xcode.tools.swift.compiler (in target 'ConcurrencyExtras' from project 'swift-concurrency-extras')
    cd /Users/ryankanfer/Documents/Developer/HOMEY\ Clean/HOMEY\ Clean.xcodeproj
    builtin-SwiftDriver -- /Applications/Xcode.app/Contents/Developer/Toolchains/XcodeDefault.xctoolchain/usr/bin/swiftc -module-name ConcurrencyExtras -Onone -enforce-exclusivity\=checked @/Users/ryankanfer/Library/Developer/Xcode/DerivedData/HOMEY_Clean-gafualdnzupkfseuistvwtqbnpqd/Build/Intermediates.noindex/swift-concurrency-extras.build/Debug-iphoneos/ConcurrencyExtras.build/Objects-normal/arm64/ConcurrencyExtras.SwiftFileList -DSWIFT_PACKAGE -DDEBUG -DSWIFT_MODULE_RESOURCE_BUNDLE_UNAVAILABLE -DXcode -plugin-path /Applications/Xcode.app/Contents/Developer/Toolchains/XcodeDefault.xctoolchain/usr/lib/swift/host/plugins/testing -enable-experimental-feature DebugDescriptionMacro -sdk /Applications/Xcode.app/Contents/Developer/Platforms/iPhoneOS.platform/Developer/SDKs/iPhoneOS26.0.sdk -target arm64-apple-ios13.0 -g -module-cache-path /Users/ryankanfer/Library/Developer/Xcode/DerivedData/ModuleCache.noindex -Xfrontend -serialize-debugging-options -profile-coverage-mapping -profile-generate -enable-testing -suppress-warnings -index-store-path /Users/ryankanfer/Library/Developer/Xcode/DerivedData/HOMEY_Clean-gafualdnzupkfseuistvwtqbnpqd/Index.noindex/DataStore -Xcc -D_LIBCPP_HARDENING_MODE\=_LIBCPP_HARDENING_MODE_DEBUG -swift-version 6 -I /Users/ryankanfer/Library/Developer/Xcode/DerivedData/HOMEY_Clean-gafualdnzupkfseuistvwtqbnpqd/Build/Products/Debug-iphoneos -Isystem /Applications/Xcode.app/Contents/Developer/Platforms/iPhoneOS.platform/Developer/usr/lib -F /Users/ryankanfer/Library/Developer/Xcode/DerivedData/HOMEY_Clean-gafualdnzupkfseuistvwtqbnpqd/Build/Products/Debug-iphoneos -F /Applications/Xcode.app/Contents/Developer/Platforms/iPhoneOS.platform/Developer/Library/Frameworks -F /Applications/Xcode.app/Contents/Developer/Platforms/iPhoneOS.platform/Developer/SDKs/iPhoneOS26.0.sdk/Developer/Library/Frameworks -c -j8 -enable-batch-mode -incremental -Xcc -ivfsstatcache -Xcc /Users/ryankanfer/Library/Developer/Xcode/DerivedData/SDKStatCaches.noindex/iphoneos26.0-23A339-81ce72e5b06c9602b9d30b56f2eed08a.sdkstatcache -output-file-map /Users/ryankanfer/Library/Developer/Xcode/DerivedData/HOMEY_Clean-gafualdnzupkfseuistvwtqbnpqd/Build/Intermediates.noindex/swift-concurrency-extras.build/Debug-iphoneos/ConcurrencyExtras.build/Objects-normal/arm64/ConcurrencyExtras-OutputFileMap.json -use-frontend-parseable-output -save-temps -no-color-diagnostics -explicit-module-build -module-cache-path /Users/ryankanfer/Library/Developer/Xcode/DerivedData/HOMEY_Clean-gafualdnzupkfseuistvwtqbnpqd/Build/Intermediates.noindex/SwiftExplicitPrecompiledModules -clang-scanner-module-cache-path /Users/ryankanfer/Library/Developer/Xcode/DerivedData/ModuleCache.noindex -sdk-module-cache-path /Users/ryankanfer/Library/Developer/Xcode/DerivedData/ModuleCache.noindex -serialize-diagnostics -emit-dependencies -emit-module -emit-module-path /Users/ryankanfer/Library/Developer/Xcode/DerivedData/HOMEY_Clean-gafualdnzupkfseuistvwtqbnpqd/Build/Intermediates.noindex/swift-concurrency-extras.build/Debug-iphoneos/ConcurrencyExtras.build/Objects-normal/arm64/ConcurrencyExtras.swiftmodule -user-module-version 1.3.1 -validate-clang-modules-once -clang-build-session-file /Users/ryankanfer/Library/Developer/Xcode/DerivedData/ModuleCache.noindex/Session.modulevalidation -package-name swift_concurrency_extras -Xcc -I/Users/ryankanfer/Library/Developer/Xcode/DerivedData/HOMEY_Clean-gafualdnzupkfseuistvwtqbnpqd/Build/Intermediates.noindex/swift-concurrency-extras.build/Debug-iphoneos/ConcurrencyExtras.build/swift-overrides.hmap -emit-const-values -Xfrontend -const-gather-protocols-file -Xfrontend /Users/ryankanfer/Library/Developer/Xcode/DerivedData/HOMEY_Clean-gafualdnzupkfseuistvwtqbnpqd/Build/Intermediates.noindex/swift-concurrency-extras.build/Debug-iphoneos/ConcurrencyExtras.build/Objects-normal/arm64/ConcurrencyExtras_const_extract_protocols.json -Xcc -I/Users/ryankanfer/Library/Developer/Xcode/DerivedData/HOMEY_Clean-gafualdnzupkfseuistvwtqbnpqd/Build/Products/Debug-iphoneos/include -Xcc -I/Users/ryankanfer/Library/Developer/Xcode/DerivedData/HOMEY_Clean-gafualdnzupkfseuistvwtqbnpqd/Build/Intermediates.noindex/swift-concurrency-extras.build/Debug-iphoneos/ConcurrencyExtras.build/DerivedSources-normal/arm64 -Xcc -I/Users/ryankanfer/Library/Developer/Xcode/DerivedData/HOMEY_Clean-gafualdnzupkfseuistvwtqbnpqd/Build/Intermediates.noindex/swift-concurrency-extras.build/Debug-iphoneos/ConcurrencyExtras.build/DerivedSources/arm64 -Xcc -I/Users/ryankanfer/Library/Developer/Xcode/DerivedData/HOMEY_Clean-gafualdnzupkfseuistvwtqbnpqd/Build/Intermediates.noindex/swift-concurrency-extras.build/Debug-iphoneos/ConcurrencyExtras.build/DerivedSources -Xcc -DSWIFT_PACKAGE -Xcc -DDEBUG\=1 -emit-objc-header -emit-objc-header-path /Users/ryankanfer/Library/Developer/Xcode/DerivedData/HOMEY_Clean-gafualdnzupkfseuistvwtqbnpqd/Build/Intermediates.noindex/swift-concurrency-extras.build/Debug-iphoneos/ConcurrencyExtras.build/Objects-normal/arm64/ConcurrencyExtras-Swift.h -working-directory /Users/ryankanfer/Documents/Developer/HOMEY\ Clean/HOMEY\ Clean.xcodeproj -experimental-emit-module-separately -disable-cmo

SwiftEmitModule normal arm64 Emitting\ module\ for\ IssueReportingPackageSupport (in target 'IssueReportingPackageSupport' from project 'xctest-dynamic-overlay')

SwiftCompile normal arm64 /Users/ryankanfer/Library/Developer/Xcode/DerivedData/HOMEY_Clean-gafualdnzupkfseuistvwtqbnpqd/SourcePackages/checkouts/xctest-dynamic-overlay/Sources/IssueReportingPackageSupport/_Test.swift (in target 'IssueReportingPackageSupport' from project 'xctest-dynamic-overlay')
    cd /Users/ryankanfer/Documents/Developer/HOMEY\ Clean/HOMEY\ Clean.xcodeproj
    

SwiftCompile normal arm64 Compiling\ _Test.swift /Users/ryankanfer/Library/Developer/Xcode/DerivedData/HOMEY_Clean-gafualdnzupkfseuistvwtqbnpqd/SourcePackages/checkouts/xctest-dynamic-overlay/Sources/IssueReportingPackageSupport/_Test.swift (in target 'IssueReportingPackageSupport' from project 'xctest-dynamic-overlay')

SwiftCompile normal arm64 /Users/ryankanfer/Library/Developer/Xcode/DerivedData/HOMEY_Clean-gafualdnzupkfseuistvwtqbnpqd/SourcePackages/checkouts/xctest-dynamic-overlay/Sources/IssueReportingPackageSupport/_Test.swift (in target 'IssueReportingPackageSupport' from project 'xctest-dynamic-overlay')
    cd /Users/ryankanfer/Documents/Developer/HOMEY\ Clean/HOMEY\ Clean.xcodeproj
    

SwiftDriverJobDiscovery normal arm64 Emitting module for IssueReportingPackageSupport (in target 'IssueReportingPackageSupport' from project 'xctest-dynamic-overlay')

SwiftDriver\ Compilation\ Requirements IssueReportingPackageSupport normal arm64 com.apple.xcode.tools.swift.compiler (in target 'IssueReportingPackageSupport' from project 'xctest-dynamic-overlay')
    cd /Users/ryankanfer/Documents/Developer/HOMEY\ Clean/HOMEY\ Clean.xcodeproj
    builtin-Swift-Compilation-Requirements -- /Applications/Xcode.app/Contents/Developer/Toolchains/XcodeDefault.xctoolchain/usr/bin/swiftc -module-name IssueReportingPackageSupport -Onone -enforce-exclusivity\=checked @/Users/ryankanfer/Library/Developer/Xcode/DerivedData/HOMEY_Clean-gafualdnzupkfseuistvwtqbnpqd/Build/Intermediates.noindex/xctest-dynamic-overlay.build/Debug-iphoneos/IssueReportingPackageSupport.build/Objects-normal/arm64/IssueReportingPackageSupport.SwiftFileList -DSWIFT_PACKAGE -DDEBUG -DSWIFT_MODULE_RESOURCE_BUNDLE_UNAVAILABLE -DXcode -plugin-path /Applications/Xcode.app/Contents/Developer/Toolchains/XcodeDefault.xctoolchain/usr/lib/swift/host/plugins/testing -enable-experimental-feature DebugDescriptionMacro -sdk /Applications/Xcode.app/Contents/Developer/Platforms/iPhoneOS.platform/Developer/SDKs/iPhoneOS26.0.sdk -target arm64-apple-ios13.0 -g -module-cache-path /Users/ryankanfer/Library/Developer/Xcode/DerivedData/ModuleCache.noindex -Xfrontend -serialize-debugging-options -profile-coverage-mapping -profile-generate -enable-testing -suppress-warnings -index-store-path /Users/ryankanfer/Library/Developer/Xcode/DerivedData/HOMEY_Clean-gafualdnzupkfseuistvwtqbnpqd/Index.noindex/DataStore -Xcc -D_LIBCPP_HARDENING_MODE\=_LIBCPP_HARDENING_MODE_DEBUG -swift-version 6 -I /Users/ryankanfer/Library/Developer/Xcode/DerivedData/HOMEY_Clean-gafualdnzupkfseuistvwtqbnpqd/Build/Products/Debug-iphoneos -Isystem /Applications/Xcode.app/Contents/Developer/Platforms/iPhoneOS.platform/Developer/usr/lib -F /Users/ryankanfer/Library/Developer/Xcode/DerivedData/HOMEY_Clean-gafualdnzupkfseuistvwtqbnpqd/Build/Products/Debug-iphoneos -F /Applications/Xcode.app/Contents/Developer/Platforms/iPhoneOS.platform/Developer/Library/Frameworks -F /Applications/Xcode.app/Contents/Developer/Platforms/iPhoneOS.platform/Developer/SDKs/iPhoneOS26.0.sdk/Developer/Library/Frameworks -parse-as-library -c -j8 -enable-batch-mode -incremental -Xcc -ivfsstatcache -Xcc /Users/ryankanfer/Library/Developer/Xcode/DerivedData/SDKStatCaches.noindex/iphoneos26.0-23A339-81ce72e5b06c9602b9d30b56f2eed08a.sdkstatcache -output-file-map /Users/ryankanfer/Library/Developer/Xcode/DerivedData/HOMEY_Clean-gafualdnzupkfseuistvwtqbnpqd/Build/Intermediates.noindex/xctest-dynamic-overlay.build/Debug-iphoneos/IssueReportingPackageSupport.build/Objects-normal/arm64/IssueReportingPackageSupport-OutputFileMap.json -use-frontend-parseable-output -save-temps -no-color-diagnostics -explicit-module-build -module-cache-path /Users/ryankanfer/Library/Developer/Xcode/DerivedData/HOMEY_Clean-gafualdnzupkfseuistvwtqbnpqd/Build/Intermediates.noindex/SwiftExplicitPrecompiledModules -clang-scanner-module-cache-path /Users/ryankanfer/Library/Developer/Xcode/DerivedData/ModuleCache.noindex -sdk-module-cache-path /Users/ryankanfer/Library/Developer/Xcode/DerivedData/ModuleCache.noindex -serialize-diagnostics -emit-dependencies -emit-module -emit-module-path /Users/ryankanfer/Library/Developer/Xcode/DerivedData/HOMEY_Clean-gafualdnzupkfseuistvwtqbnpqd/Build/Intermediates.noindex/xctest-dynamic-overlay.build/Debug-iphoneos/IssueReportingPackageSupport.build/Objects-normal/arm64/IssueReportingPackageSupport.swiftmodule -user-module-version 1.6.1 -validate-clang-modules-once -clang-build-session-file /Users/ryankanfer/Library/Developer/Xcode/DerivedData/ModuleCache.noindex/Session.modulevalidation -package-name xctest_dynamic_overlay -Xcc -I/Users/ryankanfer/Library/Developer/Xcode/DerivedData/HOMEY_Clean-gafualdnzupkfseuistvwtqbnpqd/Build/Intermediates.noindex/xctest-dynamic-overlay.build/Debug-iphoneos/IssueReportingPackageSupport.build/swift-overrides.hmap -emit-const-values -Xfrontend -const-gather-protocols-file -Xfrontend /Users/ryankanfer/Library/Developer/Xcode/DerivedData/HOMEY_Clean-gafualdnzupkfseuistvwtqbnpqd/Build/Intermediates.noindex/xctest-dynamic-overlay.build/Debug-iphoneos/IssueReportingPackageSupport.build/Objects-normal/arm64/IssueReportingPackageSupport_const_extract_protocols.json -Xcc -I/Users/ryankanfer/Library/Developer/Xcode/DerivedData/HOMEY_Clean-gafualdnzupkfseuistvwtqbnpqd/Build/Products/Debug-iphoneos/include -Xcc -I/Users/ryankanfer/Library/Developer/Xcode/DerivedData/HOMEY_Clean-gafualdnzupkfseuistvwtqbnpqd/Build/Intermediates.noindex/xctest-dynamic-overlay.build/Debug-iphoneos/IssueReportingPackageSupport.build/DerivedSources-normal/arm64 -Xcc -I/Users/ryankanfer/Library/Developer/Xcode/DerivedData/HOMEY_Clean-gafualdnzupkfseuistvwtqbnpqd/Build/Intermediates.noindex/xctest-dynamic-overlay.build/Debug-iphoneos/IssueReportingPackageSupport.build/DerivedSources/arm64 -Xcc -I/Users/ryankanfer/Library/Developer/Xcode/DerivedData/HOMEY_Clean-gafualdnzupkfseuistvwtqbnpqd/Build/Intermediates.noindex/xctest-dynamic-overlay.build/Debug-iphoneos/IssueReportingPackageSupport.build/DerivedSources -Xcc -DSWIFT_PACKAGE -Xcc -DDEBUG\=1 -emit-objc-header -emit-objc-header-path /Users/ryankanfer/Library/Developer/Xcode/DerivedData/HOMEY_Clean-gafualdnzupkfseuistvwtqbnpqd/Build/Intermediates.noindex/xctest-dynamic-overlay.build/Debug-iphoneos/IssueReportingPackageSupport.build/Objects-normal/arm64/IssueReportingPackageSupport-Swift.h -working-directory /Users/ryankanfer/Documents/Developer/HOMEY\ Clean/HOMEY\ Clean.xcodeproj -experimental-emit-module-separately -disable-cmo

SwiftMergeGeneratedHeaders /Users/ryankanfer/Library/Developer/Xcode/DerivedData/HOMEY_Clean-gafualdnzupkfseuistvwtqbnpqd/Build/Intermediates.noindex/GeneratedModuleMaps-iphoneos/IssueReportingPackageSupport-Swift.h /Users/ryankanfer/Library/Developer/Xcode/DerivedData/HOMEY_Clean-gafualdnzupkfseuistvwtqbnpqd/Build/Intermediates.noindex/xctest-dynamic-overlay.build/Debug-iphoneos/IssueReportingPackageSupport.build/Objects-normal/arm64/IssueReportingPackageSupport-Swift.h (in target 'IssueReportingPackageSupport' from project 'xctest-dynamic-overlay')
    cd /Users/ryankanfer/Library/Developer/Xcode/DerivedData/HOMEY_Clean-gafualdnzupkfseuistvwtqbnpqd/SourcePackages/checkouts/xctest-dynamic-overlay
    builtin-swiftHeaderTool -arch arm64 /Users/ryankanfer/Library/Developer/Xcode/DerivedData/HOMEY_Clean-gafualdnzupkfseuistvwtqbnpqd/Build/Intermediates.noindex/xctest-dynamic-overlay.build/Debug-iphoneos/IssueReportingPackageSupport.build/Objects-normal/arm64/IssueReportingPackageSupport-Swift.h -o /Users/ryankanfer/Library/Developer/Xcode/DerivedData/HOMEY_Clean-gafualdnzupkfseuistvwtqbnpqd/Build/Intermediates.noindex/GeneratedModuleMaps-iphoneos/IssueReportingPackageSupport-Swift.h

Copy /Users/ryankanfer/Library/Developer/Xcode/DerivedData/HOMEY_Clean-gafualdnzupkfseuistvwtqbnpqd/Build/Products/Debug-iphoneos/IssueReportingPackageSupport.swiftmodule/arm64-apple-ios.swiftmodule /Users/ryankanfer/Library/Developer/Xcode/DerivedData/HOMEY_Clean-gafualdnzupkfseuistvwtqbnpqd/Build/Intermediates.noindex/xctest-dynamic-overlay.build/Debug-iphoneos/IssueReportingPackageSupport.build/Objects-normal/arm64/IssueReportingPackageSupport.swiftmodule (in target 'IssueReportingPackageSupport' from project 'xctest-dynamic-overlay')
    cd /Users/ryankanfer/Library/Developer/Xcode/DerivedData/HOMEY_Clean-gafualdnzupkfseuistvwtqbnpqd/SourcePackages/checkouts/xctest-dynamic-overlay
    builtin-copy -exclude .DS_Store -exclude CVS -exclude .svn -exclude .git -exclude .hg -resolve-src-symlinks -rename /Users/ryankanfer/Library/Developer/Xcode/DerivedData/HOMEY_Clean-gafualdnzupkfseuistvwtqbnpqd/Build/Intermediates.noindex/xctest-dynamic-overlay.build/Debug-iphoneos/IssueReportingPackageSupport.build/Objects-normal/arm64/IssueReportingPackageSupport.swiftmodule /Users/ryankanfer/Library/Developer/Xcode/DerivedData/HOMEY_Clean-gafualdnzupkfseuistvwtqbnpqd/Build/Products/Debug-iphoneos/IssueReportingPackageSupport.swiftmodule/arm64-apple-ios.swiftmodule

Copy /Users/ryankanfer/Library/Developer/Xcode/DerivedData/HOMEY_Clean-gafualdnzupkfseuistvwtqbnpqd/Build/Products/Debug-iphoneos/IssueReportingPackageSupport.swiftmodule/arm64-apple-ios.abi.json /Users/ryankanfer/Library/Developer/Xcode/DerivedData/HOMEY_Clean-gafualdnzupkfseuistvwtqbnpqd/Build/Intermediates.noindex/xctest-dynamic-overlay.build/Debug-iphoneos/IssueReportingPackageSupport.build/Objects-normal/arm64/IssueReportingPackageSupport.abi.json (in target 'IssueReportingPackageSupport' from project 'xctest-dynamic-overlay')
    cd /Users/ryankanfer/Library/Developer/Xcode/DerivedData/HOMEY_Clean-gafualdnzupkfseuistvwtqbnpqd/SourcePackages/checkouts/xctest-dynamic-overlay
    builtin-copy -exclude .DS_Store -exclude CVS -exclude .svn -exclude .git -exclude .hg -resolve-src-symlinks -rename /Users/ryankanfer/Library/Developer/Xcode/DerivedData/HOMEY_Clean-gafualdnzupkfseuistvwtqbnpqd/Build/Intermediates.noindex/xctest-dynamic-overlay.build/Debug-iphoneos/IssueReportingPackageSupport.build/Objects-normal/arm64/IssueReportingPackageSupport.abi.json /Users/ryankanfer/Library/Developer/Xcode/DerivedData/HOMEY_Clean-gafualdnzupkfseuistvwtqbnpqd/Build/Products/Debug-iphoneos/IssueReportingPackageSupport.swiftmodule/arm64-apple-ios.abi.json

Copy /Users/ryankanfer/Library/Developer/Xcode/DerivedData/HOMEY_Clean-gafualdnzupkfseuistvwtqbnpqd/Build/Products/Debug-iphoneos/IssueReportingPackageSupport.swiftmodule/arm64-apple-ios.swiftdoc /Users/ryankanfer/Library/Developer/Xcode/DerivedData/HOMEY_Clean-gafualdnzupkfseuistvwtqbnpqd/Build/Intermediates.noindex/xctest-dynamic-overlay.build/Debug-iphoneos/IssueReportingPackageSupport.build/Objects-normal/arm64/IssueReportingPackageSupport.swiftdoc (in target 'IssueReportingPackageSupport' from project 'xctest-dynamic-overlay')
    cd /Users/ryankanfer/Library/Developer/Xcode/DerivedData/HOMEY_Clean-gafualdnzupkfseuistvwtqbnpqd/SourcePackages/checkouts/xctest-dynamic-overlay
    builtin-copy -exclude .DS_Store -exclude CVS -exclude .svn -exclude .git -exclude .hg -resolve-src-symlinks -rename /Users/ryankanfer/Library/Developer/Xcode/DerivedData/HOMEY_Clean-gafualdnzupkfseuistvwtqbnpqd/Build/Intermediates.noindex/xctest-dynamic-overlay.build/Debug-iphoneos/IssueReportingPackageSupport.build/Objects-normal/arm64/IssueReportingPackageSupport.swiftdoc /Users/ryankanfer/Library/Developer/Xcode/DerivedData/HOMEY_Clean-gafualdnzupkfseuistvwtqbnpqd/Build/Products/Debug-iphoneos/IssueReportingPackageSupport.swiftmodule/arm64-apple-ios.swiftdoc

Copy /Users/ryankanfer/Library/Developer/Xcode/DerivedData/HOMEY_Clean-gafualdnzupkfseuistvwtqbnpqd/Build/Products/Debug-iphoneos/IssueReportingPackageSupport.swiftmodule/Project/arm64-apple-ios.swiftsourceinfo /Users/ryankanfer/Library/Developer/Xcode/DerivedData/HOMEY_Clean-gafualdnzupkfseuistvwtqbnpqd/Build/Intermediates.noindex/xctest-dynamic-overlay.build/Debug-iphoneos/IssueReportingPackageSupport.build/Objects-normal/arm64/IssueReportingPackageSupport.swiftsourceinfo (in target 'IssueReportingPackageSupport' from project 'xctest-dynamic-overlay')
    cd /Users/ryankanfer/Library/Developer/Xcode/DerivedData/HOMEY_Clean-gafualdnzupkfseuistvwtqbnpqd/SourcePackages/checkouts/xctest-dynamic-overlay
    builtin-copy -exclude .DS_Store -exclude CVS -exclude .svn -exclude .git -exclude .hg -resolve-src-symlinks -rename /Users/ryankanfer/Library/Developer/Xcode/DerivedData/HOMEY_Clean-gafualdnzupkfseuistvwtqbnpqd/Build/Intermediates.noindex/xctest-dynamic-overlay.build/Debug-iphoneos/IssueReportingPackageSupport.build/Objects-normal/arm64/IssueReportingPackageSupport.swiftsourceinfo /Users/ryankanfer/Library/Developer/Xcode/DerivedData/HOMEY_Clean-gafualdnzupkfseuistvwtqbnpqd/Build/Products/Debug-iphoneos/IssueReportingPackageSupport.swiftmodule/Project/arm64-apple-ios.swiftsourceinfo

SwiftDriverJobDiscovery normal arm64 Compiling _Test.swift (in target 'IssueReportingPackageSupport' from project 'xctest-dynamic-overlay')

SwiftDriver\ Compilation IssueReportingPackageSupport normal arm64 com.apple.xcode.tools.swift.compiler (in target 'IssueReportingPackageSupport' from project 'xctest-dynamic-overlay')
    cd /Users/ryankanfer/Documents/Developer/HOMEY\ Clean/HOMEY\ Clean.xcodeproj
    builtin-Swift-Compilation -- /Applications/Xcode.app/Contents/Developer/Toolchains/XcodeDefault.xctoolchain/usr/bin/swiftc -module-name IssueReportingPackageSupport -Onone -enforce-exclusivity\=checked @/Users/ryankanfer/Library/Developer/Xcode/DerivedData/HOMEY_Clean-gafualdnzupkfseuistvwtqbnpqd/Build/Intermediates.noindex/xctest-dynamic-overlay.build/Debug-iphoneos/IssueReportingPackageSupport.build/Objects-normal/arm64/IssueReportingPackageSupport.SwiftFileList -DSWIFT_PACKAGE -DDEBUG -DSWIFT_MODULE_RESOURCE_BUNDLE_UNAVAILABLE -DXcode -plugin-path /Applications/Xcode.app/Contents/Developer/Toolchains/XcodeDefault.xctoolchain/usr/lib/swift/host/plugins/testing -enable-experimental-feature DebugDescriptionMacro -sdk /Applications/Xcode.app/Contents/Developer/Platforms/iPhoneOS.platform/Developer/SDKs/iPhoneOS26.0.sdk -target arm64-apple-ios13.0 -g -module-cache-path /Users/ryankanfer/Library/Developer/Xcode/DerivedData/ModuleCache.noindex -Xfrontend -serialize-debugging-options -profile-coverage-mapping -profile-generate -enable-testing -suppress-warnings -index-store-path /Users/ryankanfer/Library/Developer/Xcode/DerivedData/HOMEY_Clean-gafualdnzupkfseuistvwtqbnpqd/Index.noindex/DataStore -Xcc -D_LIBCPP_HARDENING_MODE\=_LIBCPP_HARDENING_MODE_DEBUG -swift-version 6 -I /Users/ryankanfer/Library/Developer/Xcode/DerivedData/HOMEY_Clean-gafualdnzupkfseuistvwtqbnpqd/Build/Products/Debug-iphoneos -Isystem /Applications/Xcode.app/Contents/Developer/Platforms/iPhoneOS.platform/Developer/usr/lib -F /Users/ryankanfer/Library/Developer/Xcode/DerivedData/HOMEY_Clean-gafualdnzupkfseuistvwtqbnpqd/Build/Products/Debug-iphoneos -F /Applications/Xcode.app/Contents/Developer/Platforms/iPhoneOS.platform/Developer/Library/Frameworks -F /Applications/Xcode.app/Contents/Developer/Platforms/iPhoneOS.platform/Developer/SDKs/iPhoneOS26.0.sdk/Developer/Library/Frameworks -parse-as-library -c -j8 -enable-batch-mode -incremental -Xcc -ivfsstatcache -Xcc /Users/ryankanfer/Library/Developer/Xcode/DerivedData/SDKStatCaches.noindex/iphoneos26.0-23A339-81ce72e5b06c9602b9d30b56f2eed08a.sdkstatcache -output-file-map /Users/ryankanfer/Library/Developer/Xcode/DerivedData/HOMEY_Clean-gafualdnzupkfseuistvwtqbnpqd/Build/Intermediates.noindex/xctest-dynamic-overlay.build/Debug-iphoneos/IssueReportingPackageSupport.build/Objects-normal/arm64/IssueReportingPackageSupport-OutputFileMap.json -use-frontend-parseable-output -save-temps -no-color-diagnostics -explicit-module-build -module-cache-path /Users/ryankanfer/Library/Developer/Xcode/DerivedData/HOMEY_Clean-gafualdnzupkfseuistvwtqbnpqd/Build/Intermediates.noindex/SwiftExplicitPrecompiledModules -clang-scanner-module-cache-path /Users/ryankanfer/Library/Developer/Xcode/DerivedData/ModuleCache.noindex -sdk-module-cache-path /Users/ryankanfer/Library/Developer/Xcode/DerivedData/ModuleCache.noindex -serialize-diagnostics -emit-dependencies -emit-module -emit-module-path /Users/ryankanfer/Library/Developer/Xcode/DerivedData/HOMEY_Clean-gafualdnzupkfseuistvwtqbnpqd/Build/Intermediates.noindex/xctest-dynamic-overlay.build/Debug-iphoneos/IssueReportingPackageSupport.build/Objects-normal/arm64/IssueReportingPackageSupport.swiftmodule -user-module-version 1.6.1 -validate-clang-modules-once -clang-build-session-file /Users/ryankanfer/Library/Developer/Xcode/DerivedData/ModuleCache.noindex/Session.modulevalidation -package-name xctest_dynamic_overlay -Xcc -I/Users/ryankanfer/Library/Developer/Xcode/DerivedData/HOMEY_Clean-gafualdnzupkfseuistvwtqbnpqd/Build/Intermediates.noindex/xctest-dynamic-overlay.build/Debug-iphoneos/IssueReportingPackageSupport.build/swift-overrides.hmap -emit-const-values -Xfrontend -const-gather-protocols-file -Xfrontend /Users/ryankanfer/Library/Developer/Xcode/DerivedData/HOMEY_Clean-gafualdnzupkfseuistvwtqbnpqd/Build/Intermediates.noindex/xctest-dynamic-overlay.build/Debug-iphoneos/IssueReportingPackageSupport.build/Objects-normal/arm64/IssueReportingPackageSupport_const_extract_protocols.json -Xcc -I/Users/ryankanfer/Library/Developer/Xcode/DerivedData/HOMEY_Clean-gafualdnzupkfseuistvwtqbnpqd/Build/Products/Debug-iphoneos/include -Xcc -I/Users/ryankanfer/Library/Developer/Xcode/DerivedData/HOMEY_Clean-gafualdnzupkfseuistvwtqbnpqd/Build/Intermediates.noindex/xctest-dynamic-overlay.build/Debug-iphoneos/IssueReportingPackageSupport.build/DerivedSources-normal/arm64 -Xcc -I/Users/ryankanfer/Library/Developer/Xcode/DerivedData/HOMEY_Clean-gafualdnzupkfseuistvwtqbnpqd/Build/Intermediates.noindex/xctest-dynamic-overlay.build/Debug-iphoneos/IssueReportingPackageSupport.build/DerivedSources/arm64 -Xcc -I/Users/ryankanfer/Library/Developer/Xcode/DerivedData/HOMEY_Clean-gafualdnzupkfseuistvwtqbnpqd/Build/Intermediates.noindex/xctest-dynamic-overlay.build/Debug-iphoneos/IssueReportingPackageSupport.build/DerivedSources -Xcc -DSWIFT_PACKAGE -Xcc -DDEBUG\=1 -emit-objc-header -emit-objc-header-path /Users/ryankanfer/Library/Developer/Xcode/DerivedData/HOMEY_Clean-gafualdnzupkfseuistvwtqbnpqd/Build/Intermediates.noindex/xctest-dynamic-overlay.build/Debug-iphoneos/IssueReportingPackageSupport.build/Objects-normal/arm64/IssueReportingPackageSupport-Swift.h -working-directory /Users/ryankanfer/Documents/Developer/HOMEY\ Clean/HOMEY\ Clean.xcodeproj -experimental-emit-module-separately -disable-cmo

SwiftDriver IssueReporting normal arm64 com.apple.xcode.tools.swift.compiler (in target 'IssueReporting' from project 'xctest-dynamic-overlay')
    cd /Users/ryankanfer/Documents/Developer/HOMEY\ Clean/HOMEY\ Clean.xcodeproj
    builtin-SwiftDriver -- /Applications/Xcode.app/Contents/Developer/Toolchains/XcodeDefault.xctoolchain/usr/bin/swiftc -module-name IssueReporting -Onone -enforce-exclusivity\=checked @/Users/ryankanfer/Library/Developer/Xcode/DerivedData/HOMEY_Clean-gafualdnzupkfseuistvwtqbnpqd/Build/Intermediates.noindex/xctest-dynamic-overlay.build/Debug-iphoneos/IssueReporting.build/Objects-normal/arm64/IssueReporting.SwiftFileList -DSWIFT_PACKAGE -DDEBUG -DSWIFT_MODULE_RESOURCE_BUNDLE_UNAVAILABLE -DXcode -plugin-path /Applications/Xcode.app/Contents/Developer/Toolchains/XcodeDefault.xctoolchain/usr/lib/swift/host/plugins/testing -enable-experimental-feature DebugDescriptionMacro -sdk /Applications/Xcode.app/Contents/Developer/Platforms/iPhoneOS.platform/Developer/SDKs/iPhoneOS26.0.sdk -target arm64-apple-ios13.0 -g -module-cache-path /Users/ryankanfer/Library/Developer/Xcode/DerivedData/ModuleCache.noindex -Xfrontend -serialize-debugging-options -profile-coverage-mapping -profile-generate -enable-testing -suppress-warnings -index-store-path /Users/ryankanfer/Library/Developer/Xcode/DerivedData/HOMEY_Clean-gafualdnzupkfseuistvwtqbnpqd/Index.noindex/DataStore -Xcc -D_LIBCPP_HARDENING_MODE\=_LIBCPP_HARDENING_MODE_DEBUG -swift-version 6 -I /Users/ryankanfer/Library/Developer/Xcode/DerivedData/HOMEY_Clean-gafualdnzupkfseuistvwtqbnpqd/Build/Products/Debug-iphoneos -Isystem /Applications/Xcode.app/Contents/Developer/Platforms/iPhoneOS.platform/Developer/usr/lib -F /Users/ryankanfer/Library/Developer/Xcode/DerivedData/HOMEY_Clean-gafualdnzupkfseuistvwtqbnpqd/Build/Products/Debug-iphoneos/PackageFrameworks -F /Users/ryankanfer/Library/Developer/Xcode/DerivedData/HOMEY_Clean-gafualdnzupkfseuistvwtqbnpqd/Build/Products/Debug-iphoneos -F /Applications/Xcode.app/Contents/Developer/Platforms/iPhoneOS.platform/Developer/Library/Frameworks -F /Applications/Xcode.app/Contents/Developer/Platforms/iPhoneOS.platform/Developer/SDKs/iPhoneOS26.0.sdk/Developer/Library/Frameworks -c -j8 -enable-batch-mode -incremental -Xcc -ivfsstatcache -Xcc /Users/ryankanfer/Library/Developer/Xcode/DerivedData/SDKStatCaches.noindex/iphoneos26.0-23A339-81ce72e5b06c9602b9d30b56f2eed08a.sdkstatcache -output-file-map /Users/ryankanfer/Library/Developer/Xcode/DerivedData/HOMEY_Clean-gafualdnzupkfseuistvwtqbnpqd/Build/Intermediates.noindex/xctest-dynamic-overlay.build/Debug-iphoneos/IssueReporting.build/Objects-normal/arm64/IssueReporting-OutputFileMap.json -use-frontend-parseable-output -save-temps -no-color-diagnostics -explicit-module-build -module-cache-path /Users/ryankanfer/Library/Developer/Xcode/DerivedData/HOMEY_Clean-gafualdnzupkfseuistvwtqbnpqd/Build/Intermediates.noindex/SwiftExplicitPrecompiledModules -clang-scanner-module-cache-path /Users/ryankanfer/Library/Developer/Xcode/DerivedData/ModuleCache.noindex -sdk-module-cache-path /Users/ryankanfer/Library/Developer/Xcode/DerivedData/ModuleCache.noindex -serialize-diagnostics -emit-dependencies -emit-module -emit-module-path /Users/ryankanfer/Library/Developer/Xcode/DerivedData/HOMEY_Clean-gafualdnzupkfseuistvwtqbnpqd/Build/Intermediates.noindex/xctest-dynamic-overlay.build/Debug-iphoneos/IssueReporting.build/Objects-normal/arm64/IssueReporting.swiftmodule -user-module-version 1.6.1 -validate-clang-modules-once -clang-build-session-file /Users/ryankanfer/Library/Developer/Xcode/DerivedData/ModuleCache.noindex/Session.modulevalidation -package-name xctest_dynamic_overlay -Xcc -I/Users/ryankanfer/Library/Developer/Xcode/DerivedData/HOMEY_Clean-gafualdnzupkfseuistvwtqbnpqd/Build/Intermediates.noindex/xctest-dynamic-overlay.build/Debug-iphoneos/IssueReporting.build/swift-overrides.hmap -emit-const-values -Xfrontend -const-gather-protocols-file -Xfrontend /Users/ryankanfer/Library/Developer/Xcode/DerivedData/HOMEY_Clean-gafualdnzupkfseuistvwtqbnpqd/Build/Intermediates.noindex/xctest-dynamic-overlay.build/Debug-iphoneos/IssueReporting.build/Objects-normal/arm64/IssueReporting_const_extract_protocols.json -Xcc -I/Users/ryankanfer/Library/Developer/Xcode/DerivedData/HOMEY_Clean-gafualdnzupkfseuistvwtqbnpqd/Build/Products/Debug-iphoneos/include -Xcc -I/Users/ryankanfer/Library/Developer/Xcode/DerivedData/HOMEY_Clean-gafualdnzupkfseuistvwtqbnpqd/Build/Intermediates.noindex/xctest-dynamic-overlay.build/Debug-iphoneos/IssueReporting.build/DerivedSources-normal/arm64 -Xcc -I/Users/ryankanfer/Library/Developer/Xcode/DerivedData/HOMEY_Clean-gafualdnzupkfseuistvwtqbnpqd/Build/Intermediates.noindex/xctest-dynamic-overlay.build/Debug-iphoneos/IssueReporting.build/DerivedSources/arm64 -Xcc -I/Users/ryankanfer/Library/Developer/Xcode/DerivedData/HOMEY_Clean-gafualdnzupkfseuistvwtqbnpqd/Build/Intermediates.noindex/xctest-dynamic-overlay.build/Debug-iphoneos/IssueReporting.build/DerivedSources -Xcc -DSWIFT_PACKAGE -Xcc -DDEBUG\=1 -emit-objc-header -emit-objc-header-path /Users/ryankanfer/Library/Developer/Xcode/DerivedData/HOMEY_Clean-gafualdnzupkfseuistvwtqbnpqd/Build/Intermediates.noindex/xctest-dynamic-overlay.build/Debug-iphoneos/IssueReporting.build/Objects-normal/arm64/IssueReporting-Swift.h -working-directory /Users/ryankanfer/Documents/Developer/HOMEY\ Clean/HOMEY\ Clean.xcodeproj -experimental-emit-module-separately -disable-cmo

Ld /Users/ryankanfer/Library/Developer/Xcode/DerivedData/HOMEY_Clean-gafualdnzupkfseuistvwtqbnpqd/Build/Products/Debug-iphoneos/IssueReportingPackageSupport.o normal (in target 'IssueReportingPackageSupport' from project 'xctest-dynamic-overlay')
    cd /Users/ryankanfer/Library/Developer/Xcode/DerivedData/HOMEY_Clean-gafualdnzupkfseuistvwtqbnpqd/SourcePackages/checkouts/xctest-dynamic-overlay
    /Applications/Xcode.app/Contents/Developer/Toolchains/XcodeDefault.xctoolchain/usr/bin/clang -Xlinker -reproducible -target arm64-apple-ios13.0 -r -isysroot /Applications/Xcode.app/Contents/Developer/Platforms/iPhoneOS.platform/Developer/SDKs/iPhoneOS26.0.sdk -O0 -w -L/Users/ryankanfer/Library/Developer/Xcode/DerivedData/HOMEY_Clean-gafualdnzupkfseuistvwtqbnpqd/Build/Intermediates.noindex/EagerLinkingTBDs/Debug-iphoneos -L/Users/ryankanfer/Library/Developer/Xcode/DerivedData/HOMEY_Clean-gafualdnzupkfseuistvwtqbnpqd/Build/Products/Debug-iphoneos -L/Applications/Xcode.app/Contents/Developer/Platforms/iPhoneOS.platform/Developer/usr/lib -F/Users/ryankanfer/Library/Developer/Xcode/DerivedData/HOMEY_Clean-gafualdnzupkfseuistvwtqbnpqd/Build/Intermediates.noindex/EagerLinkingTBDs/Debug-iphoneos -F/Users/ryankanfer/Library/Developer/Xcode/DerivedData/HOMEY_Clean-gafualdnzupkfseuistvwtqbnpqd/Build/Products/Debug-iphoneos -iframework /Applications/Xcode.app/Contents/Developer/Platforms/iPhoneOS.platform/Developer/Library/Frameworks -iframework /Applications/Xcode.app/Contents/Developer/Platforms/iPhoneOS.platform/Developer/SDKs/iPhoneOS26.0.sdk/Developer/Library/Frameworks -filelist /Users/ryankanfer/Library/Developer/Xcode/DerivedData/HOMEY_Clean-gafualdnzupkfseuistvwtqbnpqd/Build/Intermediates.noindex/xctest-dynamic-overlay.build/Debug-iphoneos/IssueReportingPackageSupport.build/Objects-normal/arm64/IssueReportingPackageSupport.LinkFileList -nostdlib -Xlinker -object_path_lto -Xlinker /Users/ryankanfer/Library/Developer/Xcode/DerivedData/HOMEY_Clean-gafualdnzupkfseuistvwtqbnpqd/Build/Intermediates.noindex/xctest-dynamic-overlay.build/Debug-iphoneos/IssueReportingPackageSupport.build/Objects-normal/arm64/IssueReportingPackageSupport_lto.o -rdynamic -Xlinker -no_deduplicate -Xlinker -debug_variant -Xlinker -dependency_info -Xlinker /Users/ryankanfer/Library/Developer/Xcode/DerivedData/HOMEY_Clean-gafualdnzupkfseuistvwtqbnpqd/Build/Intermediates.noindex/xctest-dynamic-overlay.build/Debug-iphoneos/IssueReportingPackageSupport.build/Objects-normal/arm64/IssueReportingPackageSupport_dependency_info.dat -fobjc-link-runtime -L/Applications/Xcode.app/Contents/Developer/Toolchains/XcodeDefault.xctoolchain/usr/lib/swift/iphoneos -L/usr/lib/swift -Xlinker -add_ast_path -Xlinker /Users/ryankanfer/Library/Developer/Xcode/DerivedData/HOMEY_Clean-gafualdnzupkfseuistvwtqbnpqd/Build/Intermediates.noindex/xctest-dynamic-overlay.build/Debug-iphoneos/IssueReportingPackageSupport.build/Objects-normal/arm64/IssueReportingPackageSupport.swiftmodule @/Users/ryankanfer/Library/Developer/Xcode/DerivedData/HOMEY_Clean-gafualdnzupkfseuistvwtqbnpqd/Build/Intermediates.noindex/xctest-dynamic-overlay.build/Debug-iphoneos/IssueReportingPackageSupport.build/Objects-normal/arm64/IssueReportingPackageSupport-linker-args.resp -o /Users/ryankanfer/Library/Developer/Xcode/DerivedData/HOMEY_Clean-gafualdnzupkfseuistvwtqbnpqd/Build/Products/Debug-iphoneos/IssueReportingPackageSupport.o

SwiftEmitModule normal arm64 Emitting\ module\ for\ HTTPTypes (in target 'HTTPTypes' from project 'swift-http-types')
EmitSwiftModule normal arm64 (in target 'HTTPTypes' from project 'swift-http-types')
    cd /Users/ryankanfer/Documents/Developer/HOMEY\ Clean/HOMEY\ Clean.xcodeproj
    

SwiftCompile normal arm64 Compiling\ HTTPFieldName.swift /Users/ryankanfer/Library/Developer/Xcode/DerivedData/HOMEY_Clean-gafualdnzupkfseuistvwtqbnpqd/SourcePackages/checkouts/swift-http-types/Sources/HTTPTypes/HTTPFieldName.swift (in target 'HTTPTypes' from project 'swift-http-types')

SwiftCompile normal arm64 /Users/ryankanfer/Library/Developer/Xcode/DerivedData/HOMEY_Clean-gafualdnzupkfseuistvwtqbnpqd/SourcePackages/checkouts/swift-http-types/Sources/HTTPTypes/HTTPFieldName.swift (in target 'HTTPTypes' from project 'swift-http-types')
    cd /Users/ryankanfer/Documents/Developer/HOMEY\ Clean/HOMEY\ Clean.xcodeproj
    

SwiftCompile normal arm64 Compiling\ HTTPRequest.swift /Users/ryankanfer/Library/Developer/Xcode/DerivedData/HOMEY_Clean-gafualdnzupkfseuistvwtqbnpqd/SourcePackages/checkouts/swift-http-types/Sources/HTTPTypes/HTTPRequest.swift (in target 'HTTPTypes' from project 'swift-http-types')
SwiftCompile normal arm64 /Users/ryankanfer/Library/Developer/Xcode/DerivedData/HOMEY_Clean-gafualdnzupkfseuistvwtqbnpqd/SourcePackages/checkouts/swift-http-types/Sources/HTTPTypes/HTTPRequest.swift (in target 'HTTPTypes' from project 'swift-http-types')
    cd /Users/ryankanfer/Documents/Developer/HOMEY\ Clean/HOMEY\ Clean.xcodeproj
    

SwiftCompile normal arm64 Compiling\ HTTPResponse.swift /Users/ryankanfer/Library/Developer/Xcode/DerivedData/HOMEY_Clean-gafualdnzupkfseuistvwtqbnpqd/SourcePackages/checkouts/swift-http-types/Sources/HTTPTypes/HTTPResponse.swift (in target 'HTTPTypes' from project 'swift-http-types')
SwiftCompile normal arm64 /Users/ryankanfer/Library/Developer/Xcode/DerivedData/HOMEY_Clean-gafualdnzupkfseuistvwtqbnpqd/SourcePackages/checkouts/swift-http-types/Sources/HTTPTypes/HTTPResponse.swift (in target 'HTTPTypes' from project 'swift-http-types')
    cd /Users/ryankanfer/Documents/Developer/HOMEY\ Clean/HOMEY\ Clean.xcodeproj
    

SwiftCompile normal arm64 Compiling\ NIOLock.swift /Users/ryankanfer/Library/Developer/Xcode/DerivedData/HOMEY_Clean-gafualdnzupkfseuistvwtqbnpqd/SourcePackages/checkouts/swift-http-types/Sources/HTTPTypes/NIOLock.swift (in target 'HTTPTypes' from project 'swift-http-types')

SwiftCompile normal arm64 /Users/ryankanfer/Library/Developer/Xcode/DerivedData/HOMEY_Clean-gafualdnzupkfseuistvwtqbnpqd/SourcePackages/checkouts/swift-http-types/Sources/HTTPTypes/NIOLock.swift (in target 'HTTPTypes' from project 'swift-http-types')
    cd /Users/ryankanfer/Documents/Developer/HOMEY\ Clean/HOMEY\ Clean.xcodeproj
    

SwiftCompile normal arm64 Compiling\ ISOLatin1String.swift /Users/ryankanfer/Library/Developer/Xcode/DerivedData/HOMEY_Clean-gafualdnzupkfseuistvwtqbnpqd/SourcePackages/checkouts/swift-http-types/Sources/HTTPTypes/ISOLatin1String.swift (in target 'HTTPTypes' from project 'swift-http-types')

SwiftCompile normal arm64 /Users/ryankanfer/Library/Developer/Xcode/DerivedData/HOMEY_Clean-gafualdnzupkfseuistvwtqbnpqd/SourcePackages/checkouts/swift-http-types/Sources/HTTPTypes/ISOLatin1String.swift (in target 'HTTPTypes' from project 'swift-http-types')
    cd /Users/ryankanfer/Documents/Developer/HOMEY\ Clean/HOMEY\ Clean.xcodeproj
    

SwiftEmitModule normal arm64 Emitting\ module\ for\ ConcurrencyExtras (in target 'ConcurrencyExtras' from project 'swift-concurrency-extras')

EmitSwiftModule normal arm64 (in target 'ConcurrencyExtras' from project 'swift-concurrency-extras')
    cd /Users/ryankanfer/Documents/Developer/HOMEY\ Clean/HOMEY\ Clean.xcodeproj
    

SwiftEmitModule normal arm64 Emitting\ module\ for\ Crypto (in target 'Crypto' from project 'swift-crypto')

EmitSwiftModule normal arm64 (in target 'Crypto' from project 'swift-crypto')
    cd /Users/ryankanfer/Documents/Developer/HOMEY\ Clean/HOMEY\ Clean.xcodeproj
    

SwiftEmitModule normal arm64 Emitting\ module\ for\ IssueReporting (in target 'IssueReporting' from project 'xctest-dynamic-overlay')
EmitSwiftModule normal arm64 (in target 'IssueReporting' from project 'xctest-dynamic-overlay')
    cd /Users/ryankanfer/Documents/Developer/HOMEY\ Clean/HOMEY\ Clean.xcodeproj
    

SwiftDriverJobDiscovery normal arm64 Compiling NIOLock.swift (in target 'HTTPTypes' from project 'swift-http-types')

SwiftCompile normal arm64 Compiling\ XCTest.swift,\ IsTesting.swift,\ IssueReporter.swift /Users/ryankanfer/Library/Developer/Xcode/DerivedData/HOMEY_Clean-gafualdnzupkfseuistvwtqbnpqd/SourcePackages/checkouts/xctest-dynamic-overlay/Sources/IssueReporting/Internal/XCTest.swift /Users/ryankanfer/Library/Developer/Xcode/DerivedData/HOMEY_Clean-gafualdnzupkfseuistvwtqbnpqd/SourcePackages/checkouts/xctest-dynamic-overlay/Sources/IssueReporting/IsTesting.swift /Users/ryankanfer/Library/Developer/Xcode/DerivedData/HOMEY_Clean-gafualdnzupkfseuistvwtqbnpqd/SourcePackages/checkouts/xctest-dynamic-overlay/Sources/IssueReporting/IssueReporter.swift (in target 'IssueReporting' from project 'xctest-dynamic-overlay')

SwiftCompile normal arm64 /Users/ryankanfer/Library/Developer/Xcode/DerivedData/HOMEY_Clean-gafualdnzupkfseuistvwtqbnpqd/SourcePackages/checkouts/xctest-dynamic-overlay/Sources/IssueReporting/Internal/XCTest.swift (in target 'IssueReporting' from project 'xctest-dynamic-overlay')
    cd /Users/ryankanfer/Documents/Developer/HOMEY\ Clean/HOMEY\ Clean.xcodeproj
    

SwiftCompile normal arm64 /Users/ryankanfer/Library/Developer/Xcode/DerivedData/HOMEY_Clean-gafualdnzupkfseuistvwtqbnpqd/SourcePackages/checkouts/xctest-dynamic-overlay/Sources/IssueReporting/IsTesting.swift (in target 'IssueReporting' from project 'xctest-dynamic-overlay')
    cd /Users/ryankanfer/Documents/Developer/HOMEY\ Clean/HOMEY\ Clean.xcodeproj
    

SwiftCompile normal arm64 /Users/ryankanfer/Library/Developer/Xcode/DerivedData/HOMEY_Clean-gafualdnzupkfseuistvwtqbnpqd/SourcePackages/checkouts/xctest-dynamic-overlay/Sources/IssueReporting/IssueReporter.swift (in target 'IssueReporting' from project 'xctest-dynamic-overlay')
    cd /Users/ryankanfer/Documents/Developer/HOMEY\ Clean/HOMEY\ Clean.xcodeproj
    

SwiftDriverJobDiscovery normal arm64 Compiling HTTPFieldName.swift (in target 'HTTPTypes' from project 'swift-http-types')

SwiftCompile normal arm64 Compiling\ WithExpectedIssue.swift,\ WithIssueContext.swift /Users/ryankanfer/Library/Developer/Xcode/DerivedData/HOMEY_Clean-gafualdnzupkfseuistvwtqbnpqd/SourcePackages/checkouts/xctest-dynamic-overlay/Sources/IssueReporting/WithExpectedIssue.swift /Users/ryankanfer/Library/Developer/Xcode/DerivedData/HOMEY_Clean-gafualdnzupkfseuistvwtqbnpqd/SourcePackages/checkouts/xctest-dynamic-overlay/Sources/IssueReporting/WithIssueContext.swift (in target 'IssueReporting' from project 'xctest-dynamic-overlay')

SwiftCompile normal arm64 /Users/ryankanfer/Library/Developer/Xcode/DerivedData/HOMEY_Clean-gafualdnzupkfseuistvwtqbnpqd/SourcePackages/checkouts/xctest-dynamic-overlay/Sources/IssueReporting/WithExpectedIssue.swift (in target 'IssueReporting' from project 'xctest-dynamic-overlay')
    cd /Users/ryankanfer/Documents/Developer/HOMEY\ Clean/HOMEY\ Clean.xcodeproj
    

SwiftCompile normal arm64 /Users/ryankanfer/Library/Developer/Xcode/DerivedData/HOMEY_Clean-gafualdnzupkfseuistvwtqbnpqd/SourcePackages/checkouts/xctest-dynamic-overlay/Sources/IssueReporting/WithIssueContext.swift (in target 'IssueReporting' from project 'xctest-dynamic-overlay')
    cd /Users/ryankanfer/Documents/Developer/HOMEY\ Clean/HOMEY\ Clean.xcodeproj
    

SwiftDriverJobDiscovery normal arm64 Emitting module for HTTPTypes (in target 'HTTPTypes' from project 'swift-http-types')

SwiftDriver\ Compilation\ Requirements HTTPTypes normal arm64 com.apple.xcode.tools.swift.compiler (in target 'HTTPTypes' from project 'swift-http-types')
    cd /Users/ryankanfer/Documents/Developer/HOMEY\ Clean/HOMEY\ Clean.xcodeproj
    builtin-Swift-Compilation-Requirements -- /Applications/Xcode.app/Contents/Developer/Toolchains/XcodeDefault.xctoolchain/usr/bin/swiftc -module-name HTTPTypes -Onone -enforce-exclusivity\=checked @/Users/ryankanfer/Library/Developer/Xcode/DerivedData/HOMEY_Clean-gafualdnzupkfseuistvwtqbnpqd/Build/Intermediates.noindex/swift-http-types.build/Debug-iphoneos/HTTPTypes.build/Objects-normal/arm64/HTTPTypes.SwiftFileList -DSWIFT_PACKAGE -DDEBUG -DSWIFT_MODULE_RESOURCE_BUNDLE_UNAVAILABLE -DXcode -enable-experimental-feature StrictConcurrency\=complete -enable-upcoming-feature MemberImportVisibility -plugin-path /Applications/Xcode.app/Contents/Developer/Toolchains/XcodeDefault.xctoolchain/usr/lib/swift/host/plugins/testing -enable-experimental-feature DebugDescriptionMacro -sdk /Applications/Xcode.app/Contents/Developer/Platforms/iPhoneOS.platform/Developer/SDKs/iPhoneOS26.0.sdk -target arm64-apple-ios12.0 -g -module-cache-path /Users/ryankanfer/Library/Developer/Xcode/DerivedData/ModuleCache.noindex -Xfrontend -serialize-debugging-options -profile-coverage-mapping -profile-generate -enable-testing -suppress-warnings -index-store-path /Users/ryankanfer/Library/Developer/Xcode/DerivedData/HOMEY_Clean-gafualdnzupkfseuistvwtqbnpqd/Index.noindex/DataStore -Xcc -D_LIBCPP_HARDENING_MODE\=_LIBCPP_HARDENING_MODE_DEBUG -swift-version 5 -I /Users/ryankanfer/Library/Developer/Xcode/DerivedData/HOMEY_Clean-gafualdnzupkfseuistvwtqbnpqd/Build/Products/Debug-iphoneos -Isystem /Applications/Xcode.app/Contents/Developer/Platforms/iPhoneOS.platform/Developer/usr/lib -F /Users/ryankanfer/Library/Developer/Xcode/DerivedData/HOMEY_Clean-gafualdnzupkfseuistvwtqbnpqd/Build/Products/Debug-iphoneos -F /Applications/Xcode.app/Contents/Developer/Platforms/iPhoneOS.platform/Developer/Library/Frameworks -F /Applications/Xcode.app/Contents/Developer/Platforms/iPhoneOS.platform/Developer/SDKs/iPhoneOS26.0.sdk/Developer/Library/Frameworks -c -j8 -enable-batch-mode -incremental -Xcc -ivfsstatcache -Xcc /Users/ryankanfer/Library/Developer/Xcode/DerivedData/SDKStatCaches.noindex/iphoneos26.0-23A339-81ce72e5b06c9602b9d30b56f2eed08a.sdkstatcache -output-file-map /Users/ryankanfer/Library/Developer/Xcode/DerivedData/HOMEY_Clean-gafualdnzupkfseuistvwtqbnpqd/Build/Intermediates.noindex/swift-http-types.build/Debug-iphoneos/HTTPTypes.build/Objects-normal/arm64/HTTPTypes-OutputFileMap.json -use-frontend-parseable-output -save-temps -no-color-diagnostics -explicit-module-build -module-cache-path /Users/ryankanfer/Library/Developer/Xcode/DerivedData/HOMEY_Clean-gafualdnzupkfseuistvwtqbnpqd/Build/Intermediates.noindex/SwiftExplicitPrecompiledModules -clang-scanner-module-cache-path /Users/ryankanfer/Library/Developer/Xcode/DerivedData/ModuleCache.noindex -sdk-module-cache-path /Users/ryankanfer/Library/Developer/Xcode/DerivedData/ModuleCache.noindex -serialize-diagnostics -emit-dependencies -emit-module -emit-module-path /Users/ryankanfer/Library/Developer/Xcode/DerivedData/HOMEY_Clean-gafualdnzupkfseuistvwtqbnpqd/Build/Intermediates.noindex/swift-http-types.build/Debug-iphoneos/HTTPTypes.build/Objects-normal/arm64/HTTPTypes.swiftmodule -validate-clang-modules-once -clang-build-session-file /Users/ryankanfer/Library/Developer/Xcode/DerivedData/ModuleCache.noindex/Session.modulevalidation -package-name swift_http_types -Xcc -I/Users/ryankanfer/Library/Developer/Xcode/DerivedData/HOMEY_Clean-gafualdnzupkfseuistvwtqbnpqd/Build/Intermediates.noindex/swift-http-types.build/Debug-iphoneos/HTTPTypes.build/swift-overrides.hmap -emit-const-values -Xfrontend -const-gather-protocols-file -Xfrontend /Users/ryankanfer/Library/Developer/Xcode/DerivedData/HOMEY_Clean-gafualdnzupkfseuistvwtqbnpqd/Build/Intermediates.noindex/swift-http-types.build/Debug-iphoneos/HTTPTypes.build/Objects-normal/arm64/HTTPTypes_const_extract_protocols.json -Xcc -I/Users/ryankanfer/Library/Developer/Xcode/DerivedData/HOMEY_Clean-gafualdnzupkfseuistvwtqbnpqd/Build/Products/Debug-iphoneos/include -Xcc -I/Users/ryankanfer/Library/Developer/Xcode/DerivedData/HOMEY_Clean-gafualdnzupkfseuistvwtqbnpqd/Build/Intermediates.noindex/swift-http-types.build/Debug-iphoneos/HTTPTypes.build/DerivedSources-normal/arm64 -Xcc -I/Users/ryankanfer/Library/Developer/Xcode/DerivedData/HOMEY_Clean-gafualdnzupkfseuistvwtqbnpqd/Build/Intermediates.noindex/swift-http-types.build/Debug-iphoneos/HTTPTypes.build/DerivedSources/arm64 -Xcc -I/Users/ryankanfer/Library/Developer/Xcode/DerivedData/HOMEY_Clean-gafualdnzupkfseuistvwtqbnpqd/Build/Intermediates.noindex/swift-http-types.build/Debug-iphoneos/HTTPTypes.build/DerivedSources -Xcc -DSWIFT_PACKAGE -Xcc -DDEBUG\=1 -emit-objc-header -emit-objc-header-path /Users/ryankanfer/Library/Developer/Xcode/DerivedData/HOMEY_Clean-gafualdnzupkfseuistvwtqbnpqd/Build/Intermediates.noindex/swift-http-types.build/Debug-iphoneos/HTTPTypes.build/Objects-normal/arm64/HTTPTypes-Swift.h -working-directory /Users/ryankanfer/Documents/Developer/HOMEY\ Clean/HOMEY\ Clean.xcodeproj -experimental-emit-module-separately -disable-cmo

SwiftDriverJobDiscovery normal arm64 Emitting module for ConcurrencyExtras (in target 'ConcurrencyExtras' from project 'swift-concurrency-extras')

SwiftCompile normal arm64 Compiling\ SwiftTesting.swift,\ UncheckedSendable.swift,\ Warn.swift /Users/ryankanfer/Library/Developer/Xcode/DerivedData/HOMEY_Clean-gafualdnzupkfseuistvwtqbnpqd/SourcePackages/checkouts/xctest-dynamic-overlay/Sources/IssueReporting/Internal/SwiftTesting.swift /Users/ryankanfer/Library/Developer/Xcode/DerivedData/HOMEY_Clean-gafualdnzupkfseuistvwtqbnpqd/SourcePackages/checkouts/xctest-dynamic-overlay/Sources/IssueReporting/Internal/UncheckedSendable.swift /Users/ryankanfer/Library/Developer/Xcode/DerivedData/HOMEY_Clean-gafualdnzupkfseuistvwtqbnpqd/SourcePackages/checkouts/xctest-dynamic-overlay/Sources/IssueReporting/Internal/Warn.swift (in target 'IssueReporting' from project 'xctest-dynamic-overlay')
SwiftCompile normal arm64 /Users/ryankanfer/Library/Developer/Xcode/DerivedData/HOMEY_Clean-gafualdnzupkfseuistvwtqbnpqd/SourcePackages/checkouts/xctest-dynamic-overlay/Sources/IssueReporting/Internal/SwiftTesting.swift (in target 'IssueReporting' from project 'xctest-dynamic-overlay')
    cd /Users/ryankanfer/Documents/Developer/HOMEY\ Clean/HOMEY\ Clean.xcodeproj
    

SwiftCompile normal arm64 /Users/ryankanfer/Library/Developer/Xcode/DerivedData/HOMEY_Clean-gafualdnzupkfseuistvwtqbnpqd/SourcePackages/checkouts/xctest-dynamic-overlay/Sources/IssueReporting/Internal/UncheckedSendable.swift (in target 'IssueReporting' from project 'xctest-dynamic-overlay')
    cd /Users/ryankanfer/Documents/Developer/HOMEY\ Clean/HOMEY\ Clean.xcodeproj
    

SwiftCompile normal arm64 /Users/ryankanfer/Library/Developer/Xcode/DerivedData/HOMEY_Clean-gafualdnzupkfseuistvwtqbnpqd/SourcePackages/checkouts/xctest-dynamic-overlay/Sources/IssueReporting/Internal/Warn.swift (in target 'IssueReporting' from project 'xctest-dynamic-overlay')
    cd /Users/ryankanfer/Documents/Developer/HOMEY\ Clean/HOMEY\ Clean.xcodeproj
    

SwiftDriverJobDiscovery normal arm64 Compiling ISOLatin1String.swift (in target 'HTTPTypes' from project 'swift-http-types')

SwiftDriver\ Compilation\ Requirements ConcurrencyExtras normal arm64 com.apple.xcode.tools.swift.compiler (in target 'ConcurrencyExtras' from project 'swift-concurrency-extras')
    cd /Users/ryankanfer/Documents/Developer/HOMEY\ Clean/HOMEY\ Clean.xcodeproj
    builtin-Swift-Compilation-Requirements -- /Applications/Xcode.app/Contents/Developer/Toolchains/XcodeDefault.xctoolchain/usr/bin/swiftc -module-name ConcurrencyExtras -Onone -enforce-exclusivity\=checked @/Users/ryankanfer/Library/Developer/Xcode/DerivedData/HOMEY_Clean-gafualdnzupkfseuistvwtqbnpqd/Build/Intermediates.noindex/swift-concurrency-extras.build/Debug-iphoneos/ConcurrencyExtras.build/Objects-normal/arm64/ConcurrencyExtras.SwiftFileList -DSWIFT_PACKAGE -DDEBUG -DSWIFT_MODULE_RESOURCE_BUNDLE_UNAVAILABLE -DXcode -plugin-path /Applications/Xcode.app/Contents/Developer/Toolchains/XcodeDefault.xctoolchain/usr/lib/swift/host/plugins/testing -enable-experimental-feature DebugDescriptionMacro -sdk /Applications/Xcode.app/Contents/Developer/Platforms/iPhoneOS.platform/Developer/SDKs/iPhoneOS26.0.sdk -target arm64-apple-ios13.0 -g -module-cache-path /Users/ryankanfer/Library/Developer/Xcode/DerivedData/ModuleCache.noindex -Xfrontend -serialize-debugging-options -profile-coverage-mapping -profile-generate -enable-testing -suppress-warnings -index-store-path /Users/ryankanfer/Library/Developer/Xcode/DerivedData/HOMEY_Clean-gafualdnzupkfseuistvwtqbnpqd/Index.noindex/DataStore -Xcc -D_LIBCPP_HARDENING_MODE\=_LIBCPP_HARDENING_MODE_DEBUG -swift-version 6 -I /Users/ryankanfer/Library/Developer/Xcode/DerivedData/HOMEY_Clean-gafualdnzupkfseuistvwtqbnpqd/Build/Products/Debug-iphoneos -Isystem /Applications/Xcode.app/Contents/Developer/Platforms/iPhoneOS.platform/Developer/usr/lib -F /Users/ryankanfer/Library/Developer/Xcode/DerivedData/HOMEY_Clean-gafualdnzupkfseuistvwtqbnpqd/Build/Products/Debug-iphoneos -F /Applications/Xcode.app/Contents/Developer/Platforms/iPhoneOS.platform/Developer/Library/Frameworks -F /Applications/Xcode.app/Contents/Developer/Platforms/iPhoneOS.platform/Developer/SDKs/iPhoneOS26.0.sdk/Developer/Library/Frameworks -c -j8 -enable-batch-mode -incremental -Xcc -ivfsstatcache -Xcc /Users/ryankanfer/Library/Developer/Xcode/DerivedData/SDKStatCaches.noindex/iphoneos26.0-23A339-81ce72e5b06c9602b9d30b56f2eed08a.sdkstatcache -output-file-map /Users/ryankanfer/Library/Developer/Xcode/DerivedData/HOMEY_Clean-gafualdnzupkfseuistvwtqbnpqd/Build/Intermediates.noindex/swift-concurrency-extras.build/Debug-iphoneos/ConcurrencyExtras.build/Objects-normal/arm64/ConcurrencyExtras-OutputFileMap.json -use-frontend-parseable-output -save-temps -no-color-diagnostics -explicit-module-build -module-cache-path /Users/ryankanfer/Library/Developer/Xcode/DerivedData/HOMEY_Clean-gafualdnzupkfseuistvwtqbnpqd/Build/Intermediates.noindex/SwiftExplicitPrecompiledModules -clang-scanner-module-cache-path /Users/ryankanfer/Library/Developer/Xcode/DerivedData/ModuleCache.noindex -sdk-module-cache-path /Users/ryankanfer/Library/Developer/Xcode/DerivedData/ModuleCache.noindex -serialize-diagnostics -emit-dependencies -emit-module -emit-module-path /Users/ryankanfer/Library/Developer/Xcode/DerivedData/HOMEY_Clean-gafualdnzupkfseuistvwtqbnpqd/Build/Intermediates.noindex/swift-concurrency-extras.build/Debug-iphoneos/ConcurrencyExtras.build/Objects-normal/arm64/ConcurrencyExtras.swiftmodule -user-module-version 1.3.1 -validate-clang-modules-once -clang-build-session-file /Users/ryankanfer/Library/Developer/Xcode/DerivedData/ModuleCache.noindex/Session.modulevalidation -package-name swift_concurrency_extras -Xcc -I/Users/ryankanfer/Library/Developer/Xcode/DerivedData/HOMEY_Clean-gafualdnzupkfseuistvwtqbnpqd/Build/Intermediates.noindex/swift-concurrency-extras.build/Debug-iphoneos/ConcurrencyExtras.build/swift-overrides.hmap -emit-const-values -Xfrontend -const-gather-protocols-file -Xfrontend /Users/ryankanfer/Library/Developer/Xcode/DerivedData/HOMEY_Clean-gafualdnzupkfseuistvwtqbnpqd/Build/Intermediates.noindex/swift-concurrency-extras.build/Debug-iphoneos/ConcurrencyExtras.build/Objects-normal/arm64/ConcurrencyExtras_const_extract_protocols.json -Xcc -I/Users/ryankanfer/Library/Developer/Xcode/DerivedData/HOMEY_Clean-gafualdnzupkfseuistvwtqbnpqd/Build/Products/Debug-iphoneos/include -Xcc -I/Users/ryankanfer/Library/Developer/Xcode/DerivedData/HOMEY_Clean-gafualdnzupkfseuistvwtqbnpqd/Build/Intermediates.noindex/swift-concurrency-extras.build/Debug-iphoneos/ConcurrencyExtras.build/DerivedSources-normal/arm64 -Xcc -I/Users/ryankanfer/Library/Developer/Xcode/DerivedData/HOMEY_Clean-gafualdnzupkfseuistvwtqbnpqd/Build/Intermediates.noindex/swift-concurrency-extras.build/Debug-iphoneos/ConcurrencyExtras.build/DerivedSources/arm64 -Xcc -I/Users/ryankanfer/Library/Developer/Xcode/DerivedData/HOMEY_Clean-gafualdnzupkfseuistvwtqbnpqd/Build/Intermediates.noindex/swift-concurrency-extras.build/Debug-iphoneos/ConcurrencyExtras.build/DerivedSources -Xcc -DSWIFT_PACKAGE -Xcc -DDEBUG\=1 -emit-objc-header -emit-objc-header-path /Users/ryankanfer/Library/Developer/Xcode/DerivedData/HOMEY_Clean-gafualdnzupkfseuistvwtqbnpqd/Build/Intermediates.noindex/swift-concurrency-extras.build/Debug-iphoneos/ConcurrencyExtras.build/Objects-normal/arm64/ConcurrencyExtras-Swift.h -working-directory /Users/ryankanfer/Documents/Developer/HOMEY\ Clean/HOMEY\ Clean.xcodeproj -experimental-emit-module-separately -disable-cmo

SwiftCompile normal arm64 Compiling\ FailureObserver.swift,\ LockIsolated.swift,\ Rethrows.swift /Users/ryankanfer/Library/Developer/Xcode/DerivedData/HOMEY_Clean-gafualdnzupkfseuistvwtqbnpqd/SourcePackages/checkouts/xctest-dynamic-overlay/Sources/IssueReporting/Internal/FailureObserver.swift /Users/ryankanfer/Library/Developer/Xcode/DerivedData/HOMEY_Clean-gafualdnzupkfseuistvwtqbnpqd/SourcePackages/checkouts/xctest-dynamic-overlay/Sources/IssueReporting/Internal/LockIsolated.swift /Users/ryankanfer/Library/Developer/Xcode/DerivedData/HOMEY_Clean-gafualdnzupkfseuistvwtqbnpqd/SourcePackages/checkouts/xctest-dynamic-overlay/Sources/IssueReporting/Internal/Rethrows.swift (in target 'IssueReporting' from project 'xctest-dynamic-overlay')

SwiftCompile normal arm64 /Users/ryankanfer/Library/Developer/Xcode/DerivedData/HOMEY_Clean-gafualdnzupkfseuistvwtqbnpqd/SourcePackages/checkouts/xctest-dynamic-overlay/Sources/IssueReporting/Internal/FailureObserver.swift (in target 'IssueReporting' from project 'xctest-dynamic-overlay')
    cd /Users/ryankanfer/Documents/Developer/HOMEY\ Clean/HOMEY\ Clean.xcodeproj
    

SwiftCompile normal arm64 /Users/ryankanfer/Library/Developer/Xcode/DerivedData/HOMEY_Clean-gafualdnzupkfseuistvwtqbnpqd/SourcePackages/checkouts/xctest-dynamic-overlay/Sources/IssueReporting/Internal/LockIsolated.swift (in target 'IssueReporting' from project 'xctest-dynamic-overlay')
    cd /Users/ryankanfer/Documents/Developer/HOMEY\ Clean/HOMEY\ Clean.xcodeproj
    

SwiftCompile normal arm64 /Users/ryankanfer/Library/Developer/Xcode/DerivedData/HOMEY_Clean-gafualdnzupkfseuistvwtqbnpqd/SourcePackages/checkouts/xctest-dynamic-overlay/Sources/IssueReporting/Internal/Rethrows.swift (in target 'IssueReporting' from project 'xctest-dynamic-overlay')
    cd /Users/ryankanfer/Documents/Developer/HOMEY\ Clean/HOMEY\ Clean.xcodeproj
    

SwiftMergeGeneratedHeaders /Users/ryankanfer/Library/Developer/Xcode/DerivedData/HOMEY_Clean-gafualdnzupkfseuistvwtqbnpqd/Build/Intermediates.noindex/GeneratedModuleMaps-iphoneos/HTTPTypes-Swift.h /Users/ryankanfer/Library/Developer/Xcode/DerivedData/HOMEY_Clean-gafualdnzupkfseuistvwtqbnpqd/Build/Intermediates.noindex/swift-http-types.build/Debug-iphoneos/HTTPTypes.build/Objects-normal/arm64/HTTPTypes-Swift.h (in target 'HTTPTypes' from project 'swift-http-types')
    cd /Users/ryankanfer/Library/Developer/Xcode/DerivedData/HOMEY_Clean-gafualdnzupkfseuistvwtqbnpqd/SourcePackages/checkouts/swift-http-types
    builtin-swiftHeaderTool -arch arm64 /Users/ryankanfer/Library/Developer/Xcode/DerivedData/HOMEY_Clean-gafualdnzupkfseuistvwtqbnpqd/Build/Intermediates.noindex/swift-http-types.build/Debug-iphoneos/HTTPTypes.build/Objects-normal/arm64/HTTPTypes-Swift.h -o /Users/ryankanfer/Library/Developer/Xcode/DerivedData/HOMEY_Clean-gafualdnzupkfseuistvwtqbnpqd/Build/Intermediates.noindex/GeneratedModuleMaps-iphoneos/HTTPTypes-Swift.h

SwiftDriverJobDiscovery normal arm64 Emitting module for Crypto (in target 'Crypto' from project 'swift-crypto')

Copy /Users/ryankanfer/Library/Developer/Xcode/DerivedData/HOMEY_Clean-gafualdnzupkfseuistvwtqbnpqd/Build/Products/Debug-iphoneos/HTTPTypes.swiftmodule/arm64-apple-ios.swiftmodule /Users/ryankanfer/Library/Developer/Xcode/DerivedData/HOMEY_Clean-gafualdnzupkfseuistvwtqbnpqd/Build/Intermediates.noindex/swift-http-types.build/Debug-iphoneos/HTTPTypes.build/Objects-normal/arm64/HTTPTypes.swiftmodule (in target 'HTTPTypes' from project 'swift-http-types')
    cd /Users/ryankanfer/Library/Developer/Xcode/DerivedData/HOMEY_Clean-gafualdnzupkfseuistvwtqbnpqd/SourcePackages/checkouts/swift-http-types
    builtin-copy -exclude .DS_Store -exclude CVS -exclude .svn -exclude .git -exclude .hg -resolve-src-symlinks -rename /Users/ryankanfer/Library/Developer/Xcode/DerivedData/HOMEY_Clean-gafualdnzupkfseuistvwtqbnpqd/Build/Intermediates.noindex/swift-http-types.build/Debug-iphoneos/HTTPTypes.build/Objects-normal/arm64/HTTPTypes.swiftmodule /Users/ryankanfer/Library/Developer/Xcode/DerivedData/HOMEY_Clean-gafualdnzupkfseuistvwtqbnpqd/Build/Products/Debug-iphoneos/HTTPTypes.swiftmodule/arm64-apple-ios.swiftmodule

Copy /Users/ryankanfer/Library/Developer/Xcode/DerivedData/HOMEY_Clean-gafualdnzupkfseuistvwtqbnpqd/Build/Products/Debug-iphoneos/HTTPTypes.swiftmodule/arm64-apple-ios.swiftdoc /Users/ryankanfer/Library/Developer/Xcode/DerivedData/HOMEY_Clean-gafualdnzupkfseuistvwtqbnpqd/Build/Intermediates.noindex/swift-http-types.build/Debug-iphoneos/HTTPTypes.build/Objects-normal/arm64/HTTPTypes.swiftdoc (in target 'HTTPTypes' from project 'swift-http-types')
    cd /Users/ryankanfer/Library/Developer/Xcode/DerivedData/HOMEY_Clean-gafualdnzupkfseuistvwtqbnpqd/SourcePackages/checkouts/swift-http-types
    builtin-copy -exclude .DS_Store -exclude CVS -exclude .svn -exclude .git -exclude .hg -resolve-src-symlinks -rename /Users/ryankanfer/Library/Developer/Xcode/DerivedData/HOMEY_Clean-gafualdnzupkfseuistvwtqbnpqd/Build/Intermediates.noindex/swift-http-types.build/Debug-iphoneos/HTTPTypes.build/Objects-normal/arm64/HTTPTypes.swiftdoc /Users/ryankanfer/Library/Developer/Xcode/DerivedData/HOMEY_Clean-gafualdnzupkfseuistvwtqbnpqd/Build/Products/Debug-iphoneos/HTTPTypes.swiftmodule/arm64-apple-ios.swiftdoc

Copy /Users/ryankanfer/Library/Developer/Xcode/DerivedData/HOMEY_Clean-gafualdnzupkfseuistvwtqbnpqd/Build/Products/Debug-iphoneos/HTTPTypes.swiftmodule/arm64-apple-ios.abi.json /Users/ryankanfer/Library/Developer/Xcode/DerivedData/HOMEY_Clean-gafualdnzupkfseuistvwtqbnpqd/Build/Intermediates.noindex/swift-http-types.build/Debug-iphoneos/HTTPTypes.build/Objects-normal/arm64/HTTPTypes.abi.json (in target 'HTTPTypes' from project 'swift-http-types')
    cd /Users/ryankanfer/Library/Developer/Xcode/DerivedData/HOMEY_Clean-gafualdnzupkfseuistvwtqbnpqd/SourcePackages/checkouts/swift-http-types
    builtin-copy -exclude .DS_Store -exclude CVS -exclude .svn -exclude .git -exclude .hg -resolve-src-symlinks -rename /Users/ryankanfer/Library/Developer/Xcode/DerivedData/HOMEY_Clean-gafualdnzupkfseuistvwtqbnpqd/Build/Intermediates.noindex/swift-http-types.build/Debug-iphoneos/HTTPTypes.build/Objects-normal/arm64/HTTPTypes.abi.json /Users/ryankanfer/Library/Developer/Xcode/DerivedData/HOMEY_Clean-gafualdnzupkfseuistvwtqbnpqd/Build/Products/Debug-iphoneos/HTTPTypes.swiftmodule/arm64-apple-ios.abi.json

Copy /Users/ryankanfer/Library/Developer/Xcode/DerivedData/HOMEY_Clean-gafualdnzupkfseuistvwtqbnpqd/Build/Products/Debug-iphoneos/HTTPTypes.swiftmodule/Project/arm64-apple-ios.swiftsourceinfo /Users/ryankanfer/Library/Developer/Xcode/DerivedData/HOMEY_Clean-gafualdnzupkfseuistvwtqbnpqd/Build/Intermediates.noindex/swift-http-types.build/Debug-iphoneos/HTTPTypes.build/Objects-normal/arm64/HTTPTypes.swiftsourceinfo (in target 'HTTPTypes' from project 'swift-http-types')
    cd /Users/ryankanfer/Library/Developer/Xcode/DerivedData/HOMEY_Clean-gafualdnzupkfseuistvwtqbnpqd/SourcePackages/checkouts/swift-http-types
    builtin-copy -exclude .DS_Store -exclude CVS -exclude .svn -exclude .git -exclude .hg -resolve-src-symlinks -rename /Users/ryankanfer/Library/Developer/Xcode/DerivedData/HOMEY_Clean-gafualdnzupkfseuistvwtqbnpqd/Build/Intermediates.noindex/swift-http-types.build/Debug-iphoneos/HTTPTypes.build/Objects-normal/arm64/HTTPTypes.swiftsourceinfo /Users/ryankanfer/Library/Developer/Xcode/DerivedData/HOMEY_Clean-gafualdnzupkfseuistvwtqbnpqd/Build/Products/Debug-iphoneos/HTTPTypes.swiftmodule/Project/arm64-apple-ios.swiftsourceinfo

SwiftDriver\ Compilation\ Requirements Crypto normal arm64 com.apple.xcode.tools.swift.compiler (in target 'Crypto' from project 'swift-crypto')
    cd /Users/ryankanfer/Documents/Developer/HOMEY\ Clean/HOMEY\ Clean.xcodeproj
    builtin-Swift-Compilation-Requirements -- /Applications/Xcode.app/Contents/Developer/Toolchains/XcodeDefault.xctoolchain/usr/bin/swiftc -module-name Crypto -Onone -enforce-exclusivity\=checked @/Users/ryankanfer/Library/Developer/Xcode/DerivedData/HOMEY_Clean-gafualdnzupkfseuistvwtqbnpqd/Build/Intermediates.noindex/swift-crypto.build/Debug-iphoneos/Crypto.build/Objects-normal/arm64/Crypto.SwiftFileList -DSWIFT_PACKAGE -DDEBUG -DSWIFT_MODULE_RESOURCE_BUNDLE_AVAILABLE -DCRYPTO_IN_SWIFTPM -DXcode -enable-upcoming-feature MemberImportVisibility -plugin-path /Applications/Xcode.app/Contents/Developer/Toolchains/XcodeDefault.xctoolchain/usr/lib/swift/host/plugins/testing -enable-experimental-feature DebugDescriptionMacro -sdk /Applications/Xcode.app/Contents/Developer/Platforms/iPhoneOS.platform/Developer/SDKs/iPhoneOS26.0.sdk -target arm64-apple-ios12.0 -g -module-cache-path /Users/ryankanfer/Library/Developer/Xcode/DerivedData/ModuleCache.noindex -Xfrontend -serialize-debugging-options -profile-coverage-mapping -profile-generate -enable-testing -suppress-warnings -index-store-path /Users/ryankanfer/Library/Developer/Xcode/DerivedData/HOMEY_Clean-gafualdnzupkfseuistvwtqbnpqd/Index.noindex/DataStore -Xcc -D_LIBCPP_HARDENING_MODE\=_LIBCPP_HARDENING_MODE_DEBUG -swift-version 5 -I /Users/ryankanfer/Library/Developer/Xcode/DerivedData/HOMEY_Clean-gafualdnzupkfseuistvwtqbnpqd/Build/Products/Debug-iphoneos -Isystem /Applications/Xcode.app/Contents/Developer/Platforms/iPhoneOS.platform/Developer/usr/lib -F /Users/ryankanfer/Library/Developer/Xcode/DerivedData/HOMEY_Clean-gafualdnzupkfseuistvwtqbnpqd/Build/Products/Debug-iphoneos -F /Applications/Xcode.app/Contents/Developer/Platforms/iPhoneOS.platform/Developer/Library/Frameworks -F /Applications/Xcode.app/Contents/Developer/Platforms/iPhoneOS.platform/Developer/SDKs/iPhoneOS26.0.sdk/Developer/Library/Frameworks -c -j8 -enable-batch-mode -incremental -Xcc -ivfsstatcache -Xcc /Users/ryankanfer/Library/Developer/Xcode/DerivedData/SDKStatCaches.noindex/iphoneos26.0-23A339-81ce72e5b06c9602b9d30b56f2eed08a.sdkstatcache -output-file-map /Users/ryankanfer/Library/Developer/Xcode/DerivedData/HOMEY_Clean-gafualdnzupkfseuistvwtqbnpqd/Build/Intermediates.noindex/swift-crypto.build/Debug-iphoneos/Crypto.build/Objects-normal/arm64/Crypto-OutputFileMap.json -use-frontend-parseable-output -save-temps -no-color-diagnostics -explicit-module-build -module-cache-path /Users/ryankanfer/Library/Developer/Xcode/DerivedData/HOMEY_Clean-gafualdnzupkfseuistvwtqbnpqd/Build/Intermediates.noindex/SwiftExplicitPrecompiledModules -clang-scanner-module-cache-path /Users/ryankanfer/Library/Developer/Xcode/DerivedData/ModuleCache.noindex -sdk-module-cache-path /Users/ryankanfer/Library/Developer/Xcode/DerivedData/ModuleCache.noindex -serialize-diagnostics -emit-dependencies -emit-module -emit-module-path /Users/ryankanfer/Library/Developer/Xcode/DerivedData/HOMEY_Clean-gafualdnzupkfseuistvwtqbnpqd/Build/Intermediates.noindex/swift-crypto.build/Debug-iphoneos/Crypto.build/Objects-normal/arm64/Crypto.swiftmodule -validate-clang-modules-once -clang-build-session-file /Users/ryankanfer/Library/Developer/Xcode/DerivedData/ModuleCache.noindex/Session.modulevalidation -package-name swift_crypto -Xcc -I/Users/ryankanfer/Library/Developer/Xcode/DerivedData/HOMEY_Clean-gafualdnzupkfseuistvwtqbnpqd/Build/Intermediates.noindex/swift-crypto.build/Debug-iphoneos/Crypto.build/swift-overrides.hmap -emit-const-values -Xfrontend -const-gather-protocols-file -Xfrontend /Users/ryankanfer/Library/Developer/Xcode/DerivedData/HOMEY_Clean-gafualdnzupkfseuistvwtqbnpqd/Build/Intermediates.noindex/swift-crypto.build/Debug-iphoneos/Crypto.build/Objects-normal/arm64/Crypto_const_extract_protocols.json -Xcc -I/Users/ryankanfer/Library/Developer/Xcode/DerivedData/HOMEY_Clean-gafualdnzupkfseuistvwtqbnpqd/Build/Products/Debug-iphoneos/include -Xcc -I/Users/ryankanfer/Library/Developer/Xcode/DerivedData/HOMEY_Clean-gafualdnzupkfseuistvwtqbnpqd/Build/Intermediates.noindex/swift-crypto.build/Debug-iphoneos/Crypto.build/DerivedSources-normal/arm64 -Xcc -I/Users/ryankanfer/Library/Developer/Xcode/DerivedData/HOMEY_Clean-gafualdnzupkfseuistvwtqbnpqd/Build/Intermediates.noindex/swift-crypto.build/Debug-iphoneos/Crypto.build/DerivedSources/arm64 -Xcc -I/Users/ryankanfer/Library/Developer/Xcode/DerivedData/HOMEY_Clean-gafualdnzupkfseuistvwtqbnpqd/Build/Intermediates.noindex/swift-crypto.build/Debug-iphoneos/Crypto.build/DerivedSources -Xcc -DSWIFT_PACKAGE -Xcc -DDEBUG\=1 -emit-objc-header -emit-objc-header-path /Users/ryankanfer/Library/Developer/Xcode/DerivedData/HOMEY_Clean-gafualdnzupkfseuistvwtqbnpqd/Build/Intermediates.noindex/swift-crypto.build/Debug-iphoneos/Crypto.build/Objects-normal/arm64/Crypto-Swift.h -working-directory /Users/ryankanfer/Documents/Developer/HOMEY\ Clean/HOMEY\ Clean.xcodeproj -experimental-emit-module-separately -disable-cmo

SwiftMergeGeneratedHeaders /Users/ryankanfer/Library/Developer/Xcode/DerivedData/HOMEY_Clean-gafualdnzupkfseuistvwtqbnpqd/Build/Intermediates.noindex/GeneratedModuleMaps-iphoneos/ConcurrencyExtras-Swift.h /Users/ryankanfer/Library/Developer/Xcode/DerivedData/HOMEY_Clean-gafualdnzupkfseuistvwtqbnpqd/Build/Intermediates.noindex/swift-concurrency-extras.build/Debug-iphoneos/ConcurrencyExtras.build/Objects-normal/arm64/ConcurrencyExtras-Swift.h (in target 'ConcurrencyExtras' from project 'swift-concurrency-extras')
    cd /Users/ryankanfer/Library/Developer/Xcode/DerivedData/HOMEY_Clean-gafualdnzupkfseuistvwtqbnpqd/SourcePackages/checkouts/swift-concurrency-extras
    builtin-swiftHeaderTool -arch arm64 /Users/ryankanfer/Library/Developer/Xcode/DerivedData/HOMEY_Clean-gafualdnzupkfseuistvwtqbnpqd/Build/Intermediates.noindex/swift-concurrency-extras.build/Debug-iphoneos/ConcurrencyExtras.build/Objects-normal/arm64/ConcurrencyExtras-Swift.h -o /Users/ryankanfer/Library/Developer/Xcode/DerivedData/HOMEY_Clean-gafualdnzupkfseuistvwtqbnpqd/Build/Intermediates.noindex/GeneratedModuleMaps-iphoneos/ConcurrencyExtras-Swift.h

SwiftMergeGeneratedHeaders /Users/ryankanfer/Library/Developer/Xcode/DerivedData/HOMEY_Clean-gafualdnzupkfseuistvwtqbnpqd/Build/Intermediates.noindex/GeneratedModuleMaps-iphoneos/Crypto-Swift.h /Users/ryankanfer/Library/Developer/Xcode/DerivedData/HOMEY_Clean-gafualdnzupkfseuistvwtqbnpqd/Build/Intermediates.noindex/swift-crypto.build/Debug-iphoneos/Crypto.build/Objects-normal/arm64/Crypto-Swift.h (in target 'Crypto' from project 'swift-crypto')
    cd /Users/ryankanfer/Library/Developer/Xcode/DerivedData/HOMEY_Clean-gafualdnzupkfseuistvwtqbnpqd/SourcePackages/checkouts/swift-crypto
    builtin-swiftHeaderTool -arch arm64 /Users/ryankanfer/Library/Developer/Xcode/DerivedData/HOMEY_Clean-gafualdnzupkfseuistvwtqbnpqd/Build/Intermediates.noindex/swift-crypto.build/Debug-iphoneos/Crypto.build/Objects-normal/arm64/Crypto-Swift.h -o /Users/ryankanfer/Library/Developer/Xcode/DerivedData/HOMEY_Clean-gafualdnzupkfseuistvwtqbnpqd/Build/Intermediates.noindex/GeneratedModuleMaps-iphoneos/Crypto-Swift.h

Copy /Users/ryankanfer/Library/Developer/Xcode/DerivedData/HOMEY_Clean-gafualdnzupkfseuistvwtqbnpqd/Build/Products/Debug-iphoneos/Crypto.swiftmodule/arm64-apple-ios.swiftmodule /Users/ryankanfer/Library/Developer/Xcode/DerivedData/HOMEY_Clean-gafualdnzupkfseuistvwtqbnpqd/Build/Intermediates.noindex/swift-crypto.build/Debug-iphoneos/Crypto.build/Objects-normal/arm64/Crypto.swiftmodule (in target 'Crypto' from project 'swift-crypto')
    cd /Users/ryankanfer/Library/Developer/Xcode/DerivedData/HOMEY_Clean-gafualdnzupkfseuistvwtqbnpqd/SourcePackages/checkouts/swift-crypto
    builtin-copy -exclude .DS_Store -exclude CVS -exclude .svn -exclude .git -exclude .hg -resolve-src-symlinks -rename /Users/ryankanfer/Library/Developer/Xcode/DerivedData/HOMEY_Clean-gafualdnzupkfseuistvwtqbnpqd/Build/Intermediates.noindex/swift-crypto.build/Debug-iphoneos/Crypto.build/Objects-normal/arm64/Crypto.swiftmodule /Users/ryankanfer/Library/Developer/Xcode/DerivedData/HOMEY_Clean-gafualdnzupkfseuistvwtqbnpqd/Build/Products/Debug-iphoneos/Crypto.swiftmodule/arm64-apple-ios.swiftmodule

Copy /Users/ryankanfer/Library/Developer/Xcode/DerivedData/HOMEY_Clean-gafualdnzupkfseuistvwtqbnpqd/Build/Products/Debug-iphoneos/Crypto.swiftmodule/arm64-apple-ios.swiftdoc /Users/ryankanfer/Library/Developer/Xcode/DerivedData/HOMEY_Clean-gafualdnzupkfseuistvwtqbnpqd/Build/Intermediates.noindex/swift-crypto.build/Debug-iphoneos/Crypto.build/Objects-normal/arm64/Crypto.swiftdoc (in target 'Crypto' from project 'swift-crypto')
    cd /Users/ryankanfer/Library/Developer/Xcode/DerivedData/HOMEY_Clean-gafualdnzupkfseuistvwtqbnpqd/SourcePackages/checkouts/swift-crypto
    builtin-copy -exclude .DS_Store -exclude CVS -exclude .svn -exclude .git -exclude .hg -resolve-src-symlinks -rename /Users/ryankanfer/Library/Developer/Xcode/DerivedData/HOMEY_Clean-gafualdnzupkfseuistvwtqbnpqd/Build/Intermediates.noindex/swift-crypto.build/Debug-iphoneos/Crypto.build/Objects-normal/arm64/Crypto.swiftdoc /Users/ryankanfer/Library/Developer/Xcode/DerivedData/HOMEY_Clean-gafualdnzupkfseuistvwtqbnpqd/Build/Products/Debug-iphoneos/Crypto.swiftmodule/arm64-apple-ios.swiftdoc

Copy /Users/ryankanfer/Library/Developer/Xcode/DerivedData/HOMEY_Clean-gafualdnzupkfseuistvwtqbnpqd/Build/Products/Debug-iphoneos/Crypto.swiftmodule/arm64-apple-ios.abi.json /Users/ryankanfer/Library/Developer/Xcode/DerivedData/HOMEY_Clean-gafualdnzupkfseuistvwtqbnpqd/Build/Intermediates.noindex/swift-crypto.build/Debug-iphoneos/Crypto.build/Objects-normal/arm64/Crypto.abi.json (in target 'Crypto' from project 'swift-crypto')
    cd /Users/ryankanfer/Library/Developer/Xcode/DerivedData/HOMEY_Clean-gafualdnzupkfseuistvwtqbnpqd/SourcePackages/checkouts/swift-crypto
    builtin-copy -exclude .DS_Store -exclude CVS -exclude .svn -exclude .git -exclude .hg -resolve-src-symlinks -rename /Users/ryankanfer/Library/Developer/Xcode/DerivedData/HOMEY_Clean-gafualdnzupkfseuistvwtqbnpqd/Build/Intermediates.noindex/swift-crypto.build/Debug-iphoneos/Crypto.build/Objects-normal/arm64/Crypto.abi.json /Users/ryankanfer/Library/Developer/Xcode/DerivedData/HOMEY_Clean-gafualdnzupkfseuistvwtqbnpqd/Build/Products/Debug-iphoneos/Crypto.swiftmodule/arm64-apple-ios.abi.json

Copy /Users/ryankanfer/Library/Developer/Xcode/DerivedData/HOMEY_Clean-gafualdnzupkfseuistvwtqbnpqd/Build/Products/Debug-iphoneos/Crypto.swiftmodule/Project/arm64-apple-ios.swiftsourceinfo /Users/ryankanfer/Library/Developer/Xcode/DerivedData/HOMEY_Clean-gafualdnzupkfseuistvwtqbnpqd/Build/Intermediates.noindex/swift-crypto.build/Debug-iphoneos/Crypto.build/Objects-normal/arm64/Crypto.swiftsourceinfo (in target 'Crypto' from project 'swift-crypto')
    cd /Users/ryankanfer/Library/Developer/Xcode/DerivedData/HOMEY_Clean-gafualdnzupkfseuistvwtqbnpqd/SourcePackages/checkouts/swift-crypto
    builtin-copy -exclude .DS_Store -exclude CVS -exclude .svn -exclude .git -exclude .hg -resolve-src-symlinks -rename /Users/ryankanfer/Library/Developer/Xcode/DerivedData/HOMEY_Clean-gafualdnzupkfseuistvwtqbnpqd/Build/Intermediates.noindex/swift-crypto.build/Debug-iphoneos/Crypto.build/Objects-normal/arm64/Crypto.swiftsourceinfo /Users/ryankanfer/Library/Developer/Xcode/DerivedData/HOMEY_Clean-gafualdnzupkfseuistvwtqbnpqd/Build/Products/Debug-iphoneos/Crypto.swiftmodule/Project/arm64-apple-ios.swiftsourceinfo

Copy /Users/ryankanfer/Library/Developer/Xcode/DerivedData/HOMEY_Clean-gafualdnzupkfseuistvwtqbnpqd/Build/Products/Debug-iphoneos/ConcurrencyExtras.swiftmodule/arm64-apple-ios.swiftmodule /Users/ryankanfer/Library/Developer/Xcode/DerivedData/HOMEY_Clean-gafualdnzupkfseuistvwtqbnpqd/Build/Intermediates.noindex/swift-concurrency-extras.build/Debug-iphoneos/ConcurrencyExtras.build/Objects-normal/arm64/ConcurrencyExtras.swiftmodule (in target 'ConcurrencyExtras' from project 'swift-concurrency-extras')
    cd /Users/ryankanfer/Library/Developer/Xcode/DerivedData/HOMEY_Clean-gafualdnzupkfseuistvwtqbnpqd/SourcePackages/checkouts/swift-concurrency-extras
    builtin-copy -exclude .DS_Store -exclude CVS -exclude .svn -exclude .git -exclude .hg -resolve-src-symlinks -rename /Users/ryankanfer/Library/Developer/Xcode/DerivedData/HOMEY_Clean-gafualdnzupkfseuistvwtqbnpqd/Build/Intermediates.noindex/swift-concurrency-extras.build/Debug-iphoneos/ConcurrencyExtras.build/Objects-normal/arm64/ConcurrencyExtras.swiftmodule /Users/ryankanfer/Library/Developer/Xcode/DerivedData/HOMEY_Clean-gafualdnzupkfseuistvwtqbnpqd/Build/Products/Debug-iphoneos/ConcurrencyExtras.swiftmodule/arm64-apple-ios.swiftmodule

Copy /Users/ryankanfer/Library/Developer/Xcode/DerivedData/HOMEY_Clean-gafualdnzupkfseuistvwtqbnpqd/Build/Products/Debug-iphoneos/ConcurrencyExtras.swiftmodule/arm64-apple-ios.swiftdoc /Users/ryankanfer/Library/Developer/Xcode/DerivedData/HOMEY_Clean-gafualdnzupkfseuistvwtqbnpqd/Build/Intermediates.noindex/swift-concurrency-extras.build/Debug-iphoneos/ConcurrencyExtras.build/Objects-normal/arm64/ConcurrencyExtras.swiftdoc (in target 'ConcurrencyExtras' from project 'swift-concurrency-extras')
    cd /Users/ryankanfer/Library/Developer/Xcode/DerivedData/HOMEY_Clean-gafualdnzupkfseuistvwtqbnpqd/SourcePackages/checkouts/swift-concurrency-extras
    builtin-copy -exclude .DS_Store -exclude CVS -exclude .svn -exclude .git -exclude .hg -resolve-src-symlinks -rename /Users/ryankanfer/Library/Developer/Xcode/DerivedData/HOMEY_Clean-gafualdnzupkfseuistvwtqbnpqd/Build/Intermediates.noindex/swift-concurrency-extras.build/Debug-iphoneos/ConcurrencyExtras.build/Objects-normal/arm64/ConcurrencyExtras.swiftdoc /Users/ryankanfer/Library/Developer/Xcode/DerivedData/HOMEY_Clean-gafualdnzupkfseuistvwtqbnpqd/Build/Products/Debug-iphoneos/ConcurrencyExtras.swiftmodule/arm64-apple-ios.swiftdoc

Copy /Users/ryankanfer/Library/Developer/Xcode/DerivedData/HOMEY_Clean-gafualdnzupkfseuistvwtqbnpqd/Build/Products/Debug-iphoneos/ConcurrencyExtras.swiftmodule/arm64-apple-ios.abi.json /Users/ryankanfer/Library/Developer/Xcode/DerivedData/HOMEY_Clean-gafualdnzupkfseuistvwtqbnpqd/Build/Intermediates.noindex/swift-concurrency-extras.build/Debug-iphoneos/ConcurrencyExtras.build/Objects-normal/arm64/ConcurrencyExtras.abi.json (in target 'ConcurrencyExtras' from project 'swift-concurrency-extras')
    cd /Users/ryankanfer/Library/Developer/Xcode/DerivedData/HOMEY_Clean-gafualdnzupkfseuistvwtqbnpqd/SourcePackages/checkouts/swift-concurrency-extras
    builtin-copy -exclude .DS_Store -exclude CVS -exclude .svn -exclude .git -exclude .hg -resolve-src-symlinks -rename /Users/ryankanfer/Library/Developer/Xcode/DerivedData/HOMEY_Clean-gafualdnzupkfseuistvwtqbnpqd/Build/Intermediates.noindex/swift-concurrency-extras.build/Debug-iphoneos/ConcurrencyExtras.build/Objects-normal/arm64/ConcurrencyExtras.abi.json /Users/ryankanfer/Library/Developer/Xcode/DerivedData/HOMEY_Clean-gafualdnzupkfseuistvwtqbnpqd/Build/Products/Debug-iphoneos/ConcurrencyExtras.swiftmodule/arm64-apple-ios.abi.json

Copy /Users/ryankanfer/Library/Developer/Xcode/DerivedData/HOMEY_Clean-gafualdnzupkfseuistvwtqbnpqd/Build/Products/Debug-iphoneos/ConcurrencyExtras.swiftmodule/Project/arm64-apple-ios.swiftsourceinfo /Users/ryankanfer/Library/Developer/Xcode/DerivedData/HOMEY_Clean-gafualdnzupkfseuistvwtqbnpqd/Build/Intermediates.noindex/swift-concurrency-extras.build/Debug-iphoneos/ConcurrencyExtras.build/Objects-normal/arm64/ConcurrencyExtras.swiftsourceinfo (in target 'ConcurrencyExtras' from project 'swift-concurrency-extras')
    cd /Users/ryankanfer/Library/Developer/Xcode/DerivedData/HOMEY_Clean-gafualdnzupkfseuistvwtqbnpqd/SourcePackages/checkouts/swift-concurrency-extras
    builtin-copy -exclude .DS_Store -exclude CVS -exclude .svn -exclude .git -exclude .hg -resolve-src-symlinks -rename /Users/ryankanfer/Library/Developer/Xcode/DerivedData/HOMEY_Clean-gafualdnzupkfseuistvwtqbnpqd/Build/Intermediates.noindex/swift-concurrency-extras.build/Debug-iphoneos/ConcurrencyExtras.build/Objects-normal/arm64/ConcurrencyExtras.swiftsourceinfo /Users/ryankanfer/Library/Developer/Xcode/DerivedData/HOMEY_Clean-gafualdnzupkfseuistvwtqbnpqd/Build/Products/Debug-iphoneos/ConcurrencyExtras.swiftmodule/Project/arm64-apple-ios.swiftsourceinfo

SwiftCompile normal arm64 Compiling\ TestContext.swift,\ Unimplemented.swift /Users/ryankanfer/Library/Developer/Xcode/DerivedData/HOMEY_Clean-gafualdnzupkfseuistvwtqbnpqd/SourcePackages/checkouts/xctest-dynamic-overlay/Sources/IssueReporting/TestContext.swift /Users/ryankanfer/Library/Developer/Xcode/DerivedData/HOMEY_Clean-gafualdnzupkfseuistvwtqbnpqd/SourcePackages/checkouts/xctest-dynamic-overlay/Sources/IssueReporting/Unimplemented.swift (in target 'IssueReporting' from project 'xctest-dynamic-overlay')

SwiftCompile normal arm64 /Users/ryankanfer/Library/Developer/Xcode/DerivedData/HOMEY_Clean-gafualdnzupkfseuistvwtqbnpqd/SourcePackages/checkouts/xctest-dynamic-overlay/Sources/IssueReporting/TestContext.swift (in target 'IssueReporting' from project 'xctest-dynamic-overlay')
    cd /Users/ryankanfer/Documents/Developer/HOMEY\ Clean/HOMEY\ Clean.xcodeproj
    

SwiftCompile normal arm64 /Users/ryankanfer/Library/Developer/Xcode/DerivedData/HOMEY_Clean-gafualdnzupkfseuistvwtqbnpqd/SourcePackages/checkouts/xctest-dynamic-overlay/Sources/IssueReporting/Unimplemented.swift (in target 'IssueReporting' from project 'xctest-dynamic-overlay')
    cd /Users/ryankanfer/Documents/Developer/HOMEY\ Clean/HOMEY\ Clean.xcodeproj
    

SwiftCompile normal arm64 Compiling\ RuntimeWarningReporter.swift,\ ReportIssue.swift /Users/ryankanfer/Library/Developer/Xcode/DerivedData/HOMEY_Clean-gafualdnzupkfseuistvwtqbnpqd/SourcePackages/checkouts/xctest-dynamic-overlay/Sources/IssueReporting/IssueReporters/RuntimeWarningReporter.swift /Users/ryankanfer/Library/Developer/Xcode/DerivedData/HOMEY_Clean-gafualdnzupkfseuistvwtqbnpqd/SourcePackages/checkouts/xctest-dynamic-overlay/Sources/IssueReporting/ReportIssue.swift (in target 'IssueReporting' from project 'xctest-dynamic-overlay')

SwiftCompile normal arm64 /Users/ryankanfer/Library/Developer/Xcode/DerivedData/HOMEY_Clean-gafualdnzupkfseuistvwtqbnpqd/SourcePackages/checkouts/xctest-dynamic-overlay/Sources/IssueReporting/IssueReporters/RuntimeWarningReporter.swift (in target 'IssueReporting' from project 'xctest-dynamic-overlay')
    cd /Users/ryankanfer/Documents/Developer/HOMEY\ Clean/HOMEY\ Clean.xcodeproj
    

SwiftCompile normal arm64 /Users/ryankanfer/Library/Developer/Xcode/DerivedData/HOMEY_Clean-gafualdnzupkfseuistvwtqbnpqd/SourcePackages/checkouts/xctest-dynamic-overlay/Sources/IssueReporting/ReportIssue.swift (in target 'IssueReporting' from project 'xctest-dynamic-overlay')
    cd /Users/ryankanfer/Documents/Developer/HOMEY\ Clean/HOMEY\ Clean.xcodeproj
    

SwiftDriverJobDiscovery normal arm64 Compiling HTTPRequest.swift (in target 'HTTPTypes' from project 'swift-http-types')

SwiftCompile normal arm64 Compiling\ BreakpointReporter.swift,\ FatalErrorReporter.swift /Users/ryankanfer/Library/Developer/Xcode/DerivedData/HOMEY_Clean-gafualdnzupkfseuistvwtqbnpqd/SourcePackages/checkouts/xctest-dynamic-overlay/Sources/IssueReporting/IssueReporters/BreakpointReporter.swift /Users/ryankanfer/Library/Developer/Xcode/DerivedData/HOMEY_Clean-gafualdnzupkfseuistvwtqbnpqd/SourcePackages/checkouts/xctest-dynamic-overlay/Sources/IssueReporting/IssueReporters/FatalErrorReporter.swift (in target 'IssueReporting' from project 'xctest-dynamic-overlay')

SwiftCompile normal arm64 /Users/ryankanfer/Library/Developer/Xcode/DerivedData/HOMEY_Clean-gafualdnzupkfseuistvwtqbnpqd/SourcePackages/checkouts/xctest-dynamic-overlay/Sources/IssueReporting/IssueReporters/BreakpointReporter.swift (in target 'IssueReporting' from project 'xctest-dynamic-overlay')
    cd /Users/ryankanfer/Documents/Developer/HOMEY\ Clean/HOMEY\ Clean.xcodeproj
    

SwiftCompile normal arm64 /Users/ryankanfer/Library/Developer/Xcode/DerivedData/HOMEY_Clean-gafualdnzupkfseuistvwtqbnpqd/SourcePackages/checkouts/xctest-dynamic-overlay/Sources/IssueReporting/IssueReporters/FatalErrorReporter.swift (in target 'IssueReporting' from project 'xctest-dynamic-overlay')
    cd /Users/ryankanfer/Documents/Developer/HOMEY\ Clean/HOMEY\ Clean.xcodeproj
    

SwiftDriverJobDiscovery normal arm64 Compiling FailureObserver.swift, LockIsolated.swift, Rethrows.swift (in target 'IssueReporting' from project 'xctest-dynamic-overlay')

SwiftCompile normal arm64 Compiling\ ErrorReporting.swift,\ AppHostWarning.swift,\ Deprecations.swift /Users/ryankanfer/Library/Developer/Xcode/DerivedData/HOMEY_Clean-gafualdnzupkfseuistvwtqbnpqd/SourcePackages/checkouts/xctest-dynamic-overlay/Sources/IssueReporting/ErrorReporting.swift /Users/ryankanfer/Library/Developer/Xcode/DerivedData/HOMEY_Clean-gafualdnzupkfseuistvwtqbnpqd/SourcePackages/checkouts/xctest-dynamic-overlay/Sources/IssueReporting/Internal/AppHostWarning.swift /Users/ryankanfer/Library/Developer/Xcode/DerivedData/HOMEY_Clean-gafualdnzupkfseuistvwtqbnpqd/SourcePackages/checkouts/xctest-dynamic-overlay/Sources/IssueReporting/Internal/Deprecations.swift (in target 'IssueReporting' from project 'xctest-dynamic-overlay')

SwiftCompile normal arm64 /Users/ryankanfer/Library/Developer/Xcode/DerivedData/HOMEY_Clean-gafualdnzupkfseuistvwtqbnpqd/SourcePackages/checkouts/xctest-dynamic-overlay/Sources/IssueReporting/ErrorReporting.swift (in target 'IssueReporting' from project 'xctest-dynamic-overlay')
    cd /Users/ryankanfer/Documents/Developer/HOMEY\ Clean/HOMEY\ Clean.xcodeproj
    

SwiftCompile normal arm64 /Users/ryankanfer/Library/Developer/Xcode/DerivedData/HOMEY_Clean-gafualdnzupkfseuistvwtqbnpqd/SourcePackages/checkouts/xctest-dynamic-overlay/Sources/IssueReporting/Internal/AppHostWarning.swift (in target 'IssueReporting' from project 'xctest-dynamic-overlay')
    cd /Users/ryankanfer/Documents/Developer/HOMEY\ Clean/HOMEY\ Clean.xcodeproj
    

SwiftCompile normal arm64 /Users/ryankanfer/Library/Developer/Xcode/DerivedData/HOMEY_Clean-gafualdnzupkfseuistvwtqbnpqd/SourcePackages/checkouts/xctest-dynamic-overlay/Sources/IssueReporting/Internal/Deprecations.swift (in target 'IssueReporting' from project 'xctest-dynamic-overlay')
    cd /Users/ryankanfer/Documents/Developer/HOMEY\ Clean/HOMEY\ Clean.xcodeproj
    

SwiftDriverJobDiscovery normal arm64 Compiling HTTPResponse.swift (in target 'HTTPTypes' from project 'swift-http-types')

SwiftDriverJobDiscovery normal arm64 Compiling XCTest.swift, IsTesting.swift, IssueReporter.swift (in target 'IssueReporting' from project 'xctest-dynamic-overlay')

SwiftCompile normal arm64 Compiling\ HTTPParsedFields.swift /Users/ryankanfer/Library/Developer/Xcode/DerivedData/HOMEY_Clean-gafualdnzupkfseuistvwtqbnpqd/SourcePackages/checkouts/swift-http-types/Sources/HTTPTypes/HTTPParsedFields.swift (in target 'HTTPTypes' from project 'swift-http-types')

SwiftCompile normal arm64 /Users/ryankanfer/Library/Developer/Xcode/DerivedData/HOMEY_Clean-gafualdnzupkfseuistvwtqbnpqd/SourcePackages/checkouts/swift-http-types/Sources/HTTPTypes/HTTPParsedFields.swift (in target 'HTTPTypes' from project 'swift-http-types')
    cd /Users/ryankanfer/Documents/Developer/HOMEY\ Clean/HOMEY\ Clean.xcodeproj
    

SwiftCompile normal arm64 Compiling\ HTTPFields.swift /Users/ryankanfer/Library/Developer/Xcode/DerivedData/HOMEY_Clean-gafualdnzupkfseuistvwtqbnpqd/SourcePackages/checkouts/swift-http-types/Sources/HTTPTypes/HTTPFields.swift (in target 'HTTPTypes' from project 'swift-http-types')
SwiftCompile normal arm64 /Users/ryankanfer/Library/Developer/Xcode/DerivedData/HOMEY_Clean-gafualdnzupkfseuistvwtqbnpqd/SourcePackages/checkouts/swift-http-types/Sources/HTTPTypes/HTTPFields.swift (in target 'HTTPTypes' from project 'swift-http-types')
    cd /Users/ryankanfer/Documents/Developer/HOMEY\ Clean/HOMEY\ Clean.xcodeproj
    

SwiftDriverJobDiscovery normal arm64 Compiling TestContext.swift, Unimplemented.swift (in target 'IssueReporting' from project 'xctest-dynamic-overlay')

SwiftCompile normal arm64 Compiling\ HTTPField.swift /Users/ryankanfer/Library/Developer/Xcode/DerivedData/HOMEY_Clean-gafualdnzupkfseuistvwtqbnpqd/SourcePackages/checkouts/swift-http-types/Sources/HTTPTypes/HTTPField.swift (in target 'HTTPTypes' from project 'swift-http-types')

SwiftCompile normal arm64 /Users/ryankanfer/Library/Developer/Xcode/DerivedData/HOMEY_Clean-gafualdnzupkfseuistvwtqbnpqd/SourcePackages/checkouts/swift-http-types/Sources/HTTPTypes/HTTPField.swift (in target 'HTTPTypes' from project 'swift-http-types')
    cd /Users/ryankanfer/Documents/Developer/HOMEY\ Clean/HOMEY\ Clean.xcodeproj
    

SwiftDriverJobDiscovery normal arm64 Compiling BreakpointReporter.swift, FatalErrorReporter.swift (in target 'IssueReporting' from project 'xctest-dynamic-overlay')

SwiftCompile normal arm64 Compiling\ PKCS8PrivateKey.swift,\ SEC1PrivateKey.swift,\ SubjectPublicKeyInfo.swift,\ CryptoError_boring.swift,\ CryptoKitErrors.swift,\ Digest_boring.swift,\ Digest.swift,\ Digests.swift,\ HashFunctions.swift,\ HashFunctions_SHA2.swift /Users/ryankanfer/Library/Developer/Xcode/DerivedData/HOMEY_Clean-gafualdnzupkfseuistvwtqbnpqd/SourcePackages/checkouts/swift-crypto/Sources/Crypto/ASN1/PKCS8PrivateKey.swift /Users/ryankanfer/Library/Developer/Xcode/DerivedData/HOMEY_Clean-gafualdnzupkfseuistvwtqbnpqd/SourcePackages/checkouts/swift-crypto/Sources/Crypto/ASN1/SEC1PrivateKey.swift /Users/ryankanfer/Library/Developer/Xcode/DerivedData/HOMEY_Clean-gafualdnzupkfseuistvwtqbnpqd/SourcePackages/checkouts/swift-crypto/Sources/Crypto/ASN1/SubjectPublicKeyInfo.swift /Users/ryankanfer/Library/Developer/Xcode/DerivedData/HOMEY_Clean-gafualdnzupkfseuistvwtqbnpqd/SourcePackages/checkouts/swift-crypto/Sources/Crypto/CryptoError_boring.swift /Users/ryankanfer/Library/Developer/Xcode/DerivedData/HOMEY_Clean-gafualdnzupkfseuistvwtqbnpqd/SourcePackages/checkouts/swift-crypto/Sources/Crypto/CryptoKitErrors.swift /Users/ryankanfer/Library/Developer/Xcode/DerivedData/HOMEY_Clean-gafualdnzupkfseuistvwtqbnpqd/SourcePackages/checkouts/swift-crypto/Sources/Crypto/Digests/BoringSSL/Digest_boring.swift /Users/ryankanfer/Library/Developer/Xcode/DerivedData/HOMEY_Clean-gafualdnzupkfseuistvwtqbnpqd/SourcePackages/checkouts/swift-crypto/Sources/Crypto/Digests/Digest.swift /Users/ryankanfer/Library/Developer/Xcode/DerivedData/HOMEY_Clean-gafualdnzupkfseuistvwtqbnpqd/SourcePackages/checkouts/swift-crypto/Sources/Crypto/Digests/Digests.swift /Users/ryankanfer/Library/Developer/Xcode/DerivedData/HOMEY_Clean-gafualdnzupkfseuistvwtqbnpqd/SourcePackages/checkouts/swift-crypto/Sources/Crypto/Digests/HashFunctions.swift /Users/ryankanfer/Library/Developer/Xcode/DerivedData/HOMEY_Clean-gafualdnzupkfseuistvwtqbnpqd/SourcePackages/checkouts/swift-crypto/Sources/Crypto/Digests/HashFunctions_SHA2.swift (in target 'Crypto' from project 'swift-crypto')

SwiftCompile normal arm64 /Users/ryankanfer/Library/Developer/Xcode/DerivedData/HOMEY_Clean-gafualdnzupkfseuistvwtqbnpqd/SourcePackages/checkouts/swift-crypto/Sources/Crypto/ASN1/PKCS8PrivateKey.swift (in target 'Crypto' from project 'swift-crypto')
    cd /Users/ryankanfer/Documents/Developer/HOMEY\ Clean/HOMEY\ Clean.xcodeproj
    

SwiftCompile normal arm64 /Users/ryankanfer/Library/Developer/Xcode/DerivedData/HOMEY_Clean-gafualdnzupkfseuistvwtqbnpqd/SourcePackages/checkouts/swift-crypto/Sources/Crypto/ASN1/SEC1PrivateKey.swift (in target 'Crypto' from project 'swift-crypto')
    cd /Users/ryankanfer/Documents/Developer/HOMEY\ Clean/HOMEY\ Clean.xcodeproj
    

SwiftCompile normal arm64 /Users/ryankanfer/Library/Developer/Xcode/DerivedData/HOMEY_Clean-gafualdnzupkfseuistvwtqbnpqd/SourcePackages/checkouts/swift-crypto/Sources/Crypto/ASN1/SubjectPublicKeyInfo.swift (in target 'Crypto' from project 'swift-crypto')
    cd /Users/ryankanfer/Documents/Developer/HOMEY\ Clean/HOMEY\ Clean.xcodeproj
    

SwiftCompile normal arm64 /Users/ryankanfer/Library/Developer/Xcode/DerivedData/HOMEY_Clean-gafualdnzupkfseuistvwtqbnpqd/SourcePackages/checkouts/swift-crypto/Sources/Crypto/CryptoError_boring.swift (in target 'Crypto' from project 'swift-crypto')
    cd /Users/ryankanfer/Documents/Developer/HOMEY\ Clean/HOMEY\ Clean.xcodeproj
    

SwiftCompile normal arm64 /Users/ryankanfer/Library/Developer/Xcode/DerivedData/HOMEY_Clean-gafualdnzupkfseuistvwtqbnpqd/SourcePackages/checkouts/swift-crypto/Sources/Crypto/CryptoKitErrors.swift (in target 'Crypto' from project 'swift-crypto')
    cd /Users/ryankanfer/Documents/Developer/HOMEY\ Clean/HOMEY\ Clean.xcodeproj
    

SwiftCompile normal arm64 /Users/ryankanfer/Library/Developer/Xcode/DerivedData/HOMEY_Clean-gafualdnzupkfseuistvwtqbnpqd/SourcePackages/checkouts/swift-crypto/Sources/Crypto/Digests/BoringSSL/Digest_boring.swift (in target 'Crypto' from project 'swift-crypto')
    cd /Users/ryankanfer/Documents/Developer/HOMEY\ Clean/HOMEY\ Clean.xcodeproj
    

SwiftCompile normal arm64 /Users/ryankanfer/Library/Developer/Xcode/DerivedData/HOMEY_Clean-gafualdnzupkfseuistvwtqbnpqd/SourcePackages/checkouts/swift-crypto/Sources/Crypto/Digests/Digest.swift (in target 'Crypto' from project 'swift-crypto')
    cd /Users/ryankanfer/Documents/Developer/HOMEY\ Clean/HOMEY\ Clean.xcodeproj
    

SwiftCompile normal arm64 /Users/ryankanfer/Library/Developer/Xcode/DerivedData/HOMEY_Clean-gafualdnzupkfseuistvwtqbnpqd/SourcePackages/checkouts/swift-crypto/Sources/Crypto/Digests/Digests.swift (in target 'Crypto' from project 'swift-crypto')
    cd /Users/ryankanfer/Documents/Developer/HOMEY\ Clean/HOMEY\ Clean.xcodeproj
    

SwiftCompile normal arm64 /Users/ryankanfer/Library/Developer/Xcode/DerivedData/HOMEY_Clean-gafualdnzupkfseuistvwtqbnpqd/SourcePackages/checkouts/swift-crypto/Sources/Crypto/Digests/HashFunctions.swift (in target 'Crypto' from project 'swift-crypto')
    cd /Users/ryankanfer/Documents/Developer/HOMEY\ Clean/HOMEY\ Clean.xcodeproj
    

SwiftCompile normal arm64 /Users/ryankanfer/Library/Developer/Xcode/DerivedData/HOMEY_Clean-gafualdnzupkfseuistvwtqbnpqd/SourcePackages/checkouts/swift-crypto/Sources/Crypto/Digests/HashFunctions_SHA2.swift (in target 'Crypto' from project 'swift-crypto')
    cd /Users/ryankanfer/Documents/Developer/HOMEY\ Clean/HOMEY\ Clean.xcodeproj
    

SwiftDriverJobDiscovery normal arm64 Compiling WithExpectedIssue.swift, WithIssueContext.swift (in target 'IssueReporting' from project 'xctest-dynamic-overlay')

SwiftDriverJobDiscovery normal arm64 Compiling ErrorReporting.swift, AppHostWarning.swift, Deprecations.swift (in target 'IssueReporting' from project 'xctest-dynamic-overlay')

SwiftCompile normal arm64 Compiling\ X25519Keys.swift,\ SymmetricKeys.swift,\ HMAC.swift,\ MACFunctions.swift,\ MessageAuthenticationCode.swift,\ AES.swift,\ ECDSASignature_boring.swift,\ ECDSA_boring.swift,\ EdDSA_boring.swift,\ ECDSA.swift /Users/ryankanfer/Library/Developer/Xcode/DerivedData/HOMEY_Clean-gafualdnzupkfseuistvwtqbnpqd/SourcePackages/checkouts/swift-crypto/Sources/Crypto/Keys/EC/X25519Keys.swift /Users/ryankanfer/Library/Developer/Xcode/DerivedData/HOMEY_Clean-gafualdnzupkfseuistvwtqbnpqd/SourcePackages/checkouts/swift-crypto/Sources/Crypto/Keys/Symmetric/SymmetricKeys.swift /Users/ryankanfer/Library/Developer/Xcode/DerivedData/HOMEY_Clean-gafualdnzupkfseuistvwtqbnpqd/SourcePackages/checkouts/swift-crypto/Sources/Crypto/Message\ Authentication\ Codes/HMAC/HMAC.swift /Users/ryankanfer/Library/Developer/Xcode/DerivedData/HOMEY_Clean-gafualdnzupkfseuistvwtqbnpqd/SourcePackages/checkouts/swift-crypto/Sources/Crypto/Message\ Authentication\ Codes/MACFunctions.swift /Users/ryankanfer/Library/Developer/Xcode/DerivedData/HOMEY_Clean-gafualdnzupkfseuistvwtqbnpqd/SourcePackages/checkouts/swift-crypto/Sources/Crypto/Message\ Authentication\ Codes/MessageAuthenticationCode.swift /Users/ryankanfer/Library/Developer/Xcode/DerivedData/HOMEY_Clean-gafualdnzupkfseuistvwtqbnpqd/SourcePackages/checkouts/swift-crypto/Sources/Crypto/PRF/AES.swift /Users/ryankanfer/Library/Developer/Xcode/DerivedData/HOMEY_Clean-gafualdnzupkfseuistvwtqbnpqd/SourcePackages/checkouts/swift-crypto/Sources/Crypto/Signatures/BoringSSL/ECDSASignature_boring.swift /Users/ryankanfer/Library/Developer/Xcode/DerivedData/HOMEY_Clean-gafualdnzupkfseuistvwtqbnpqd/SourcePackages/checkouts/swift-crypto/Sources/Crypto/Signatures/BoringSSL/ECDSA_boring.swift /Users/ryankanfer/Library/Developer/Xcode/DerivedData/HOMEY_Clean-gafualdnzupkfseuistvwtqbnpqd/SourcePackages/checkouts/swift-crypto/Sources/Crypto/Signatures/BoringSSL/EdDSA_boring.swift /Users/ryankanfer/Library/Developer/Xcode/DerivedData/HOMEY_Clean-gafualdnzupkfseuistvwtqbnpqd/SourcePackages/checkouts/swift-crypto/Sources/Crypto/Signatures/ECDSA.swift (in target 'Crypto' from project 'swift-crypto')

SwiftCompile normal arm64 /Users/ryankanfer/Library/Developer/Xcode/DerivedData/HOMEY_Clean-gafualdnzupkfseuistvwtqbnpqd/SourcePackages/checkouts/swift-crypto/Sources/Crypto/Keys/EC/X25519Keys.swift (in target 'Crypto' from project 'swift-crypto')
    cd /Users/ryankanfer/Documents/Developer/HOMEY\ Clean/HOMEY\ Clean.xcodeproj
    

SwiftCompile normal arm64 /Users/ryankanfer/Library/Developer/Xcode/DerivedData/HOMEY_Clean-gafualdnzupkfseuistvwtqbnpqd/SourcePackages/checkouts/swift-crypto/Sources/Crypto/Keys/Symmetric/SymmetricKeys.swift (in target 'Crypto' from project 'swift-crypto')
    cd /Users/ryankanfer/Documents/Developer/HOMEY\ Clean/HOMEY\ Clean.xcodeproj
    

SwiftCompile normal arm64 /Users/ryankanfer/Library/Developer/Xcode/DerivedData/HOMEY_Clean-gafualdnzupkfseuistvwtqbnpqd/SourcePackages/checkouts/swift-crypto/Sources/Crypto/Message\ Authentication\ Codes/HMAC/HMAC.swift (in target 'Crypto' from project 'swift-crypto')
    cd /Users/ryankanfer/Documents/Developer/HOMEY\ Clean/HOMEY\ Clean.xcodeproj
    

SwiftCompile normal arm64 /Users/ryankanfer/Library/Developer/Xcode/DerivedData/HOMEY_Clean-gafualdnzupkfseuistvwtqbnpqd/SourcePackages/checkouts/swift-crypto/Sources/Crypto/Message\ Authentication\ Codes/MACFunctions.swift (in target 'Crypto' from project 'swift-crypto')
    cd /Users/ryankanfer/Documents/Developer/HOMEY\ Clean/HOMEY\ Clean.xcodeproj
    

SwiftCompile normal arm64 /Users/ryankanfer/Library/Developer/Xcode/DerivedData/HOMEY_Clean-gafualdnzupkfseuistvwtqbnpqd/SourcePackages/checkouts/swift-crypto/Sources/Crypto/Message\ Authentication\ Codes/MessageAuthenticationCode.swift (in target 'Crypto' from project 'swift-crypto')
    cd /Users/ryankanfer/Documents/Developer/HOMEY\ Clean/HOMEY\ Clean.xcodeproj
    

SwiftCompile normal arm64 /Users/ryankanfer/Library/Developer/Xcode/DerivedData/HOMEY_Clean-gafualdnzupkfseuistvwtqbnpqd/SourcePackages/checkouts/swift-crypto/Sources/Crypto/PRF/AES.swift (in target 'Crypto' from project 'swift-crypto')
    cd /Users/ryankanfer/Documents/Developer/HOMEY\ Clean/HOMEY\ Clean.xcodeproj
    

SwiftCompile normal arm64 /Users/ryankanfer/Library/Developer/Xcode/DerivedData/HOMEY_Clean-gafualdnzupkfseuistvwtqbnpqd/SourcePackages/checkouts/swift-crypto/Sources/Crypto/Signatures/BoringSSL/ECDSASignature_boring.swift (in target 'Crypto' from project 'swift-crypto')
    cd /Users/ryankanfer/Documents/Developer/HOMEY\ Clean/HOMEY\ Clean.xcodeproj
    

SwiftCompile normal arm64 /Users/ryankanfer/Library/Developer/Xcode/DerivedData/HOMEY_Clean-gafualdnzupkfseuistvwtqbnpqd/SourcePackages/checkouts/swift-crypto/Sources/Crypto/Signatures/BoringSSL/ECDSA_boring.swift (in target 'Crypto' from project 'swift-crypto')
    cd /Users/ryankanfer/Documents/Developer/HOMEY\ Clean/HOMEY\ Clean.xcodeproj
    

SwiftCompile normal arm64 /Users/ryankanfer/Library/Developer/Xcode/DerivedData/HOMEY_Clean-gafualdnzupkfseuistvwtqbnpqd/SourcePackages/checkouts/swift-crypto/Sources/Crypto/Signatures/BoringSSL/EdDSA_boring.swift (in target 'Crypto' from project 'swift-crypto')
    cd /Users/ryankanfer/Documents/Developer/HOMEY\ Clean/HOMEY\ Clean.xcodeproj
    

SwiftCompile normal arm64 /Users/ryankanfer/Library/Developer/Xcode/DerivedData/HOMEY_Clean-gafualdnzupkfseuistvwtqbnpqd/SourcePackages/checkouts/swift-crypto/Sources/Crypto/Signatures/ECDSA.swift (in target 'Crypto' from project 'swift-crypto')
    cd /Users/ryankanfer/Documents/Developer/HOMEY\ Clean/HOMEY\ Clean.xcodeproj
    

SwiftDriverJobDiscovery normal arm64 Compiling PKCS8PrivateKey.swift, SEC1PrivateKey.swift, SubjectPublicKeyInfo.swift, CryptoError_boring.swift, CryptoKitErrors.swift, Digest_boring.swift, Digest.swift, Digests.swift, HashFunctions.swift, HashFunctions_SHA2.swift (in target 'Crypto' from project 'swift-crypto')

SwiftCompile normal arm64 Compiling\ HPKE-Errors.swift,\ HPKE.swift,\ HPKE-Context.swift,\ HPKE-KeySchedule.swift,\ HPKE-Modes.swift,\ Insecure.swift,\ Insecure_HashFunctions.swift,\ KEM.swift,\ ECDH_boring.swift,\ DH.swift /Users/ryankanfer/Library/Developer/Xcode/DerivedData/HOMEY_Clean-gafualdnzupkfseuistvwtqbnpqd/SourcePackages/checkouts/swift-crypto/Sources/Crypto/HPKE/HPKE-Errors.swift /Users/ryankanfer/Library/Developer/Xcode/DerivedData/HOMEY_Clean-gafualdnzupkfseuistvwtqbnpqd/SourcePackages/checkouts/swift-crypto/Sources/Crypto/HPKE/HPKE.swift /Users/ryankanfer/Library/Developer/Xcode/DerivedData/HOMEY_Clean-gafualdnzupkfseuistvwtqbnpqd/SourcePackages/checkouts/swift-crypto/Sources/Crypto/HPKE/Key\ Schedule/HPKE-Context.swift /Users/ryankanfer/Library/Developer/Xcode/DerivedData/HOMEY_Clean-gafualdnzupkfseuistvwtqbnpqd/SourcePackages/checkouts/swift-crypto/Sources/Crypto/HPKE/Key\ Schedule/HPKE-KeySchedule.swift /Users/ryankanfer/Library/Developer/Xcode/DerivedData/HOMEY_Clean-gafualdnzupkfseuistvwtqbnpqd/SourcePackages/checkouts/swift-crypto/Sources/Crypto/HPKE/Modes/HPKE-Modes.swift /Users/ryankanfer/Library/Developer/Xcode/DerivedData/HOMEY_Clean-gafualdnzupkfseuistvwtqbnpqd/SourcePackages/checkouts/swift-crypto/Sources/Crypto/Insecure/Insecure.swift /Users/ryankanfer/Library/Developer/Xcode/DerivedData/HOMEY_Clean-gafualdnzupkfseuistvwtqbnpqd/SourcePackages/checkouts/swift-crypto/Sources/Crypto/Insecure/Insecure_HashFunctions.swift /Users/ryankanfer/Library/Developer/Xcode/DerivedData/HOMEY_Clean-gafualdnzupkfseuistvwtqbnpqd/SourcePackages/checkouts/swift-crypto/Sources/Crypto/KEM/KEM.swift /Users/ryankanfer/Library/Developer/Xcode/DerivedData/HOMEY_Clean-gafualdnzupkfseuistvwtqbnpqd/SourcePackages/checkouts/swift-crypto/Sources/Crypto/Key\ Agreement/BoringSSL/ECDH_boring.swift /Users/ryankanfer/Library/Developer/Xcode/DerivedData/HOMEY_Clean-gafualdnzupkfseuistvwtqbnpqd/SourcePackages/checkouts/swift-crypto/Sources/Crypto/Key\ Agreement/DH.swift (in target 'Crypto' from project 'swift-crypto')

SwiftCompile normal arm64 /Users/ryankanfer/Library/Developer/Xcode/DerivedData/HOMEY_Clean-gafualdnzupkfseuistvwtqbnpqd/SourcePackages/checkouts/swift-crypto/Sources/Crypto/HPKE/HPKE-Errors.swift (in target 'Crypto' from project 'swift-crypto')
    cd /Users/ryankanfer/Documents/Developer/HOMEY\ Clean/HOMEY\ Clean.xcodeproj
    

SwiftCompile normal arm64 /Users/ryankanfer/Library/Developer/Xcode/DerivedData/HOMEY_Clean-gafualdnzupkfseuistvwtqbnpqd/SourcePackages/checkouts/swift-crypto/Sources/Crypto/HPKE/HPKE.swift (in target 'Crypto' from project 'swift-crypto')
    cd /Users/ryankanfer/Documents/Developer/HOMEY\ Clean/HOMEY\ Clean.xcodeproj
    

SwiftCompile normal arm64 /Users/ryankanfer/Library/Developer/Xcode/DerivedData/HOMEY_Clean-gafualdnzupkfseuistvwtqbnpqd/SourcePackages/checkouts/swift-crypto/Sources/Crypto/HPKE/Key\ Schedule/HPKE-Context.swift (in target 'Crypto' from project 'swift-crypto')
    cd /Users/ryankanfer/Documents/Developer/HOMEY\ Clean/HOMEY\ Clean.xcodeproj
    

SwiftCompile normal arm64 /Users/ryankanfer/Library/Developer/Xcode/DerivedData/HOMEY_Clean-gafualdnzupkfseuistvwtqbnpqd/SourcePackages/checkouts/swift-crypto/Sources/Crypto/HPKE/Key\ Schedule/HPKE-KeySchedule.swift (in target 'Crypto' from project 'swift-crypto')
    cd /Users/ryankanfer/Documents/Developer/HOMEY\ Clean/HOMEY\ Clean.xcodeproj
    

SwiftCompile normal arm64 /Users/ryankanfer/Library/Developer/Xcode/DerivedData/HOMEY_Clean-gafualdnzupkfseuistvwtqbnpqd/SourcePackages/checkouts/swift-crypto/Sources/Crypto/HPKE/Modes/HPKE-Modes.swift (in target 'Crypto' from project 'swift-crypto')
    cd /Users/ryankanfer/Documents/Developer/HOMEY\ Clean/HOMEY\ Clean.xcodeproj
    

SwiftCompile normal arm64 /Users/ryankanfer/Library/Developer/Xcode/DerivedData/HOMEY_Clean-gafualdnzupkfseuistvwtqbnpqd/SourcePackages/checkouts/swift-crypto/Sources/Crypto/Insecure/Insecure.swift (in target 'Crypto' from project 'swift-crypto')
    cd /Users/ryankanfer/Documents/Developer/HOMEY\ Clean/HOMEY\ Clean.xcodeproj
    

SwiftCompile normal arm64 /Users/ryankanfer/Library/Developer/Xcode/DerivedData/HOMEY_Clean-gafualdnzupkfseuistvwtqbnpqd/SourcePackages/checkouts/swift-crypto/Sources/Crypto/Insecure/Insecure_HashFunctions.swift (in target 'Crypto' from project 'swift-crypto')
    cd /Users/ryankanfer/Documents/Developer/HOMEY\ Clean/HOMEY\ Clean.xcodeproj
    

SwiftCompile normal arm64 /Users/ryankanfer/Library/Developer/Xcode/DerivedData/HOMEY_Clean-gafualdnzupkfseuistvwtqbnpqd/SourcePackages/checkouts/swift-crypto/Sources/Crypto/KEM/KEM.swift (in target 'Crypto' from project 'swift-crypto')
    cd /Users/ryankanfer/Documents/Developer/HOMEY\ Clean/HOMEY\ Clean.xcodeproj
    

SwiftCompile normal arm64 /Users/ryankanfer/Library/Developer/Xcode/DerivedData/HOMEY_Clean-gafualdnzupkfseuistvwtqbnpqd/SourcePackages/checkouts/swift-crypto/Sources/Crypto/Key\ Agreement/BoringSSL/ECDH_boring.swift (in target 'Crypto' from project 'swift-crypto')
    cd /Users/ryankanfer/Documents/Developer/HOMEY\ Clean/HOMEY\ Clean.xcodeproj
    

SwiftCompile normal arm64 /Users/ryankanfer/Library/Developer/Xcode/DerivedData/HOMEY_Clean-gafualdnzupkfseuistvwtqbnpqd/SourcePackages/checkouts/swift-crypto/Sources/Crypto/Key\ Agreement/DH.swift (in target 'Crypto' from project 'swift-crypto')
    cd /Users/ryankanfer/Documents/Developer/HOMEY\ Clean/HOMEY\ Clean.xcodeproj
    

SwiftCompile normal arm64 Compiling\ ECDH.swift,\ HKDF.swift,\ AESWrap.swift,\ AESWrap_boring.swift,\ Ed25519_boring.swift,\ NISTCurvesKeys_boring.swift,\ X25519Keys_boring.swift,\ Curve25519.swift,\ Ed25519Keys.swift,\ NISTCurvesKeys.swift /Users/ryankanfer/Library/Developer/Xcode/DerivedData/HOMEY_Clean-gafualdnzupkfseuistvwtqbnpqd/SourcePackages/checkouts/swift-crypto/Sources/Crypto/Key\ Agreement/ECDH.swift /Users/ryankanfer/Library/Developer/Xcode/DerivedData/HOMEY_Clean-gafualdnzupkfseuistvwtqbnpqd/SourcePackages/checkouts/swift-crypto/Sources/Crypto/Key\ Derivation/HKDF.swift /Users/ryankanfer/Library/Developer/Xcode/DerivedData/HOMEY_Clean-gafualdnzupkfseuistvwtqbnpqd/SourcePackages/checkouts/swift-crypto/Sources/Crypto/Key\ Wrapping/AESWrap.swift /Users/ryankanfer/Library/Developer/Xcode/DerivedData/HOMEY_Clean-gafualdnzupkfseuistvwtqbnpqd/SourcePackages/checkouts/swift-crypto/Sources/Crypto/Key\ Wrapping/BoringSSL/AESWrap_boring.swift /Users/ryankanfer/Library/Developer/Xcode/DerivedData/HOMEY_Clean-gafualdnzupkfseuistvwtqbnpqd/SourcePackages/checkouts/swift-crypto/Sources/Crypto/Keys/EC/BoringSSL/Ed25519_boring.swift /Users/ryankanfer/Library/Developer/Xcode/DerivedData/HOMEY_Clean-gafualdnzupkfseuistvwtqbnpqd/SourcePackages/checkouts/swift-crypto/Sources/Crypto/Keys/EC/BoringSSL/NISTCurvesKeys_boring.swift /Users/ryankanfer/Library/Developer/Xcode/DerivedData/HOMEY_Clean-gafualdnzupkfseuistvwtqbnpqd/SourcePackages/checkouts/swift-crypto/Sources/Crypto/Keys/EC/BoringSSL/X25519Keys_boring.swift /Users/ryankanfer/Library/Developer/Xcode/DerivedData/HOMEY_Clean-gafualdnzupkfseuistvwtqbnpqd/SourcePackages/checkouts/swift-crypto/Sources/Crypto/Keys/EC/Curve25519.swift /Users/ryankanfer/Library/Developer/Xcode/DerivedData/HOMEY_Clean-gafualdnzupkfseuistvwtqbnpqd/SourcePackages/checkouts/swift-crypto/Sources/Crypto/Keys/EC/Ed25519Keys.swift /Users/ryankanfer/Library/Developer/Xcode/DerivedData/HOMEY_Clean-gafualdnzupkfseuistvwtqbnpqd/SourcePackages/checkouts/swift-crypto/Sources/Crypto/Keys/EC/NISTCurvesKeys.swift (in target 'Crypto' from project 'swift-crypto')

SwiftCompile normal arm64 /Users/ryankanfer/Library/Developer/Xcode/DerivedData/HOMEY_Clean-gafualdnzupkfseuistvwtqbnpqd/SourcePackages/checkouts/swift-crypto/Sources/Crypto/Key\ Agreement/ECDH.swift (in target 'Crypto' from project 'swift-crypto')
    cd /Users/ryankanfer/Documents/Developer/HOMEY\ Clean/HOMEY\ Clean.xcodeproj
    

SwiftCompile normal arm64 /Users/ryankanfer/Library/Developer/Xcode/DerivedData/HOMEY_Clean-gafualdnzupkfseuistvwtqbnpqd/SourcePackages/checkouts/swift-crypto/Sources/Crypto/Key\ Derivation/HKDF.swift (in target 'Crypto' from project 'swift-crypto')
    cd /Users/ryankanfer/Documents/Developer/HOMEY\ Clean/HOMEY\ Clean.xcodeproj
    

SwiftCompile normal arm64 /Users/ryankanfer/Library/Developer/Xcode/DerivedData/HOMEY_Clean-gafualdnzupkfseuistvwtqbnpqd/SourcePackages/checkouts/swift-crypto/Sources/Crypto/Key\ Wrapping/AESWrap.swift (in target 'Crypto' from project 'swift-crypto')
    cd /Users/ryankanfer/Documents/Developer/HOMEY\ Clean/HOMEY\ Clean.xcodeproj
    

SwiftCompile normal arm64 /Users/ryankanfer/Library/Developer/Xcode/DerivedData/HOMEY_Clean-gafualdnzupkfseuistvwtqbnpqd/SourcePackages/checkouts/swift-crypto/Sources/Crypto/Key\ Wrapping/BoringSSL/AESWrap_boring.swift (in target 'Crypto' from project 'swift-crypto')
    cd /Users/ryankanfer/Documents/Developer/HOMEY\ Clean/HOMEY\ Clean.xcodeproj
    

SwiftCompile normal arm64 /Users/ryankanfer/Library/Developer/Xcode/DerivedData/HOMEY_Clean-gafualdnzupkfseuistvwtqbnpqd/SourcePackages/checkouts/swift-crypto/Sources/Crypto/Keys/EC/BoringSSL/Ed25519_boring.swift (in target 'Crypto' from project 'swift-crypto')
    cd /Users/ryankanfer/Documents/Developer/HOMEY\ Clean/HOMEY\ Clean.xcodeproj
    

SwiftCompile normal arm64 /Users/ryankanfer/Library/Developer/Xcode/DerivedData/HOMEY_Clean-gafualdnzupkfseuistvwtqbnpqd/SourcePackages/checkouts/swift-crypto/Sources/Crypto/Keys/EC/BoringSSL/NISTCurvesKeys_boring.swift (in target 'Crypto' from project 'swift-crypto')
    cd /Users/ryankanfer/Documents/Developer/HOMEY\ Clean/HOMEY\ Clean.xcodeproj
    

SwiftCompile normal arm64 /Users/ryankanfer/Library/Developer/Xcode/DerivedData/HOMEY_Clean-gafualdnzupkfseuistvwtqbnpqd/SourcePackages/checkouts/swift-crypto/Sources/Crypto/Keys/EC/BoringSSL/X25519Keys_boring.swift (in target 'Crypto' from project 'swift-crypto')
    cd /Users/ryankanfer/Documents/Developer/HOMEY\ Clean/HOMEY\ Clean.xcodeproj
    

SwiftCompile normal arm64 /Users/ryankanfer/Library/Developer/Xcode/DerivedData/HOMEY_Clean-gafualdnzupkfseuistvwtqbnpqd/SourcePackages/checkouts/swift-crypto/Sources/Crypto/Keys/EC/Curve25519.swift (in target 'Crypto' from project 'swift-crypto')
    cd /Users/ryankanfer/Documents/Developer/HOMEY\ Clean/HOMEY\ Clean.xcodeproj
    

SwiftCompile normal arm64 /Users/ryankanfer/Library/Developer/Xcode/DerivedData/HOMEY_Clean-gafualdnzupkfseuistvwtqbnpqd/SourcePackages/checkouts/swift-crypto/Sources/Crypto/Keys/EC/Ed25519Keys.swift (in target 'Crypto' from project 'swift-crypto')
    cd /Users/ryankanfer/Documents/Developer/HOMEY\ Clean/HOMEY\ Clean.xcodeproj
    

SwiftCompile normal arm64 /Users/ryankanfer/Library/Developer/Xcode/DerivedData/HOMEY_Clean-gafualdnzupkfseuistvwtqbnpqd/SourcePackages/checkouts/swift-crypto/Sources/Crypto/Keys/EC/NISTCurvesKeys.swift (in target 'Crypto' from project 'swift-crypto')
    cd /Users/ryankanfer/Documents/Developer/HOMEY\ Clean/HOMEY\ Clean.xcodeproj
    

SwiftDriverJobDiscovery normal arm64 Emitting module for IssueReporting (in target 'IssueReporting' from project 'xctest-dynamic-overlay')

SwiftDriver\ Compilation\ Requirements IssueReporting normal arm64 com.apple.xcode.tools.swift.compiler (in target 'IssueReporting' from project 'xctest-dynamic-overlay')
    cd /Users/ryankanfer/Documents/Developer/HOMEY\ Clean/HOMEY\ Clean.xcodeproj
    builtin-Swift-Compilation-Requirements -- /Applications/Xcode.app/Contents/Developer/Toolchains/XcodeDefault.xctoolchain/usr/bin/swiftc -module-name IssueReporting -Onone -enforce-exclusivity\=checked @/Users/ryankanfer/Library/Developer/Xcode/DerivedData/HOMEY_Clean-gafualdnzupkfseuistvwtqbnpqd/Build/Intermediates.noindex/xctest-dynamic-overlay.build/Debug-iphoneos/IssueReporting.build/Objects-normal/arm64/IssueReporting.SwiftFileList -DSWIFT_PACKAGE -DDEBUG -DSWIFT_MODULE_RESOURCE_BUNDLE_UNAVAILABLE -DXcode -plugin-path /Applications/Xcode.app/Contents/Developer/Toolchains/XcodeDefault.xctoolchain/usr/lib/swift/host/plugins/testing -enable-experimental-feature DebugDescriptionMacro -sdk /Applications/Xcode.app/Contents/Developer/Platforms/iPhoneOS.platform/Developer/SDKs/iPhoneOS26.0.sdk -target arm64-apple-ios13.0 -g -module-cache-path /Users/ryankanfer/Library/Developer/Xcode/DerivedData/ModuleCache.noindex -Xfrontend -serialize-debugging-options -profile-coverage-mapping -profile-generate -enable-testing -suppress-warnings -index-store-path /Users/ryankanfer/Library/Developer/Xcode/DerivedData/HOMEY_Clean-gafualdnzupkfseuistvwtqbnpqd/Index.noindex/DataStore -Xcc -D_LIBCPP_HARDENING_MODE\=_LIBCPP_HARDENING_MODE_DEBUG -swift-version 6 -I /Users/ryankanfer/Library/Developer/Xcode/DerivedData/HOMEY_Clean-gafualdnzupkfseuistvwtqbnpqd/Build/Products/Debug-iphoneos -Isystem /Applications/Xcode.app/Contents/Developer/Platforms/iPhoneOS.platform/Developer/usr/lib -F /Users/ryankanfer/Library/Developer/Xcode/DerivedData/HOMEY_Clean-gafualdnzupkfseuistvwtqbnpqd/Build/Products/Debug-iphoneos/PackageFrameworks -F /Users/ryankanfer/Library/Developer/Xcode/DerivedData/HOMEY_Clean-gafualdnzupkfseuistvwtqbnpqd/Build/Products/Debug-iphoneos -F /Applications/Xcode.app/Contents/Developer/Platforms/iPhoneOS.platform/Developer/Library/Frameworks -F /Applications/Xcode.app/Contents/Developer/Platforms/iPhoneOS.platform/Developer/SDKs/iPhoneOS26.0.sdk/Developer/Library/Frameworks -c -j8 -enable-batch-mode -incremental -Xcc -ivfsstatcache -Xcc /Users/ryankanfer/Library/Developer/Xcode/DerivedData/SDKStatCaches.noindex/iphoneos26.0-23A339-81ce72e5b06c9602b9d30b56f2eed08a.sdkstatcache -output-file-map /Users/ryankanfer/Library/Developer/Xcode/DerivedData/HOMEY_Clean-gafualdnzupkfseuistvwtqbnpqd/Build/Intermediates.noindex/xctest-dynamic-overlay.build/Debug-iphoneos/IssueReporting.build/Objects-normal/arm64/IssueReporting-OutputFileMap.json -use-frontend-parseable-output -save-temps -no-color-diagnostics -explicit-module-build -module-cache-path /Users/ryankanfer/Library/Developer/Xcode/DerivedData/HOMEY_Clean-gafualdnzupkfseuistvwtqbnpqd/Build/Intermediates.noindex/SwiftExplicitPrecompiledModules -clang-scanner-module-cache-path /Users/ryankanfer/Library/Developer/Xcode/DerivedData/ModuleCache.noindex -sdk-module-cache-path /Users/ryankanfer/Library/Developer/Xcode/DerivedData/ModuleCache.noindex -serialize-diagnostics -emit-dependencies -emit-module -emit-module-path /Users/ryankanfer/Library/Developer/Xcode/DerivedData/HOMEY_Clean-gafualdnzupkfseuistvwtqbnpqd/Build/Intermediates.noindex/xctest-dynamic-overlay.build/Debug-iphoneos/IssueReporting.build/Objects-normal/arm64/IssueReporting.swiftmodule -user-module-version 1.6.1 -validate-clang-modules-once -clang-build-session-file /Users/ryankanfer/Library/Developer/Xcode/DerivedData/ModuleCache.noindex/Session.modulevalidation -package-name xctest_dynamic_overlay -Xcc -I/Users/ryankanfer/Library/Developer/Xcode/DerivedData/HOMEY_Clean-gafualdnzupkfseuistvwtqbnpqd/Build/Intermediates.noindex/xctest-dynamic-overlay.build/Debug-iphoneos/IssueReporting.build/swift-overrides.hmap -emit-const-values -Xfrontend -const-gather-protocols-file -Xfrontend /Users/ryankanfer/Library/Developer/Xcode/DerivedData/HOMEY_Clean-gafualdnzupkfseuistvwtqbnpqd/Build/Intermediates.noindex/xctest-dynamic-overlay.build/Debug-iphoneos/IssueReporting.build/Objects-normal/arm64/IssueReporting_const_extract_protocols.json -Xcc -I/Users/ryankanfer/Library/Developer/Xcode/DerivedData/HOMEY_Clean-gafualdnzupkfseuistvwtqbnpqd/Build/Products/Debug-iphoneos/include -Xcc -I/Users/ryankanfer/Library/Developer/Xcode/DerivedData/HOMEY_Clean-gafualdnzupkfseuistvwtqbnpqd/Build/Intermediates.noindex/xctest-dynamic-overlay.build/Debug-iphoneos/IssueReporting.build/DerivedSources-normal/arm64 -Xcc -I/Users/ryankanfer/Library/Developer/Xcode/DerivedData/HOMEY_Clean-gafualdnzupkfseuistvwtqbnpqd/Build/Intermediates.noindex/xctest-dynamic-overlay.build/Debug-iphoneos/IssueReporting.build/DerivedSources/arm64 -Xcc -I/Users/ryankanfer/Library/Developer/Xcode/DerivedData/HOMEY_Clean-gafualdnzupkfseuistvwtqbnpqd/Build/Intermediates.noindex/xctest-dynamic-overlay.build/Debug-iphoneos/IssueReporting.build/DerivedSources -Xcc -DSWIFT_PACKAGE -Xcc -DDEBUG\=1 -emit-objc-header -emit-objc-header-path /Users/ryankanfer/Library/Developer/Xcode/DerivedData/HOMEY_Clean-gafualdnzupkfseuistvwtqbnpqd/Build/Intermediates.noindex/xctest-dynamic-overlay.build/Debug-iphoneos/IssueReporting.build/Objects-normal/arm64/IssueReporting-Swift.h -working-directory /Users/ryankanfer/Documents/Developer/HOMEY\ Clean/HOMEY\ Clean.xcodeproj -experimental-emit-module-separately -disable-cmo

SwiftDriverJobDiscovery normal arm64 Compiling RuntimeWarningReporter.swift, ReportIssue.swift (in target 'IssueReporting' from project 'xctest-dynamic-overlay')

SwiftCompile normal arm64 Compiling\ HPKE-AEAD.swift,\ HPKE-Ciphersuite.swift,\ HPKE-KDF.swift,\ HPKE-KexKeyDerivation.swift,\ HPKE-LabeledExtract.swift,\ HPKE-Utils.swift,\ DHKEM.swift,\ HPKE-KEM-Curve25519.swift,\ HPKE-NIST-EC-KEMs.swift,\ HPKE-KEM.swift /Users/ryankanfer/Library/Developer/Xcode/DerivedData/HOMEY_Clean-gafualdnzupkfseuistvwtqbnpqd/SourcePackages/checkouts/swift-crypto/Sources/Crypto/HPKE/Ciphersuite/HPKE-AEAD.swift /Users/ryankanfer/Library/Developer/Xcode/DerivedData/HOMEY_Clean-gafualdnzupkfseuistvwtqbnpqd/SourcePackages/checkouts/swift-crypto/Sources/Crypto/HPKE/Ciphersuite/HPKE-Ciphersuite.swift /Users/ryankanfer/Library/Developer/Xcode/DerivedData/HOMEY_Clean-gafualdnzupkfseuistvwtqbnpqd/SourcePackages/checkouts/swift-crypto/Sources/Crypto/HPKE/Ciphersuite/HPKE-KDF.swift /Users/ryankanfer/Library/Developer/Xcode/DerivedData/HOMEY_Clean-gafualdnzupkfseuistvwtqbnpqd/SourcePackages/checkouts/swift-crypto/Sources/Crypto/HPKE/Ciphersuite/HPKE-KexKeyDerivation.swift /Users/ryankanfer/Library/Developer/Xcode/DerivedData/HOMEY_Clean-gafualdnzupkfseuistvwtqbnpqd/SourcePackages/checkouts/swift-crypto/Sources/Crypto/HPKE/Ciphersuite/HPKE-LabeledExtract.swift /Users/ryankanfer/Library/Developer/Xcode/DerivedData/HOMEY_Clean-gafualdnzupkfseuistvwtqbnpqd/SourcePackages/checkouts/swift-crypto/Sources/Crypto/HPKE/Ciphersuite/HPKE-Utils.swift /Users/ryankanfer/Library/Developer/Xcode/DerivedData/HOMEY_Clean-gafualdnzupkfseuistvwtqbnpqd/SourcePackages/checkouts/swift-crypto/Sources/Crypto/HPKE/Ciphersuite/KEM/Conformances/DHKEM.swift /Users/ryankanfer/Library/Developer/Xcode/DerivedData/HOMEY_Clean-gafualdnzupkfseuistvwtqbnpqd/SourcePackages/checkouts/swift-crypto/Sources/Crypto/HPKE/Ciphersuite/KEM/Conformances/HPKE-KEM-Curve25519.swift /Users/ryankanfer/Library/Developer/Xcode/DerivedData/HOMEY_Clean-gafualdnzupkfseuistvwtqbnpqd/SourcePackages/checkouts/swift-crypto/Sources/Crypto/HPKE/Ciphersuite/KEM/Conformances/HPKE-NIST-EC-KEMs.swift /Users/ryankanfer/Library/Developer/Xcode/DerivedData/HOMEY_Clean-gafualdnzupkfseuistvwtqbnpqd/SourcePackages/checkouts/swift-crypto/Sources/Crypto/HPKE/Ciphersuite/KEM/HPKE-KEM.swift (in target 'Crypto' from project 'swift-crypto')

SwiftCompile normal arm64 /Users/ryankanfer/Library/Developer/Xcode/DerivedData/HOMEY_Clean-gafualdnzupkfseuistvwtqbnpqd/SourcePackages/checkouts/swift-crypto/Sources/Crypto/HPKE/Ciphersuite/HPKE-AEAD.swift (in target 'Crypto' from project 'swift-crypto')
    cd /Users/ryankanfer/Documents/Developer/HOMEY\ Clean/HOMEY\ Clean.xcodeproj
    

SwiftCompile normal arm64 /Users/ryankanfer/Library/Developer/Xcode/DerivedData/HOMEY_Clean-gafualdnzupkfseuistvwtqbnpqd/SourcePackages/checkouts/swift-crypto/Sources/Crypto/HPKE/Ciphersuite/HPKE-Ciphersuite.swift (in target 'Crypto' from project 'swift-crypto')
    cd /Users/ryankanfer/Documents/Developer/HOMEY\ Clean/HOMEY\ Clean.xcodeproj
    

SwiftCompile normal arm64 /Users/ryankanfer/Library/Developer/Xcode/DerivedData/HOMEY_Clean-gafualdnzupkfseuistvwtqbnpqd/SourcePackages/checkouts/swift-crypto/Sources/Crypto/HPKE/Ciphersuite/HPKE-KDF.swift (in target 'Crypto' from project 'swift-crypto')
    cd /Users/ryankanfer/Documents/Developer/HOMEY\ Clean/HOMEY\ Clean.xcodeproj
    

SwiftCompile normal arm64 /Users/ryankanfer/Library/Developer/Xcode/DerivedData/HOMEY_Clean-gafualdnzupkfseuistvwtqbnpqd/SourcePackages/checkouts/swift-crypto/Sources/Crypto/HPKE/Ciphersuite/HPKE-KexKeyDerivation.swift (in target 'Crypto' from project 'swift-crypto')
    cd /Users/ryankanfer/Documents/Developer/HOMEY\ Clean/HOMEY\ Clean.xcodeproj
    

SwiftCompile normal arm64 /Users/ryankanfer/Library/Developer/Xcode/DerivedData/HOMEY_Clean-gafualdnzupkfseuistvwtqbnpqd/SourcePackages/checkouts/swift-crypto/Sources/Crypto/HPKE/Ciphersuite/HPKE-LabeledExtract.swift (in target 'Crypto' from project 'swift-crypto')
    cd /Users/ryankanfer/Documents/Developer/HOMEY\ Clean/HOMEY\ Clean.xcodeproj
    

SwiftCompile normal arm64 /Users/ryankanfer/Library/Developer/Xcode/DerivedData/HOMEY_Clean-gafualdnzupkfseuistvwtqbnpqd/SourcePackages/checkouts/swift-crypto/Sources/Crypto/HPKE/Ciphersuite/HPKE-Utils.swift (in target 'Crypto' from project 'swift-crypto')
    cd /Users/ryankanfer/Documents/Developer/HOMEY\ Clean/HOMEY\ Clean.xcodeproj
    

SwiftCompile normal arm64 /Users/ryankanfer/Library/Developer/Xcode/DerivedData/HOMEY_Clean-gafualdnzupkfseuistvwtqbnpqd/SourcePackages/checkouts/swift-crypto/Sources/Crypto/HPKE/Ciphersuite/KEM/Conformances/DHKEM.swift (in target 'Crypto' from project 'swift-crypto')
    cd /Users/ryankanfer/Documents/Developer/HOMEY\ Clean/HOMEY\ Clean.xcodeproj
    

SwiftCompile normal arm64 /Users/ryankanfer/Library/Developer/Xcode/DerivedData/HOMEY_Clean-gafualdnzupkfseuistvwtqbnpqd/SourcePackages/checkouts/swift-crypto/Sources/Crypto/HPKE/Ciphersuite/KEM/Conformances/HPKE-KEM-Curve25519.swift (in target 'Crypto' from project 'swift-crypto')
    cd /Users/ryankanfer/Documents/Developer/HOMEY\ Clean/HOMEY\ Clean.xcodeproj
    

SwiftCompile normal arm64 /Users/ryankanfer/Library/Developer/Xcode/DerivedData/HOMEY_Clean-gafualdnzupkfseuistvwtqbnpqd/SourcePackages/checkouts/swift-crypto/Sources/Crypto/HPKE/Ciphersuite/KEM/Conformances/HPKE-NIST-EC-KEMs.swift (in target 'Crypto' from project 'swift-crypto')
    cd /Users/ryankanfer/Documents/Developer/HOMEY\ Clean/HOMEY\ Clean.xcodeproj
    

SwiftCompile normal arm64 /Users/ryankanfer/Library/Developer/Xcode/DerivedData/HOMEY_Clean-gafualdnzupkfseuistvwtqbnpqd/SourcePackages/checkouts/swift-crypto/Sources/Crypto/HPKE/Ciphersuite/KEM/HPKE-KEM.swift (in target 'Crypto' from project 'swift-crypto')
    cd /Users/ryankanfer/Documents/Developer/HOMEY\ Clean/HOMEY\ Clean.xcodeproj
    

SwiftCompile normal arm64 Compiling\ resource_bundle_accessor.swift,\ AES-GCM.swift,\ AES-GCM_boring.swift,\ ChaChaPoly_boring.swift,\ ChaChaPoly.swift,\ Cipher.swift,\ Nonces.swift,\ ASN1.swift,\ ASN1Any.swift,\ ASN1BitString.swift,\ ASN1Boolean.swift /Users/ryankanfer/Library/Developer/Xcode/DerivedData/HOMEY_Clean-gafualdnzupkfseuistvwtqbnpqd/Build/Intermediates.noindex/swift-crypto.build/Debug-iphoneos/Crypto.build/DerivedSources/resource_bundle_accessor.swift /Users/ryankanfer/Library/Developer/Xcode/DerivedData/HOMEY_Clean-gafualdnzupkfseuistvwtqbnpqd/SourcePackages/checkouts/swift-crypto/Sources/Crypto/AEADs/AES/GCM/AES-GCM.swift /Users/ryankanfer/Library/Developer/Xcode/DerivedData/HOMEY_Clean-gafualdnzupkfseuistvwtqbnpqd/SourcePackages/checkouts/swift-crypto/Sources/Crypto/AEADs/AES/GCM/BoringSSL/AES-GCM_boring.swift /Users/ryankanfer/Library/Developer/Xcode/DerivedData/HOMEY_Clean-gafualdnzupkfseuistvwtqbnpqd/SourcePackages/checkouts/swift-crypto/Sources/Crypto/AEADs/ChachaPoly/BoringSSL/ChaChaPoly_boring.swift /Users/ryankanfer/Library/Developer/Xcode/DerivedData/HOMEY_Clean-gafualdnzupkfseuistvwtqbnpqd/SourcePackages/checkouts/swift-crypto/Sources/Crypto/AEADs/ChachaPoly/ChaChaPoly.swift /Users/ryankanfer/Library/Developer/Xcode/DerivedData/HOMEY_Clean-gafualdnzupkfseuistvwtqbnpqd/SourcePackages/checkouts/swift-crypto/Sources/Crypto/AEADs/Cipher.swift /Users/ryankanfer/Library/Developer/Xcode/DerivedData/HOMEY_Clean-gafualdnzupkfseuistvwtqbnpqd/SourcePackages/checkouts/swift-crypto/Sources/Crypto/AEADs/Nonces.swift /Users/ryankanfer/Library/Developer/Xcode/DerivedData/HOMEY_Clean-gafualdnzupkfseuistvwtqbnpqd/SourcePackages/checkouts/swift-crypto/Sources/Crypto/ASN1/ASN1.swift /Users/ryankanfer/Library/Developer/Xcode/DerivedData/HOMEY_Clean-gafualdnzupkfseuistvwtqbnpqd/SourcePackages/checkouts/swift-crypto/Sources/Crypto/ASN1/Basic\ ASN1\ Types/ASN1Any.swift /Users/ryankanfer/Library/Developer/Xcode/DerivedData/HOMEY_Clean-gafualdnzupkfseuistvwtqbnpqd/SourcePackages/checkouts/swift-crypto/Sources/Crypto/ASN1/Basic\ ASN1\ Types/ASN1BitString.swift /Users/ryankanfer/Library/Developer/Xcode/DerivedData/HOMEY_Clean-gafualdnzupkfseuistvwtqbnpqd/SourcePackages/checkouts/swift-crypto/Sources/Crypto/ASN1/Basic\ ASN1\ Types/ASN1Boolean.swift (in target 'Crypto' from project 'swift-crypto')

SwiftCompile normal arm64 /Users/ryankanfer/Library/Developer/Xcode/DerivedData/HOMEY_Clean-gafualdnzupkfseuistvwtqbnpqd/Build/Intermediates.noindex/swift-crypto.build/Debug-iphoneos/Crypto.build/DerivedSources/resource_bundle_accessor.swift (in target 'Crypto' from project 'swift-crypto')
    cd /Users/ryankanfer/Documents/Developer/HOMEY\ Clean/HOMEY\ Clean.xcodeproj
    

SwiftCompile normal arm64 /Users/ryankanfer/Library/Developer/Xcode/DerivedData/HOMEY_Clean-gafualdnzupkfseuistvwtqbnpqd/SourcePackages/checkouts/swift-crypto/Sources/Crypto/AEADs/AES/GCM/AES-GCM.swift (in target 'Crypto' from project 'swift-crypto')
    cd /Users/ryankanfer/Documents/Developer/HOMEY\ Clean/HOMEY\ Clean.xcodeproj
    

SwiftCompile normal arm64 /Users/ryankanfer/Library/Developer/Xcode/DerivedData/HOMEY_Clean-gafualdnzupkfseuistvwtqbnpqd/SourcePackages/checkouts/swift-crypto/Sources/Crypto/AEADs/AES/GCM/BoringSSL/AES-GCM_boring.swift (in target 'Crypto' from project 'swift-crypto')
    cd /Users/ryankanfer/Documents/Developer/HOMEY\ Clean/HOMEY\ Clean.xcodeproj
    

SwiftCompile normal arm64 /Users/ryankanfer/Library/Developer/Xcode/DerivedData/HOMEY_Clean-gafualdnzupkfseuistvwtqbnpqd/SourcePackages/checkouts/swift-crypto/Sources/Crypto/AEADs/ChachaPoly/BoringSSL/ChaChaPoly_boring.swift (in target 'Crypto' from project 'swift-crypto')
    cd /Users/ryankanfer/Documents/Developer/HOMEY\ Clean/HOMEY\ Clean.xcodeproj
    

SwiftCompile normal arm64 /Users/ryankanfer/Library/Developer/Xcode/DerivedData/HOMEY_Clean-gafualdnzupkfseuistvwtqbnpqd/SourcePackages/checkouts/swift-crypto/Sources/Crypto/AEADs/ChachaPoly/ChaChaPoly.swift (in target 'Crypto' from project 'swift-crypto')
    cd /Users/ryankanfer/Documents/Developer/HOMEY\ Clean/HOMEY\ Clean.xcodeproj
    

SwiftCompile normal arm64 /Users/ryankanfer/Library/Developer/Xcode/DerivedData/HOMEY_Clean-gafualdnzupkfseuistvwtqbnpqd/SourcePackages/checkouts/swift-crypto/Sources/Crypto/AEADs/Cipher.swift (in target 'Crypto' from project 'swift-crypto')
    cd /Users/ryankanfer/Documents/Developer/HOMEY\ Clean/HOMEY\ Clean.xcodeproj
    

SwiftCompile normal arm64 /Users/ryankanfer/Library/Developer/Xcode/DerivedData/HOMEY_Clean-gafualdnzupkfseuistvwtqbnpqd/SourcePackages/checkouts/swift-crypto/Sources/Crypto/AEADs/Nonces.swift (in target 'Crypto' from project 'swift-crypto')
    cd /Users/ryankanfer/Documents/Developer/HOMEY\ Clean/HOMEY\ Clean.xcodeproj
    

SwiftCompile normal arm64 /Users/ryankanfer/Library/Developer/Xcode/DerivedData/HOMEY_Clean-gafualdnzupkfseuistvwtqbnpqd/SourcePackages/checkouts/swift-crypto/Sources/Crypto/ASN1/ASN1.swift (in target 'Crypto' from project 'swift-crypto')
    cd /Users/ryankanfer/Documents/Developer/HOMEY\ Clean/HOMEY\ Clean.xcodeproj
    

SwiftCompile normal arm64 /Users/ryankanfer/Library/Developer/Xcode/DerivedData/HOMEY_Clean-gafualdnzupkfseuistvwtqbnpqd/SourcePackages/checkouts/swift-crypto/Sources/Crypto/ASN1/Basic\ ASN1\ Types/ASN1Any.swift (in target 'Crypto' from project 'swift-crypto')
    cd /Users/ryankanfer/Documents/Developer/HOMEY\ Clean/HOMEY\ Clean.xcodeproj
    

SwiftCompile normal arm64 /Users/ryankanfer/Library/Developer/Xcode/DerivedData/HOMEY_Clean-gafualdnzupkfseuistvwtqbnpqd/SourcePackages/checkouts/swift-crypto/Sources/Crypto/ASN1/Basic\ ASN1\ Types/ASN1BitString.swift (in target 'Crypto' from project 'swift-crypto')
    cd /Users/ryankanfer/Documents/Developer/HOMEY\ Clean/HOMEY\ Clean.xcodeproj
    

SwiftCompile normal arm64 /Users/ryankanfer/Library/Developer/Xcode/DerivedData/HOMEY_Clean-gafualdnzupkfseuistvwtqbnpqd/SourcePackages/checkouts/swift-crypto/Sources/Crypto/ASN1/Basic\ ASN1\ Types/ASN1Boolean.swift (in target 'Crypto' from project 'swift-crypto')
    cd /Users/ryankanfer/Documents/Developer/HOMEY\ Clean/HOMEY\ Clean.xcodeproj
    

SwiftDriverJobDiscovery normal arm64 Compiling HTTPParsedFields.swift (in target 'HTTPTypes' from project 'swift-http-types')

SwiftMergeGeneratedHeaders /Users/ryankanfer/Library/Developer/Xcode/DerivedData/HOMEY_Clean-gafualdnzupkfseuistvwtqbnpqd/Build/Intermediates.noindex/GeneratedModuleMaps-iphoneos/IssueReporting-Swift.h /Users/ryankanfer/Library/Developer/Xcode/DerivedData/HOMEY_Clean-gafualdnzupkfseuistvwtqbnpqd/Build/Intermediates.noindex/xctest-dynamic-overlay.build/Debug-iphoneos/IssueReporting.build/Objects-normal/arm64/IssueReporting-Swift.h (in target 'IssueReporting' from project 'xctest-dynamic-overlay')
    cd /Users/ryankanfer/Library/Developer/Xcode/DerivedData/HOMEY_Clean-gafualdnzupkfseuistvwtqbnpqd/SourcePackages/checkouts/xctest-dynamic-overlay
    builtin-swiftHeaderTool -arch arm64 /Users/ryankanfer/Library/Developer/Xcode/DerivedData/HOMEY_Clean-gafualdnzupkfseuistvwtqbnpqd/Build/Intermediates.noindex/xctest-dynamic-overlay.build/Debug-iphoneos/IssueReporting.build/Objects-normal/arm64/IssueReporting-Swift.h -o /Users/ryankanfer/Library/Developer/Xcode/DerivedData/HOMEY_Clean-gafualdnzupkfseuistvwtqbnpqd/Build/Intermediates.noindex/GeneratedModuleMaps-iphoneos/IssueReporting-Swift.h

SwiftDriverJobDiscovery normal arm64 Compiling SwiftTesting.swift, UncheckedSendable.swift, Warn.swift (in target 'IssueReporting' from project 'xctest-dynamic-overlay')

Copy /Users/ryankanfer/Library/Developer/Xcode/DerivedData/HOMEY_Clean-gafualdnzupkfseuistvwtqbnpqd/Build/Products/Debug-iphoneos/IssueReporting.swiftmodule/arm64-apple-ios.swiftmodule /Users/ryankanfer/Library/Developer/Xcode/DerivedData/HOMEY_Clean-gafualdnzupkfseuistvwtqbnpqd/Build/Intermediates.noindex/xctest-dynamic-overlay.build/Debug-iphoneos/IssueReporting.build/Objects-normal/arm64/IssueReporting.swiftmodule (in target 'IssueReporting' from project 'xctest-dynamic-overlay')
    cd /Users/ryankanfer/Library/Developer/Xcode/DerivedData/HOMEY_Clean-gafualdnzupkfseuistvwtqbnpqd/SourcePackages/checkouts/xctest-dynamic-overlay
    builtin-copy -exclude .DS_Store -exclude CVS -exclude .svn -exclude .git -exclude .hg -resolve-src-symlinks -rename /Users/ryankanfer/Library/Developer/Xcode/DerivedData/HOMEY_Clean-gafualdnzupkfseuistvwtqbnpqd/Build/Intermediates.noindex/xctest-dynamic-overlay.build/Debug-iphoneos/IssueReporting.build/Objects-normal/arm64/IssueReporting.swiftmodule /Users/ryankanfer/Library/Developer/Xcode/DerivedData/HOMEY_Clean-gafualdnzupkfseuistvwtqbnpqd/Build/Products/Debug-iphoneos/IssueReporting.swiftmodule/arm64-apple-ios.swiftmodule

Copy /Users/ryankanfer/Library/Developer/Xcode/DerivedData/HOMEY_Clean-gafualdnzupkfseuistvwtqbnpqd/Build/Products/Debug-iphoneos/IssueReporting.swiftmodule/arm64-apple-ios.swiftdoc /Users/ryankanfer/Library/Developer/Xcode/DerivedData/HOMEY_Clean-gafualdnzupkfseuistvwtqbnpqd/Build/Intermediates.noindex/xctest-dynamic-overlay.build/Debug-iphoneos/IssueReporting.build/Objects-normal/arm64/IssueReporting.swiftdoc (in target 'IssueReporting' from project 'xctest-dynamic-overlay')
    cd /Users/ryankanfer/Library/Developer/Xcode/DerivedData/HOMEY_Clean-gafualdnzupkfseuistvwtqbnpqd/SourcePackages/checkouts/xctest-dynamic-overlay
    builtin-copy -exclude .DS_Store -exclude CVS -exclude .svn -exclude .git -exclude .hg -resolve-src-symlinks -rename /Users/ryankanfer/Library/Developer/Xcode/DerivedData/HOMEY_Clean-gafualdnzupkfseuistvwtqbnpqd/Build/Intermediates.noindex/xctest-dynamic-overlay.build/Debug-iphoneos/IssueReporting.build/Objects-normal/arm64/IssueReporting.swiftdoc /Users/ryankanfer/Library/Developer/Xcode/DerivedData/HOMEY_Clean-gafualdnzupkfseuistvwtqbnpqd/Build/Products/Debug-iphoneos/IssueReporting.swiftmodule/arm64-apple-ios.swiftdoc

Copy /Users/ryankanfer/Library/Developer/Xcode/DerivedData/HOMEY_Clean-gafualdnzupkfseuistvwtqbnpqd/Build/Products/Debug-iphoneos/IssueReporting.swiftmodule/arm64-apple-ios.abi.json /Users/ryankanfer/Library/Developer/Xcode/DerivedData/HOMEY_Clean-gafualdnzupkfseuistvwtqbnpqd/Build/Intermediates.noindex/xctest-dynamic-overlay.build/Debug-iphoneos/IssueReporting.build/Objects-normal/arm64/IssueReporting.abi.json (in target 'IssueReporting' from project 'xctest-dynamic-overlay')
    cd /Users/ryankanfer/Library/Developer/Xcode/DerivedData/HOMEY_Clean-gafualdnzupkfseuistvwtqbnpqd/SourcePackages/checkouts/xctest-dynamic-overlay
    builtin-copy -exclude .DS_Store -exclude CVS -exclude .svn -exclude .git -exclude .hg -resolve-src-symlinks -rename /Users/ryankanfer/Library/Developer/Xcode/DerivedData/HOMEY_Clean-gafualdnzupkfseuistvwtqbnpqd/Build/Intermediates.noindex/xctest-dynamic-overlay.build/Debug-iphoneos/IssueReporting.build/Objects-normal/arm64/IssueReporting.abi.json /Users/ryankanfer/Library/Developer/Xcode/DerivedData/HOMEY_Clean-gafualdnzupkfseuistvwtqbnpqd/Build/Products/Debug-iphoneos/IssueReporting.swiftmodule/arm64-apple-ios.abi.json

Copy /Users/ryankanfer/Library/Developer/Xcode/DerivedData/HOMEY_Clean-gafualdnzupkfseuistvwtqbnpqd/Build/Products/Debug-iphoneos/IssueReporting.swiftmodule/Project/arm64-apple-ios.swiftsourceinfo /Users/ryankanfer/Library/Developer/Xcode/DerivedData/HOMEY_Clean-gafualdnzupkfseuistvwtqbnpqd/Build/Intermediates.noindex/xctest-dynamic-overlay.build/Debug-iphoneos/IssueReporting.build/Objects-normal/arm64/IssueReporting.swiftsourceinfo (in target 'IssueReporting' from project 'xctest-dynamic-overlay')
    cd /Users/ryankanfer/Library/Developer/Xcode/DerivedData/HOMEY_Clean-gafualdnzupkfseuistvwtqbnpqd/SourcePackages/checkouts/xctest-dynamic-overlay
    builtin-copy -exclude .DS_Store -exclude CVS -exclude .svn -exclude .git -exclude .hg -resolve-src-symlinks -rename /Users/ryankanfer/Library/Developer/Xcode/DerivedData/HOMEY_Clean-gafualdnzupkfseuistvwtqbnpqd/Build/Intermediates.noindex/xctest-dynamic-overlay.build/Debug-iphoneos/IssueReporting.build/Objects-normal/arm64/IssueReporting.swiftsourceinfo /Users/ryankanfer/Library/Developer/Xcode/DerivedData/HOMEY_Clean-gafualdnzupkfseuistvwtqbnpqd/Build/Products/Debug-iphoneos/IssueReporting.swiftmodule/Project/arm64-apple-ios.swiftsourceinfo

SwiftDriver\ Compilation IssueReporting normal arm64 com.apple.xcode.tools.swift.compiler (in target 'IssueReporting' from project 'xctest-dynamic-overlay')
    cd /Users/ryankanfer/Documents/Developer/HOMEY\ Clean/HOMEY\ Clean.xcodeproj
    builtin-Swift-Compilation -- /Applications/Xcode.app/Contents/Developer/Toolchains/XcodeDefault.xctoolchain/usr/bin/swiftc -module-name IssueReporting -Onone -enforce-exclusivity\=checked @/Users/ryankanfer/Library/Developer/Xcode/DerivedData/HOMEY_Clean-gafualdnzupkfseuistvwtqbnpqd/Build/Intermediates.noindex/xctest-dynamic-overlay.build/Debug-iphoneos/IssueReporting.build/Objects-normal/arm64/IssueReporting.SwiftFileList -DSWIFT_PACKAGE -DDEBUG -DSWIFT_MODULE_RESOURCE_BUNDLE_UNAVAILABLE -DXcode -plugin-path /Applications/Xcode.app/Contents/Developer/Toolchains/XcodeDefault.xctoolchain/usr/lib/swift/host/plugins/testing -enable-experimental-feature DebugDescriptionMacro -sdk /Applications/Xcode.app/Contents/Developer/Platforms/iPhoneOS.platform/Developer/SDKs/iPhoneOS26.0.sdk -target arm64-apple-ios13.0 -g -module-cache-path /Users/ryankanfer/Library/Developer/Xcode/DerivedData/ModuleCache.noindex -Xfrontend -serialize-debugging-options -profile-coverage-mapping -profile-generate -enable-testing -suppress-warnings -index-store-path /Users/ryankanfer/Library/Developer/Xcode/DerivedData/HOMEY_Clean-gafualdnzupkfseuistvwtqbnpqd/Index.noindex/DataStore -Xcc -D_LIBCPP_HARDENING_MODE\=_LIBCPP_HARDENING_MODE_DEBUG -swift-version 6 -I /Users/ryankanfer/Library/Developer/Xcode/DerivedData/HOMEY_Clean-gafualdnzupkfseuistvwtqbnpqd/Build/Products/Debug-iphoneos -Isystem /Applications/Xcode.app/Contents/Developer/Platforms/iPhoneOS.platform/Developer/usr/lib -F /Users/ryankanfer/Library/Developer/Xcode/DerivedData/HOMEY_Clean-gafualdnzupkfseuistvwtqbnpqd/Build/Products/Debug-iphoneos/PackageFrameworks -F /Users/ryankanfer/Library/Developer/Xcode/DerivedData/HOMEY_Clean-gafualdnzupkfseuistvwtqbnpqd/Build/Products/Debug-iphoneos -F /Applications/Xcode.app/Contents/Developer/Platforms/iPhoneOS.platform/Developer/Library/Frameworks -F /Applications/Xcode.app/Contents/Developer/Platforms/iPhoneOS.platform/Developer/SDKs/iPhoneOS26.0.sdk/Developer/Library/Frameworks -c -j8 -enable-batch-mode -incremental -Xcc -ivfsstatcache -Xcc /Users/ryankanfer/Library/Developer/Xcode/DerivedData/SDKStatCaches.noindex/iphoneos26.0-23A339-81ce72e5b06c9602b9d30b56f2eed08a.sdkstatcache -output-file-map /Users/ryankanfer/Library/Developer/Xcode/DerivedData/HOMEY_Clean-gafualdnzupkfseuistvwtqbnpqd/Build/Intermediates.noindex/xctest-dynamic-overlay.build/Debug-iphoneos/IssueReporting.build/Objects-normal/arm64/IssueReporting-OutputFileMap.json -use-frontend-parseable-output -save-temps -no-color-diagnostics -explicit-module-build -module-cache-path /Users/ryankanfer/Library/Developer/Xcode/DerivedData/HOMEY_Clean-gafualdnzupkfseuistvwtqbnpqd/Build/Intermediates.noindex/SwiftExplicitPrecompiledModules -clang-scanner-module-cache-path /Users/ryankanfer/Library/Developer/Xcode/DerivedData/ModuleCache.noindex -sdk-module-cache-path /Users/ryankanfer/Library/Developer/Xcode/DerivedData/ModuleCache.noindex -serialize-diagnostics -emit-dependencies -emit-module -emit-module-path /Users/ryankanfer/Library/Developer/Xcode/DerivedData/HOMEY_Clean-gafualdnzupkfseuistvwtqbnpqd/Build/Intermediates.noindex/xctest-dynamic-overlay.build/Debug-iphoneos/IssueReporting.build/Objects-normal/arm64/IssueReporting.swiftmodule -user-module-version 1.6.1 -validate-clang-modules-once -clang-build-session-file /Users/ryankanfer/Library/Developer/Xcode/DerivedData/ModuleCache.noindex/Session.modulevalidation -package-name xctest_dynamic_overlay -Xcc -I/Users/ryankanfer/Library/Developer/Xcode/DerivedData/HOMEY_Clean-gafualdnzupkfseuistvwtqbnpqd/Build/Intermediates.noindex/xctest-dynamic-overlay.build/Debug-iphoneos/IssueReporting.build/swift-overrides.hmap -emit-const-values -Xfrontend -const-gather-protocols-file -Xfrontend /Users/ryankanfer/Library/Developer/Xcode/DerivedData/HOMEY_Clean-gafualdnzupkfseuistvwtqbnpqd/Build/Intermediates.noindex/xctest-dynamic-overlay.build/Debug-iphoneos/IssueReporting.build/Objects-normal/arm64/IssueReporting_const_extract_protocols.json -Xcc -I/Users/ryankanfer/Library/Developer/Xcode/DerivedData/HOMEY_Clean-gafualdnzupkfseuistvwtqbnpqd/Build/Products/Debug-iphoneos/include -Xcc -I/Users/ryankanfer/Library/Developer/Xcode/DerivedData/HOMEY_Clean-gafualdnzupkfseuistvwtqbnpqd/Build/Intermediates.noindex/xctest-dynamic-overlay.build/Debug-iphoneos/IssueReporting.build/DerivedSources-normal/arm64 -Xcc -I/Users/ryankanfer/Library/Developer/Xcode/DerivedData/HOMEY_Clean-gafualdnzupkfseuistvwtqbnpqd/Build/Intermediates.noindex/xctest-dynamic-overlay.build/Debug-iphoneos/IssueReporting.build/DerivedSources/arm64 -Xcc -I/Users/ryankanfer/Library/Developer/Xcode/DerivedData/HOMEY_Clean-gafualdnzupkfseuistvwtqbnpqd/Build/Intermediates.noindex/xctest-dynamic-overlay.build/Debug-iphoneos/IssueReporting.build/DerivedSources -Xcc -DSWIFT_PACKAGE -Xcc -DDEBUG\=1 -emit-objc-header -emit-objc-header-path /Users/ryankanfer/Library/Developer/Xcode/DerivedData/HOMEY_Clean-gafualdnzupkfseuistvwtqbnpqd/Build/Intermediates.noindex/xctest-dynamic-overlay.build/Debug-iphoneos/IssueReporting.build/Objects-normal/arm64/IssueReporting-Swift.h -working-directory /Users/ryankanfer/Documents/Developer/HOMEY\ Clean/HOMEY\ Clean.xcodeproj -experimental-emit-module-separately -disable-cmo

SwiftCompile normal arm64 Compiling\ Ed25519.swift,\ Signature.swift,\ CryptoKitErrors_boring.swift,\ RNG_boring.swift,\ SafeCompare_boring.swift,\ Zeroization_boring.swift,\ PrettyBytes.swift,\ SafeCompare.swift,\ SecureBytes.swift,\ Zeroization.swift /Users/ryankanfer/Library/Developer/Xcode/DerivedData/HOMEY_Clean-gafualdnzupkfseuistvwtqbnpqd/SourcePackages/checkouts/swift-crypto/Sources/Crypto/Signatures/Ed25519.swift /Users/ryankanfer/Library/Developer/Xcode/DerivedData/HOMEY_Clean-gafualdnzupkfseuistvwtqbnpqd/SourcePackages/checkouts/swift-crypto/Sources/Crypto/Signatures/Signature.swift /Users/ryankanfer/Library/Developer/Xcode/DerivedData/HOMEY_Clean-gafualdnzupkfseuistvwtqbnpqd/SourcePackages/checkouts/swift-crypto/Sources/Crypto/Util/BoringSSL/CryptoKitErrors_boring.swift /Users/ryankanfer/Library/Developer/Xcode/DerivedData/HOMEY_Clean-gafualdnzupkfseuistvwtqbnpqd/SourcePackages/checkouts/swift-crypto/Sources/Crypto/Util/BoringSSL/RNG_boring.swift /Users/ryankanfer/Library/Developer/Xcode/DerivedData/HOMEY_Clean-gafualdnzupkfseuistvwtqbnpqd/SourcePackages/checkouts/swift-crypto/Sources/Crypto/Util/BoringSSL/SafeCompare_boring.swift /Users/ryankanfer/Library/Developer/Xcode/DerivedData/HOMEY_Clean-gafualdnzupkfseuistvwtqbnpqd/SourcePackages/checkouts/swift-crypto/Sources/Crypto/Util/BoringSSL/Zeroization_boring.swift /Users/ryankanfer/Library/Developer/Xcode/DerivedData/HOMEY_Clean-gafualdnzupkfseuistvwtqbnpqd/SourcePackages/checkouts/swift-crypto/Sources/Crypto/Util/PrettyBytes.swift /Users/ryankanfer/Library/Developer/Xcode/DerivedData/HOMEY_Clean-gafualdnzupkfseuistvwtqbnpqd/SourcePackages/checkouts/swift-crypto/Sources/Crypto/Util/SafeCompare.swift /Users/ryankanfer/Library/Developer/Xcode/DerivedData/HOMEY_Clean-gafualdnzupkfseuistvwtqbnpqd/SourcePackages/checkouts/swift-crypto/Sources/Crypto/Util/SecureBytes.swift /Users/ryankanfer/Library/Developer/Xcode/DerivedData/HOMEY_Clean-gafualdnzupkfseuistvwtqbnpqd/SourcePackages/checkouts/swift-crypto/Sources/Crypto/Util/Zeroization.swift (in target 'Crypto' from project 'swift-crypto')

SwiftCompile normal arm64 /Users/ryankanfer/Library/Developer/Xcode/DerivedData/HOMEY_Clean-gafualdnzupkfseuistvwtqbnpqd/SourcePackages/checkouts/swift-crypto/Sources/Crypto/Signatures/Ed25519.swift (in target 'Crypto' from project 'swift-crypto')
    cd /Users/ryankanfer/Documents/Developer/HOMEY\ Clean/HOMEY\ Clean.xcodeproj
    

SwiftCompile normal arm64 /Users/ryankanfer/Library/Developer/Xcode/DerivedData/HOMEY_Clean-gafualdnzupkfseuistvwtqbnpqd/SourcePackages/checkouts/swift-crypto/Sources/Crypto/Signatures/Signature.swift (in target 'Crypto' from project 'swift-crypto')
    cd /Users/ryankanfer/Documents/Developer/HOMEY\ Clean/HOMEY\ Clean.xcodeproj
    

SwiftCompile normal arm64 /Users/ryankanfer/Library/Developer/Xcode/DerivedData/HOMEY_Clean-gafualdnzupkfseuistvwtqbnpqd/SourcePackages/checkouts/swift-crypto/Sources/Crypto/Util/BoringSSL/CryptoKitErrors_boring.swift (in target 'Crypto' from project 'swift-crypto')
    cd /Users/ryankanfer/Documents/Developer/HOMEY\ Clean/HOMEY\ Clean.xcodeproj
    

SwiftCompile normal arm64 /Users/ryankanfer/Library/Developer/Xcode/DerivedData/HOMEY_Clean-gafualdnzupkfseuistvwtqbnpqd/SourcePackages/checkouts/swift-crypto/Sources/Crypto/Util/BoringSSL/RNG_boring.swift (in target 'Crypto' from project 'swift-crypto')
    cd /Users/ryankanfer/Documents/Developer/HOMEY\ Clean/HOMEY\ Clean.xcodeproj
    

SwiftCompile normal arm64 /Users/ryankanfer/Library/Developer/Xcode/DerivedData/HOMEY_Clean-gafualdnzupkfseuistvwtqbnpqd/SourcePackages/checkouts/swift-crypto/Sources/Crypto/Util/BoringSSL/SafeCompare_boring.swift (in target 'Crypto' from project 'swift-crypto')
    cd /Users/ryankanfer/Documents/Developer/HOMEY\ Clean/HOMEY\ Clean.xcodeproj
    

SwiftCompile normal arm64 /Users/ryankanfer/Library/Developer/Xcode/DerivedData/HOMEY_Clean-gafualdnzupkfseuistvwtqbnpqd/SourcePackages/checkouts/swift-crypto/Sources/Crypto/Util/BoringSSL/Zeroization_boring.swift (in target 'Crypto' from project 'swift-crypto')
    cd /Users/ryankanfer/Documents/Developer/HOMEY\ Clean/HOMEY\ Clean.xcodeproj
    

SwiftCompile normal arm64 /Users/ryankanfer/Library/Developer/Xcode/DerivedData/HOMEY_Clean-gafualdnzupkfseuistvwtqbnpqd/SourcePackages/checkouts/swift-crypto/Sources/Crypto/Util/PrettyBytes.swift (in target 'Crypto' from project 'swift-crypto')
    cd /Users/ryankanfer/Documents/Developer/HOMEY\ Clean/HOMEY\ Clean.xcodeproj
    

SwiftCompile normal arm64 /Users/ryankanfer/Library/Developer/Xcode/DerivedData/HOMEY_Clean-gafualdnzupkfseuistvwtqbnpqd/SourcePackages/checkouts/swift-crypto/Sources/Crypto/Util/SafeCompare.swift (in target 'Crypto' from project 'swift-crypto')
    cd /Users/ryankanfer/Documents/Developer/HOMEY\ Clean/HOMEY\ Clean.xcodeproj
    

SwiftCompile normal arm64 /Users/ryankanfer/Library/Developer/Xcode/DerivedData/HOMEY_Clean-gafualdnzupkfseuistvwtqbnpqd/SourcePackages/checkouts/swift-crypto/Sources/Crypto/Util/SecureBytes.swift (in target 'Crypto' from project 'swift-crypto')
    cd /Users/ryankanfer/Documents/Developer/HOMEY\ Clean/HOMEY\ Clean.xcodeproj
    

SwiftCompile normal arm64 /Users/ryankanfer/Library/Developer/Xcode/DerivedData/HOMEY_Clean-gafualdnzupkfseuistvwtqbnpqd/SourcePackages/checkouts/swift-crypto/Sources/Crypto/Util/Zeroization.swift (in target 'Crypto' from project 'swift-crypto')
    cd /Users/ryankanfer/Documents/Developer/HOMEY\ Clean/HOMEY\ Clean.xcodeproj
    

SwiftDriverJobDiscovery normal arm64 Compiling HTTPField.swift (in target 'HTTPTypes' from project 'swift-http-types')

SwiftCompile normal arm64 Compiling\ ASN1Identifier.swift,\ ASN1Integer.swift,\ ASN1Null.swift,\ ASN1OctetString.swift,\ ASN1Strings.swift,\ ArraySliceBigint.swift,\ GeneralizedTime.swift,\ ObjectIdentifier.swift,\ ECDSASignature.swift,\ PEMDocument.swift /Users/ryankanfer/Library/Developer/Xcode/DerivedData/HOMEY_Clean-gafualdnzupkfseuistvwtqbnpqd/SourcePackages/checkouts/swift-crypto/Sources/Crypto/ASN1/Basic\ ASN1\ Types/ASN1Identifier.swift /Users/ryankanfer/Library/Developer/Xcode/DerivedData/HOMEY_Clean-gafualdnzupkfseuistvwtqbnpqd/SourcePackages/checkouts/swift-crypto/Sources/Crypto/ASN1/Basic\ ASN1\ Types/ASN1Integer.swift /Users/ryankanfer/Library/Developer/Xcode/DerivedData/HOMEY_Clean-gafualdnzupkfseuistvwtqbnpqd/SourcePackages/checkouts/swift-crypto/Sources/Crypto/ASN1/Basic\ ASN1\ Types/ASN1Null.swift /Users/ryankanfer/Library/Developer/Xcode/DerivedData/HOMEY_Clean-gafualdnzupkfseuistvwtqbnpqd/SourcePackages/checkouts/swift-crypto/Sources/Crypto/ASN1/Basic\ ASN1\ Types/ASN1OctetString.swift /Users/ryankanfer/Library/Developer/Xcode/DerivedData/HOMEY_Clean-gafualdnzupkfseuistvwtqbnpqd/SourcePackages/checkouts/swift-crypto/Sources/Crypto/ASN1/Basic\ ASN1\ Types/ASN1Strings.swift /Users/ryankanfer/Library/Developer/Xcode/DerivedData/HOMEY_Clean-gafualdnzupkfseuistvwtqbnpqd/SourcePackages/checkouts/swift-crypto/Sources/Crypto/ASN1/Basic\ ASN1\ Types/ArraySliceBigint.swift /Users/ryankanfer/Library/Developer/Xcode/DerivedData/HOMEY_Clean-gafualdnzupkfseuistvwtqbnpqd/SourcePackages/checkouts/swift-crypto/Sources/Crypto/ASN1/Basic\ ASN1\ Types/GeneralizedTime.swift /Users/ryankanfer/Library/Developer/Xcode/DerivedData/HOMEY_Clean-gafualdnzupkfseuistvwtqbnpqd/SourcePackages/checkouts/swift-crypto/Sources/Crypto/ASN1/Basic\ ASN1\ Types/ObjectIdentifier.swift /Users/ryankanfer/Library/Developer/Xcode/DerivedData/HOMEY_Clean-gafualdnzupkfseuistvwtqbnpqd/SourcePackages/checkouts/swift-crypto/Sources/Crypto/ASN1/ECDSASignature.swift /Users/ryankanfer/Library/Developer/Xcode/DerivedData/HOMEY_Clean-gafualdnzupkfseuistvwtqbnpqd/SourcePackages/checkouts/swift-crypto/Sources/Crypto/ASN1/PEMDocument.swift (in target 'Crypto' from project 'swift-crypto')

SwiftCompile normal arm64 /Users/ryankanfer/Library/Developer/Xcode/DerivedData/HOMEY_Clean-gafualdnzupkfseuistvwtqbnpqd/SourcePackages/checkouts/swift-crypto/Sources/Crypto/ASN1/Basic\ ASN1\ Types/ASN1Identifier.swift (in target 'Crypto' from project 'swift-crypto')
    cd /Users/ryankanfer/Documents/Developer/HOMEY\ Clean/HOMEY\ Clean.xcodeproj
    

SwiftCompile normal arm64 /Users/ryankanfer/Library/Developer/Xcode/DerivedData/HOMEY_Clean-gafualdnzupkfseuistvwtqbnpqd/SourcePackages/checkouts/swift-crypto/Sources/Crypto/ASN1/Basic\ ASN1\ Types/ASN1Integer.swift (in target 'Crypto' from project 'swift-crypto')
    cd /Users/ryankanfer/Documents/Developer/HOMEY\ Clean/HOMEY\ Clean.xcodeproj
    

SwiftCompile normal arm64 /Users/ryankanfer/Library/Developer/Xcode/DerivedData/HOMEY_Clean-gafualdnzupkfseuistvwtqbnpqd/SourcePackages/checkouts/swift-crypto/Sources/Crypto/ASN1/Basic\ ASN1\ Types/ASN1Null.swift (in target 'Crypto' from project 'swift-crypto')
    cd /Users/ryankanfer/Documents/Developer/HOMEY\ Clean/HOMEY\ Clean.xcodeproj
    

SwiftCompile normal arm64 /Users/ryankanfer/Library/Developer/Xcode/DerivedData/HOMEY_Clean-gafualdnzupkfseuistvwtqbnpqd/SourcePackages/checkouts/swift-crypto/Sources/Crypto/ASN1/Basic\ ASN1\ Types/ASN1OctetString.swift (in target 'Crypto' from project 'swift-crypto')
    cd /Users/ryankanfer/Documents/Developer/HOMEY\ Clean/HOMEY\ Clean.xcodeproj
    

SwiftCompile normal arm64 /Users/ryankanfer/Library/Developer/Xcode/DerivedData/HOMEY_Clean-gafualdnzupkfseuistvwtqbnpqd/SourcePackages/checkouts/swift-crypto/Sources/Crypto/ASN1/Basic\ ASN1\ Types/ASN1Strings.swift (in target 'Crypto' from project 'swift-crypto')
    cd /Users/ryankanfer/Documents/Developer/HOMEY\ Clean/HOMEY\ Clean.xcodeproj
    

SwiftCompile normal arm64 /Users/ryankanfer/Library/Developer/Xcode/DerivedData/HOMEY_Clean-gafualdnzupkfseuistvwtqbnpqd/SourcePackages/checkouts/swift-crypto/Sources/Crypto/ASN1/Basic\ ASN1\ Types/ArraySliceBigint.swift (in target 'Crypto' from project 'swift-crypto')
    cd /Users/ryankanfer/Documents/Developer/HOMEY\ Clean/HOMEY\ Clean.xcodeproj
    

SwiftCompile normal arm64 /Users/ryankanfer/Library/Developer/Xcode/DerivedData/HOMEY_Clean-gafualdnzupkfseuistvwtqbnpqd/SourcePackages/checkouts/swift-crypto/Sources/Crypto/ASN1/Basic\ ASN1\ Types/GeneralizedTime.swift (in target 'Crypto' from project 'swift-crypto')
    cd /Users/ryankanfer/Documents/Developer/HOMEY\ Clean/HOMEY\ Clean.xcodeproj
    

SwiftCompile normal arm64 /Users/ryankanfer/Library/Developer/Xcode/DerivedData/HOMEY_Clean-gafualdnzupkfseuistvwtqbnpqd/SourcePackages/checkouts/swift-crypto/Sources/Crypto/ASN1/Basic\ ASN1\ Types/ObjectIdentifier.swift (in target 'Crypto' from project 'swift-crypto')
    cd /Users/ryankanfer/Documents/Developer/HOMEY\ Clean/HOMEY\ Clean.xcodeproj
    

SwiftCompile normal arm64 /Users/ryankanfer/Library/Developer/Xcode/DerivedData/HOMEY_Clean-gafualdnzupkfseuistvwtqbnpqd/SourcePackages/checkouts/swift-crypto/Sources/Crypto/ASN1/ECDSASignature.swift (in target 'Crypto' from project 'swift-crypto')
    cd /Users/ryankanfer/Documents/Developer/HOMEY\ Clean/HOMEY\ Clean.xcodeproj
    

SwiftCompile normal arm64 /Users/ryankanfer/Library/Developer/Xcode/DerivedData/HOMEY_Clean-gafualdnzupkfseuistvwtqbnpqd/SourcePackages/checkouts/swift-crypto/Sources/Crypto/ASN1/PEMDocument.swift (in target 'Crypto' from project 'swift-crypto')
    cd /Users/ryankanfer/Documents/Developer/HOMEY\ Clean/HOMEY\ Clean.xcodeproj
    

SwiftDriverJobDiscovery normal arm64 Compiling HPKE-Errors.swift, HPKE.swift, HPKE-Context.swift, HPKE-KeySchedule.swift, HPKE-Modes.swift, Insecure.swift, Insecure_HashFunctions.swift, KEM.swift, ECDH_boring.swift, DH.swift (in target 'Crypto' from project 'swift-crypto')

SwiftCompile normal arm64 Compiling\ Locking.swift,\ UncheckedBox.swift /Users/ryankanfer/Library/Developer/Xcode/DerivedData/HOMEY_Clean-gafualdnzupkfseuistvwtqbnpqd/SourcePackages/checkouts/swift-concurrency-extras/Sources/ConcurrencyExtras/Internal/Locking.swift /Users/ryankanfer/Library/Developer/Xcode/DerivedData/HOMEY_Clean-gafualdnzupkfseuistvwtqbnpqd/SourcePackages/checkouts/swift-concurrency-extras/Sources/ConcurrencyExtras/Internal/UncheckedBox.swift (in target 'ConcurrencyExtras' from project 'swift-concurrency-extras')

SwiftCompile normal arm64 /Users/ryankanfer/Library/Developer/Xcode/DerivedData/HOMEY_Clean-gafualdnzupkfseuistvwtqbnpqd/SourcePackages/checkouts/swift-concurrency-extras/Sources/ConcurrencyExtras/Internal/Locking.swift (in target 'ConcurrencyExtras' from project 'swift-concurrency-extras')
    cd /Users/ryankanfer/Documents/Developer/HOMEY\ Clean/HOMEY\ Clean.xcodeproj
    

SwiftCompile normal arm64 /Users/ryankanfer/Library/Developer/Xcode/DerivedData/HOMEY_Clean-gafualdnzupkfseuistvwtqbnpqd/SourcePackages/checkouts/swift-concurrency-extras/Sources/ConcurrencyExtras/Internal/UncheckedBox.swift (in target 'ConcurrencyExtras' from project 'swift-concurrency-extras')
    cd /Users/ryankanfer/Documents/Developer/HOMEY\ Clean/HOMEY\ Clean.xcodeproj
    

SwiftDriverJobDiscovery normal arm64 Compiling X25519Keys.swift, SymmetricKeys.swift, HMAC.swift, MACFunctions.swift, MessageAuthenticationCode.swift, AES.swift, ECDSASignature_boring.swift, ECDSA_boring.swift, EdDSA_boring.swift, ECDSA.swift (in target 'Crypto' from project 'swift-crypto')

SwiftCompile normal arm64 Compiling\ ActorIsolated.swift,\ AnyHashableSendable.swift /Users/ryankanfer/Library/Developer/Xcode/DerivedData/HOMEY_Clean-gafualdnzupkfseuistvwtqbnpqd/SourcePackages/checkouts/swift-concurrency-extras/Sources/ConcurrencyExtras/ActorIsolated.swift /Users/ryankanfer/Library/Developer/Xcode/DerivedData/HOMEY_Clean-gafualdnzupkfseuistvwtqbnpqd/SourcePackages/checkouts/swift-concurrency-extras/Sources/ConcurrencyExtras/AnyHashableSendable.swift (in target 'ConcurrencyExtras' from project 'swift-concurrency-extras')

SwiftCompile normal arm64 /Users/ryankanfer/Library/Developer/Xcode/DerivedData/HOMEY_Clean-gafualdnzupkfseuistvwtqbnpqd/SourcePackages/checkouts/swift-concurrency-extras/Sources/ConcurrencyExtras/ActorIsolated.swift (in target 'ConcurrencyExtras' from project 'swift-concurrency-extras')
    cd /Users/ryankanfer/Documents/Developer/HOMEY\ Clean/HOMEY\ Clean.xcodeproj
    

SwiftCompile normal arm64 /Users/ryankanfer/Library/Developer/Xcode/DerivedData/HOMEY_Clean-gafualdnzupkfseuistvwtqbnpqd/SourcePackages/checkouts/swift-concurrency-extras/Sources/ConcurrencyExtras/AnyHashableSendable.swift (in target 'ConcurrencyExtras' from project 'swift-concurrency-extras')
    cd /Users/ryankanfer/Documents/Developer/HOMEY\ Clean/HOMEY\ Clean.xcodeproj
    

SwiftCompile normal arm64 Compiling\ Task.swift /Users/ryankanfer/Library/Developer/Xcode/DerivedData/HOMEY_Clean-gafualdnzupkfseuistvwtqbnpqd/SourcePackages/checkouts/swift-concurrency-extras/Sources/ConcurrencyExtras/Task.swift (in target 'ConcurrencyExtras' from project 'swift-concurrency-extras')

SwiftCompile normal arm64 /Users/ryankanfer/Library/Developer/Xcode/DerivedData/HOMEY_Clean-gafualdnzupkfseuistvwtqbnpqd/SourcePackages/checkouts/swift-concurrency-extras/Sources/ConcurrencyExtras/Task.swift (in target 'ConcurrencyExtras' from project 'swift-concurrency-extras')
    cd /Users/ryankanfer/Documents/Developer/HOMEY\ Clean/HOMEY\ Clean.xcodeproj
    

SwiftDriverJobDiscovery normal arm64 Compiling HPKE-AEAD.swift, HPKE-Ciphersuite.swift, HPKE-KDF.swift, HPKE-KexKeyDerivation.swift, HPKE-LabeledExtract.swift, HPKE-Utils.swift, DHKEM.swift, HPKE-KEM-Curve25519.swift, HPKE-NIST-EC-KEMs.swift, HPKE-KEM.swift (in target 'Crypto' from project 'swift-crypto')

SwiftCompile normal arm64 Compiling\ AsyncStream.swift,\ AsyncThrowingStream.swift /Users/ryankanfer/Library/Developer/Xcode/DerivedData/HOMEY_Clean-gafualdnzupkfseuistvwtqbnpqd/SourcePackages/checkouts/swift-concurrency-extras/Sources/ConcurrencyExtras/AsyncStream.swift /Users/ryankanfer/Library/Developer/Xcode/DerivedData/HOMEY_Clean-gafualdnzupkfseuistvwtqbnpqd/SourcePackages/checkouts/swift-concurrency-extras/Sources/ConcurrencyExtras/AsyncThrowingStream.swift (in target 'ConcurrencyExtras' from project 'swift-concurrency-extras')

SwiftCompile normal arm64 /Users/ryankanfer/Library/Developer/Xcode/DerivedData/HOMEY_Clean-gafualdnzupkfseuistvwtqbnpqd/SourcePackages/checkouts/swift-concurrency-extras/Sources/ConcurrencyExtras/AsyncStream.swift (in target 'ConcurrencyExtras' from project 'swift-concurrency-extras')
    cd /Users/ryankanfer/Documents/Developer/HOMEY\ Clean/HOMEY\ Clean.xcodeproj
    

SwiftCompile normal arm64 /Users/ryankanfer/Library/Developer/Xcode/DerivedData/HOMEY_Clean-gafualdnzupkfseuistvwtqbnpqd/SourcePackages/checkouts/swift-concurrency-extras/Sources/ConcurrencyExtras/AsyncThrowingStream.swift (in target 'ConcurrencyExtras' from project 'swift-concurrency-extras')
    cd /Users/ryankanfer/Documents/Developer/HOMEY\ Clean/HOMEY\ Clean.xcodeproj
    

SwiftDriverJobDiscovery normal arm64 Compiling ECDH.swift, HKDF.swift, AESWrap.swift, AESWrap_boring.swift, Ed25519_boring.swift, NISTCurvesKeys_boring.swift, X25519Keys_boring.swift, Curve25519.swift, Ed25519Keys.swift, NISTCurvesKeys.swift (in target 'Crypto' from project 'swift-crypto')

SwiftCompile normal arm64 Compiling\ UncheckedSendable.swift /Users/ryankanfer/Library/Developer/Xcode/DerivedData/HOMEY_Clean-gafualdnzupkfseuistvwtqbnpqd/SourcePackages/checkouts/swift-concurrency-extras/Sources/ConcurrencyExtras/UncheckedSendable.swift (in target 'ConcurrencyExtras' from project 'swift-concurrency-extras')

SwiftCompile normal arm64 /Users/ryankanfer/Library/Developer/Xcode/DerivedData/HOMEY_Clean-gafualdnzupkfseuistvwtqbnpqd/SourcePackages/checkouts/swift-concurrency-extras/Sources/ConcurrencyExtras/UncheckedSendable.swift (in target 'ConcurrencyExtras' from project 'swift-concurrency-extras')
    cd /Users/ryankanfer/Documents/Developer/HOMEY\ Clean/HOMEY\ Clean.xcodeproj
    

SwiftDriverJobDiscovery normal arm64 Compiling Locking.swift, UncheckedBox.swift (in target 'ConcurrencyExtras' from project 'swift-concurrency-extras')

SwiftCompile normal arm64 Compiling\ Result.swift /Users/ryankanfer/Library/Developer/Xcode/DerivedData/HOMEY_Clean-gafualdnzupkfseuistvwtqbnpqd/SourcePackages/checkouts/swift-concurrency-extras/Sources/ConcurrencyExtras/Result.swift (in target 'ConcurrencyExtras' from project 'swift-concurrency-extras')

SwiftCompile normal arm64 /Users/ryankanfer/Library/Developer/Xcode/DerivedData/HOMEY_Clean-gafualdnzupkfseuistvwtqbnpqd/SourcePackages/checkouts/swift-concurrency-extras/Sources/ConcurrencyExtras/Result.swift (in target 'ConcurrencyExtras' from project 'swift-concurrency-extras')
    cd /Users/ryankanfer/Documents/Developer/HOMEY\ Clean/HOMEY\ Clean.xcodeproj
    

SwiftDriverJobDiscovery normal arm64 Compiling resource_bundle_accessor.swift, AES-GCM.swift, AES-GCM_boring.swift, ChaChaPoly_boring.swift, ChaChaPoly.swift, Cipher.swift, Nonces.swift, ASN1.swift, ASN1Any.swift, ASN1BitString.swift, ASN1Boolean.swift (in target 'Crypto' from project 'swift-crypto')

SwiftCompile normal arm64 Compiling\ MainSerialExecutor.swift /Users/ryankanfer/Library/Developer/Xcode/DerivedData/HOMEY_Clean-gafualdnzupkfseuistvwtqbnpqd/SourcePackages/checkouts/swift-concurrency-extras/Sources/ConcurrencyExtras/MainSerialExecutor.swift (in target 'ConcurrencyExtras' from project 'swift-concurrency-extras')

SwiftCompile normal arm64 /Users/ryankanfer/Library/Developer/Xcode/DerivedData/HOMEY_Clean-gafualdnzupkfseuistvwtqbnpqd/SourcePackages/checkouts/swift-concurrency-extras/Sources/ConcurrencyExtras/MainSerialExecutor.swift (in target 'ConcurrencyExtras' from project 'swift-concurrency-extras')
    cd /Users/ryankanfer/Documents/Developer/HOMEY\ Clean/HOMEY\ Clean.xcodeproj
    

SwiftDriverJobDiscovery normal arm64 Compiling ASN1Identifier.swift, ASN1Integer.swift, ASN1Null.swift, ASN1OctetString.swift, ASN1Strings.swift, ArraySliceBigint.swift, GeneralizedTime.swift, ObjectIdentifier.swift, ECDSASignature.swift, PEMDocument.swift (in target 'Crypto' from project 'swift-crypto')

SwiftCompile normal arm64 Compiling\ LockIsolated.swift /Users/ryankanfer/Library/Developer/Xcode/DerivedData/HOMEY_Clean-gafualdnzupkfseuistvwtqbnpqd/SourcePackages/checkouts/swift-concurrency-extras/Sources/ConcurrencyExtras/LockIsolated.swift (in target 'ConcurrencyExtras' from project 'swift-concurrency-extras')

SwiftCompile normal arm64 /Users/ryankanfer/Library/Developer/Xcode/DerivedData/HOMEY_Clean-gafualdnzupkfseuistvwtqbnpqd/SourcePackages/checkouts/swift-concurrency-extras/Sources/ConcurrencyExtras/LockIsolated.swift (in target 'ConcurrencyExtras' from project 'swift-concurrency-extras')
    cd /Users/ryankanfer/Documents/Developer/HOMEY\ Clean/HOMEY\ Clean.xcodeproj
    

SwiftDriverJobDiscovery normal arm64 Compiling Result.swift (in target 'ConcurrencyExtras' from project 'swift-concurrency-extras')

SwiftDriverJobDiscovery normal arm64 Compiling Task.swift (in target 'ConcurrencyExtras' from project 'swift-concurrency-extras')

SwiftDriverJobDiscovery normal arm64 Compiling UncheckedSendable.swift (in target 'ConcurrencyExtras' from project 'swift-concurrency-extras')

ExtractAppIntentsMetadata (in target 'IssueReportingPackageSupport' from project 'xctest-dynamic-overlay')
    cd /Users/ryankanfer/Library/Developer/Xcode/DerivedData/HOMEY_Clean-gafualdnzupkfseuistvwtqbnpqd/SourcePackages/checkouts/xctest-dynamic-overlay
    /Applications/Xcode.app/Contents/Developer/Toolchains/XcodeDefault.xctoolchain/usr/bin/appintentsmetadataprocessor --toolchain-dir /Applications/Xcode.app/Contents/Developer/Toolchains/XcodeDefault.xctoolchain --module-name IssueReportingPackageSupport --sdk-root /Applications/Xcode.app/Contents/Developer/Platforms/iPhoneOS.platform/Developer/SDKs/iPhoneOS26.0.sdk --xcode-version 17A324 --platform-family iOS --deployment-target 13.0 --bundle-identifier xctest-dynamic-overlay.IssueReportingPackageSupport --output /Users/ryankanfer/Library/Developer/Xcode/DerivedData/HOMEY_Clean-gafualdnzupkfseuistvwtqbnpqd/Build/Products/Debug-iphoneos/IssueReportingPackageSupport.appintents --target-triple arm64-apple-ios13.0 --binary-file /Users/ryankanfer/Library/Developer/Xcode/DerivedData/HOMEY_Clean-gafualdnzupkfseuistvwtqbnpqd/Build/Products/Debug-iphoneos/IssueReportingPackageSupport.o --dependency-file /Users/ryankanfer/Library/Developer/Xcode/DerivedData/HOMEY_Clean-gafualdnzupkfseuistvwtqbnpqd/Build/Intermediates.noindex/xctest-dynamic-overlay.build/Debug-iphoneos/IssueReportingPackageSupport.build/Objects-normal/arm64/IssueReportingPackageSupport_dependency_info.dat --stringsdata-file /Users/ryankanfer/Library/Developer/Xcode/DerivedData/HOMEY_Clean-gafualdnzupkfseuistvwtqbnpqd/Build/Intermediates.noindex/xctest-dynamic-overlay.build/Debug-iphoneos/IssueReportingPackageSupport.build/Objects-normal/arm64/ExtractedAppShortcutsMetadata.stringsdata --source-file-list /Users/ryankanfer/Library/Developer/Xcode/DerivedData/HOMEY_Clean-gafualdnzupkfseuistvwtqbnpqd/Build/Intermediates.noindex/xctest-dynamic-overlay.build/Debug-iphoneos/IssueReportingPackageSupport.build/Objects-normal/arm64/IssueReportingPackageSupport.SwiftFileList --metadata-file-list /Users/ryankanfer/Library/Developer/Xcode/DerivedData/HOMEY_Clean-gafualdnzupkfseuistvwtqbnpqd/Build/Intermediates.noindex/xctest-dynamic-overlay.build/Debug-iphoneos/IssueReportingPackageSupport.build/IssueReportingPackageSupport.DependencyMetadataFileList --static-metadata-file-list /Users/ryankanfer/Library/Developer/Xcode/DerivedData/HOMEY_Clean-gafualdnzupkfseuistvwtqbnpqd/Build/Intermediates.noindex/xctest-dynamic-overlay.build/Debug-iphoneos/IssueReportingPackageSupport.build/IssueReportingPackageSupport.DependencyStaticMetadataFileList --swift-const-vals-list /Users/ryankanfer/Library/Developer/Xcode/DerivedData/HOMEY_Clean-gafualdnzupkfseuistvwtqbnpqd/Build/Intermediates.noindex/xctest-dynamic-overlay.build/Debug-iphoneos/IssueReportingPackageSupport.build/Objects-normal/arm64/IssueReportingPackageSupport.SwiftConstValuesFileList --force --compile-time-extraction --deployment-aware-processing --validate-assistant-intents --no-app-shortcuts-localization
2025-09-22 23:19:05.063 appintentsmetadataprocessor[47713:12256669] Starting appintentsmetadataprocessor export
2025-09-22 23:19:05.284 appintentsmetadataprocessor[47713:12256669] Extracted no relevant App Intents symbols, skipping writing output

SwiftDriver XCTestDynamicOverlay normal arm64 com.apple.xcode.tools.swift.compiler (in target 'XCTestDynamicOverlay' from project 'xctest-dynamic-overlay')
    cd /Users/ryankanfer/Documents/Developer/HOMEY\ Clean/HOMEY\ Clean.xcodeproj
    builtin-SwiftDriver -- /Applications/Xcode.app/Contents/Developer/Toolchains/XcodeDefault.xctoolchain/usr/bin/swiftc -module-name XCTestDynamicOverlay -Onone -enforce-exclusivity\=checked @/Users/ryankanfer/Library/Developer/Xcode/DerivedData/HOMEY_Clean-gafualdnzupkfseuistvwtqbnpqd/Build/Intermediates.noindex/xctest-dynamic-overlay.build/Debug-iphoneos/XCTestDynamicOverlay.build/Objects-normal/arm64/XCTestDynamicOverlay.SwiftFileList -DSWIFT_PACKAGE -DDEBUG -DSWIFT_MODULE_RESOURCE_BUNDLE_UNAVAILABLE -DXcode -plugin-path /Applications/Xcode.app/Contents/Developer/Toolchains/XcodeDefault.xctoolchain/usr/lib/swift/host/plugins/testing -enable-experimental-feature DebugDescriptionMacro -sdk /Applications/Xcode.app/Contents/Developer/Platforms/iPhoneOS.platform/Developer/SDKs/iPhoneOS26.0.sdk -target arm64-apple-ios13.0 -g -module-cache-path /Users/ryankanfer/Library/Developer/Xcode/DerivedData/ModuleCache.noindex -Xfrontend -serialize-debugging-options -profile-coverage-mapping -profile-generate -enable-testing -suppress-warnings -index-store-path /Users/ryankanfer/Library/Developer/Xcode/DerivedData/HOMEY_Clean-gafualdnzupkfseuistvwtqbnpqd/Index.noindex/DataStore -Xcc -D_LIBCPP_HARDENING_MODE\=_LIBCPP_HARDENING_MODE_DEBUG -swift-version 6 -I /Users/ryankanfer/Library/Developer/Xcode/DerivedData/HOMEY_Clean-gafualdnzupkfseuistvwtqbnpqd/Build/Products/Debug-iphoneos -Isystem /Applications/Xcode.app/Contents/Developer/Platforms/iPhoneOS.platform/Developer/usr/lib -F /Users/ryankanfer/Library/Developer/Xcode/DerivedData/HOMEY_Clean-gafualdnzupkfseuistvwtqbnpqd/Build/Products/Debug-iphoneos/PackageFrameworks -F /Users/ryankanfer/Library/Developer/Xcode/DerivedData/HOMEY_Clean-gafualdnzupkfseuistvwtqbnpqd/Build/Products/Debug-iphoneos/PackageFrameworks -F /Users/ryankanfer/Library/Developer/Xcode/DerivedData/HOMEY_Clean-gafualdnzupkfseuistvwtqbnpqd/Build/Products/Debug-iphoneos -F /Applications/Xcode.app/Contents/Developer/Platforms/iPhoneOS.platform/Developer/Library/Frameworks -F /Applications/Xcode.app/Contents/Developer/Platforms/iPhoneOS.platform/Developer/SDKs/iPhoneOS26.0.sdk/Developer/Library/Frameworks -c -j8 -enable-batch-mode -incremental -Xcc -ivfsstatcache -Xcc /Users/ryankanfer/Library/Developer/Xcode/DerivedData/SDKStatCaches.noindex/iphoneos26.0-23A339-81ce72e5b06c9602b9d30b56f2eed08a.sdkstatcache -output-file-map /Users/ryankanfer/Library/Developer/Xcode/DerivedData/HOMEY_Clean-gafualdnzupkfseuistvwtqbnpqd/Build/Intermediates.noindex/xctest-dynamic-overlay.build/Debug-iphoneos/XCTestDynamicOverlay.build/Objects-normal/arm64/XCTestDynamicOverlay-OutputFileMap.json -use-frontend-parseable-output -save-temps -no-color-diagnostics -explicit-module-build -module-cache-path /Users/ryankanfer/Library/Developer/Xcode/DerivedData/HOMEY_Clean-gafualdnzupkfseuistvwtqbnpqd/Build/Intermediates.noindex/SwiftExplicitPrecompiledModules -clang-scanner-module-cache-path /Users/ryankanfer/Library/Developer/Xcode/DerivedData/ModuleCache.noindex -sdk-module-cache-path /Users/ryankanfer/Library/Developer/Xcode/DerivedData/ModuleCache.noindex -serialize-diagnostics -emit-dependencies -emit-module -emit-module-path /Users/ryankanfer/Library/Developer/Xcode/DerivedData/HOMEY_Clean-gafualdnzupkfseuistvwtqbnpqd/Build/Intermediates.noindex/xctest-dynamic-overlay.build/Debug-iphoneos/XCTestDynamicOverlay.build/Objects-normal/arm64/XCTestDynamicOverlay.swiftmodule -user-module-version 1.6.1 -validate-clang-modules-once -clang-build-session-file /Users/ryankanfer/Library/Developer/Xcode/DerivedData/ModuleCache.noindex/Session.modulevalidation -package-name xctest_dynamic_overlay -Xcc -I/Users/ryankanfer/Library/Developer/Xcode/DerivedData/HOMEY_Clean-gafualdnzupkfseuistvwtqbnpqd/Build/Intermediates.noindex/xctest-dynamic-overlay.build/Debug-iphoneos/XCTestDynamicOverlay.build/swift-overrides.hmap -emit-const-values -Xfrontend -const-gather-protocols-file -Xfrontend /Users/ryankanfer/Library/Developer/Xcode/DerivedData/HOMEY_Clean-gafualdnzupkfseuistvwtqbnpqd/Build/Intermediates.noindex/xctest-dynamic-overlay.build/Debug-iphoneos/XCTestDynamicOverlay.build/Objects-normal/arm64/XCTestDynamicOverlay_const_extract_protocols.json -Xcc -I/Users/ryankanfer/Library/Developer/Xcode/DerivedData/HOMEY_Clean-gafualdnzupkfseuistvwtqbnpqd/Build/Products/Debug-iphoneos/include -Xcc -I/Users/ryankanfer/Library/Developer/Xcode/DerivedData/HOMEY_Clean-gafualdnzupkfseuistvwtqbnpqd/Build/Intermediates.noindex/xctest-dynamic-overlay.build/Debug-iphoneos/XCTestDynamicOverlay.build/DerivedSources-normal/arm64 -Xcc -I/Users/ryankanfer/Library/Developer/Xcode/DerivedData/HOMEY_Clean-gafualdnzupkfseuistvwtqbnpqd/Build/Intermediates.noindex/xctest-dynamic-overlay.build/Debug-iphoneos/XCTestDynamicOverlay.build/DerivedSources/arm64 -Xcc -I/Users/ryankanfer/Library/Developer/Xcode/DerivedData/HOMEY_Clean-gafualdnzupkfseuistvwtqbnpqd/Build/Intermediates.noindex/xctest-dynamic-overlay.build/Debug-iphoneos/XCTestDynamicOverlay.build/DerivedSources -Xcc -DSWIFT_PACKAGE -Xcc -DDEBUG\=1 -emit-objc-header -emit-objc-header-path /Users/ryankanfer/Library/Developer/Xcode/DerivedData/HOMEY_Clean-gafualdnzupkfseuistvwtqbnpqd/Build/Intermediates.noindex/xctest-dynamic-overlay.build/Debug-iphoneos/XCTestDynamicOverlay.build/Objects-normal/arm64/XCTestDynamicOverlay-Swift.h -working-directory /Users/ryankanfer/Documents/Developer/HOMEY\ Clean/HOMEY\ Clean.xcodeproj -experimental-emit-module-separately -disable-cmo

SwiftDriverJobDiscovery normal arm64 Compiling ActorIsolated.swift, AnyHashableSendable.swift (in target 'ConcurrencyExtras' from project 'swift-concurrency-extras')

SwiftDriver Clocks normal arm64 com.apple.xcode.tools.swift.compiler (in target 'Clocks' from project 'swift-clocks')
    cd /Users/ryankanfer/Documents/Developer/HOMEY\ Clean/HOMEY\ Clean.xcodeproj
    builtin-SwiftDriver -- /Applications/Xcode.app/Contents/Developer/Toolchains/XcodeDefault.xctoolchain/usr/bin/swiftc -module-name Clocks -Onone -enforce-exclusivity\=checked @/Users/ryankanfer/Library/Developer/Xcode/DerivedData/HOMEY_Clean-gafualdnzupkfseuistvwtqbnpqd/Build/Intermediates.noindex/swift-clocks.build/Debug-iphoneos/Clocks.build/Objects-normal/arm64/Clocks.SwiftFileList -DSWIFT_PACKAGE -DDEBUG -DSWIFT_MODULE_RESOURCE_BUNDLE_UNAVAILABLE -DXcode -plugin-path /Applications/Xcode.app/Contents/Developer/Toolchains/XcodeDefault.xctoolchain/usr/lib/swift/host/plugins/testing -enable-experimental-feature DebugDescriptionMacro -sdk /Applications/Xcode.app/Contents/Developer/Platforms/iPhoneOS.platform/Developer/SDKs/iPhoneOS26.0.sdk -target arm64-apple-ios13.0 -g -module-cache-path /Users/ryankanfer/Library/Developer/Xcode/DerivedData/ModuleCache.noindex -Xfrontend -serialize-debugging-options -profile-coverage-mapping -profile-generate -enable-testing -suppress-warnings -index-store-path /Users/ryankanfer/Library/Developer/Xcode/DerivedData/HOMEY_Clean-gafualdnzupkfseuistvwtqbnpqd/Index.noindex/DataStore -Xcc -D_LIBCPP_HARDENING_MODE\=_LIBCPP_HARDENING_MODE_DEBUG -swift-version 6 -I /Users/ryankanfer/Library/Developer/Xcode/DerivedData/HOMEY_Clean-gafualdnzupkfseuistvwtqbnpqd/Build/Products/Debug-iphoneos -Isystem /Applications/Xcode.app/Contents/Developer/Platforms/iPhoneOS.platform/Developer/usr/lib -F /Users/ryankanfer/Library/Developer/Xcode/DerivedData/HOMEY_Clean-gafualdnzupkfseuistvwtqbnpqd/Build/Products/Debug-iphoneos/PackageFrameworks -F /Users/ryankanfer/Library/Developer/Xcode/DerivedData/HOMEY_Clean-gafualdnzupkfseuistvwtqbnpqd/Build/Products/Debug-iphoneos/PackageFrameworks -F /Users/ryankanfer/Library/Developer/Xcode/DerivedData/HOMEY_Clean-gafualdnzupkfseuistvwtqbnpqd/Build/Products/Debug-iphoneos/PackageFrameworks -F /Users/ryankanfer/Library/Developer/Xcode/DerivedData/HOMEY_Clean-gafualdnzupkfseuistvwtqbnpqd/Build/Products/Debug-iphoneos -F /Applications/Xcode.app/Contents/Developer/Platforms/iPhoneOS.platform/Developer/Library/Frameworks -F /Applications/Xcode.app/Contents/Developer/Platforms/iPhoneOS.platform/Developer/SDKs/iPhoneOS26.0.sdk/Developer/Library/Frameworks -c -j8 -enable-batch-mode -incremental -Xcc -ivfsstatcache -Xcc /Users/ryankanfer/Library/Developer/Xcode/DerivedData/SDKStatCaches.noindex/iphoneos26.0-23A339-81ce72e5b06c9602b9d30b56f2eed08a.sdkstatcache -output-file-map /Users/ryankanfer/Library/Developer/Xcode/DerivedData/HOMEY_Clean-gafualdnzupkfseuistvwtqbnpqd/Build/Intermediates.noindex/swift-clocks.build/Debug-iphoneos/Clocks.build/Objects-normal/arm64/Clocks-OutputFileMap.json -use-frontend-parseable-output -save-temps -no-color-diagnostics -explicit-module-build -module-cache-path /Users/ryankanfer/Library/Developer/Xcode/DerivedData/HOMEY_Clean-gafualdnzupkfseuistvwtqbnpqd/Build/Intermediates.noindex/SwiftExplicitPrecompiledModules -clang-scanner-module-cache-path /Users/ryankanfer/Library/Developer/Xcode/DerivedData/ModuleCache.noindex -sdk-module-cache-path /Users/ryankanfer/Library/Developer/Xcode/DerivedData/ModuleCache.noindex -serialize-diagnostics -emit-dependencies -emit-module -emit-module-path /Users/ryankanfer/Library/Developer/Xcode/DerivedData/HOMEY_Clean-gafualdnzupkfseuistvwtqbnpqd/Build/Intermediates.noindex/swift-clocks.build/Debug-iphoneos/Clocks.build/Objects-normal/arm64/Clocks.swiftmodule -user-module-version 1.0.6 -validate-clang-modules-once -clang-build-session-file /Users/ryankanfer/Library/Developer/Xcode/DerivedData/ModuleCache.noindex/Session.modulevalidation -package-name swift_clocks -Xcc -I/Users/ryankanfer/Library/Developer/Xcode/DerivedData/HOMEY_Clean-gafualdnzupkfseuistvwtqbnpqd/Build/Intermediates.noindex/swift-clocks.build/Debug-iphoneos/Clocks.build/swift-overrides.hmap -emit-const-values -Xfrontend -const-gather-protocols-file -Xfrontend /Users/ryankanfer/Library/Developer/Xcode/DerivedData/HOMEY_Clean-gafualdnzupkfseuistvwtqbnpqd/Build/Intermediates.noindex/swift-clocks.build/Debug-iphoneos/Clocks.build/Objects-normal/arm64/Clocks_const_extract_protocols.json -Xcc -I/Users/ryankanfer/Library/Developer/Xcode/DerivedData/HOMEY_Clean-gafualdnzupkfseuistvwtqbnpqd/Build/Products/Debug-iphoneos/include -Xcc -I/Users/ryankanfer/Library/Developer/Xcode/DerivedData/HOMEY_Clean-gafualdnzupkfseuistvwtqbnpqd/Build/Intermediates.noindex/swift-clocks.build/Debug-iphoneos/Clocks.build/DerivedSources-normal/arm64 -Xcc -I/Users/ryankanfer/Library/Developer/Xcode/DerivedData/HOMEY_Clean-gafualdnzupkfseuistvwtqbnpqd/Build/Intermediates.noindex/swift-clocks.build/Debug-iphoneos/Clocks.build/DerivedSources/arm64 -Xcc -I/Users/ryankanfer/Library/Developer/Xcode/DerivedData/HOMEY_Clean-gafualdnzupkfseuistvwtqbnpqd/Build/Intermediates.noindex/swift-clocks.build/Debug-iphoneos/Clocks.build/DerivedSources -Xcc -DSWIFT_PACKAGE -Xcc -DDEBUG\=1 -emit-objc-header -emit-objc-header-path /Users/ryankanfer/Library/Developer/Xcode/DerivedData/HOMEY_Clean-gafualdnzupkfseuistvwtqbnpqd/Build/Intermediates.noindex/swift-clocks.build/Debug-iphoneos/Clocks.build/Objects-normal/arm64/Clocks-Swift.h -working-directory /Users/ryankanfer/Documents/Developer/HOMEY\ Clean/HOMEY\ Clean.xcodeproj -experimental-emit-module-separately -disable-cmo

SwiftDriverJobDiscovery normal arm64 Compiling AsyncStream.swift, AsyncThrowingStream.swift (in target 'ConcurrencyExtras' from project 'swift-concurrency-extras')

SwiftDriverJobDiscovery normal arm64 Compiling MainSerialExecutor.swift (in target 'ConcurrencyExtras' from project 'swift-concurrency-extras')

SwiftDriverJobDiscovery normal arm64 Compiling LockIsolated.swift (in target 'ConcurrencyExtras' from project 'swift-concurrency-extras')

SwiftDriver\ Compilation ConcurrencyExtras normal arm64 com.apple.xcode.tools.swift.compiler (in target 'ConcurrencyExtras' from project 'swift-concurrency-extras')
    cd /Users/ryankanfer/Documents/Developer/HOMEY\ Clean/HOMEY\ Clean.xcodeproj
    builtin-Swift-Compilation -- /Applications/Xcode.app/Contents/Developer/Toolchains/XcodeDefault.xctoolchain/usr/bin/swiftc -module-name ConcurrencyExtras -Onone -enforce-exclusivity\=checked @/Users/ryankanfer/Library/Developer/Xcode/DerivedData/HOMEY_Clean-gafualdnzupkfseuistvwtqbnpqd/Build/Intermediates.noindex/swift-concurrency-extras.build/Debug-iphoneos/ConcurrencyExtras.build/Objects-normal/arm64/ConcurrencyExtras.SwiftFileList -DSWIFT_PACKAGE -DDEBUG -DSWIFT_MODULE_RESOURCE_BUNDLE_UNAVAILABLE -DXcode -plugin-path /Applications/Xcode.app/Contents/Developer/Toolchains/XcodeDefault.xctoolchain/usr/lib/swift/host/plugins/testing -enable-experimental-feature DebugDescriptionMacro -sdk /Applications/Xcode.app/Contents/Developer/Platforms/iPhoneOS.platform/Developer/SDKs/iPhoneOS26.0.sdk -target arm64-apple-ios13.0 -g -module-cache-path /Users/ryankanfer/Library/Developer/Xcode/DerivedData/ModuleCache.noindex -Xfrontend -serialize-debugging-options -profile-coverage-mapping -profile-generate -enable-testing -suppress-warnings -index-store-path /Users/ryankanfer/Library/Developer/Xcode/DerivedData/HOMEY_Clean-gafualdnzupkfseuistvwtqbnpqd/Index.noindex/DataStore -Xcc -D_LIBCPP_HARDENING_MODE\=_LIBCPP_HARDENING_MODE_DEBUG -swift-version 6 -I /Users/ryankanfer/Library/Developer/Xcode/DerivedData/HOMEY_Clean-gafualdnzupkfseuistvwtqbnpqd/Build/Products/Debug-iphoneos -Isystem /Applications/Xcode.app/Contents/Developer/Platforms/iPhoneOS.platform/Developer/usr/lib -F /Users/ryankanfer/Library/Developer/Xcode/DerivedData/HOMEY_Clean-gafualdnzupkfseuistvwtqbnpqd/Build/Products/Debug-iphoneos -F /Applications/Xcode.app/Contents/Developer/Platforms/iPhoneOS.platform/Developer/Library/Frameworks -F /Applications/Xcode.app/Contents/Developer/Platforms/iPhoneOS.platform/Developer/SDKs/iPhoneOS26.0.sdk/Developer/Library/Frameworks -c -j8 -enable-batch-mode -incremental -Xcc -ivfsstatcache -Xcc /Users/ryankanfer/Library/Developer/Xcode/DerivedData/SDKStatCaches.noindex/iphoneos26.0-23A339-81ce72e5b06c9602b9d30b56f2eed08a.sdkstatcache -output-file-map /Users/ryankanfer/Library/Developer/Xcode/DerivedData/HOMEY_Clean-gafualdnzupkfseuistvwtqbnpqd/Build/Intermediates.noindex/swift-concurrency-extras.build/Debug-iphoneos/ConcurrencyExtras.build/Objects-normal/arm64/ConcurrencyExtras-OutputFileMap.json -use-frontend-parseable-output -save-temps -no-color-diagnostics -explicit-module-build -module-cache-path /Users/ryankanfer/Library/Developer/Xcode/DerivedData/HOMEY_Clean-gafualdnzupkfseuistvwtqbnpqd/Build/Intermediates.noindex/SwiftExplicitPrecompiledModules -clang-scanner-module-cache-path /Users/ryankanfer/Library/Developer/Xcode/DerivedData/ModuleCache.noindex -sdk-module-cache-path /Users/ryankanfer/Library/Developer/Xcode/DerivedData/ModuleCache.noindex -serialize-diagnostics -emit-dependencies -emit-module -emit-module-path /Users/ryankanfer/Library/Developer/Xcode/DerivedData/HOMEY_Clean-gafualdnzupkfseuistvwtqbnpqd/Build/Intermediates.noindex/swift-concurrency-extras.build/Debug-iphoneos/ConcurrencyExtras.build/Objects-normal/arm64/ConcurrencyExtras.swiftmodule -user-module-version 1.3.1 -validate-clang-modules-once -clang-build-session-file /Users/ryankanfer/Library/Developer/Xcode/DerivedData/ModuleCache.noindex/Session.modulevalidation -package-name swift_concurrency_extras -Xcc -I/Users/ryankanfer/Library/Developer/Xcode/DerivedData/HOMEY_Clean-gafualdnzupkfseuistvwtqbnpqd/Build/Intermediates.noindex/swift-concurrency-extras.build/Debug-iphoneos/ConcurrencyExtras.build/swift-overrides.hmap -emit-const-values -Xfrontend -const-gather-protocols-file -Xfrontend /Users/ryankanfer/Library/Developer/Xcode/DerivedData/HOMEY_Clean-gafualdnzupkfseuistvwtqbnpqd/Build/Intermediates.noindex/swift-concurrency-extras.build/Debug-iphoneos/ConcurrencyExtras.build/Objects-normal/arm64/ConcurrencyExtras_const_extract_protocols.json -Xcc -I/Users/ryankanfer/Library/Developer/Xcode/DerivedData/HOMEY_Clean-gafualdnzupkfseuistvwtqbnpqd/Build/Products/Debug-iphoneos/include -Xcc -I/Users/ryankanfer/Library/Developer/Xcode/DerivedData/HOMEY_Clean-gafualdnzupkfseuistvwtqbnpqd/Build/Intermediates.noindex/swift-concurrency-extras.build/Debug-iphoneos/ConcurrencyExtras.build/DerivedSources-normal/arm64 -Xcc -I/Users/ryankanfer/Library/Developer/Xcode/DerivedData/HOMEY_Clean-gafualdnzupkfseuistvwtqbnpqd/Build/Intermediates.noindex/swift-concurrency-extras.build/Debug-iphoneos/ConcurrencyExtras.build/DerivedSources/arm64 -Xcc -I/Users/ryankanfer/Library/Developer/Xcode/DerivedData/HOMEY_Clean-gafualdnzupkfseuistvwtqbnpqd/Build/Intermediates.noindex/swift-concurrency-extras.build/Debug-iphoneos/ConcurrencyExtras.build/DerivedSources -Xcc -DSWIFT_PACKAGE -Xcc -DDEBUG\=1 -emit-objc-header -emit-objc-header-path /Users/ryankanfer/Library/Developer/Xcode/DerivedData/HOMEY_Clean-gafualdnzupkfseuistvwtqbnpqd/Build/Intermediates.noindex/swift-concurrency-extras.build/Debug-iphoneos/ConcurrencyExtras.build/Objects-normal/arm64/ConcurrencyExtras-Swift.h -working-directory /Users/ryankanfer/Documents/Developer/HOMEY\ Clean/HOMEY\ Clean.xcodeproj -experimental-emit-module-separately -disable-cmo

Ld /Users/ryankanfer/Library/Developer/Xcode/DerivedData/HOMEY_Clean-gafualdnzupkfseuistvwtqbnpqd/Build/Products/Debug-iphoneos/ConcurrencyExtras.o normal (in target 'ConcurrencyExtras' from project 'swift-concurrency-extras')
    cd /Users/ryankanfer/Library/Developer/Xcode/DerivedData/HOMEY_Clean-gafualdnzupkfseuistvwtqbnpqd/SourcePackages/checkouts/swift-concurrency-extras
    /Applications/Xcode.app/Contents/Developer/Toolchains/XcodeDefault.xctoolchain/usr/bin/clang -Xlinker -reproducible -target arm64-apple-ios13.0 -r -isysroot /Applications/Xcode.app/Contents/Developer/Platforms/iPhoneOS.platform/Developer/SDKs/iPhoneOS26.0.sdk -O0 -w -L/Users/ryankanfer/Library/Developer/Xcode/DerivedData/HOMEY_Clean-gafualdnzupkfseuistvwtqbnpqd/Build/Intermediates.noindex/EagerLinkingTBDs/Debug-iphoneos -L/Users/ryankanfer/Library/Developer/Xcode/DerivedData/HOMEY_Clean-gafualdnzupkfseuistvwtqbnpqd/Build/Products/Debug-iphoneos -L/Applications/Xcode.app/Contents/Developer/Platforms/iPhoneOS.platform/Developer/usr/lib -F/Users/ryankanfer/Library/Developer/Xcode/DerivedData/HOMEY_Clean-gafualdnzupkfseuistvwtqbnpqd/Build/Intermediates.noindex/EagerLinkingTBDs/Debug-iphoneos -F/Users/ryankanfer/Library/Developer/Xcode/DerivedData/HOMEY_Clean-gafualdnzupkfseuistvwtqbnpqd/Build/Products/Debug-iphoneos -iframework /Applications/Xcode.app/Contents/Developer/Platforms/iPhoneOS.platform/Developer/Library/Frameworks -iframework /Applications/Xcode.app/Contents/Developer/Platforms/iPhoneOS.platform/Developer/SDKs/iPhoneOS26.0.sdk/Developer/Library/Frameworks -filelist /Users/ryankanfer/Library/Developer/Xcode/DerivedData/HOMEY_Clean-gafualdnzupkfseuistvwtqbnpqd/Build/Intermediates.noindex/swift-concurrency-extras.build/Debug-iphoneos/ConcurrencyExtras.build/Objects-normal/arm64/ConcurrencyExtras.LinkFileList -nostdlib -Xlinker -object_path_lto -Xlinker /Users/ryankanfer/Library/Developer/Xcode/DerivedData/HOMEY_Clean-gafualdnzupkfseuistvwtqbnpqd/Build/Intermediates.noindex/swift-concurrency-extras.build/Debug-iphoneos/ConcurrencyExtras.build/Objects-normal/arm64/ConcurrencyExtras_lto.o -rdynamic -Xlinker -no_deduplicate -Xlinker -debug_variant -Xlinker -dependency_info -Xlinker /Users/ryankanfer/Library/Developer/Xcode/DerivedData/HOMEY_Clean-gafualdnzupkfseuistvwtqbnpqd/Build/Intermediates.noindex/swift-concurrency-extras.build/Debug-iphoneos/ConcurrencyExtras.build/Objects-normal/arm64/ConcurrencyExtras_dependency_info.dat -fobjc-link-runtime -L/Applications/Xcode.app/Contents/Developer/Toolchains/XcodeDefault.xctoolchain/usr/lib/swift/iphoneos -L/usr/lib/swift -Xlinker -add_ast_path -Xlinker /Users/ryankanfer/Library/Developer/Xcode/DerivedData/HOMEY_Clean-gafualdnzupkfseuistvwtqbnpqd/Build/Intermediates.noindex/swift-concurrency-extras.build/Debug-iphoneos/ConcurrencyExtras.build/Objects-normal/arm64/ConcurrencyExtras.swiftmodule @/Users/ryankanfer/Library/Developer/Xcode/DerivedData/HOMEY_Clean-gafualdnzupkfseuistvwtqbnpqd/Build/Intermediates.noindex/swift-concurrency-extras.build/Debug-iphoneos/ConcurrencyExtras.build/Objects-normal/arm64/ConcurrencyExtras-linker-args.resp -o /Users/ryankanfer/Library/Developer/Xcode/DerivedData/HOMEY_Clean-gafualdnzupkfseuistvwtqbnpqd/Build/Products/Debug-iphoneos/ConcurrencyExtras.o

ExtractAppIntentsMetadata (in target 'ConcurrencyExtras' from project 'swift-concurrency-extras')
    cd /Users/ryankanfer/Library/Developer/Xcode/DerivedData/HOMEY_Clean-gafualdnzupkfseuistvwtqbnpqd/SourcePackages/checkouts/swift-concurrency-extras
    /Applications/Xcode.app/Contents/Developer/Toolchains/XcodeDefault.xctoolchain/usr/bin/appintentsmetadataprocessor --toolchain-dir /Applications/Xcode.app/Contents/Developer/Toolchains/XcodeDefault.xctoolchain --module-name ConcurrencyExtras --sdk-root /Applications/Xcode.app/Contents/Developer/Platforms/iPhoneOS.platform/Developer/SDKs/iPhoneOS26.0.sdk --xcode-version 17A324 --platform-family iOS --deployment-target 13.0 --bundle-identifier swift-concurrency-extras.ConcurrencyExtras --output /Users/ryankanfer/Library/Developer/Xcode/DerivedData/HOMEY_Clean-gafualdnzupkfseuistvwtqbnpqd/Build/Products/Debug-iphoneos/ConcurrencyExtras.appintents --target-triple arm64-apple-ios13.0 --binary-file /Users/ryankanfer/Library/Developer/Xcode/DerivedData/HOMEY_Clean-gafualdnzupkfseuistvwtqbnpqd/Build/Products/Debug-iphoneos/ConcurrencyExtras.o --dependency-file /Users/ryankanfer/Library/Developer/Xcode/DerivedData/HOMEY_Clean-gafualdnzupkfseuistvwtqbnpqd/Build/Intermediates.noindex/swift-concurrency-extras.build/Debug-iphoneos/ConcurrencyExtras.build/Objects-normal/arm64/ConcurrencyExtras_dependency_info.dat --stringsdata-file /Users/ryankanfer/Library/Developer/Xcode/DerivedData/HOMEY_Clean-gafualdnzupkfseuistvwtqbnpqd/Build/Intermediates.noindex/swift-concurrency-extras.build/Debug-iphoneos/ConcurrencyExtras.build/Objects-normal/arm64/ExtractedAppShortcutsMetadata.stringsdata --source-file-list /Users/ryankanfer/Library/Developer/Xcode/DerivedData/HOMEY_Clean-gafualdnzupkfseuistvwtqbnpqd/Build/Intermediates.noindex/swift-concurrency-extras.build/Debug-iphoneos/ConcurrencyExtras.build/Objects-normal/arm64/ConcurrencyExtras.SwiftFileList --metadata-file-list /Users/ryankanfer/Library/Developer/Xcode/DerivedData/HOMEY_Clean-gafualdnzupkfseuistvwtqbnpqd/Build/Intermediates.noindex/swift-concurrency-extras.build/Debug-iphoneos/ConcurrencyExtras.build/ConcurrencyExtras.DependencyMetadataFileList --static-metadata-file-list /Users/ryankanfer/Library/Developer/Xcode/DerivedData/HOMEY_Clean-gafualdnzupkfseuistvwtqbnpqd/Build/Intermediates.noindex/swift-concurrency-extras.build/Debug-iphoneos/ConcurrencyExtras.build/ConcurrencyExtras.DependencyStaticMetadataFileList --swift-const-vals-list /Users/ryankanfer/Library/Developer/Xcode/DerivedData/HOMEY_Clean-gafualdnzupkfseuistvwtqbnpqd/Build/Intermediates.noindex/swift-concurrency-extras.build/Debug-iphoneos/ConcurrencyExtras.build/Objects-normal/arm64/ConcurrencyExtras.SwiftConstValuesFileList --force --compile-time-extraction --deployment-aware-processing --validate-assistant-intents --no-app-shortcuts-localization
2025-09-22 23:19:05.235 appintentsmetadataprocessor[47716:12256712] Starting appintentsmetadataprocessor export
2025-09-22 23:19:05.405 appintentsmetadataprocessor[47716:12256712] Extracted no relevant App Intents symbols, skipping writing output

SwiftEmitModule normal arm64 Emitting\ module\ for\ XCTestDynamicOverlay (in target 'XCTestDynamicOverlay' from project 'xctest-dynamic-overlay')
EmitSwiftModule normal arm64 (in target 'XCTestDynamicOverlay' from project 'xctest-dynamic-overlay')
    cd /Users/ryankanfer/Documents/Developer/HOMEY\ Clean/HOMEY\ Clean.xcodeproj
    

SwiftCompile normal arm64 Compiling\ Deprecations.swift /Users/ryankanfer/Library/Developer/Xcode/DerivedData/HOMEY_Clean-gafualdnzupkfseuistvwtqbnpqd/SourcePackages/checkouts/xctest-dynamic-overlay/Sources/XCTestDynamicOverlay/Internal/Deprecations.swift (in target 'XCTestDynamicOverlay' from project 'xctest-dynamic-overlay')
SwiftCompile normal arm64 /Users/ryankanfer/Library/Developer/Xcode/DerivedData/HOMEY_Clean-gafualdnzupkfseuistvwtqbnpqd/SourcePackages/checkouts/xctest-dynamic-overlay/Sources/XCTestDynamicOverlay/Internal/Deprecations.swift (in target 'XCTestDynamicOverlay' from project 'xctest-dynamic-overlay')
    cd /Users/ryankanfer/Documents/Developer/HOMEY\ Clean/HOMEY\ Clean.xcodeproj
    

SwiftCompile normal arm64 Compiling\ Exports.swift /Users/ryankanfer/Library/Developer/Xcode/DerivedData/HOMEY_Clean-gafualdnzupkfseuistvwtqbnpqd/SourcePackages/checkouts/xctest-dynamic-overlay/Sources/XCTestDynamicOverlay/Internal/Exports.swift (in target 'XCTestDynamicOverlay' from project 'xctest-dynamic-overlay')

SwiftCompile normal arm64 /Users/ryankanfer/Library/Developer/Xcode/DerivedData/HOMEY_Clean-gafualdnzupkfseuistvwtqbnpqd/SourcePackages/checkouts/xctest-dynamic-overlay/Sources/XCTestDynamicOverlay/Internal/Exports.swift (in target 'XCTestDynamicOverlay' from project 'xctest-dynamic-overlay')
    cd /Users/ryankanfer/Documents/Developer/HOMEY\ Clean/HOMEY\ Clean.xcodeproj
    

RegisterExecutionPolicyException /Users/ryankanfer/Library/Developer/Xcode/DerivedData/HOMEY_Clean-gafualdnzupkfseuistvwtqbnpqd/Build/Products/Debug-iphoneos/IssueReportingPackageSupport.o (in target 'IssueReportingPackageSupport' from project 'xctest-dynamic-overlay')
    cd /Users/ryankanfer/Library/Developer/Xcode/DerivedData/HOMEY_Clean-gafualdnzupkfseuistvwtqbnpqd/SourcePackages/checkouts/xctest-dynamic-overlay
    builtin-RegisterExecutionPolicyException /Users/ryankanfer/Library/Developer/Xcode/DerivedData/HOMEY_Clean-gafualdnzupkfseuistvwtqbnpqd/Build/Products/Debug-iphoneos/IssueReportingPackageSupport.o

Ld /Users/ryankanfer/Library/Developer/Xcode/DerivedData/HOMEY_Clean-gafualdnzupkfseuistvwtqbnpqd/Build/Products/Debug-iphoneos/IssueReporting.o normal (in target 'IssueReporting' from project 'xctest-dynamic-overlay')
    cd /Users/ryankanfer/Library/Developer/Xcode/DerivedData/HOMEY_Clean-gafualdnzupkfseuistvwtqbnpqd/SourcePackages/checkouts/xctest-dynamic-overlay
    /Applications/Xcode.app/Contents/Developer/Toolchains/XcodeDefault.xctoolchain/usr/bin/clang -Xlinker -reproducible -target arm64-apple-ios13.0 -r -isysroot /Applications/Xcode.app/Contents/Developer/Platforms/iPhoneOS.platform/Developer/SDKs/iPhoneOS26.0.sdk -O0 -w -L/Users/ryankanfer/Library/Developer/Xcode/DerivedData/HOMEY_Clean-gafualdnzupkfseuistvwtqbnpqd/Build/Intermediates.noindex/EagerLinkingTBDs/Debug-iphoneos -L/Users/ryankanfer/Library/Developer/Xcode/DerivedData/HOMEY_Clean-gafualdnzupkfseuistvwtqbnpqd/Build/Products/Debug-iphoneos -L/Applications/Xcode.app/Contents/Developer/Platforms/iPhoneOS.platform/Developer/usr/lib -F/Users/ryankanfer/Library/Developer/Xcode/DerivedData/HOMEY_Clean-gafualdnzupkfseuistvwtqbnpqd/Build/Intermediates.noindex/EagerLinkingTBDs/Debug-iphoneos -F/Users/ryankanfer/Library/Developer/Xcode/DerivedData/HOMEY_Clean-gafualdnzupkfseuistvwtqbnpqd/Build/Products/Debug-iphoneos/PackageFrameworks -F/Users/ryankanfer/Library/Developer/Xcode/DerivedData/HOMEY_Clean-gafualdnzupkfseuistvwtqbnpqd/Build/Products/Debug-iphoneos -iframework /Applications/Xcode.app/Contents/Developer/Platforms/iPhoneOS.platform/Developer/Library/Frameworks -iframework /Applications/Xcode.app/Contents/Developer/Platforms/iPhoneOS.platform/Developer/SDKs/iPhoneOS26.0.sdk/Developer/Library/Frameworks -filelist /Users/ryankanfer/Library/Developer/Xcode/DerivedData/HOMEY_Clean-gafualdnzupkfseuistvwtqbnpqd/Build/Intermediates.noindex/xctest-dynamic-overlay.build/Debug-iphoneos/IssueReporting.build/Objects-normal/arm64/IssueReporting.LinkFileList -nostdlib -Xlinker -object_path_lto -Xlinker /Users/ryankanfer/Library/Developer/Xcode/DerivedData/HOMEY_Clean-gafualdnzupkfseuistvwtqbnpqd/Build/Intermediates.noindex/xctest-dynamic-overlay.build/Debug-iphoneos/IssueReporting.build/Objects-normal/arm64/IssueReporting_lto.o -rdynamic -Xlinker -no_deduplicate -Xlinker -debug_variant -Xlinker -dependency_info -Xlinker /Users/ryankanfer/Library/Developer/Xcode/DerivedData/HOMEY_Clean-gafualdnzupkfseuistvwtqbnpqd/Build/Intermediates.noindex/xctest-dynamic-overlay.build/Debug-iphoneos/IssueReporting.build/Objects-normal/arm64/IssueReporting_dependency_info.dat -fobjc-link-runtime -L/Applications/Xcode.app/Contents/Developer/Toolchains/XcodeDefault.xctoolchain/usr/lib/swift/iphoneos -L/usr/lib/swift -Xlinker -add_ast_path -Xlinker /Users/ryankanfer/Library/Developer/Xcode/DerivedData/HOMEY_Clean-gafualdnzupkfseuistvwtqbnpqd/Build/Intermediates.noindex/xctest-dynamic-overlay.build/Debug-iphoneos/IssueReporting.build/Objects-normal/arm64/IssueReporting.swiftmodule @/Users/ryankanfer/Library/Developer/Xcode/DerivedData/HOMEY_Clean-gafualdnzupkfseuistvwtqbnpqd/Build/Intermediates.noindex/xctest-dynamic-overlay.build/Debug-iphoneos/IssueReporting.build/Objects-normal/arm64/IssueReporting-linker-args.resp -o /Users/ryankanfer/Library/Developer/Xcode/DerivedData/HOMEY_Clean-gafualdnzupkfseuistvwtqbnpqd/Build/Products/Debug-iphoneos/IssueReporting.o

SwiftDriverJobDiscovery normal arm64 Compiling Ed25519.swift, Signature.swift, CryptoKitErrors_boring.swift, RNG_boring.swift, SafeCompare_boring.swift, Zeroization_boring.swift, PrettyBytes.swift, SafeCompare.swift, SecureBytes.swift, Zeroization.swift (in target 'Crypto' from project 'swift-crypto')

ExtractAppIntentsMetadata (in target 'IssueReporting' from project 'xctest-dynamic-overlay')
    cd /Users/ryankanfer/Library/Developer/Xcode/DerivedData/HOMEY_Clean-gafualdnzupkfseuistvwtqbnpqd/SourcePackages/checkouts/xctest-dynamic-overlay
    /Applications/Xcode.app/Contents/Developer/Toolchains/XcodeDefault.xctoolchain/usr/bin/appintentsmetadataprocessor --toolchain-dir /Applications/Xcode.app/Contents/Developer/Toolchains/XcodeDefault.xctoolchain --module-name IssueReporting --sdk-root /Applications/Xcode.app/Contents/Developer/Platforms/iPhoneOS.platform/Developer/SDKs/iPhoneOS26.0.sdk --xcode-version 17A324 --platform-family iOS --deployment-target 13.0 --bundle-identifier xctest-dynamic-overlay.IssueReporting --output /Users/ryankanfer/Library/Developer/Xcode/DerivedData/HOMEY_Clean-gafualdnzupkfseuistvwtqbnpqd/Build/Products/Debug-iphoneos/IssueReporting.appintents --target-triple arm64-apple-ios13.0 --binary-file /Users/ryankanfer/Library/Developer/Xcode/DerivedData/HOMEY_Clean-gafualdnzupkfseuistvwtqbnpqd/Build/Products/Debug-iphoneos/IssueReporting.o --dependency-file /Users/ryankanfer/Library/Developer/Xcode/DerivedData/HOMEY_Clean-gafualdnzupkfseuistvwtqbnpqd/Build/Intermediates.noindex/xctest-dynamic-overlay.build/Debug-iphoneos/IssueReporting.build/Objects-normal/arm64/IssueReporting_dependency_info.dat --stringsdata-file /Users/ryankanfer/Library/Developer/Xcode/DerivedData/HOMEY_Clean-gafualdnzupkfseuistvwtqbnpqd/Build/Intermediates.noindex/xctest-dynamic-overlay.build/Debug-iphoneos/IssueReporting.build/Objects-normal/arm64/ExtractedAppShortcutsMetadata.stringsdata --source-file-list /Users/ryankanfer/Library/Developer/Xcode/DerivedData/HOMEY_Clean-gafualdnzupkfseuistvwtqbnpqd/Build/Intermediates.noindex/xctest-dynamic-overlay.build/Debug-iphoneos/IssueReporting.build/Objects-normal/arm64/IssueReporting.SwiftFileList --metadata-file-list /Users/ryankanfer/Library/Developer/Xcode/DerivedData/HOMEY_Clean-gafualdnzupkfseuistvwtqbnpqd/Build/Intermediates.noindex/xctest-dynamic-overlay.build/Debug-iphoneos/IssueReporting.build/IssueReporting.DependencyMetadataFileList --static-metadata-file-list /Users/ryankanfer/Library/Developer/Xcode/DerivedData/HOMEY_Clean-gafualdnzupkfseuistvwtqbnpqd/Build/Intermediates.noindex/xctest-dynamic-overlay.build/Debug-iphoneos/IssueReporting.build/IssueReporting.DependencyStaticMetadataFileList --swift-const-vals-list /Users/ryankanfer/Library/Developer/Xcode/DerivedData/HOMEY_Clean-gafualdnzupkfseuistvwtqbnpqd/Build/Intermediates.noindex/xctest-dynamic-overlay.build/Debug-iphoneos/IssueReporting.build/Objects-normal/arm64/IssueReporting.SwiftConstValuesFileList --force --compile-time-extraction --deployment-aware-processing --validate-assistant-intents --no-app-shortcuts-localization
2025-09-22 23:19:05.365 appintentsmetadataprocessor[47726:12256751] Starting appintentsmetadataprocessor export
2025-09-22 23:19:05.621 appintentsmetadataprocessor[47726:12256751] Extracted no relevant App Intents symbols, skipping writing output

SwiftDriver\ Compilation Crypto normal arm64 com.apple.xcode.tools.swift.compiler (in target 'Crypto' from project 'swift-crypto')
    cd /Users/ryankanfer/Documents/Developer/HOMEY\ Clean/HOMEY\ Clean.xcodeproj
    builtin-Swift-Compilation -- /Applications/Xcode.app/Contents/Developer/Toolchains/XcodeDefault.xctoolchain/usr/bin/swiftc -module-name Crypto -Onone -enforce-exclusivity\=checked @/Users/ryankanfer/Library/Developer/Xcode/DerivedData/HOMEY_Clean-gafualdnzupkfseuistvwtqbnpqd/Build/Intermediates.noindex/swift-crypto.build/Debug-iphoneos/Crypto.build/Objects-normal/arm64/Crypto.SwiftFileList -DSWIFT_PACKAGE -DDEBUG -DSWIFT_MODULE_RESOURCE_BUNDLE_AVAILABLE -DCRYPTO_IN_SWIFTPM -DXcode -enable-upcoming-feature MemberImportVisibility -plugin-path /Applications/Xcode.app/Contents/Developer/Toolchains/XcodeDefault.xctoolchain/usr/lib/swift/host/plugins/testing -enable-experimental-feature DebugDescriptionMacro -sdk /Applications/Xcode.app/Contents/Developer/Platforms/iPhoneOS.platform/Developer/SDKs/iPhoneOS26.0.sdk -target arm64-apple-ios12.0 -g -module-cache-path /Users/ryankanfer/Library/Developer/Xcode/DerivedData/ModuleCache.noindex -Xfrontend -serialize-debugging-options -profile-coverage-mapping -profile-generate -enable-testing -suppress-warnings -index-store-path /Users/ryankanfer/Library/Developer/Xcode/DerivedData/HOMEY_Clean-gafualdnzupkfseuistvwtqbnpqd/Index.noindex/DataStore -Xcc -D_LIBCPP_HARDENING_MODE\=_LIBCPP_HARDENING_MODE_DEBUG -swift-version 5 -I /Users/ryankanfer/Library/Developer/Xcode/DerivedData/HOMEY_Clean-gafualdnzupkfseuistvwtqbnpqd/Build/Products/Debug-iphoneos -Isystem /Applications/Xcode.app/Contents/Developer/Platforms/iPhoneOS.platform/Developer/usr/lib -F /Users/ryankanfer/Library/Developer/Xcode/DerivedData/HOMEY_Clean-gafualdnzupkfseuistvwtqbnpqd/Build/Products/Debug-iphoneos -F /Applications/Xcode.app/Contents/Developer/Platforms/iPhoneOS.platform/Developer/Library/Frameworks -F /Applications/Xcode.app/Contents/Developer/Platforms/iPhoneOS.platform/Developer/SDKs/iPhoneOS26.0.sdk/Developer/Library/Frameworks -c -j8 -enable-batch-mode -incremental -Xcc -ivfsstatcache -Xcc /Users/ryankanfer/Library/Developer/Xcode/DerivedData/SDKStatCaches.noindex/iphoneos26.0-23A339-81ce72e5b06c9602b9d30b56f2eed08a.sdkstatcache -output-file-map /Users/ryankanfer/Library/Developer/Xcode/DerivedData/HOMEY_Clean-gafualdnzupkfseuistvwtqbnpqd/Build/Intermediates.noindex/swift-crypto.build/Debug-iphoneos/Crypto.build/Objects-normal/arm64/Crypto-OutputFileMap.json -use-frontend-parseable-output -save-temps -no-color-diagnostics -explicit-module-build -module-cache-path /Users/ryankanfer/Library/Developer/Xcode/DerivedData/HOMEY_Clean-gafualdnzupkfseuistvwtqbnpqd/Build/Intermediates.noindex/SwiftExplicitPrecompiledModules -clang-scanner-module-cache-path /Users/ryankanfer/Library/Developer/Xcode/DerivedData/ModuleCache.noindex -sdk-module-cache-path /Users/ryankanfer/Library/Developer/Xcode/DerivedData/ModuleCache.noindex -serialize-diagnostics -emit-dependencies -emit-module -emit-module-path /Users/ryankanfer/Library/Developer/Xcode/DerivedData/HOMEY_Clean-gafualdnzupkfseuistvwtqbnpqd/Build/Intermediates.noindex/swift-crypto.build/Debug-iphoneos/Crypto.build/Objects-normal/arm64/Crypto.swiftmodule -validate-clang-modules-once -clang-build-session-file /Users/ryankanfer/Library/Developer/Xcode/DerivedData/ModuleCache.noindex/Session.modulevalidation -package-name swift_crypto -Xcc -I/Users/ryankanfer/Library/Developer/Xcode/DerivedData/HOMEY_Clean-gafualdnzupkfseuistvwtqbnpqd/Build/Intermediates.noindex/swift-crypto.build/Debug-iphoneos/Crypto.build/swift-overrides.hmap -emit-const-values -Xfrontend -const-gather-protocols-file -Xfrontend /Users/ryankanfer/Library/Developer/Xcode/DerivedData/HOMEY_Clean-gafualdnzupkfseuistvwtqbnpqd/Build/Intermediates.noindex/swift-crypto.build/Debug-iphoneos/Crypto.build/Objects-normal/arm64/Crypto_const_extract_protocols.json -Xcc -I/Users/ryankanfer/Library/Developer/Xcode/DerivedData/HOMEY_Clean-gafualdnzupkfseuistvwtqbnpqd/Build/Products/Debug-iphoneos/include -Xcc -I/Users/ryankanfer/Library/Developer/Xcode/DerivedData/HOMEY_Clean-gafualdnzupkfseuistvwtqbnpqd/Build/Intermediates.noindex/swift-crypto.build/Debug-iphoneos/Crypto.build/DerivedSources-normal/arm64 -Xcc -I/Users/ryankanfer/Library/Developer/Xcode/DerivedData/HOMEY_Clean-gafualdnzupkfseuistvwtqbnpqd/Build/Intermediates.noindex/swift-crypto.build/Debug-iphoneos/Crypto.build/DerivedSources/arm64 -Xcc -I/Users/ryankanfer/Library/Developer/Xcode/DerivedData/HOMEY_Clean-gafualdnzupkfseuistvwtqbnpqd/Build/Intermediates.noindex/swift-crypto.build/Debug-iphoneos/Crypto.build/DerivedSources -Xcc -DSWIFT_PACKAGE -Xcc -DDEBUG\=1 -emit-objc-header -emit-objc-header-path /Users/ryankanfer/Library/Developer/Xcode/DerivedData/HOMEY_Clean-gafualdnzupkfseuistvwtqbnpqd/Build/Intermediates.noindex/swift-crypto.build/Debug-iphoneos/Crypto.build/Objects-normal/arm64/Crypto-Swift.h -working-directory /Users/ryankanfer/Documents/Developer/HOMEY\ Clean/HOMEY\ Clean.xcodeproj -experimental-emit-module-separately -disable-cmo

Ld /Users/ryankanfer/Library/Developer/Xcode/DerivedData/HOMEY_Clean-gafualdnzupkfseuistvwtqbnpqd/Build/Products/Debug-iphoneos/Crypto.o normal (in target 'Crypto' from project 'swift-crypto')
    cd /Users/ryankanfer/Library/Developer/Xcode/DerivedData/HOMEY_Clean-gafualdnzupkfseuistvwtqbnpqd/SourcePackages/checkouts/swift-crypto
    /Applications/Xcode.app/Contents/Developer/Toolchains/XcodeDefault.xctoolchain/usr/bin/clang -Xlinker -reproducible -target arm64-apple-ios12.0 -r -isysroot /Applications/Xcode.app/Contents/Developer/Platforms/iPhoneOS.platform/Developer/SDKs/iPhoneOS26.0.sdk -O0 -w -L/Users/ryankanfer/Library/Developer/Xcode/DerivedData/HOMEY_Clean-gafualdnzupkfseuistvwtqbnpqd/Build/Intermediates.noindex/EagerLinkingTBDs/Debug-iphoneos -L/Users/ryankanfer/Library/Developer/Xcode/DerivedData/HOMEY_Clean-gafualdnzupkfseuistvwtqbnpqd/Build/Products/Debug-iphoneos -L/Applications/Xcode.app/Contents/Developer/Platforms/iPhoneOS.platform/Developer/usr/lib -F/Users/ryankanfer/Library/Developer/Xcode/DerivedData/HOMEY_Clean-gafualdnzupkfseuistvwtqbnpqd/Build/Intermediates.noindex/EagerLinkingTBDs/Debug-iphoneos -F/Users/ryankanfer/Library/Developer/Xcode/DerivedData/HOMEY_Clean-gafualdnzupkfseuistvwtqbnpqd/Build/Products/Debug-iphoneos -iframework /Applications/Xcode.app/Contents/Developer/Platforms/iPhoneOS.platform/Developer/Library/Frameworks -iframework /Applications/Xcode.app/Contents/Developer/Platforms/iPhoneOS.platform/Developer/SDKs/iPhoneOS26.0.sdk/Developer/Library/Frameworks -filelist /Users/ryankanfer/Library/Developer/Xcode/DerivedData/HOMEY_Clean-gafualdnzupkfseuistvwtqbnpqd/Build/Intermediates.noindex/swift-crypto.build/Debug-iphoneos/Crypto.build/Objects-normal/arm64/Crypto.LinkFileList -nostdlib -Xlinker -object_path_lto -Xlinker /Users/ryankanfer/Library/Developer/Xcode/DerivedData/HOMEY_Clean-gafualdnzupkfseuistvwtqbnpqd/Build/Intermediates.noindex/swift-crypto.build/Debug-iphoneos/Crypto.build/Objects-normal/arm64/Crypto_lto.o -rdynamic -Xlinker -no_deduplicate -Xlinker -debug_variant -Xlinker -dependency_info -Xlinker /Users/ryankanfer/Library/Developer/Xcode/DerivedData/HOMEY_Clean-gafualdnzupkfseuistvwtqbnpqd/Build/Intermediates.noindex/swift-crypto.build/Debug-iphoneos/Crypto.build/Objects-normal/arm64/Crypto_dependency_info.dat -fobjc-link-runtime -L/Applications/Xcode.app/Contents/Developer/Toolchains/XcodeDefault.xctoolchain/usr/lib/swift/iphoneos -L/usr/lib/swift -Xlinker -add_ast_path -Xlinker /Users/ryankanfer/Library/Developer/Xcode/DerivedData/HOMEY_Clean-gafualdnzupkfseuistvwtqbnpqd/Build/Intermediates.noindex/swift-crypto.build/Debug-iphoneos/Crypto.build/Objects-normal/arm64/Crypto.swiftmodule @/Users/ryankanfer/Library/Developer/Xcode/DerivedData/HOMEY_Clean-gafualdnzupkfseuistvwtqbnpqd/Build/Intermediates.noindex/swift-crypto.build/Debug-iphoneos/Crypto.build/Objects-normal/arm64/Crypto-linker-args.resp -o /Users/ryankanfer/Library/Developer/Xcode/DerivedData/HOMEY_Clean-gafualdnzupkfseuistvwtqbnpqd/Build/Products/Debug-iphoneos/Crypto.o

SwiftDriverJobDiscovery normal arm64 Compiling Exports.swift (in target 'XCTestDynamicOverlay' from project 'xctest-dynamic-overlay')

ExtractAppIntentsMetadata (in target 'Crypto' from project 'swift-crypto')
    cd /Users/ryankanfer/Library/Developer/Xcode/DerivedData/HOMEY_Clean-gafualdnzupkfseuistvwtqbnpqd/SourcePackages/checkouts/swift-crypto
    /Applications/Xcode.app/Contents/Developer/Toolchains/XcodeDefault.xctoolchain/usr/bin/appintentsmetadataprocessor --toolchain-dir /Applications/Xcode.app/Contents/Developer/Toolchains/XcodeDefault.xctoolchain --module-name Crypto --sdk-root /Applications/Xcode.app/Contents/Developer/Platforms/iPhoneOS.platform/Developer/SDKs/iPhoneOS26.0.sdk --xcode-version 17A324 --platform-family iOS --deployment-target 12.0 --bundle-identifier swift-crypto.Crypto --output /Users/ryankanfer/Library/Developer/Xcode/DerivedData/HOMEY_Clean-gafualdnzupkfseuistvwtqbnpqd/Build/Products/Debug-iphoneos/Crypto.appintents --target-triple arm64-apple-ios12.0 --binary-file /Users/ryankanfer/Library/Developer/Xcode/DerivedData/HOMEY_Clean-gafualdnzupkfseuistvwtqbnpqd/Build/Products/Debug-iphoneos/Crypto.o --dependency-file /Users/ryankanfer/Library/Developer/Xcode/DerivedData/HOMEY_Clean-gafualdnzupkfseuistvwtqbnpqd/Build/Intermediates.noindex/swift-crypto.build/Debug-iphoneos/Crypto.build/Objects-normal/arm64/Crypto_dependency_info.dat --stringsdata-file /Users/ryankanfer/Library/Developer/Xcode/DerivedData/HOMEY_Clean-gafualdnzupkfseuistvwtqbnpqd/Build/Intermediates.noindex/swift-crypto.build/Debug-iphoneos/Crypto.build/Objects-normal/arm64/ExtractedAppShortcutsMetadata.stringsdata --source-file-list /Users/ryankanfer/Library/Developer/Xcode/DerivedData/HOMEY_Clean-gafualdnzupkfseuistvwtqbnpqd/Build/Intermediates.noindex/swift-crypto.build/Debug-iphoneos/Crypto.build/Objects-normal/arm64/Crypto.SwiftFileList --metadata-file-list /Users/ryankanfer/Library/Developer/Xcode/DerivedData/HOMEY_Clean-gafualdnzupkfseuistvwtqbnpqd/Build/Intermediates.noindex/swift-crypto.build/Debug-iphoneos/Crypto.build/Crypto.DependencyMetadataFileList --static-metadata-file-list /Users/ryankanfer/Library/Developer/Xcode/DerivedData/HOMEY_Clean-gafualdnzupkfseuistvwtqbnpqd/Build/Intermediates.noindex/swift-crypto.build/Debug-iphoneos/Crypto.build/Crypto.DependencyStaticMetadataFileList --swift-const-vals-list /Users/ryankanfer/Library/Developer/Xcode/DerivedData/HOMEY_Clean-gafualdnzupkfseuistvwtqbnpqd/Build/Intermediates.noindex/swift-crypto.build/Debug-iphoneos/Crypto.build/Objects-normal/arm64/Crypto.SwiftConstValuesFileList --force --compile-time-extraction --deployment-aware-processing --validate-assistant-intents --no-app-shortcuts-localization
2025-09-22 23:19:05.421 appintentsmetadataprocessor[47730:12256769] Starting appintentsmetadataprocessor export
2025-09-22 23:19:05.642 appintentsmetadataprocessor[47730:12256769] Extracted no relevant App Intents symbols, skipping writing output

RegisterExecutionPolicyException /Users/ryankanfer/Library/Developer/Xcode/DerivedData/HOMEY_Clean-gafualdnzupkfseuistvwtqbnpqd/Build/Products/Debug-iphoneos/ConcurrencyExtras.o (in target 'ConcurrencyExtras' from project 'swift-concurrency-extras')
    cd /Users/ryankanfer/Library/Developer/Xcode/DerivedData/HOMEY_Clean-gafualdnzupkfseuistvwtqbnpqd/SourcePackages/checkouts/swift-concurrency-extras
    builtin-RegisterExecutionPolicyException /Users/ryankanfer/Library/Developer/Xcode/DerivedData/HOMEY_Clean-gafualdnzupkfseuistvwtqbnpqd/Build/Products/Debug-iphoneos/ConcurrencyExtras.o

SwiftEmitModule normal arm64 Emitting\ module\ for\ Clocks (in target 'Clocks' from project 'swift-clocks')

EmitSwiftModule normal arm64 (in target 'Clocks' from project 'swift-clocks')
    cd /Users/ryankanfer/Documents/Developer/HOMEY\ Clean/HOMEY\ Clean.xcodeproj
    

SwiftCompile normal arm64 Compiling\ TestClock.swift /Users/ryankanfer/Library/Developer/Xcode/DerivedData/HOMEY_Clean-gafualdnzupkfseuistvwtqbnpqd/SourcePackages/checkouts/swift-clocks/Sources/Clocks/TestClock.swift (in target 'Clocks' from project 'swift-clocks')
SwiftCompile normal arm64 /Users/ryankanfer/Library/Developer/Xcode/DerivedData/HOMEY_Clean-gafualdnzupkfseuistvwtqbnpqd/SourcePackages/checkouts/swift-clocks/Sources/Clocks/TestClock.swift (in target 'Clocks' from project 'swift-clocks')
    cd /Users/ryankanfer/Documents/Developer/HOMEY\ Clean/HOMEY\ Clean.xcodeproj
    

SwiftCompile normal arm64 Compiling\ UnimplementedClock.swift /Users/ryankanfer/Library/Developer/Xcode/DerivedData/HOMEY_Clean-gafualdnzupkfseuistvwtqbnpqd/SourcePackages/checkouts/swift-clocks/Sources/Clocks/UnimplementedClock.swift (in target 'Clocks' from project 'swift-clocks')

SwiftCompile normal arm64 /Users/ryankanfer/Library/Developer/Xcode/DerivedData/HOMEY_Clean-gafualdnzupkfseuistvwtqbnpqd/SourcePackages/checkouts/swift-clocks/Sources/Clocks/UnimplementedClock.swift (in target 'Clocks' from project 'swift-clocks')
    cd /Users/ryankanfer/Documents/Developer/HOMEY\ Clean/HOMEY\ Clean.xcodeproj
    

SwiftCompile normal arm64 Compiling\ Timer.swift /Users/ryankanfer/Library/Developer/Xcode/DerivedData/HOMEY_Clean-gafualdnzupkfseuistvwtqbnpqd/SourcePackages/checkouts/swift-clocks/Sources/Clocks/Timer.swift (in target 'Clocks' from project 'swift-clocks')

SwiftCompile normal arm64 /Users/ryankanfer/Library/Developer/Xcode/DerivedData/HOMEY_Clean-gafualdnzupkfseuistvwtqbnpqd/SourcePackages/checkouts/swift-clocks/Sources/Clocks/Timer.swift (in target 'Clocks' from project 'swift-clocks')
    cd /Users/ryankanfer/Documents/Developer/HOMEY\ Clean/HOMEY\ Clean.xcodeproj
    

SwiftDriverJobDiscovery normal arm64 Compiling HTTPFields.swift (in target 'HTTPTypes' from project 'swift-http-types')

SwiftDriver\ Compilation HTTPTypes normal arm64 com.apple.xcode.tools.swift.compiler (in target 'HTTPTypes' from project 'swift-http-types')
    cd /Users/ryankanfer/Documents/Developer/HOMEY\ Clean/HOMEY\ Clean.xcodeproj
    builtin-Swift-Compilation -- /Applications/Xcode.app/Contents/Developer/Toolchains/XcodeDefault.xctoolchain/usr/bin/swiftc -module-name HTTPTypes -Onone -enforce-exclusivity\=checked @/Users/ryankanfer/Library/Developer/Xcode/DerivedData/HOMEY_Clean-gafualdnzupkfseuistvwtqbnpqd/Build/Intermediates.noindex/swift-http-types.build/Debug-iphoneos/HTTPTypes.build/Objects-normal/arm64/HTTPTypes.SwiftFileList -DSWIFT_PACKAGE -DDEBUG -DSWIFT_MODULE_RESOURCE_BUNDLE_UNAVAILABLE -DXcode -enable-experimental-feature StrictConcurrency\=complete -enable-upcoming-feature MemberImportVisibility -plugin-path /Applications/Xcode.app/Contents/Developer/Toolchains/XcodeDefault.xctoolchain/usr/lib/swift/host/plugins/testing -enable-experimental-feature DebugDescriptionMacro -sdk /Applications/Xcode.app/Contents/Developer/Platforms/iPhoneOS.platform/Developer/SDKs/iPhoneOS26.0.sdk -target arm64-apple-ios12.0 -g -module-cache-path /Users/ryankanfer/Library/Developer/Xcode/DerivedData/ModuleCache.noindex -Xfrontend -serialize-debugging-options -profile-coverage-mapping -profile-generate -enable-testing -suppress-warnings -index-store-path /Users/ryankanfer/Library/Developer/Xcode/DerivedData/HOMEY_Clean-gafualdnzupkfseuistvwtqbnpqd/Index.noindex/DataStore -Xcc -D_LIBCPP_HARDENING_MODE\=_LIBCPP_HARDENING_MODE_DEBUG -swift-version 5 -I /Users/ryankanfer/Library/Developer/Xcode/DerivedData/HOMEY_Clean-gafualdnzupkfseuistvwtqbnpqd/Build/Products/Debug-iphoneos -Isystem /Applications/Xcode.app/Contents/Developer/Platforms/iPhoneOS.platform/Developer/usr/lib -F /Users/ryankanfer/Library/Developer/Xcode/DerivedData/HOMEY_Clean-gafualdnzupkfseuistvwtqbnpqd/Build/Products/Debug-iphoneos -F /Applications/Xcode.app/Contents/Developer/Platforms/iPhoneOS.platform/Developer/Library/Frameworks -F /Applications/Xcode.app/Contents/Developer/Platforms/iPhoneOS.platform/Developer/SDKs/iPhoneOS26.0.sdk/Developer/Library/Frameworks -c -j8 -enable-batch-mode -incremental -Xcc -ivfsstatcache -Xcc /Users/ryankanfer/Library/Developer/Xcode/DerivedData/SDKStatCaches.noindex/iphoneos26.0-23A339-81ce72e5b06c9602b9d30b56f2eed08a.sdkstatcache -output-file-map /Users/ryankanfer/Library/Developer/Xcode/DerivedData/HOMEY_Clean-gafualdnzupkfseuistvwtqbnpqd/Build/Intermediates.noindex/swift-http-types.build/Debug-iphoneos/HTTPTypes.build/Objects-normal/arm64/HTTPTypes-OutputFileMap.json -use-frontend-parseable-output -save-temps -no-color-diagnostics -explicit-module-build -module-cache-path /Users/ryankanfer/Library/Developer/Xcode/DerivedData/HOMEY_Clean-gafualdnzupkfseuistvwtqbnpqd/Build/Intermediates.noindex/SwiftExplicitPrecompiledModules -clang-scanner-module-cache-path /Users/ryankanfer/Library/Developer/Xcode/DerivedData/ModuleCache.noindex -sdk-module-cache-path /Users/ryankanfer/Library/Developer/Xcode/DerivedData/ModuleCache.noindex -serialize-diagnostics -emit-dependencies -emit-module -emit-module-path /Users/ryankanfer/Library/Developer/Xcode/DerivedData/HOMEY_Clean-gafualdnzupkfseuistvwtqbnpqd/Build/Intermediates.noindex/swift-http-types.build/Debug-iphoneos/HTTPTypes.build/Objects-normal/arm64/HTTPTypes.swiftmodule -validate-clang-modules-once -clang-build-session-file /Users/ryankanfer/Library/Developer/Xcode/DerivedData/ModuleCache.noindex/Session.modulevalidation -package-name swift_http_types -Xcc -I/Users/ryankanfer/Library/Developer/Xcode/DerivedData/HOMEY_Clean-gafualdnzupkfseuistvwtqbnpqd/Build/Intermediates.noindex/swift-http-types.build/Debug-iphoneos/HTTPTypes.build/swift-overrides.hmap -emit-const-values -Xfrontend -const-gather-protocols-file -Xfrontend /Users/ryankanfer/Library/Developer/Xcode/DerivedData/HOMEY_Clean-gafualdnzupkfseuistvwtqbnpqd/Build/Intermediates.noindex/swift-http-types.build/Debug-iphoneos/HTTPTypes.build/Objects-normal/arm64/HTTPTypes_const_extract_protocols.json -Xcc -I/Users/ryankanfer/Library/Developer/Xcode/DerivedData/HOMEY_Clean-gafualdnzupkfseuistvwtqbnpqd/Build/Products/Debug-iphoneos/include -Xcc -I/Users/ryankanfer/Library/Developer/Xcode/DerivedData/HOMEY_Clean-gafualdnzupkfseuistvwtqbnpqd/Build/Intermediates.noindex/swift-http-types.build/Debug-iphoneos/HTTPTypes.build/DerivedSources-normal/arm64 -Xcc -I/Users/ryankanfer/Library/Developer/Xcode/DerivedData/HOMEY_Clean-gafualdnzupkfseuistvwtqbnpqd/Build/Intermediates.noindex/swift-http-types.build/Debug-iphoneos/HTTPTypes.build/DerivedSources/arm64 -Xcc -I/Users/ryankanfer/Library/Developer/Xcode/DerivedData/HOMEY_Clean-gafualdnzupkfseuistvwtqbnpqd/Build/Intermediates.noindex/swift-http-types.build/Debug-iphoneos/HTTPTypes.build/DerivedSources -Xcc -DSWIFT_PACKAGE -Xcc -DDEBUG\=1 -emit-objc-header -emit-objc-header-path /Users/ryankanfer/Library/Developer/Xcode/DerivedData/HOMEY_Clean-gafualdnzupkfseuistvwtqbnpqd/Build/Intermediates.noindex/swift-http-types.build/Debug-iphoneos/HTTPTypes.build/Objects-normal/arm64/HTTPTypes-Swift.h -working-directory /Users/ryankanfer/Documents/Developer/HOMEY\ Clean/HOMEY\ Clean.xcodeproj -experimental-emit-module-separately -disable-cmo

SwiftDriverJobDiscovery normal arm64 Emitting module for XCTestDynamicOverlay (in target 'XCTestDynamicOverlay' from project 'xctest-dynamic-overlay')

SwiftDriver\ Compilation\ Requirements XCTestDynamicOverlay normal arm64 com.apple.xcode.tools.swift.compiler (in target 'XCTestDynamicOverlay' from project 'xctest-dynamic-overlay')
    cd /Users/ryankanfer/Documents/Developer/HOMEY\ Clean/HOMEY\ Clean.xcodeproj
    builtin-Swift-Compilation-Requirements -- /Applications/Xcode.app/Contents/Developer/Toolchains/XcodeDefault.xctoolchain/usr/bin/swiftc -module-name XCTestDynamicOverlay -Onone -enforce-exclusivity\=checked @/Users/ryankanfer/Library/Developer/Xcode/DerivedData/HOMEY_Clean-gafualdnzupkfseuistvwtqbnpqd/Build/Intermediates.noindex/xctest-dynamic-overlay.build/Debug-iphoneos/XCTestDynamicOverlay.build/Objects-normal/arm64/XCTestDynamicOverlay.SwiftFileList -DSWIFT_PACKAGE -DDEBUG -DSWIFT_MODULE_RESOURCE_BUNDLE_UNAVAILABLE -DXcode -plugin-path /Applications/Xcode.app/Contents/Developer/Toolchains/XcodeDefault.xctoolchain/usr/lib/swift/host/plugins/testing -enable-experimental-feature DebugDescriptionMacro -sdk /Applications/Xcode.app/Contents/Developer/Platforms/iPhoneOS.platform/Developer/SDKs/iPhoneOS26.0.sdk -target arm64-apple-ios13.0 -g -module-cache-path /Users/ryankanfer/Library/Developer/Xcode/DerivedData/ModuleCache.noindex -Xfrontend -serialize-debugging-options -profile-coverage-mapping -profile-generate -enable-testing -suppress-warnings -index-store-path /Users/ryankanfer/Library/Developer/Xcode/DerivedData/HOMEY_Clean-gafualdnzupkfseuistvwtqbnpqd/Index.noindex/DataStore -Xcc -D_LIBCPP_HARDENING_MODE\=_LIBCPP_HARDENING_MODE_DEBUG -swift-version 6 -I /Users/ryankanfer/Library/Developer/Xcode/DerivedData/HOMEY_Clean-gafualdnzupkfseuistvwtqbnpqd/Build/Products/Debug-iphoneos -Isystem /Applications/Xcode.app/Contents/Developer/Platforms/iPhoneOS.platform/Developer/usr/lib -F /Users/ryankanfer/Library/Developer/Xcode/DerivedData/HOMEY_Clean-gafualdnzupkfseuistvwtqbnpqd/Build/Products/Debug-iphoneos/PackageFrameworks -F /Users/ryankanfer/Library/Developer/Xcode/DerivedData/HOMEY_Clean-gafualdnzupkfseuistvwtqbnpqd/Build/Products/Debug-iphoneos/PackageFrameworks -F /Users/ryankanfer/Library/Developer/Xcode/DerivedData/HOMEY_Clean-gafualdnzupkfseuistvwtqbnpqd/Build/Products/Debug-iphoneos -F /Applications/Xcode.app/Contents/Developer/Platforms/iPhoneOS.platform/Developer/Library/Frameworks -F /Applications/Xcode.app/Contents/Developer/Platforms/iPhoneOS.platform/Developer/SDKs/iPhoneOS26.0.sdk/Developer/Library/Frameworks -c -j8 -enable-batch-mode -incremental -Xcc -ivfsstatcache -Xcc /Users/ryankanfer/Library/Developer/Xcode/DerivedData/SDKStatCaches.noindex/iphoneos26.0-23A339-81ce72e5b06c9602b9d30b56f2eed08a.sdkstatcache -output-file-map /Users/ryankanfer/Library/Developer/Xcode/DerivedData/HOMEY_Clean-gafualdnzupkfseuistvwtqbnpqd/Build/Intermediates.noindex/xctest-dynamic-overlay.build/Debug-iphoneos/XCTestDynamicOverlay.build/Objects-normal/arm64/XCTestDynamicOverlay-OutputFileMap.json -use-frontend-parseable-output -save-temps -no-color-diagnostics -explicit-module-build -module-cache-path /Users/ryankanfer/Library/Developer/Xcode/DerivedData/HOMEY_Clean-gafualdnzupkfseuistvwtqbnpqd/Build/Intermediates.noindex/SwiftExplicitPrecompiledModules -clang-scanner-module-cache-path /Users/ryankanfer/Library/Developer/Xcode/DerivedData/ModuleCache.noindex -sdk-module-cache-path /Users/ryankanfer/Library/Developer/Xcode/DerivedData/ModuleCache.noindex -serialize-diagnostics -emit-dependencies -emit-module -emit-module-path /Users/ryankanfer/Library/Developer/Xcode/DerivedData/HOMEY_Clean-gafualdnzupkfseuistvwtqbnpqd/Build/Intermediates.noindex/xctest-dynamic-overlay.build/Debug-iphoneos/XCTestDynamicOverlay.build/Objects-normal/arm64/XCTestDynamicOverlay.swiftmodule -user-module-version 1.6.1 -validate-clang-modules-once -clang-build-session-file /Users/ryankanfer/Library/Developer/Xcode/DerivedData/ModuleCache.noindex/Session.modulevalidation -package-name xctest_dynamic_overlay -Xcc -I/Users/ryankanfer/Library/Developer/Xcode/DerivedData/HOMEY_Clean-gafualdnzupkfseuistvwtqbnpqd/Build/Intermediates.noindex/xctest-dynamic-overlay.build/Debug-iphoneos/XCTestDynamicOverlay.build/swift-overrides.hmap -emit-const-values -Xfrontend -const-gather-protocols-file -Xfrontend /Users/ryankanfer/Library/Developer/Xcode/DerivedData/HOMEY_Clean-gafualdnzupkfseuistvwtqbnpqd/Build/Intermediates.noindex/xctest-dynamic-overlay.build/Debug-iphoneos/XCTestDynamicOverlay.build/Objects-normal/arm64/XCTestDynamicOverlay_const_extract_protocols.json -Xcc -I/Users/ryankanfer/Library/Developer/Xcode/DerivedData/HOMEY_Clean-gafualdnzupkfseuistvwtqbnpqd/Build/Products/Debug-iphoneos/include -Xcc -I/Users/ryankanfer/Library/Developer/Xcode/DerivedData/HOMEY_Clean-gafualdnzupkfseuistvwtqbnpqd/Build/Intermediates.noindex/xctest-dynamic-overlay.build/Debug-iphoneos/XCTestDynamicOverlay.build/DerivedSources-normal/arm64 -Xcc -I/Users/ryankanfer/Library/Developer/Xcode/DerivedData/HOMEY_Clean-gafualdnzupkfseuistvwtqbnpqd/Build/Intermediates.noindex/xctest-dynamic-overlay.build/Debug-iphoneos/XCTestDynamicOverlay.build/DerivedSources/arm64 -Xcc -I/Users/ryankanfer/Library/Developer/Xcode/DerivedData/HOMEY_Clean-gafualdnzupkfseuistvwtqbnpqd/Build/Intermediates.noindex/xctest-dynamic-overlay.build/Debug-iphoneos/XCTestDynamicOverlay.build/DerivedSources -Xcc -DSWIFT_PACKAGE -Xcc -DDEBUG\=1 -emit-objc-header -emit-objc-header-path /Users/ryankanfer/Library/Developer/Xcode/DerivedData/HOMEY_Clean-gafualdnzupkfseuistvwtqbnpqd/Build/Intermediates.noindex/xctest-dynamic-overlay.build/Debug-iphoneos/XCTestDynamicOverlay.build/Objects-normal/arm64/XCTestDynamicOverlay-Swift.h -working-directory /Users/ryankanfer/Documents/Developer/HOMEY\ Clean/HOMEY\ Clean.xcodeproj -experimental-emit-module-separately -disable-cmo

Ld /Users/ryankanfer/Library/Developer/Xcode/DerivedData/HOMEY_Clean-gafualdnzupkfseuistvwtqbnpqd/Build/Products/Debug-iphoneos/HTTPTypes.o normal (in target 'HTTPTypes' from project 'swift-http-types')
    cd /Users/ryankanfer/Library/Developer/Xcode/DerivedData/HOMEY_Clean-gafualdnzupkfseuistvwtqbnpqd/SourcePackages/checkouts/swift-http-types
    /Applications/Xcode.app/Contents/Developer/Toolchains/XcodeDefault.xctoolchain/usr/bin/clang -Xlinker -reproducible -target arm64-apple-ios12.0 -r -isysroot /Applications/Xcode.app/Contents/Developer/Platforms/iPhoneOS.platform/Developer/SDKs/iPhoneOS26.0.sdk -O0 -w -L/Users/ryankanfer/Library/Developer/Xcode/DerivedData/HOMEY_Clean-gafualdnzupkfseuistvwtqbnpqd/Build/Intermediates.noindex/EagerLinkingTBDs/Debug-iphoneos -L/Users/ryankanfer/Library/Developer/Xcode/DerivedData/HOMEY_Clean-gafualdnzupkfseuistvwtqbnpqd/Build/Products/Debug-iphoneos -L/Applications/Xcode.app/Contents/Developer/Platforms/iPhoneOS.platform/Developer/usr/lib -F/Users/ryankanfer/Library/Developer/Xcode/DerivedData/HOMEY_Clean-gafualdnzupkfseuistvwtqbnpqd/Build/Intermediates.noindex/EagerLinkingTBDs/Debug-iphoneos -F/Users/ryankanfer/Library/Developer/Xcode/DerivedData/HOMEY_Clean-gafualdnzupkfseuistvwtqbnpqd/Build/Products/Debug-iphoneos -iframework /Applications/Xcode.app/Contents/Developer/Platforms/iPhoneOS.platform/Developer/Library/Frameworks -iframework /Applications/Xcode.app/Contents/Developer/Platforms/iPhoneOS.platform/Developer/SDKs/iPhoneOS26.0.sdk/Developer/Library/Frameworks -filelist /Users/ryankanfer/Library/Developer/Xcode/DerivedData/HOMEY_Clean-gafualdnzupkfseuistvwtqbnpqd/Build/Intermediates.noindex/swift-http-types.build/Debug-iphoneos/HTTPTypes.build/Objects-normal/arm64/HTTPTypes.LinkFileList -nostdlib -Xlinker -object_path_lto -Xlinker /Users/ryankanfer/Library/Developer/Xcode/DerivedData/HOMEY_Clean-gafualdnzupkfseuistvwtqbnpqd/Build/Intermediates.noindex/swift-http-types.build/Debug-iphoneos/HTTPTypes.build/Objects-normal/arm64/HTTPTypes_lto.o -rdynamic -Xlinker -no_deduplicate -Xlinker -debug_variant -Xlinker -dependency_info -Xlinker /Users/ryankanfer/Library/Developer/Xcode/DerivedData/HOMEY_Clean-gafualdnzupkfseuistvwtqbnpqd/Build/Intermediates.noindex/swift-http-types.build/Debug-iphoneos/HTTPTypes.build/Objects-normal/arm64/HTTPTypes_dependency_info.dat -fobjc-link-runtime -L/Applications/Xcode.app/Contents/Developer/Toolchains/XcodeDefault.xctoolchain/usr/lib/swift/iphoneos -L/usr/lib/swift -Xlinker -add_ast_path -Xlinker /Users/ryankanfer/Library/Developer/Xcode/DerivedData/HOMEY_Clean-gafualdnzupkfseuistvwtqbnpqd/Build/Intermediates.noindex/swift-http-types.build/Debug-iphoneos/HTTPTypes.build/Objects-normal/arm64/HTTPTypes.swiftmodule @/Users/ryankanfer/Library/Developer/Xcode/DerivedData/HOMEY_Clean-gafualdnzupkfseuistvwtqbnpqd/Build/Intermediates.noindex/swift-http-types.build/Debug-iphoneos/HTTPTypes.build/Objects-normal/arm64/HTTPTypes-linker-args.resp -o /Users/ryankanfer/Library/Developer/Xcode/DerivedData/HOMEY_Clean-gafualdnzupkfseuistvwtqbnpqd/Build/Products/Debug-iphoneos/HTTPTypes.o

SwiftMergeGeneratedHeaders /Users/ryankanfer/Library/Developer/Xcode/DerivedData/HOMEY_Clean-gafualdnzupkfseuistvwtqbnpqd/Build/Intermediates.noindex/GeneratedModuleMaps-iphoneos/XCTestDynamicOverlay-Swift.h /Users/ryankanfer/Library/Developer/Xcode/DerivedData/HOMEY_Clean-gafualdnzupkfseuistvwtqbnpqd/Build/Intermediates.noindex/xctest-dynamic-overlay.build/Debug-iphoneos/XCTestDynamicOverlay.build/Objects-normal/arm64/XCTestDynamicOverlay-Swift.h (in target 'XCTestDynamicOverlay' from project 'xctest-dynamic-overlay')
    cd /Users/ryankanfer/Library/Developer/Xcode/DerivedData/HOMEY_Clean-gafualdnzupkfseuistvwtqbnpqd/SourcePackages/checkouts/xctest-dynamic-overlay
    builtin-swiftHeaderTool -arch arm64 /Users/ryankanfer/Library/Developer/Xcode/DerivedData/HOMEY_Clean-gafualdnzupkfseuistvwtqbnpqd/Build/Intermediates.noindex/xctest-dynamic-overlay.build/Debug-iphoneos/XCTestDynamicOverlay.build/Objects-normal/arm64/XCTestDynamicOverlay-Swift.h -o /Users/ryankanfer/Library/Developer/Xcode/DerivedData/HOMEY_Clean-gafualdnzupkfseuistvwtqbnpqd/Build/Intermediates.noindex/GeneratedModuleMaps-iphoneos/XCTestDynamicOverlay-Swift.h

Copy /Users/ryankanfer/Library/Developer/Xcode/DerivedData/HOMEY_Clean-gafualdnzupkfseuistvwtqbnpqd/Build/Products/Debug-iphoneos/XCTestDynamicOverlay.swiftmodule/arm64-apple-ios.swiftmodule /Users/ryankanfer/Library/Developer/Xcode/DerivedData/HOMEY_Clean-gafualdnzupkfseuistvwtqbnpqd/Build/Intermediates.noindex/xctest-dynamic-overlay.build/Debug-iphoneos/XCTestDynamicOverlay.build/Objects-normal/arm64/XCTestDynamicOverlay.swiftmodule (in target 'XCTestDynamicOverlay' from project 'xctest-dynamic-overlay')
    cd /Users/ryankanfer/Library/Developer/Xcode/DerivedData/HOMEY_Clean-gafualdnzupkfseuistvwtqbnpqd/SourcePackages/checkouts/xctest-dynamic-overlay
    builtin-copy -exclude .DS_Store -exclude CVS -exclude .svn -exclude .git -exclude .hg -resolve-src-symlinks -rename /Users/ryankanfer/Library/Developer/Xcode/DerivedData/HOMEY_Clean-gafualdnzupkfseuistvwtqbnpqd/Build/Intermediates.noindex/xctest-dynamic-overlay.build/Debug-iphoneos/XCTestDynamicOverlay.build/Objects-normal/arm64/XCTestDynamicOverlay.swiftmodule /Users/ryankanfer/Library/Developer/Xcode/DerivedData/HOMEY_Clean-gafualdnzupkfseuistvwtqbnpqd/Build/Products/Debug-iphoneos/XCTestDynamicOverlay.swiftmodule/arm64-apple-ios.swiftmodule

Copy /Users/ryankanfer/Library/Developer/Xcode/DerivedData/HOMEY_Clean-gafualdnzupkfseuistvwtqbnpqd/Build/Products/Debug-iphoneos/XCTestDynamicOverlay.swiftmodule/arm64-apple-ios.swiftdoc /Users/ryankanfer/Library/Developer/Xcode/DerivedData/HOMEY_Clean-gafualdnzupkfseuistvwtqbnpqd/Build/Intermediates.noindex/xctest-dynamic-overlay.build/Debug-iphoneos/XCTestDynamicOverlay.build/Objects-normal/arm64/XCTestDynamicOverlay.swiftdoc (in target 'XCTestDynamicOverlay' from project 'xctest-dynamic-overlay')
    cd /Users/ryankanfer/Library/Developer/Xcode/DerivedData/HOMEY_Clean-gafualdnzupkfseuistvwtqbnpqd/SourcePackages/checkouts/xctest-dynamic-overlay
    builtin-copy -exclude .DS_Store -exclude CVS -exclude .svn -exclude .git -exclude .hg -resolve-src-symlinks -rename /Users/ryankanfer/Library/Developer/Xcode/DerivedData/HOMEY_Clean-gafualdnzupkfseuistvwtqbnpqd/Build/Intermediates.noindex/xctest-dynamic-overlay.build/Debug-iphoneos/XCTestDynamicOverlay.build/Objects-normal/arm64/XCTestDynamicOverlay.swiftdoc /Users/ryankanfer/Library/Developer/Xcode/DerivedData/HOMEY_Clean-gafualdnzupkfseuistvwtqbnpqd/Build/Products/Debug-iphoneos/XCTestDynamicOverlay.swiftmodule/arm64-apple-ios.swiftdoc

Copy /Users/ryankanfer/Library/Developer/Xcode/DerivedData/HOMEY_Clean-gafualdnzupkfseuistvwtqbnpqd/Build/Products/Debug-iphoneos/XCTestDynamicOverlay.swiftmodule/arm64-apple-ios.abi.json /Users/ryankanfer/Library/Developer/Xcode/DerivedData/HOMEY_Clean-gafualdnzupkfseuistvwtqbnpqd/Build/Intermediates.noindex/xctest-dynamic-overlay.build/Debug-iphoneos/XCTestDynamicOverlay.build/Objects-normal/arm64/XCTestDynamicOverlay.abi.json (in target 'XCTestDynamicOverlay' from project 'xctest-dynamic-overlay')
    cd /Users/ryankanfer/Library/Developer/Xcode/DerivedData/HOMEY_Clean-gafualdnzupkfseuistvwtqbnpqd/SourcePackages/checkouts/xctest-dynamic-overlay
    builtin-copy -exclude .DS_Store -exclude CVS -exclude .svn -exclude .git -exclude .hg -resolve-src-symlinks -rename /Users/ryankanfer/Library/Developer/Xcode/DerivedData/HOMEY_Clean-gafualdnzupkfseuistvwtqbnpqd/Build/Intermediates.noindex/xctest-dynamic-overlay.build/Debug-iphoneos/XCTestDynamicOverlay.build/Objects-normal/arm64/XCTestDynamicOverlay.abi.json /Users/ryankanfer/Library/Developer/Xcode/DerivedData/HOMEY_Clean-gafualdnzupkfseuistvwtqbnpqd/Build/Products/Debug-iphoneos/XCTestDynamicOverlay.swiftmodule/arm64-apple-ios.abi.json

Copy /Users/ryankanfer/Library/Developer/Xcode/DerivedData/HOMEY_Clean-gafualdnzupkfseuistvwtqbnpqd/Build/Products/Debug-iphoneos/XCTestDynamicOverlay.swiftmodule/Project/arm64-apple-ios.swiftsourceinfo /Users/ryankanfer/Library/Developer/Xcode/DerivedData/HOMEY_Clean-gafualdnzupkfseuistvwtqbnpqd/Build/Intermediates.noindex/xctest-dynamic-overlay.build/Debug-iphoneos/XCTestDynamicOverlay.build/Objects-normal/arm64/XCTestDynamicOverlay.swiftsourceinfo (in target 'XCTestDynamicOverlay' from project 'xctest-dynamic-overlay')
    cd /Users/ryankanfer/Library/Developer/Xcode/DerivedData/HOMEY_Clean-gafualdnzupkfseuistvwtqbnpqd/SourcePackages/checkouts/xctest-dynamic-overlay
    builtin-copy -exclude .DS_Store -exclude CVS -exclude .svn -exclude .git -exclude .hg -resolve-src-symlinks -rename /Users/ryankanfer/Library/Developer/Xcode/DerivedData/HOMEY_Clean-gafualdnzupkfseuistvwtqbnpqd/Build/Intermediates.noindex/xctest-dynamic-overlay.build/Debug-iphoneos/XCTestDynamicOverlay.build/Objects-normal/arm64/XCTestDynamicOverlay.swiftsourceinfo /Users/ryankanfer/Library/Developer/Xcode/DerivedData/HOMEY_Clean-gafualdnzupkfseuistvwtqbnpqd/Build/Products/Debug-iphoneos/XCTestDynamicOverlay.swiftmodule/Project/arm64-apple-ios.swiftsourceinfo

SwiftCompile normal arm64 Compiling\ AnyClock.swift /Users/ryankanfer/Library/Developer/Xcode/DerivedData/HOMEY_Clean-gafualdnzupkfseuistvwtqbnpqd/SourcePackages/checkouts/swift-clocks/Sources/Clocks/AnyClock.swift (in target 'Clocks' from project 'swift-clocks')

SwiftCompile normal arm64 /Users/ryankanfer/Library/Developer/Xcode/DerivedData/HOMEY_Clean-gafualdnzupkfseuistvwtqbnpqd/SourcePackages/checkouts/swift-clocks/Sources/Clocks/AnyClock.swift (in target 'Clocks' from project 'swift-clocks')
    cd /Users/ryankanfer/Documents/Developer/HOMEY\ Clean/HOMEY\ Clean.xcodeproj
    

SwiftCompile normal arm64 Compiling\ SwiftUI.swift /Users/ryankanfer/Library/Developer/Xcode/DerivedData/HOMEY_Clean-gafualdnzupkfseuistvwtqbnpqd/SourcePackages/checkouts/swift-clocks/Sources/Clocks/SwiftUI.swift (in target 'Clocks' from project 'swift-clocks')

SwiftCompile normal arm64 /Users/ryankanfer/Library/Developer/Xcode/DerivedData/HOMEY_Clean-gafualdnzupkfseuistvwtqbnpqd/SourcePackages/checkouts/swift-clocks/Sources/Clocks/SwiftUI.swift (in target 'Clocks' from project 'swift-clocks')
    cd /Users/ryankanfer/Documents/Developer/HOMEY\ Clean/HOMEY\ Clean.xcodeproj
    

SwiftDriverJobDiscovery normal arm64 Compiling Timer.swift (in target 'Clocks' from project 'swift-clocks')

SwiftCompile normal arm64 Compiling\ ImmediateClock.swift /Users/ryankanfer/Library/Developer/Xcode/DerivedData/HOMEY_Clean-gafualdnzupkfseuistvwtqbnpqd/SourcePackages/checkouts/swift-clocks/Sources/Clocks/ImmediateClock.swift (in target 'Clocks' from project 'swift-clocks')

SwiftCompile normal arm64 /Users/ryankanfer/Library/Developer/Xcode/DerivedData/HOMEY_Clean-gafualdnzupkfseuistvwtqbnpqd/SourcePackages/checkouts/swift-clocks/Sources/Clocks/ImmediateClock.swift (in target 'Clocks' from project 'swift-clocks')
    cd /Users/ryankanfer/Documents/Developer/HOMEY\ Clean/HOMEY\ Clean.xcodeproj
    

SwiftCompile normal arm64 Compiling\ Lock.swift /Users/ryankanfer/Library/Developer/Xcode/DerivedData/HOMEY_Clean-gafualdnzupkfseuistvwtqbnpqd/SourcePackages/checkouts/swift-clocks/Sources/Clocks/Internal/Lock.swift (in target 'Clocks' from project 'swift-clocks')

SwiftCompile normal arm64 /Users/ryankanfer/Library/Developer/Xcode/DerivedData/HOMEY_Clean-gafualdnzupkfseuistvwtqbnpqd/SourcePackages/checkouts/swift-clocks/Sources/Clocks/Internal/Lock.swift (in target 'Clocks' from project 'swift-clocks')
    cd /Users/ryankanfer/Documents/Developer/HOMEY\ Clean/HOMEY\ Clean.xcodeproj
    

SwiftCompile normal arm64 Compiling\ _AsyncTimerSequence.swift /Users/ryankanfer/Library/Developer/Xcode/DerivedData/HOMEY_Clean-gafualdnzupkfseuistvwtqbnpqd/SourcePackages/checkouts/swift-clocks/Sources/Clocks/Internal/_AsyncTimerSequence.swift (in target 'Clocks' from project 'swift-clocks')

SwiftCompile normal arm64 /Users/ryankanfer/Library/Developer/Xcode/DerivedData/HOMEY_Clean-gafualdnzupkfseuistvwtqbnpqd/SourcePackages/checkouts/swift-clocks/Sources/Clocks/Internal/_AsyncTimerSequence.swift (in target 'Clocks' from project 'swift-clocks')
    cd /Users/ryankanfer/Documents/Developer/HOMEY\ Clean/HOMEY\ Clean.xcodeproj
    

SwiftDriverJobDiscovery normal arm64 Emitting module for Clocks (in target 'Clocks' from project 'swift-clocks')

SwiftDriver\ Compilation\ Requirements Clocks normal arm64 com.apple.xcode.tools.swift.compiler (in target 'Clocks' from project 'swift-clocks')
    cd /Users/ryankanfer/Documents/Developer/HOMEY\ Clean/HOMEY\ Clean.xcodeproj
    builtin-Swift-Compilation-Requirements -- /Applications/Xcode.app/Contents/Developer/Toolchains/XcodeDefault.xctoolchain/usr/bin/swiftc -module-name Clocks -Onone -enforce-exclusivity\=checked @/Users/ryankanfer/Library/Developer/Xcode/DerivedData/HOMEY_Clean-gafualdnzupkfseuistvwtqbnpqd/Build/Intermediates.noindex/swift-clocks.build/Debug-iphoneos/Clocks.build/Objects-normal/arm64/Clocks.SwiftFileList -DSWIFT_PACKAGE -DDEBUG -DSWIFT_MODULE_RESOURCE_BUNDLE_UNAVAILABLE -DXcode -plugin-path /Applications/Xcode.app/Contents/Developer/Toolchains/XcodeDefault.xctoolchain/usr/lib/swift/host/plugins/testing -enable-experimental-feature DebugDescriptionMacro -sdk /Applications/Xcode.app/Contents/Developer/Platforms/iPhoneOS.platform/Developer/SDKs/iPhoneOS26.0.sdk -target arm64-apple-ios13.0 -g -module-cache-path /Users/ryankanfer/Library/Developer/Xcode/DerivedData/ModuleCache.noindex -Xfrontend -serialize-debugging-options -profile-coverage-mapping -profile-generate -enable-testing -suppress-warnings -index-store-path /Users/ryankanfer/Library/Developer/Xcode/DerivedData/HOMEY_Clean-gafualdnzupkfseuistvwtqbnpqd/Index.noindex/DataStore -Xcc -D_LIBCPP_HARDENING_MODE\=_LIBCPP_HARDENING_MODE_DEBUG -swift-version 6 -I /Users/ryankanfer/Library/Developer/Xcode/DerivedData/HOMEY_Clean-gafualdnzupkfseuistvwtqbnpqd/Build/Products/Debug-iphoneos -Isystem /Applications/Xcode.app/Contents/Developer/Platforms/iPhoneOS.platform/Developer/usr/lib -F /Users/ryankanfer/Library/Developer/Xcode/DerivedData/HOMEY_Clean-gafualdnzupkfseuistvwtqbnpqd/Build/Products/Debug-iphoneos/PackageFrameworks -F /Users/ryankanfer/Library/Developer/Xcode/DerivedData/HOMEY_Clean-gafualdnzupkfseuistvwtqbnpqd/Build/Products/Debug-iphoneos/PackageFrameworks -F /Users/ryankanfer/Library/Developer/Xcode/DerivedData/HOMEY_Clean-gafualdnzupkfseuistvwtqbnpqd/Build/Products/Debug-iphoneos/PackageFrameworks -F /Users/ryankanfer/Library/Developer/Xcode/DerivedData/HOMEY_Clean-gafualdnzupkfseuistvwtqbnpqd/Build/Products/Debug-iphoneos -F /Applications/Xcode.app/Contents/Developer/Platforms/iPhoneOS.platform/Developer/Library/Frameworks -F /Applications/Xcode.app/Contents/Developer/Platforms/iPhoneOS.platform/Developer/SDKs/iPhoneOS26.0.sdk/Developer/Library/Frameworks -c -j8 -enable-batch-mode -incremental -Xcc -ivfsstatcache -Xcc /Users/ryankanfer/Library/Developer/Xcode/DerivedData/SDKStatCaches.noindex/iphoneos26.0-23A339-81ce72e5b06c9602b9d30b56f2eed08a.sdkstatcache -output-file-map /Users/ryankanfer/Library/Developer/Xcode/DerivedData/HOMEY_Clean-gafualdnzupkfseuistvwtqbnpqd/Build/Intermediates.noindex/swift-clocks.build/Debug-iphoneos/Clocks.build/Objects-normal/arm64/Clocks-OutputFileMap.json -use-frontend-parseable-output -save-temps -no-color-diagnostics -explicit-module-build -module-cache-path /Users/ryankanfer/Library/Developer/Xcode/DerivedData/HOMEY_Clean-gafualdnzupkfseuistvwtqbnpqd/Build/Intermediates.noindex/SwiftExplicitPrecompiledModules -clang-scanner-module-cache-path /Users/ryankanfer/Library/Developer/Xcode/DerivedData/ModuleCache.noindex -sdk-module-cache-path /Users/ryankanfer/Library/Developer/Xcode/DerivedData/ModuleCache.noindex -serialize-diagnostics -emit-dependencies -emit-module -emit-module-path /Users/ryankanfer/Library/Developer/Xcode/DerivedData/HOMEY_Clean-gafualdnzupkfseuistvwtqbnpqd/Build/Intermediates.noindex/swift-clocks.build/Debug-iphoneos/Clocks.build/Objects-normal/arm64/Clocks.swiftmodule -user-module-version 1.0.6 -validate-clang-modules-once -clang-build-session-file /Users/ryankanfer/Library/Developer/Xcode/DerivedData/ModuleCache.noindex/Session.modulevalidation -package-name swift_clocks -Xcc -I/Users/ryankanfer/Library/Developer/Xcode/DerivedData/HOMEY_Clean-gafualdnzupkfseuistvwtqbnpqd/Build/Intermediates.noindex/swift-clocks.build/Debug-iphoneos/Clocks.build/swift-overrides.hmap -emit-const-values -Xfrontend -const-gather-protocols-file -Xfrontend /Users/ryankanfer/Library/Developer/Xcode/DerivedData/HOMEY_Clean-gafualdnzupkfseuistvwtqbnpqd/Build/Intermediates.noindex/swift-clocks.build/Debug-iphoneos/Clocks.build/Objects-normal/arm64/Clocks_const_extract_protocols.json -Xcc -I/Users/ryankanfer/Library/Developer/Xcode/DerivedData/HOMEY_Clean-gafualdnzupkfseuistvwtqbnpqd/Build/Products/Debug-iphoneos/include -Xcc -I/Users/ryankanfer/Library/Developer/Xcode/DerivedData/HOMEY_Clean-gafualdnzupkfseuistvwtqbnpqd/Build/Intermediates.noindex/swift-clocks.build/Debug-iphoneos/Clocks.build/DerivedSources-normal/arm64 -Xcc -I/Users/ryankanfer/Library/Developer/Xcode/DerivedData/HOMEY_Clean-gafualdnzupkfseuistvwtqbnpqd/Build/Intermediates.noindex/swift-clocks.build/Debug-iphoneos/Clocks.build/DerivedSources/arm64 -Xcc -I/Users/ryankanfer/Library/Developer/Xcode/DerivedData/HOMEY_Clean-gafualdnzupkfseuistvwtqbnpqd/Build/Intermediates.noindex/swift-clocks.build/Debug-iphoneos/Clocks.build/DerivedSources -Xcc -DSWIFT_PACKAGE -Xcc -DDEBUG\=1 -emit-objc-header -emit-objc-header-path /Users/ryankanfer/Library/Developer/Xcode/DerivedData/HOMEY_Clean-gafualdnzupkfseuistvwtqbnpqd/Build/Intermediates.noindex/swift-clocks.build/Debug-iphoneos/Clocks.build/Objects-normal/arm64/Clocks-Swift.h -working-directory /Users/ryankanfer/Documents/Developer/HOMEY\ Clean/HOMEY\ Clean.xcodeproj -experimental-emit-module-separately -disable-cmo

SwiftDriverJobDiscovery normal arm64 Compiling SwiftUI.swift (in target 'Clocks' from project 'swift-clocks')

SwiftDriverJobDiscovery normal arm64 Compiling Lock.swift (in target 'Clocks' from project 'swift-clocks')

Copy /Users/ryankanfer/Library/Developer/Xcode/DerivedData/HOMEY_Clean-gafualdnzupkfseuistvwtqbnpqd/Build/Products/Debug-iphoneos/Clocks.swiftmodule/arm64-apple-ios.swiftmodule /Users/ryankanfer/Library/Developer/Xcode/DerivedData/HOMEY_Clean-gafualdnzupkfseuistvwtqbnpqd/Build/Intermediates.noindex/swift-clocks.build/Debug-iphoneos/Clocks.build/Objects-normal/arm64/Clocks.swiftmodule (in target 'Clocks' from project 'swift-clocks')
    cd /Users/ryankanfer/Library/Developer/Xcode/DerivedData/HOMEY_Clean-gafualdnzupkfseuistvwtqbnpqd/SourcePackages/checkouts/swift-clocks
    builtin-copy -exclude .DS_Store -exclude CVS -exclude .svn -exclude .git -exclude .hg -resolve-src-symlinks -rename /Users/ryankanfer/Library/Developer/Xcode/DerivedData/HOMEY_Clean-gafualdnzupkfseuistvwtqbnpqd/Build/Intermediates.noindex/swift-clocks.build/Debug-iphoneos/Clocks.build/Objects-normal/arm64/Clocks.swiftmodule /Users/ryankanfer/Library/Developer/Xcode/DerivedData/HOMEY_Clean-gafualdnzupkfseuistvwtqbnpqd/Build/Products/Debug-iphoneos/Clocks.swiftmodule/arm64-apple-ios.swiftmodule

SwiftMergeGeneratedHeaders /Users/ryankanfer/Library/Developer/Xcode/DerivedData/HOMEY_Clean-gafualdnzupkfseuistvwtqbnpqd/Build/Intermediates.noindex/GeneratedModuleMaps-iphoneos/Clocks-Swift.h /Users/ryankanfer/Library/Developer/Xcode/DerivedData/HOMEY_Clean-gafualdnzupkfseuistvwtqbnpqd/Build/Intermediates.noindex/swift-clocks.build/Debug-iphoneos/Clocks.build/Objects-normal/arm64/Clocks-Swift.h (in target 'Clocks' from project 'swift-clocks')
    cd /Users/ryankanfer/Library/Developer/Xcode/DerivedData/HOMEY_Clean-gafualdnzupkfseuistvwtqbnpqd/SourcePackages/checkouts/swift-clocks
    builtin-swiftHeaderTool -arch arm64 /Users/ryankanfer/Library/Developer/Xcode/DerivedData/HOMEY_Clean-gafualdnzupkfseuistvwtqbnpqd/Build/Intermediates.noindex/swift-clocks.build/Debug-iphoneos/Clocks.build/Objects-normal/arm64/Clocks-Swift.h -o /Users/ryankanfer/Library/Developer/Xcode/DerivedData/HOMEY_Clean-gafualdnzupkfseuistvwtqbnpqd/Build/Intermediates.noindex/GeneratedModuleMaps-iphoneos/Clocks-Swift.h

Copy /Users/ryankanfer/Library/Developer/Xcode/DerivedData/HOMEY_Clean-gafualdnzupkfseuistvwtqbnpqd/Build/Products/Debug-iphoneos/Clocks.swiftmodule/arm64-apple-ios.swiftdoc /Users/ryankanfer/Library/Developer/Xcode/DerivedData/HOMEY_Clean-gafualdnzupkfseuistvwtqbnpqd/Build/Intermediates.noindex/swift-clocks.build/Debug-iphoneos/Clocks.build/Objects-normal/arm64/Clocks.swiftdoc (in target 'Clocks' from project 'swift-clocks')
    cd /Users/ryankanfer/Library/Developer/Xcode/DerivedData/HOMEY_Clean-gafualdnzupkfseuistvwtqbnpqd/SourcePackages/checkouts/swift-clocks
    builtin-copy -exclude .DS_Store -exclude CVS -exclude .svn -exclude .git -exclude .hg -resolve-src-symlinks -rename /Users/ryankanfer/Library/Developer/Xcode/DerivedData/HOMEY_Clean-gafualdnzupkfseuistvwtqbnpqd/Build/Intermediates.noindex/swift-clocks.build/Debug-iphoneos/Clocks.build/Objects-normal/arm64/Clocks.swiftdoc /Users/ryankanfer/Library/Developer/Xcode/DerivedData/HOMEY_Clean-gafualdnzupkfseuistvwtqbnpqd/Build/Products/Debug-iphoneos/Clocks.swiftmodule/arm64-apple-ios.swiftdoc

Copy /Users/ryankanfer/Library/Developer/Xcode/DerivedData/HOMEY_Clean-gafualdnzupkfseuistvwtqbnpqd/Build/Products/Debug-iphoneos/Clocks.swiftmodule/arm64-apple-ios.abi.json /Users/ryankanfer/Library/Developer/Xcode/DerivedData/HOMEY_Clean-gafualdnzupkfseuistvwtqbnpqd/Build/Intermediates.noindex/swift-clocks.build/Debug-iphoneos/Clocks.build/Objects-normal/arm64/Clocks.abi.json (in target 'Clocks' from project 'swift-clocks')
    cd /Users/ryankanfer/Library/Developer/Xcode/DerivedData/HOMEY_Clean-gafualdnzupkfseuistvwtqbnpqd/SourcePackages/checkouts/swift-clocks
    builtin-copy -exclude .DS_Store -exclude CVS -exclude .svn -exclude .git -exclude .hg -resolve-src-symlinks -rename /Users/ryankanfer/Library/Developer/Xcode/DerivedData/HOMEY_Clean-gafualdnzupkfseuistvwtqbnpqd/Build/Intermediates.noindex/swift-clocks.build/Debug-iphoneos/Clocks.build/Objects-normal/arm64/Clocks.abi.json /Users/ryankanfer/Library/Developer/Xcode/DerivedData/HOMEY_Clean-gafualdnzupkfseuistvwtqbnpqd/Build/Products/Debug-iphoneos/Clocks.swiftmodule/arm64-apple-ios.abi.json

Copy /Users/ryankanfer/Library/Developer/Xcode/DerivedData/HOMEY_Clean-gafualdnzupkfseuistvwtqbnpqd/Build/Products/Debug-iphoneos/Clocks.swiftmodule/Project/arm64-apple-ios.swiftsourceinfo /Users/ryankanfer/Library/Developer/Xcode/DerivedData/HOMEY_Clean-gafualdnzupkfseuistvwtqbnpqd/Build/Intermediates.noindex/swift-clocks.build/Debug-iphoneos/Clocks.build/Objects-normal/arm64/Clocks.swiftsourceinfo (in target 'Clocks' from project 'swift-clocks')
    cd /Users/ryankanfer/Library/Developer/Xcode/DerivedData/HOMEY_Clean-gafualdnzupkfseuistvwtqbnpqd/SourcePackages/checkouts/swift-clocks
    builtin-copy -exclude .DS_Store -exclude CVS -exclude .svn -exclude .git -exclude .hg -resolve-src-symlinks -rename /Users/ryankanfer/Library/Developer/Xcode/DerivedData/HOMEY_Clean-gafualdnzupkfseuistvwtqbnpqd/Build/Intermediates.noindex/swift-clocks.build/Debug-iphoneos/Clocks.build/Objects-normal/arm64/Clocks.swiftsourceinfo /Users/ryankanfer/Library/Developer/Xcode/DerivedData/HOMEY_Clean-gafualdnzupkfseuistvwtqbnpqd/Build/Products/Debug-iphoneos/Clocks.swiftmodule/Project/arm64-apple-ios.swiftsourceinfo

ExtractAppIntentsMetadata (in target 'HTTPTypes' from project 'swift-http-types')
    cd /Users/ryankanfer/Library/Developer/Xcode/DerivedData/HOMEY_Clean-gafualdnzupkfseuistvwtqbnpqd/SourcePackages/checkouts/swift-http-types
    /Applications/Xcode.app/Contents/Developer/Toolchains/XcodeDefault.xctoolchain/usr/bin/appintentsmetadataprocessor --toolchain-dir /Applications/Xcode.app/Contents/Developer/Toolchains/XcodeDefault.xctoolchain --module-name HTTPTypes --sdk-root /Applications/Xcode.app/Contents/Developer/Platforms/iPhoneOS.platform/Developer/SDKs/iPhoneOS26.0.sdk --xcode-version 17A324 --platform-family iOS --deployment-target 12.0 --bundle-identifier swift-http-types.HTTPTypes --output /Users/ryankanfer/Library/Developer/Xcode/DerivedData/HOMEY_Clean-gafualdnzupkfseuistvwtqbnpqd/Build/Products/Debug-iphoneos/HTTPTypes.appintents --target-triple arm64-apple-ios12.0 --binary-file /Users/ryankanfer/Library/Developer/Xcode/DerivedData/HOMEY_Clean-gafualdnzupkfseuistvwtqbnpqd/Build/Products/Debug-iphoneos/HTTPTypes.o --dependency-file /Users/ryankanfer/Library/Developer/Xcode/DerivedData/HOMEY_Clean-gafualdnzupkfseuistvwtqbnpqd/Build/Intermediates.noindex/swift-http-types.build/Debug-iphoneos/HTTPTypes.build/Objects-normal/arm64/HTTPTypes_dependency_info.dat --stringsdata-file /Users/ryankanfer/Library/Developer/Xcode/DerivedData/HOMEY_Clean-gafualdnzupkfseuistvwtqbnpqd/Build/Intermediates.noindex/swift-http-types.build/Debug-iphoneos/HTTPTypes.build/Objects-normal/arm64/ExtractedAppShortcutsMetadata.stringsdata --source-file-list /Users/ryankanfer/Library/Developer/Xcode/DerivedData/HOMEY_Clean-gafualdnzupkfseuistvwtqbnpqd/Build/Intermediates.noindex/swift-http-types.build/Debug-iphoneos/HTTPTypes.build/Objects-normal/arm64/HTTPTypes.SwiftFileList --metadata-file-list /Users/ryankanfer/Library/Developer/Xcode/DerivedData/HOMEY_Clean-gafualdnzupkfseuistvwtqbnpqd/Build/Intermediates.noindex/swift-http-types.build/Debug-iphoneos/HTTPTypes.build/HTTPTypes.DependencyMetadataFileList --static-metadata-file-list /Users/ryankanfer/Library/Developer/Xcode/DerivedData/HOMEY_Clean-gafualdnzupkfseuistvwtqbnpqd/Build/Intermediates.noindex/swift-http-types.build/Debug-iphoneos/HTTPTypes.build/HTTPTypes.DependencyStaticMetadataFileList --swift-const-vals-list /Users/ryankanfer/Library/Developer/Xcode/DerivedData/HOMEY_Clean-gafualdnzupkfseuistvwtqbnpqd/Build/Intermediates.noindex/swift-http-types.build/Debug-iphoneos/HTTPTypes.build/Objects-normal/arm64/HTTPTypes.SwiftConstValuesFileList --force --compile-time-extraction --deployment-aware-processing --validate-assistant-intents --no-app-shortcuts-localization
2025-09-22 23:19:05.794 appintentsmetadataprocessor[47744:12256814] Starting appintentsmetadataprocessor export
2025-09-22 23:19:05.964 appintentsmetadataprocessor[47744:12256814] Extracted no relevant App Intents symbols, skipping writing output

RegisterExecutionPolicyException /Users/ryankanfer/Library/Developer/Xcode/DerivedData/HOMEY_Clean-gafualdnzupkfseuistvwtqbnpqd/Build/Products/Debug-iphoneos/IssueReporting.o (in target 'IssueReporting' from project 'xctest-dynamic-overlay')
    cd /Users/ryankanfer/Library/Developer/Xcode/DerivedData/HOMEY_Clean-gafualdnzupkfseuistvwtqbnpqd/SourcePackages/checkouts/xctest-dynamic-overlay
    builtin-RegisterExecutionPolicyException /Users/ryankanfer/Library/Developer/Xcode/DerivedData/HOMEY_Clean-gafualdnzupkfseuistvwtqbnpqd/Build/Products/Debug-iphoneos/IssueReporting.o

SwiftDriver Helpers normal arm64 com.apple.xcode.tools.swift.compiler (in target 'Helpers' from project 'Supabase')
    cd /Users/ryankanfer/Documents/Developer/HOMEY\ Clean/HOMEY\ Clean.xcodeproj
    builtin-SwiftDriver -- /Applications/Xcode.app/Contents/Developer/Toolchains/XcodeDefault.xctoolchain/usr/bin/swiftc -module-name Helpers -Onone -enforce-exclusivity\=checked @/Users/ryankanfer/Library/Developer/Xcode/DerivedData/HOMEY_Clean-gafualdnzupkfseuistvwtqbnpqd/Build/Intermediates.noindex/Supabase.build/Debug-iphoneos/Helpers.build/Objects-normal/arm64/Helpers.SwiftFileList -DSWIFT_PACKAGE -DDEBUG -DSWIFT_MODULE_RESOURCE_BUNDLE_UNAVAILABLE -DXcode -enable-upcoming-feature ExistentialAny -enable-experimental-feature StrictConcurrency -plugin-path /Applications/Xcode.app/Contents/Developer/Toolchains/XcodeDefault.xctoolchain/usr/lib/swift/host/plugins/testing -enable-experimental-feature DebugDescriptionMacro -sdk /Applications/Xcode.app/Contents/Developer/Platforms/iPhoneOS.platform/Developer/SDKs/iPhoneOS26.0.sdk -target arm64-apple-ios13.0 -g -module-cache-path /Users/ryankanfer/Library/Developer/Xcode/DerivedData/ModuleCache.noindex -Xfrontend -serialize-debugging-options -profile-coverage-mapping -profile-generate -enable-testing -suppress-warnings -index-store-path /Users/ryankanfer/Library/Developer/Xcode/DerivedData/HOMEY_Clean-gafualdnzupkfseuistvwtqbnpqd/Index.noindex/DataStore -Xcc -D_LIBCPP_HARDENING_MODE\=_LIBCPP_HARDENING_MODE_DEBUG -swift-version 5 -I /Users/ryankanfer/Library/Developer/Xcode/DerivedData/HOMEY_Clean-gafualdnzupkfseuistvwtqbnpqd/Build/Products/Debug-iphoneos -Isystem /Applications/Xcode.app/Contents/Developer/Platforms/iPhoneOS.platform/Developer/usr/lib -F /Users/ryankanfer/Library/Developer/Xcode/DerivedData/HOMEY_Clean-gafualdnzupkfseuistvwtqbnpqd/Build/Products/Debug-iphoneos/PackageFrameworks -F /Users/ryankanfer/Library/Developer/Xcode/DerivedData/HOMEY_Clean-gafualdnzupkfseuistvwtqbnpqd/Build/Products/Debug-iphoneos/PackageFrameworks -F /Users/ryankanfer/Library/Developer/Xcode/DerivedData/HOMEY_Clean-gafualdnzupkfseuistvwtqbnpqd/Build/Products/Debug-iphoneos/PackageFrameworks -F /Users/ryankanfer/Library/Developer/Xcode/DerivedData/HOMEY_Clean-gafualdnzupkfseuistvwtqbnpqd/Build/Products/Debug-iphoneos/PackageFrameworks -F /Users/ryankanfer/Library/Developer/Xcode/DerivedData/HOMEY_Clean-gafualdnzupkfseuistvwtqbnpqd/Build/Products/Debug-iphoneos/PackageFrameworks -F /Users/ryankanfer/Library/Developer/Xcode/DerivedData/HOMEY_Clean-gafualdnzupkfseuistvwtqbnpqd/Build/Products/Debug-iphoneos/PackageFrameworks -F /Users/ryankanfer/Library/Developer/Xcode/DerivedData/HOMEY_Clean-gafualdnzupkfseuistvwtqbnpqd/Build/Products/Debug-iphoneos -F /Applications/Xcode.app/Contents/Developer/Platforms/iPhoneOS.platform/Developer/Library/Frameworks -F /Applications/Xcode.app/Contents/Developer/Platforms/iPhoneOS.platform/Developer/SDKs/iPhoneOS26.0.sdk/Developer/Library/Frameworks -c -j8 -enable-batch-mode -incremental -Xcc -ivfsstatcache -Xcc /Users/ryankanfer/Library/Developer/Xcode/DerivedData/SDKStatCaches.noindex/iphoneos26.0-23A339-81ce72e5b06c9602b9d30b56f2eed08a.sdkstatcache -output-file-map /Users/ryankanfer/Library/Developer/Xcode/DerivedData/HOMEY_Clean-gafualdnzupkfseuistvwtqbnpqd/Build/Intermediates.noindex/Supabase.build/Debug-iphoneos/Helpers.build/Objects-normal/arm64/Helpers-OutputFileMap.json -use-frontend-parseable-output -save-temps -no-color-diagnostics -explicit-module-build -module-cache-path /Users/ryankanfer/Library/Developer/Xcode/DerivedData/HOMEY_Clean-gafualdnzupkfseuistvwtqbnpqd/Build/Intermediates.noindex/SwiftExplicitPrecompiledModules -clang-scanner-module-cache-path /Users/ryankanfer/Library/Developer/Xcode/DerivedData/ModuleCache.noindex -sdk-module-cache-path /Users/ryankanfer/Library/Developer/Xcode/DerivedData/ModuleCache.noindex -serialize-diagnostics -emit-dependencies -emit-module -emit-module-path /Users/ryankanfer/Library/Developer/Xcode/DerivedData/HOMEY_Clean-gafualdnzupkfseuistvwtqbnpqd/Build/Intermediates.noindex/Supabase.build/Debug-iphoneos/Helpers.build/Objects-normal/arm64/Helpers.swiftmodule -validate-clang-modules-once -clang-build-session-file /Users/ryankanfer/Library/Developer/Xcode/DerivedData/ModuleCache.noindex/Session.modulevalidation -package-name supabase_swift -Xcc -I/Users/ryankanfer/Library/Developer/Xcode/DerivedData/HOMEY_Clean-gafualdnzupkfseuistvwtqbnpqd/Build/Intermediates.noindex/Supabase.build/Debug-iphoneos/Helpers.build/swift-overrides.hmap -emit-const-values -Xfrontend -const-gather-protocols-file -Xfrontend /Users/ryankanfer/Library/Developer/Xcode/DerivedData/HOMEY_Clean-gafualdnzupkfseuistvwtqbnpqd/Build/Intermediates.noindex/Supabase.build/Debug-iphoneos/Helpers.build/Objects-normal/arm64/Helpers_const_extract_protocols.json -Xcc -I/Users/ryankanfer/Library/Developer/Xcode/DerivedData/HOMEY_Clean-gafualdnzupkfseuistvwtqbnpqd/Build/Products/Debug-iphoneos/include -Xcc -I/Users/ryankanfer/Library/Developer/Xcode/DerivedData/HOMEY_Clean-gafualdnzupkfseuistvwtqbnpqd/Build/Intermediates.noindex/Supabase.build/Debug-iphoneos/Helpers.build/DerivedSources-normal/arm64 -Xcc -I/Users/ryankanfer/Library/Developer/Xcode/DerivedData/HOMEY_Clean-gafualdnzupkfseuistvwtqbnpqd/Build/Intermediates.noindex/Supabase.build/Debug-iphoneos/Helpers.build/DerivedSources/arm64 -Xcc -I/Users/ryankanfer/Library/Developer/Xcode/DerivedData/HOMEY_Clean-gafualdnzupkfseuistvwtqbnpqd/Build/Intermediates.noindex/Supabase.build/Debug-iphoneos/Helpers.build/DerivedSources -Xcc -DSWIFT_PACKAGE -Xcc -DDEBUG\=1 -emit-objc-header -emit-objc-header-path /Users/ryankanfer/Library/Developer/Xcode/DerivedData/HOMEY_Clean-gafualdnzupkfseuistvwtqbnpqd/Build/Intermediates.noindex/Supabase.build/Debug-iphoneos/Helpers.build/Objects-normal/arm64/Helpers-Swift.h -working-directory /Users/ryankanfer/Documents/Developer/HOMEY\ Clean/HOMEY\ Clean.xcodeproj -experimental-emit-module-separately -disable-cmo

SwiftDriverJobDiscovery normal arm64 Compiling AnyClock.swift (in target 'Clocks' from project 'swift-clocks')

SwiftDriverJobDiscovery normal arm64 Compiling UnimplementedClock.swift (in target 'Clocks' from project 'swift-clocks')

RegisterExecutionPolicyException /Users/ryankanfer/Library/Developer/Xcode/DerivedData/HOMEY_Clean-gafualdnzupkfseuistvwtqbnpqd/Build/Products/Debug-iphoneos/Crypto.o (in target 'Crypto' from project 'swift-crypto')
    cd /Users/ryankanfer/Library/Developer/Xcode/DerivedData/HOMEY_Clean-gafualdnzupkfseuistvwtqbnpqd/SourcePackages/checkouts/swift-crypto
    builtin-RegisterExecutionPolicyException /Users/ryankanfer/Library/Developer/Xcode/DerivedData/HOMEY_Clean-gafualdnzupkfseuistvwtqbnpqd/Build/Products/Debug-iphoneos/Crypto.o

SwiftDriverJobDiscovery normal arm64 Compiling Deprecations.swift (in target 'XCTestDynamicOverlay' from project 'xctest-dynamic-overlay')

SwiftDriver\ Compilation XCTestDynamicOverlay normal arm64 com.apple.xcode.tools.swift.compiler (in target 'XCTestDynamicOverlay' from project 'xctest-dynamic-overlay')
    cd /Users/ryankanfer/Documents/Developer/HOMEY\ Clean/HOMEY\ Clean.xcodeproj
    builtin-Swift-Compilation -- /Applications/Xcode.app/Contents/Developer/Toolchains/XcodeDefault.xctoolchain/usr/bin/swiftc -module-name XCTestDynamicOverlay -Onone -enforce-exclusivity\=checked @/Users/ryankanfer/Library/Developer/Xcode/DerivedData/HOMEY_Clean-gafualdnzupkfseuistvwtqbnpqd/Build/Intermediates.noindex/xctest-dynamic-overlay.build/Debug-iphoneos/XCTestDynamicOverlay.build/Objects-normal/arm64/XCTestDynamicOverlay.SwiftFileList -DSWIFT_PACKAGE -DDEBUG -DSWIFT_MODULE_RESOURCE_BUNDLE_UNAVAILABLE -DXcode -plugin-path /Applications/Xcode.app/Contents/Developer/Toolchains/XcodeDefault.xctoolchain/usr/lib/swift/host/plugins/testing -enable-experimental-feature DebugDescriptionMacro -sdk /Applications/Xcode.app/Contents/Developer/Platforms/iPhoneOS.platform/Developer/SDKs/iPhoneOS26.0.sdk -target arm64-apple-ios13.0 -g -module-cache-path /Users/ryankanfer/Library/Developer/Xcode/DerivedData/ModuleCache.noindex -Xfrontend -serialize-debugging-options -profile-coverage-mapping -profile-generate -enable-testing -suppress-warnings -index-store-path /Users/ryankanfer/Library/Developer/Xcode/DerivedData/HOMEY_Clean-gafualdnzupkfseuistvwtqbnpqd/Index.noindex/DataStore -Xcc -D_LIBCPP_HARDENING_MODE\=_LIBCPP_HARDENING_MODE_DEBUG -swift-version 6 -I /Users/ryankanfer/Library/Developer/Xcode/DerivedData/HOMEY_Clean-gafualdnzupkfseuistvwtqbnpqd/Build/Products/Debug-iphoneos -Isystem /Applications/Xcode.app/Contents/Developer/Platforms/iPhoneOS.platform/Developer/usr/lib -F /Users/ryankanfer/Library/Developer/Xcode/DerivedData/HOMEY_Clean-gafualdnzupkfseuistvwtqbnpqd/Build/Products/Debug-iphoneos/PackageFrameworks -F /Users/ryankanfer/Library/Developer/Xcode/DerivedData/HOMEY_Clean-gafualdnzupkfseuistvwtqbnpqd/Build/Products/Debug-iphoneos/PackageFrameworks -F /Users/ryankanfer/Library/Developer/Xcode/DerivedData/HOMEY_Clean-gafualdnzupkfseuistvwtqbnpqd/Build/Products/Debug-iphoneos -F /Applications/Xcode.app/Contents/Developer/Platforms/iPhoneOS.platform/Developer/Library/Frameworks -F /Applications/Xcode.app/Contents/Developer/Platforms/iPhoneOS.platform/Developer/SDKs/iPhoneOS26.0.sdk/Developer/Library/Frameworks -c -j8 -enable-batch-mode -incremental -Xcc -ivfsstatcache -Xcc /Users/ryankanfer/Library/Developer/Xcode/DerivedData/SDKStatCaches.noindex/iphoneos26.0-23A339-81ce72e5b06c9602b9d30b56f2eed08a.sdkstatcache -output-file-map /Users/ryankanfer/Library/Developer/Xcode/DerivedData/HOMEY_Clean-gafualdnzupkfseuistvwtqbnpqd/Build/Intermediates.noindex/xctest-dynamic-overlay.build/Debug-iphoneos/XCTestDynamicOverlay.build/Objects-normal/arm64/XCTestDynamicOverlay-OutputFileMap.json -use-frontend-parseable-output -save-temps -no-color-diagnostics -explicit-module-build -module-cache-path /Users/ryankanfer/Library/Developer/Xcode/DerivedData/HOMEY_Clean-gafualdnzupkfseuistvwtqbnpqd/Build/Intermediates.noindex/SwiftExplicitPrecompiledModules -clang-scanner-module-cache-path /Users/ryankanfer/Library/Developer/Xcode/DerivedData/ModuleCache.noindex -sdk-module-cache-path /Users/ryankanfer/Library/Developer/Xcode/DerivedData/ModuleCache.noindex -serialize-diagnostics -emit-dependencies -emit-module -emit-module-path /Users/ryankanfer/Library/Developer/Xcode/DerivedData/HOMEY_Clean-gafualdnzupkfseuistvwtqbnpqd/Build/Intermediates.noindex/xctest-dynamic-overlay.build/Debug-iphoneos/XCTestDynamicOverlay.build/Objects-normal/arm64/XCTestDynamicOverlay.swiftmodule -user-module-version 1.6.1 -validate-clang-modules-once -clang-build-session-file /Users/ryankanfer/Library/Developer/Xcode/DerivedData/ModuleCache.noindex/Session.modulevalidation -package-name xctest_dynamic_overlay -Xcc -I/Users/ryankanfer/Library/Developer/Xcode/DerivedData/HOMEY_Clean-gafualdnzupkfseuistvwtqbnpqd/Build/Intermediates.noindex/xctest-dynamic-overlay.build/Debug-iphoneos/XCTestDynamicOverlay.build/swift-overrides.hmap -emit-const-values -Xfrontend -const-gather-protocols-file -Xfrontend /Users/ryankanfer/Library/Developer/Xcode/DerivedData/HOMEY_Clean-gafualdnzupkfseuistvwtqbnpqd/Build/Intermediates.noindex/xctest-dynamic-overlay.build/Debug-iphoneos/XCTestDynamicOverlay.build/Objects-normal/arm64/XCTestDynamicOverlay_const_extract_protocols.json -Xcc -I/Users/ryankanfer/Library/Developer/Xcode/DerivedData/HOMEY_Clean-gafualdnzupkfseuistvwtqbnpqd/Build/Products/Debug-iphoneos/include -Xcc -I/Users/ryankanfer/Library/Developer/Xcode/DerivedData/HOMEY_Clean-gafualdnzupkfseuistvwtqbnpqd/Build/Intermediates.noindex/xctest-dynamic-overlay.build/Debug-iphoneos/XCTestDynamicOverlay.build/DerivedSources-normal/arm64 -Xcc -I/Users/ryankanfer/Library/Developer/Xcode/DerivedData/HOMEY_Clean-gafualdnzupkfseuistvwtqbnpqd/Build/Intermediates.noindex/xctest-dynamic-overlay.build/Debug-iphoneos/XCTestDynamicOverlay.build/DerivedSources/arm64 -Xcc -I/Users/ryankanfer/Library/Developer/Xcode/DerivedData/HOMEY_Clean-gafualdnzupkfseuistvwtqbnpqd/Build/Intermediates.noindex/xctest-dynamic-overlay.build/Debug-iphoneos/XCTestDynamicOverlay.build/DerivedSources -Xcc -DSWIFT_PACKAGE -Xcc -DDEBUG\=1 -emit-objc-header -emit-objc-header-path /Users/ryankanfer/Library/Developer/Xcode/DerivedData/HOMEY_Clean-gafualdnzupkfseuistvwtqbnpqd/Build/Intermediates.noindex/xctest-dynamic-overlay.build/Debug-iphoneos/XCTestDynamicOverlay.build/Objects-normal/arm64/XCTestDynamicOverlay-Swift.h -working-directory /Users/ryankanfer/Documents/Developer/HOMEY\ Clean/HOMEY\ Clean.xcodeproj -experimental-emit-module-separately -disable-cmo

Ld /Users/ryankanfer/Library/Developer/Xcode/DerivedData/HOMEY_Clean-gafualdnzupkfseuistvwtqbnpqd/Build/Products/Debug-iphoneos/XCTestDynamicOverlay.o normal (in target 'XCTestDynamicOverlay' from project 'xctest-dynamic-overlay')
    cd /Users/ryankanfer/Library/Developer/Xcode/DerivedData/HOMEY_Clean-gafualdnzupkfseuistvwtqbnpqd/SourcePackages/checkouts/xctest-dynamic-overlay
    /Applications/Xcode.app/Contents/Developer/Toolchains/XcodeDefault.xctoolchain/usr/bin/clang -Xlinker -reproducible -target arm64-apple-ios13.0 -r -isysroot /Applications/Xcode.app/Contents/Developer/Platforms/iPhoneOS.platform/Developer/SDKs/iPhoneOS26.0.sdk -O0 -w -L/Users/ryankanfer/Library/Developer/Xcode/DerivedData/HOMEY_Clean-gafualdnzupkfseuistvwtqbnpqd/Build/Intermediates.noindex/EagerLinkingTBDs/Debug-iphoneos -L/Users/ryankanfer/Library/Developer/Xcode/DerivedData/HOMEY_Clean-gafualdnzupkfseuistvwtqbnpqd/Build/Products/Debug-iphoneos -L/Applications/Xcode.app/Contents/Developer/Platforms/iPhoneOS.platform/Developer/usr/lib -F/Users/ryankanfer/Library/Developer/Xcode/DerivedData/HOMEY_Clean-gafualdnzupkfseuistvwtqbnpqd/Build/Intermediates.noindex/EagerLinkingTBDs/Debug-iphoneos -F/Users/ryankanfer/Library/Developer/Xcode/DerivedData/HOMEY_Clean-gafualdnzupkfseuistvwtqbnpqd/Build/Products/Debug-iphoneos/PackageFrameworks -F/Users/ryankanfer/Library/Developer/Xcode/DerivedData/HOMEY_Clean-gafualdnzupkfseuistvwtqbnpqd/Build/Products/Debug-iphoneos/PackageFrameworks -F/Users/ryankanfer/Library/Developer/Xcode/DerivedData/HOMEY_Clean-gafualdnzupkfseuistvwtqbnpqd/Build/Products/Debug-iphoneos -iframework /Applications/Xcode.app/Contents/Developer/Platforms/iPhoneOS.platform/Developer/Library/Frameworks -iframework /Applications/Xcode.app/Contents/Developer/Platforms/iPhoneOS.platform/Developer/SDKs/iPhoneOS26.0.sdk/Developer/Library/Frameworks -filelist /Users/ryankanfer/Library/Developer/Xcode/DerivedData/HOMEY_Clean-gafualdnzupkfseuistvwtqbnpqd/Build/Intermediates.noindex/xctest-dynamic-overlay.build/Debug-iphoneos/XCTestDynamicOverlay.build/Objects-normal/arm64/XCTestDynamicOverlay.LinkFileList -nostdlib -Xlinker -object_path_lto -Xlinker /Users/ryankanfer/Library/Developer/Xcode/DerivedData/HOMEY_Clean-gafualdnzupkfseuistvwtqbnpqd/Build/Intermediates.noindex/xctest-dynamic-overlay.build/Debug-iphoneos/XCTestDynamicOverlay.build/Objects-normal/arm64/XCTestDynamicOverlay_lto.o -rdynamic -Xlinker -no_deduplicate -Xlinker -debug_variant -Xlinker -dependency_info -Xlinker /Users/ryankanfer/Library/Developer/Xcode/DerivedData/HOMEY_Clean-gafualdnzupkfseuistvwtqbnpqd/Build/Intermediates.noindex/xctest-dynamic-overlay.build/Debug-iphoneos/XCTestDynamicOverlay.build/Objects-normal/arm64/XCTestDynamicOverlay_dependency_info.dat -fobjc-link-runtime -L/Applications/Xcode.app/Contents/Developer/Toolchains/XcodeDefault.xctoolchain/usr/lib/swift/iphoneos -L/usr/lib/swift -Xlinker -add_ast_path -Xlinker /Users/ryankanfer/Library/Developer/Xcode/DerivedData/HOMEY_Clean-gafualdnzupkfseuistvwtqbnpqd/Build/Intermediates.noindex/xctest-dynamic-overlay.build/Debug-iphoneos/XCTestDynamicOverlay.build/Objects-normal/arm64/XCTestDynamicOverlay.swiftmodule @/Users/ryankanfer/Library/Developer/Xcode/DerivedData/HOMEY_Clean-gafualdnzupkfseuistvwtqbnpqd/Build/Intermediates.noindex/xctest-dynamic-overlay.build/Debug-iphoneos/XCTestDynamicOverlay.build/Objects-normal/arm64/XCTestDynamicOverlay-linker-args.resp -o /Users/ryankanfer/Library/Developer/Xcode/DerivedData/HOMEY_Clean-gafualdnzupkfseuistvwtqbnpqd/Build/Products/Debug-iphoneos/XCTestDynamicOverlay.o

SwiftDriverJobDiscovery normal arm64 Compiling ImmediateClock.swift (in target 'Clocks' from project 'swift-clocks')

ExtractAppIntentsMetadata (in target 'XCTestDynamicOverlay' from project 'xctest-dynamic-overlay')
    cd /Users/ryankanfer/Library/Developer/Xcode/DerivedData/HOMEY_Clean-gafualdnzupkfseuistvwtqbnpqd/SourcePackages/checkouts/xctest-dynamic-overlay
    /Applications/Xcode.app/Contents/Developer/Toolchains/XcodeDefault.xctoolchain/usr/bin/appintentsmetadataprocessor --toolchain-dir /Applications/Xcode.app/Contents/Developer/Toolchains/XcodeDefault.xctoolchain --module-name XCTestDynamicOverlay --sdk-root /Applications/Xcode.app/Contents/Developer/Platforms/iPhoneOS.platform/Developer/SDKs/iPhoneOS26.0.sdk --xcode-version 17A324 --platform-family iOS --deployment-target 13.0 --bundle-identifier xctest-dynamic-overlay.XCTestDynamicOverlay --output /Users/ryankanfer/Library/Developer/Xcode/DerivedData/HOMEY_Clean-gafualdnzupkfseuistvwtqbnpqd/Build/Products/Debug-iphoneos/XCTestDynamicOverlay.appintents --target-triple arm64-apple-ios13.0 --binary-file /Users/ryankanfer/Library/Developer/Xcode/DerivedData/HOMEY_Clean-gafualdnzupkfseuistvwtqbnpqd/Build/Products/Debug-iphoneos/XCTestDynamicOverlay.o --dependency-file /Users/ryankanfer/Library/Developer/Xcode/DerivedData/HOMEY_Clean-gafualdnzupkfseuistvwtqbnpqd/Build/Intermediates.noindex/xctest-dynamic-overlay.build/Debug-iphoneos/XCTestDynamicOverlay.build/Objects-normal/arm64/XCTestDynamicOverlay_dependency_info.dat --stringsdata-file /Users/ryankanfer/Library/Developer/Xcode/DerivedData/HOMEY_Clean-gafualdnzupkfseuistvwtqbnpqd/Build/Intermediates.noindex/xctest-dynamic-overlay.build/Debug-iphoneos/XCTestDynamicOverlay.build/Objects-normal/arm64/ExtractedAppShortcutsMetadata.stringsdata --source-file-list /Users/ryankanfer/Library/Developer/Xcode/DerivedData/HOMEY_Clean-gafualdnzupkfseuistvwtqbnpqd/Build/Intermediates.noindex/xctest-dynamic-overlay.build/Debug-iphoneos/XCTestDynamicOverlay.build/Objects-normal/arm64/XCTestDynamicOverlay.SwiftFileList --metadata-file-list /Users/ryankanfer/Library/Developer/Xcode/DerivedData/HOMEY_Clean-gafualdnzupkfseuistvwtqbnpqd/Build/Intermediates.noindex/xctest-dynamic-overlay.build/Debug-iphoneos/XCTestDynamicOverlay.build/XCTestDynamicOverlay.DependencyMetadataFileList --static-metadata-file-list /Users/ryankanfer/Library/Developer/Xcode/DerivedData/HOMEY_Clean-gafualdnzupkfseuistvwtqbnpqd/Build/Intermediates.noindex/xctest-dynamic-overlay.build/Debug-iphoneos/XCTestDynamicOverlay.build/XCTestDynamicOverlay.DependencyStaticMetadataFileList --swift-const-vals-list /Users/ryankanfer/Library/Developer/Xcode/DerivedData/HOMEY_Clean-gafualdnzupkfseuistvwtqbnpqd/Build/Intermediates.noindex/xctest-dynamic-overlay.build/Debug-iphoneos/XCTestDynamicOverlay.build/Objects-normal/arm64/XCTestDynamicOverlay.SwiftConstValuesFileList --force --compile-time-extraction --deployment-aware-processing --validate-assistant-intents --no-app-shortcuts-localization
2025-09-22 23:19:05.876 appintentsmetadataprocessor[47747:12256848] Starting appintentsmetadataprocessor export
2025-09-22 23:19:06.066 appintentsmetadataprocessor[47747:12256848] Extracted no relevant App Intents symbols, skipping writing output

SwiftDriverJobDiscovery normal arm64 Compiling _AsyncTimerSequence.swift (in target 'Clocks' from project 'swift-clocks')

RegisterExecutionPolicyException /Users/ryankanfer/Library/Developer/Xcode/DerivedData/HOMEY_Clean-gafualdnzupkfseuistvwtqbnpqd/Build/Products/Debug-iphoneos/HTTPTypes.o (in target 'HTTPTypes' from project 'swift-http-types')
    cd /Users/ryankanfer/Library/Developer/Xcode/DerivedData/HOMEY_Clean-gafualdnzupkfseuistvwtqbnpqd/SourcePackages/checkouts/swift-http-types
    builtin-RegisterExecutionPolicyException /Users/ryankanfer/Library/Developer/Xcode/DerivedData/HOMEY_Clean-gafualdnzupkfseuistvwtqbnpqd/Build/Products/Debug-iphoneos/HTTPTypes.o

SwiftDriverJobDiscovery normal arm64 Compiling TestClock.swift (in target 'Clocks' from project 'swift-clocks')

SwiftDriver\ Compilation Clocks normal arm64 com.apple.xcode.tools.swift.compiler (in target 'Clocks' from project 'swift-clocks')
    cd /Users/ryankanfer/Documents/Developer/HOMEY\ Clean/HOMEY\ Clean.xcodeproj
    builtin-Swift-Compilation -- /Applications/Xcode.app/Contents/Developer/Toolchains/XcodeDefault.xctoolchain/usr/bin/swiftc -module-name Clocks -Onone -enforce-exclusivity\=checked @/Users/ryankanfer/Library/Developer/Xcode/DerivedData/HOMEY_Clean-gafualdnzupkfseuistvwtqbnpqd/Build/Intermediates.noindex/swift-clocks.build/Debug-iphoneos/Clocks.build/Objects-normal/arm64/Clocks.SwiftFileList -DSWIFT_PACKAGE -DDEBUG -DSWIFT_MODULE_RESOURCE_BUNDLE_UNAVAILABLE -DXcode -plugin-path /Applications/Xcode.app/Contents/Developer/Toolchains/XcodeDefault.xctoolchain/usr/lib/swift/host/plugins/testing -enable-experimental-feature DebugDescriptionMacro -sdk /Applications/Xcode.app/Contents/Developer/Platforms/iPhoneOS.platform/Developer/SDKs/iPhoneOS26.0.sdk -target arm64-apple-ios13.0 -g -module-cache-path /Users/ryankanfer/Library/Developer/Xcode/DerivedData/ModuleCache.noindex -Xfrontend -serialize-debugging-options -profile-coverage-mapping -profile-generate -enable-testing -suppress-warnings -index-store-path /Users/ryankanfer/Library/Developer/Xcode/DerivedData/HOMEY_Clean-gafualdnzupkfseuistvwtqbnpqd/Index.noindex/DataStore -Xcc -D_LIBCPP_HARDENING_MODE\=_LIBCPP_HARDENING_MODE_DEBUG -swift-version 6 -I /Users/ryankanfer/Library/Developer/Xcode/DerivedData/HOMEY_Clean-gafualdnzupkfseuistvwtqbnpqd/Build/Products/Debug-iphoneos -Isystem /Applications/Xcode.app/Contents/Developer/Platforms/iPhoneOS.platform/Developer/usr/lib -F /Users/ryankanfer/Library/Developer/Xcode/DerivedData/HOMEY_Clean-gafualdnzupkfseuistvwtqbnpqd/Build/Products/Debug-iphoneos/PackageFrameworks -F /Users/ryankanfer/Library/Developer/Xcode/DerivedData/HOMEY_Clean-gafualdnzupkfseuistvwtqbnpqd/Build/Products/Debug-iphoneos/PackageFrameworks -F /Users/ryankanfer/Library/Developer/Xcode/DerivedData/HOMEY_Clean-gafualdnzupkfseuistvwtqbnpqd/Build/Products/Debug-iphoneos/PackageFrameworks -F /Users/ryankanfer/Library/Developer/Xcode/DerivedData/HOMEY_Clean-gafualdnzupkfseuistvwtqbnpqd/Build/Products/Debug-iphoneos -F /Applications/Xcode.app/Contents/Developer/Platforms/iPhoneOS.platform/Developer/Library/Frameworks -F /Applications/Xcode.app/Contents/Developer/Platforms/iPhoneOS.platform/Developer/SDKs/iPhoneOS26.0.sdk/Developer/Library/Frameworks -c -j8 -enable-batch-mode -incremental -Xcc -ivfsstatcache -Xcc /Users/ryankanfer/Library/Developer/Xcode/DerivedData/SDKStatCaches.noindex/iphoneos26.0-23A339-81ce72e5b06c9602b9d30b56f2eed08a.sdkstatcache -output-file-map /Users/ryankanfer/Library/Developer/Xcode/DerivedData/HOMEY_Clean-gafualdnzupkfseuistvwtqbnpqd/Build/Intermediates.noindex/swift-clocks.build/Debug-iphoneos/Clocks.build/Objects-normal/arm64/Clocks-OutputFileMap.json -use-frontend-parseable-output -save-temps -no-color-diagnostics -explicit-module-build -module-cache-path /Users/ryankanfer/Library/Developer/Xcode/DerivedData/HOMEY_Clean-gafualdnzupkfseuistvwtqbnpqd/Build/Intermediates.noindex/SwiftExplicitPrecompiledModules -clang-scanner-module-cache-path /Users/ryankanfer/Library/Developer/Xcode/DerivedData/ModuleCache.noindex -sdk-module-cache-path /Users/ryankanfer/Library/Developer/Xcode/DerivedData/ModuleCache.noindex -serialize-diagnostics -emit-dependencies -emit-module -emit-module-path /Users/ryankanfer/Library/Developer/Xcode/DerivedData/HOMEY_Clean-gafualdnzupkfseuistvwtqbnpqd/Build/Intermediates.noindex/swift-clocks.build/Debug-iphoneos/Clocks.build/Objects-normal/arm64/Clocks.swiftmodule -user-module-version 1.0.6 -validate-clang-modules-once -clang-build-session-file /Users/ryankanfer/Library/Developer/Xcode/DerivedData/ModuleCache.noindex/Session.modulevalidation -package-name swift_clocks -Xcc -I/Users/ryankanfer/Library/Developer/Xcode/DerivedData/HOMEY_Clean-gafualdnzupkfseuistvwtqbnpqd/Build/Intermediates.noindex/swift-clocks.build/Debug-iphoneos/Clocks.build/swift-overrides.hmap -emit-const-values -Xfrontend -const-gather-protocols-file -Xfrontend /Users/ryankanfer/Library/Developer/Xcode/DerivedData/HOMEY_Clean-gafualdnzupkfseuistvwtqbnpqd/Build/Intermediates.noindex/swift-clocks.build/Debug-iphoneos/Clocks.build/Objects-normal/arm64/Clocks_const_extract_protocols.json -Xcc -I/Users/ryankanfer/Library/Developer/Xcode/DerivedData/HOMEY_Clean-gafualdnzupkfseuistvwtqbnpqd/Build/Products/Debug-iphoneos/include -Xcc -I/Users/ryankanfer/Library/Developer/Xcode/DerivedData/HOMEY_Clean-gafualdnzupkfseuistvwtqbnpqd/Build/Intermediates.noindex/swift-clocks.build/Debug-iphoneos/Clocks.build/DerivedSources-normal/arm64 -Xcc -I/Users/ryankanfer/Library/Developer/Xcode/DerivedData/HOMEY_Clean-gafualdnzupkfseuistvwtqbnpqd/Build/Intermediates.noindex/swift-clocks.build/Debug-iphoneos/Clocks.build/DerivedSources/arm64 -Xcc -I/Users/ryankanfer/Library/Developer/Xcode/DerivedData/HOMEY_Clean-gafualdnzupkfseuistvwtqbnpqd/Build/Intermediates.noindex/swift-clocks.build/Debug-iphoneos/Clocks.build/DerivedSources -Xcc -DSWIFT_PACKAGE -Xcc -DDEBUG\=1 -emit-objc-header -emit-objc-header-path /Users/ryankanfer/Library/Developer/Xcode/DerivedData/HOMEY_Clean-gafualdnzupkfseuistvwtqbnpqd/Build/Intermediates.noindex/swift-clocks.build/Debug-iphoneos/Clocks.build/Objects-normal/arm64/Clocks-Swift.h -working-directory /Users/ryankanfer/Documents/Developer/HOMEY\ Clean/HOMEY\ Clean.xcodeproj -experimental-emit-module-separately -disable-cmo

Ld /Users/ryankanfer/Library/Developer/Xcode/DerivedData/HOMEY_Clean-gafualdnzupkfseuistvwtqbnpqd/Build/Products/Debug-iphoneos/Clocks.o normal (in target 'Clocks' from project 'swift-clocks')
    cd /Users/ryankanfer/Library/Developer/Xcode/DerivedData/HOMEY_Clean-gafualdnzupkfseuistvwtqbnpqd/SourcePackages/checkouts/swift-clocks
    /Applications/Xcode.app/Contents/Developer/Toolchains/XcodeDefault.xctoolchain/usr/bin/clang -Xlinker -reproducible -target arm64-apple-ios13.0 -r -isysroot /Applications/Xcode.app/Contents/Developer/Platforms/iPhoneOS.platform/Developer/SDKs/iPhoneOS26.0.sdk -O0 -w -L/Users/ryankanfer/Library/Developer/Xcode/DerivedData/HOMEY_Clean-gafualdnzupkfseuistvwtqbnpqd/Build/Intermediates.noindex/EagerLinkingTBDs/Debug-iphoneos -L/Users/ryankanfer/Library/Developer/Xcode/DerivedData/HOMEY_Clean-gafualdnzupkfseuistvwtqbnpqd/Build/Products/Debug-iphoneos -L/Applications/Xcode.app/Contents/Developer/Platforms/iPhoneOS.platform/Developer/usr/lib -F/Users/ryankanfer/Library/Developer/Xcode/DerivedData/HOMEY_Clean-gafualdnzupkfseuistvwtqbnpqd/Build/Intermediates.noindex/EagerLinkingTBDs/Debug-iphoneos -F/Users/ryankanfer/Library/Developer/Xcode/DerivedData/HOMEY_Clean-gafualdnzupkfseuistvwtqbnpqd/Build/Products/Debug-iphoneos/PackageFrameworks -F/Users/ryankanfer/Library/Developer/Xcode/DerivedData/HOMEY_Clean-gafualdnzupkfseuistvwtqbnpqd/Build/Products/Debug-iphoneos/PackageFrameworks -F/Users/ryankanfer/Library/Developer/Xcode/DerivedData/HOMEY_Clean-gafualdnzupkfseuistvwtqbnpqd/Build/Products/Debug-iphoneos/PackageFrameworks -F/Users/ryankanfer/Library/Developer/Xcode/DerivedData/HOMEY_Clean-gafualdnzupkfseuistvwtqbnpqd/Build/Products/Debug-iphoneos -iframework /Applications/Xcode.app/Contents/Developer/Platforms/iPhoneOS.platform/Developer/Library/Frameworks -iframework /Applications/Xcode.app/Contents/Developer/Platforms/iPhoneOS.platform/Developer/SDKs/iPhoneOS26.0.sdk/Developer/Library/Frameworks -filelist /Users/ryankanfer/Library/Developer/Xcode/DerivedData/HOMEY_Clean-gafualdnzupkfseuistvwtqbnpqd/Build/Intermediates.noindex/swift-clocks.build/Debug-iphoneos/Clocks.build/Objects-normal/arm64/Clocks.LinkFileList -nostdlib -Xlinker -object_path_lto -Xlinker /Users/ryankanfer/Library/Developer/Xcode/DerivedData/HOMEY_Clean-gafualdnzupkfseuistvwtqbnpqd/Build/Intermediates.noindex/swift-clocks.build/Debug-iphoneos/Clocks.build/Objects-normal/arm64/Clocks_lto.o -rdynamic -Xlinker -no_deduplicate -Xlinker -debug_variant -Xlinker -dependency_info -Xlinker /Users/ryankanfer/Library/Developer/Xcode/DerivedData/HOMEY_Clean-gafualdnzupkfseuistvwtqbnpqd/Build/Intermediates.noindex/swift-clocks.build/Debug-iphoneos/Clocks.build/Objects-normal/arm64/Clocks_dependency_info.dat -fobjc-link-runtime -L/Applications/Xcode.app/Contents/Developer/Toolchains/XcodeDefault.xctoolchain/usr/lib/swift/iphoneos -L/usr/lib/swift -Xlinker -add_ast_path -Xlinker /Users/ryankanfer/Library/Developer/Xcode/DerivedData/HOMEY_Clean-gafualdnzupkfseuistvwtqbnpqd/Build/Intermediates.noindex/swift-clocks.build/Debug-iphoneos/Clocks.build/Objects-normal/arm64/Clocks.swiftmodule @/Users/ryankanfer/Library/Developer/Xcode/DerivedData/HOMEY_Clean-gafualdnzupkfseuistvwtqbnpqd/Build/Intermediates.noindex/swift-clocks.build/Debug-iphoneos/Clocks.build/Objects-normal/arm64/Clocks-linker-args.resp -o /Users/ryankanfer/Library/Developer/Xcode/DerivedData/HOMEY_Clean-gafualdnzupkfseuistvwtqbnpqd/Build/Products/Debug-iphoneos/Clocks.o

ExtractAppIntentsMetadata (in target 'Clocks' from project 'swift-clocks')
    cd /Users/ryankanfer/Library/Developer/Xcode/DerivedData/HOMEY_Clean-gafualdnzupkfseuistvwtqbnpqd/SourcePackages/checkouts/swift-clocks
    /Applications/Xcode.app/Contents/Developer/Toolchains/XcodeDefault.xctoolchain/usr/bin/appintentsmetadataprocessor --toolchain-dir /Applications/Xcode.app/Contents/Developer/Toolchains/XcodeDefault.xctoolchain --module-name Clocks --sdk-root /Applications/Xcode.app/Contents/Developer/Platforms/iPhoneOS.platform/Developer/SDKs/iPhoneOS26.0.sdk --xcode-version 17A324 --platform-family iOS --deployment-target 13.0 --bundle-identifier swift-clocks.Clocks --output /Users/ryankanfer/Library/Developer/Xcode/DerivedData/HOMEY_Clean-gafualdnzupkfseuistvwtqbnpqd/Build/Products/Debug-iphoneos/Clocks.appintents --target-triple arm64-apple-ios13.0 --binary-file /Users/ryankanfer/Library/Developer/Xcode/DerivedData/HOMEY_Clean-gafualdnzupkfseuistvwtqbnpqd/Build/Products/Debug-iphoneos/Clocks.o --dependency-file /Users/ryankanfer/Library/Developer/Xcode/DerivedData/HOMEY_Clean-gafualdnzupkfseuistvwtqbnpqd/Build/Intermediates.noindex/swift-clocks.build/Debug-iphoneos/Clocks.build/Objects-normal/arm64/Clocks_dependency_info.dat --stringsdata-file /Users/ryankanfer/Library/Developer/Xcode/DerivedData/HOMEY_Clean-gafualdnzupkfseuistvwtqbnpqd/Build/Intermediates.noindex/swift-clocks.build/Debug-iphoneos/Clocks.build/Objects-normal/arm64/ExtractedAppShortcutsMetadata.stringsdata --source-file-list /Users/ryankanfer/Library/Developer/Xcode/DerivedData/HOMEY_Clean-gafualdnzupkfseuistvwtqbnpqd/Build/Intermediates.noindex/swift-clocks.build/Debug-iphoneos/Clocks.build/Objects-normal/arm64/Clocks.SwiftFileList --metadata-file-list /Users/ryankanfer/Library/Developer/Xcode/DerivedData/HOMEY_Clean-gafualdnzupkfseuistvwtqbnpqd/Build/Intermediates.noindex/swift-clocks.build/Debug-iphoneos/Clocks.build/Clocks.DependencyMetadataFileList --static-metadata-file-list /Users/ryankanfer/Library/Developer/Xcode/DerivedData/HOMEY_Clean-gafualdnzupkfseuistvwtqbnpqd/Build/Intermediates.noindex/swift-clocks.build/Debug-iphoneos/Clocks.build/Clocks.DependencyStaticMetadataFileList --swift-const-vals-list /Users/ryankanfer/Library/Developer/Xcode/DerivedData/HOMEY_Clean-gafualdnzupkfseuistvwtqbnpqd/Build/Intermediates.noindex/swift-clocks.build/Debug-iphoneos/Clocks.build/Objects-normal/arm64/Clocks.SwiftConstValuesFileList --force --compile-time-extraction --deployment-aware-processing --validate-assistant-intents --no-app-shortcuts-localization
2025-09-22 23:19:06.018 appintentsmetadataprocessor[47750:12256868] Starting appintentsmetadataprocessor export
2025-09-22 23:19:06.187 appintentsmetadataprocessor[47750:12256868] Extracted no relevant App Intents symbols, skipping writing output

SwiftCompile normal arm64 Compiling\ HTTPRequest.swift,\ HTTPResponse.swift,\ LoggerInterceptor.swift /Users/ryankanfer/Library/Developer/Xcode/DerivedData/HOMEY_Clean-gafualdnzupkfseuistvwtqbnpqd/SourcePackages/checkouts/supabase-swift/Sources/Helpers/HTTP/HTTPRequest.swift /Users/ryankanfer/Library/Developer/Xcode/DerivedData/HOMEY_Clean-gafualdnzupkfseuistvwtqbnpqd/SourcePackages/checkouts/supabase-swift/Sources/Helpers/HTTP/HTTPResponse.swift /Users/ryankanfer/Library/Developer/Xcode/DerivedData/HOMEY_Clean-gafualdnzupkfseuistvwtqbnpqd/SourcePackages/checkouts/supabase-swift/Sources/Helpers/HTTP/LoggerInterceptor.swift (in target 'Helpers' from project 'Supabase')
SwiftCompile normal arm64 /Users/ryankanfer/Library/Developer/Xcode/DerivedData/HOMEY_Clean-gafualdnzupkfseuistvwtqbnpqd/SourcePackages/checkouts/supabase-swift/Sources/Helpers/HTTP/HTTPRequest.swift (in target 'Helpers' from project 'Supabase')
    cd /Users/ryankanfer/Documents/Developer/HOMEY\ Clean/HOMEY\ Clean.xcodeproj
    

SwiftCompile normal arm64 /Users/ryankanfer/Library/Developer/Xcode/DerivedData/HOMEY_Clean-gafualdnzupkfseuistvwtqbnpqd/SourcePackages/checkouts/supabase-swift/Sources/Helpers/HTTP/HTTPResponse.swift (in target 'Helpers' from project 'Supabase')
    cd /Users/ryankanfer/Documents/Developer/HOMEY\ Clean/HOMEY\ Clean.xcodeproj
    

SwiftCompile normal arm64 /Users/ryankanfer/Library/Developer/Xcode/DerivedData/HOMEY_Clean-gafualdnzupkfseuistvwtqbnpqd/SourcePackages/checkouts/supabase-swift/Sources/Helpers/HTTP/LoggerInterceptor.swift (in target 'Helpers' from project 'Supabase')
    cd /Users/ryankanfer/Documents/Developer/HOMEY\ Clean/HOMEY\ Clean.xcodeproj
    

SwiftCompile normal arm64 Compiling\ Codable.swift,\ DateFormatter.swift,\ EventEmitter.swift /Users/ryankanfer/Library/Developer/Xcode/DerivedData/HOMEY_Clean-gafualdnzupkfseuistvwtqbnpqd/SourcePackages/checkouts/supabase-swift/Sources/Helpers/Codable.swift /Users/ryankanfer/Library/Developer/Xcode/DerivedData/HOMEY_Clean-gafualdnzupkfseuistvwtqbnpqd/SourcePackages/checkouts/supabase-swift/Sources/Helpers/DateFormatter.swift /Users/ryankanfer/Library/Developer/Xcode/DerivedData/HOMEY_Clean-gafualdnzupkfseuistvwtqbnpqd/SourcePackages/checkouts/supabase-swift/Sources/Helpers/EventEmitter.swift (in target 'Helpers' from project 'Supabase')

SwiftCompile normal arm64 /Users/ryankanfer/Library/Developer/Xcode/DerivedData/HOMEY_Clean-gafualdnzupkfseuistvwtqbnpqd/SourcePackages/checkouts/supabase-swift/Sources/Helpers/Codable.swift (in target 'Helpers' from project 'Supabase')
    cd /Users/ryankanfer/Documents/Developer/HOMEY\ Clean/HOMEY\ Clean.xcodeproj
    

SwiftCompile normal arm64 /Users/ryankanfer/Library/Developer/Xcode/DerivedData/HOMEY_Clean-gafualdnzupkfseuistvwtqbnpqd/SourcePackages/checkouts/supabase-swift/Sources/Helpers/DateFormatter.swift (in target 'Helpers' from project 'Supabase')
    cd /Users/ryankanfer/Documents/Developer/HOMEY\ Clean/HOMEY\ Clean.xcodeproj
    

SwiftCompile normal arm64 /Users/ryankanfer/Library/Developer/Xcode/DerivedData/HOMEY_Clean-gafualdnzupkfseuistvwtqbnpqd/SourcePackages/checkouts/supabase-swift/Sources/Helpers/EventEmitter.swift (in target 'Helpers' from project 'Supabase')
    cd /Users/ryankanfer/Documents/Developer/HOMEY\ Clean/HOMEY\ Clean.xcodeproj
    

SwiftCompile normal arm64 Compiling\ FoundationExtensions.swift,\ HTTPClient.swift,\ HTTPFields.swift /Users/ryankanfer/Library/Developer/Xcode/DerivedData/HOMEY_Clean-gafualdnzupkfseuistvwtqbnpqd/SourcePackages/checkouts/supabase-swift/Sources/Helpers/FoundationExtensions.swift /Users/ryankanfer/Library/Developer/Xcode/DerivedData/HOMEY_Clean-gafualdnzupkfseuistvwtqbnpqd/SourcePackages/checkouts/supabase-swift/Sources/Helpers/HTTP/HTTPClient.swift /Users/ryankanfer/Library/Developer/Xcode/DerivedData/HOMEY_Clean-gafualdnzupkfseuistvwtqbnpqd/SourcePackages/checkouts/supabase-swift/Sources/Helpers/HTTP/HTTPFields.swift (in target 'Helpers' from project 'Supabase')

SwiftCompile normal arm64 /Users/ryankanfer/Library/Developer/Xcode/DerivedData/HOMEY_Clean-gafualdnzupkfseuistvwtqbnpqd/SourcePackages/checkouts/supabase-swift/Sources/Helpers/FoundationExtensions.swift (in target 'Helpers' from project 'Supabase')
    cd /Users/ryankanfer/Documents/Developer/HOMEY\ Clean/HOMEY\ Clean.xcodeproj
    

SwiftCompile normal arm64 /Users/ryankanfer/Library/Developer/Xcode/DerivedData/HOMEY_Clean-gafualdnzupkfseuistvwtqbnpqd/SourcePackages/checkouts/supabase-swift/Sources/Helpers/HTTP/HTTPClient.swift (in target 'Helpers' from project 'Supabase')
    cd /Users/ryankanfer/Documents/Developer/HOMEY\ Clean/HOMEY\ Clean.xcodeproj
    

SwiftCompile normal arm64 /Users/ryankanfer/Library/Developer/Xcode/DerivedData/HOMEY_Clean-gafualdnzupkfseuistvwtqbnpqd/SourcePackages/checkouts/supabase-swift/Sources/Helpers/HTTP/HTTPFields.swift (in target 'Helpers' from project 'Supabase')
    cd /Users/ryankanfer/Documents/Developer/HOMEY\ Clean/HOMEY\ Clean.xcodeproj
    

SwiftCompile normal arm64 Compiling\ SupabaseLogger.swift,\ HTTPError.swift,\ PostgrestError.swift /Users/ryankanfer/Library/Developer/Xcode/DerivedData/HOMEY_Clean-gafualdnzupkfseuistvwtqbnpqd/SourcePackages/checkouts/supabase-swift/Sources/Helpers/Logger/SupabaseLogger.swift /Users/ryankanfer/Library/Developer/Xcode/DerivedData/HOMEY_Clean-gafualdnzupkfseuistvwtqbnpqd/SourcePackages/checkouts/supabase-swift/Sources/Helpers/SharedModels/HTTPError.swift /Users/ryankanfer/Library/Developer/Xcode/DerivedData/HOMEY_Clean-gafualdnzupkfseuistvwtqbnpqd/SourcePackages/checkouts/supabase-swift/Sources/Helpers/SharedModels/PostgrestError.swift (in target 'Helpers' from project 'Supabase')
SwiftCompile normal arm64 /Users/ryankanfer/Library/Developer/Xcode/DerivedData/HOMEY_Clean-gafualdnzupkfseuistvwtqbnpqd/SourcePackages/checkouts/supabase-swift/Sources/Helpers/Logger/SupabaseLogger.swift (in target 'Helpers' from project 'Supabase')
    cd /Users/ryankanfer/Documents/Developer/HOMEY\ Clean/HOMEY\ Clean.xcodeproj
    

SwiftCompile normal arm64 /Users/ryankanfer/Library/Developer/Xcode/DerivedData/HOMEY_Clean-gafualdnzupkfseuistvwtqbnpqd/SourcePackages/checkouts/supabase-swift/Sources/Helpers/SharedModels/HTTPError.swift (in target 'Helpers' from project 'Supabase')
    cd /Users/ryankanfer/Documents/Developer/HOMEY\ Clean/HOMEY\ Clean.xcodeproj
    

SwiftCompile normal arm64 /Users/ryankanfer/Library/Developer/Xcode/DerivedData/HOMEY_Clean-gafualdnzupkfseuistvwtqbnpqd/SourcePackages/checkouts/supabase-swift/Sources/Helpers/SharedModels/PostgrestError.swift (in target 'Helpers' from project 'Supabase')
    cd /Users/ryankanfer/Documents/Developer/HOMEY\ Clean/HOMEY\ Clean.xcodeproj
    

SwiftCompile normal arm64 Compiling\ AnyJSON+Codable.swift,\ AnyJSON.swift,\ AsyncValueSubject.swift /Users/ryankanfer/Library/Developer/Xcode/DerivedData/HOMEY_Clean-gafualdnzupkfseuistvwtqbnpqd/SourcePackages/checkouts/supabase-swift/Sources/Helpers/AnyJSON/AnyJSON+Codable.swift /Users/ryankanfer/Library/Developer/Xcode/DerivedData/HOMEY_Clean-gafualdnzupkfseuistvwtqbnpqd/SourcePackages/checkouts/supabase-swift/Sources/Helpers/AnyJSON/AnyJSON.swift /Users/ryankanfer/Library/Developer/Xcode/DerivedData/HOMEY_Clean-gafualdnzupkfseuistvwtqbnpqd/SourcePackages/checkouts/supabase-swift/Sources/Helpers/AsyncValueSubject.swift (in target 'Helpers' from project 'Supabase')

SwiftCompile normal arm64 /Users/ryankanfer/Library/Developer/Xcode/DerivedData/HOMEY_Clean-gafualdnzupkfseuistvwtqbnpqd/SourcePackages/checkouts/supabase-swift/Sources/Helpers/AnyJSON/AnyJSON+Codable.swift (in target 'Helpers' from project 'Supabase')
    cd /Users/ryankanfer/Documents/Developer/HOMEY\ Clean/HOMEY\ Clean.xcodeproj
    

SwiftCompile normal arm64 /Users/ryankanfer/Library/Developer/Xcode/DerivedData/HOMEY_Clean-gafualdnzupkfseuistvwtqbnpqd/SourcePackages/checkouts/supabase-swift/Sources/Helpers/AnyJSON/AnyJSON.swift (in target 'Helpers' from project 'Supabase')
    cd /Users/ryankanfer/Documents/Developer/HOMEY\ Clean/HOMEY\ Clean.xcodeproj
    

SwiftCompile normal arm64 /Users/ryankanfer/Library/Developer/Xcode/DerivedData/HOMEY_Clean-gafualdnzupkfseuistvwtqbnpqd/SourcePackages/checkouts/supabase-swift/Sources/Helpers/AsyncValueSubject.swift (in target 'Helpers' from project 'Supabase')
    cd /Users/ryankanfer/Documents/Developer/HOMEY\ Clean/HOMEY\ Clean.xcodeproj
    

SwiftEmitModule normal arm64 Emitting\ module\ for\ Helpers (in target 'Helpers' from project 'Supabase')

EmitSwiftModule normal arm64 (in target 'Helpers' from project 'Supabase')
    cd /Users/ryankanfer/Documents/Developer/HOMEY\ Clean/HOMEY\ Clean.xcodeproj
    

SwiftCompile normal arm64 Compiling\ Task+withTimeout.swift,\ TaskLocalHelpers.swift,\ URLSession+AsyncAwait.swift /Users/ryankanfer/Library/Developer/Xcode/DerivedData/HOMEY_Clean-gafualdnzupkfseuistvwtqbnpqd/SourcePackages/checkouts/supabase-swift/Sources/Helpers/Task+withTimeout.swift /Users/ryankanfer/Library/Developer/Xcode/DerivedData/HOMEY_Clean-gafualdnzupkfseuistvwtqbnpqd/SourcePackages/checkouts/supabase-swift/Sources/Helpers/TaskLocalHelpers.swift /Users/ryankanfer/Library/Developer/Xcode/DerivedData/HOMEY_Clean-gafualdnzupkfseuistvwtqbnpqd/SourcePackages/checkouts/supabase-swift/Sources/Helpers/URLSession+AsyncAwait.swift (in target 'Helpers' from project 'Supabase')

SwiftCompile normal arm64 /Users/ryankanfer/Library/Developer/Xcode/DerivedData/HOMEY_Clean-gafualdnzupkfseuistvwtqbnpqd/SourcePackages/checkouts/supabase-swift/Sources/Helpers/Task+withTimeout.swift (in target 'Helpers' from project 'Supabase')
    cd /Users/ryankanfer/Documents/Developer/HOMEY\ Clean/HOMEY\ Clean.xcodeproj
    

SwiftCompile normal arm64 /Users/ryankanfer/Library/Developer/Xcode/DerivedData/HOMEY_Clean-gafualdnzupkfseuistvwtqbnpqd/SourcePackages/checkouts/supabase-swift/Sources/Helpers/TaskLocalHelpers.swift (in target 'Helpers' from project 'Supabase')
    cd /Users/ryankanfer/Documents/Developer/HOMEY\ Clean/HOMEY\ Clean.xcodeproj
    

SwiftCompile normal arm64 /Users/ryankanfer/Library/Developer/Xcode/DerivedData/HOMEY_Clean-gafualdnzupkfseuistvwtqbnpqd/SourcePackages/checkouts/supabase-swift/Sources/Helpers/URLSession+AsyncAwait.swift (in target 'Helpers' from project 'Supabase')
    cd /Users/ryankanfer/Documents/Developer/HOMEY\ Clean/HOMEY\ Clean.xcodeproj
    

SwiftCompile normal arm64 Compiling\ RetryRequestInterceptor.swift,\ JWT.swift,\ OSLogSupabaseLogger.swift /Users/ryankanfer/Library/Developer/Xcode/DerivedData/HOMEY_Clean-gafualdnzupkfseuistvwtqbnpqd/SourcePackages/checkouts/supabase-swift/Sources/Helpers/HTTP/RetryRequestInterceptor.swift /Users/ryankanfer/Library/Developer/Xcode/DerivedData/HOMEY_Clean-gafualdnzupkfseuistvwtqbnpqd/SourcePackages/checkouts/supabase-swift/Sources/Helpers/JWT.swift /Users/ryankanfer/Library/Developer/Xcode/DerivedData/HOMEY_Clean-gafualdnzupkfseuistvwtqbnpqd/SourcePackages/checkouts/supabase-swift/Sources/Helpers/Logger/OSLogSupabaseLogger.swift (in target 'Helpers' from project 'Supabase')
SwiftCompile normal arm64 /Users/ryankanfer/Library/Developer/Xcode/DerivedData/HOMEY_Clean-gafualdnzupkfseuistvwtqbnpqd/SourcePackages/checkouts/supabase-swift/Sources/Helpers/HTTP/RetryRequestInterceptor.swift (in target 'Helpers' from project 'Supabase')
    cd /Users/ryankanfer/Documents/Developer/HOMEY\ Clean/HOMEY\ Clean.xcodeproj
    

SwiftCompile normal arm64 /Users/ryankanfer/Library/Developer/Xcode/DerivedData/HOMEY_Clean-gafualdnzupkfseuistvwtqbnpqd/SourcePackages/checkouts/supabase-swift/Sources/Helpers/JWT.swift (in target 'Helpers' from project 'Supabase')
    cd /Users/ryankanfer/Documents/Developer/HOMEY\ Clean/HOMEY\ Clean.xcodeproj
    

SwiftCompile normal arm64 /Users/ryankanfer/Library/Developer/Xcode/DerivedData/HOMEY_Clean-gafualdnzupkfseuistvwtqbnpqd/SourcePackages/checkouts/supabase-swift/Sources/Helpers/Logger/OSLogSupabaseLogger.swift (in target 'Helpers' from project 'Supabase')
    cd /Users/ryankanfer/Documents/Developer/HOMEY\ Clean/HOMEY\ Clean.xcodeproj
    

SwiftCompile normal arm64 Compiling\ Version.swift,\ _Clock.swift /Users/ryankanfer/Library/Developer/Xcode/DerivedData/HOMEY_Clean-gafualdnzupkfseuistvwtqbnpqd/SourcePackages/checkouts/supabase-swift/Sources/Helpers/Version.swift /Users/ryankanfer/Library/Developer/Xcode/DerivedData/HOMEY_Clean-gafualdnzupkfseuistvwtqbnpqd/SourcePackages/checkouts/supabase-swift/Sources/Helpers/_Clock.swift (in target 'Helpers' from project 'Supabase')

SwiftCompile normal arm64 /Users/ryankanfer/Library/Developer/Xcode/DerivedData/HOMEY_Clean-gafualdnzupkfseuistvwtqbnpqd/SourcePackages/checkouts/supabase-swift/Sources/Helpers/Version.swift (in target 'Helpers' from project 'Supabase')
    cd /Users/ryankanfer/Documents/Developer/HOMEY\ Clean/HOMEY\ Clean.xcodeproj
    

SwiftCompile normal arm64 /Users/ryankanfer/Library/Developer/Xcode/DerivedData/HOMEY_Clean-gafualdnzupkfseuistvwtqbnpqd/SourcePackages/checkouts/supabase-swift/Sources/Helpers/_Clock.swift (in target 'Helpers' from project 'Supabase')
    cd /Users/ryankanfer/Documents/Developer/HOMEY\ Clean/HOMEY\ Clean.xcodeproj
    

SwiftDriverJobDiscovery normal arm64 Emitting module for Helpers (in target 'Helpers' from project 'Supabase')

SwiftDriver\ Compilation\ Requirements Helpers normal arm64 com.apple.xcode.tools.swift.compiler (in target 'Helpers' from project 'Supabase')
    cd /Users/ryankanfer/Documents/Developer/HOMEY\ Clean/HOMEY\ Clean.xcodeproj
    builtin-Swift-Compilation-Requirements -- /Applications/Xcode.app/Contents/Developer/Toolchains/XcodeDefault.xctoolchain/usr/bin/swiftc -module-name Helpers -Onone -enforce-exclusivity\=checked @/Users/ryankanfer/Library/Developer/Xcode/DerivedData/HOMEY_Clean-gafualdnzupkfseuistvwtqbnpqd/Build/Intermediates.noindex/Supabase.build/Debug-iphoneos/Helpers.build/Objects-normal/arm64/Helpers.SwiftFileList -DSWIFT_PACKAGE -DDEBUG -DSWIFT_MODULE_RESOURCE_BUNDLE_UNAVAILABLE -DXcode -enable-upcoming-feature ExistentialAny -enable-experimental-feature StrictConcurrency -plugin-path /Applications/Xcode.app/Contents/Developer/Toolchains/XcodeDefault.xctoolchain/usr/lib/swift/host/plugins/testing -enable-experimental-feature DebugDescriptionMacro -sdk /Applications/Xcode.app/Contents/Developer/Platforms/iPhoneOS.platform/Developer/SDKs/iPhoneOS26.0.sdk -target arm64-apple-ios13.0 -g -module-cache-path /Users/ryankanfer/Library/Developer/Xcode/DerivedData/ModuleCache.noindex -Xfrontend -serialize-debugging-options -profile-coverage-mapping -profile-generate -enable-testing -suppress-warnings -index-store-path /Users/ryankanfer/Library/Developer/Xcode/DerivedData/HOMEY_Clean-gafualdnzupkfseuistvwtqbnpqd/Index.noindex/DataStore -Xcc -D_LIBCPP_HARDENING_MODE\=_LIBCPP_HARDENING_MODE_DEBUG -swift-version 5 -I /Users/ryankanfer/Library/Developer/Xcode/DerivedData/HOMEY_Clean-gafualdnzupkfseuistvwtqbnpqd/Build/Products/Debug-iphoneos -Isystem /Applications/Xcode.app/Contents/Developer/Platforms/iPhoneOS.platform/Developer/usr/lib -F /Users/ryankanfer/Library/Developer/Xcode/DerivedData/HOMEY_Clean-gafualdnzupkfseuistvwtqbnpqd/Build/Products/Debug-iphoneos/PackageFrameworks -F /Users/ryankanfer/Library/Developer/Xcode/DerivedData/HOMEY_Clean-gafualdnzupkfseuistvwtqbnpqd/Build/Products/Debug-iphoneos/PackageFrameworks -F /Users/ryankanfer/Library/Developer/Xcode/DerivedData/HOMEY_Clean-gafualdnzupkfseuistvwtqbnpqd/Build/Products/Debug-iphoneos/PackageFrameworks -F /Users/ryankanfer/Library/Developer/Xcode/DerivedData/HOMEY_Clean-gafualdnzupkfseuistvwtqbnpqd/Build/Products/Debug-iphoneos/PackageFrameworks -F /Users/ryankanfer/Library/Developer/Xcode/DerivedData/HOMEY_Clean-gafualdnzupkfseuistvwtqbnpqd/Build/Products/Debug-iphoneos/PackageFrameworks -F /Users/ryankanfer/Library/Developer/Xcode/DerivedData/HOMEY_Clean-gafualdnzupkfseuistvwtqbnpqd/Build/Products/Debug-iphoneos/PackageFrameworks -F /Users/ryankanfer/Library/Developer/Xcode/DerivedData/HOMEY_Clean-gafualdnzupkfseuistvwtqbnpqd/Build/Products/Debug-iphoneos -F /Applications/Xcode.app/Contents/Developer/Platforms/iPhoneOS.platform/Developer/Library/Frameworks -F /Applications/Xcode.app/Contents/Developer/Platforms/iPhoneOS.platform/Developer/SDKs/iPhoneOS26.0.sdk/Developer/Library/Frameworks -c -j8 -enable-batch-mode -incremental -Xcc -ivfsstatcache -Xcc /Users/ryankanfer/Library/Developer/Xcode/DerivedData/SDKStatCaches.noindex/iphoneos26.0-23A339-81ce72e5b06c9602b9d30b56f2eed08a.sdkstatcache -output-file-map /Users/ryankanfer/Library/Developer/Xcode/DerivedData/HOMEY_Clean-gafualdnzupkfseuistvwtqbnpqd/Build/Intermediates.noindex/Supabase.build/Debug-iphoneos/Helpers.build/Objects-normal/arm64/Helpers-OutputFileMap.json -use-frontend-parseable-output -save-temps -no-color-diagnostics -explicit-module-build -module-cache-path /Users/ryankanfer/Library/Developer/Xcode/DerivedData/HOMEY_Clean-gafualdnzupkfseuistvwtqbnpqd/Build/Intermediates.noindex/SwiftExplicitPrecompiledModules -clang-scanner-module-cache-path /Users/ryankanfer/Library/Developer/Xcode/DerivedData/ModuleCache.noindex -sdk-module-cache-path /Users/ryankanfer/Library/Developer/Xcode/DerivedData/ModuleCache.noindex -serialize-diagnostics -emit-dependencies -emit-module -emit-module-path /Users/ryankanfer/Library/Developer/Xcode/DerivedData/HOMEY_Clean-gafualdnzupkfseuistvwtqbnpqd/Build/Intermediates.noindex/Supabase.build/Debug-iphoneos/Helpers.build/Objects-normal/arm64/Helpers.swiftmodule -validate-clang-modules-once -clang-build-session-file /Users/ryankanfer/Library/Developer/Xcode/DerivedData/ModuleCache.noindex/Session.modulevalidation -package-name supabase_swift -Xcc -I/Users/ryankanfer/Library/Developer/Xcode/DerivedData/HOMEY_Clean-gafualdnzupkfseuistvwtqbnpqd/Build/Intermediates.noindex/Supabase.build/Debug-iphoneos/Helpers.build/swift-overrides.hmap -emit-const-values -Xfrontend -const-gather-protocols-file -Xfrontend /Users/ryankanfer/Library/Developer/Xcode/DerivedData/HOMEY_Clean-gafualdnzupkfseuistvwtqbnpqd/Build/Intermediates.noindex/Supabase.build/Debug-iphoneos/Helpers.build/Objects-normal/arm64/Helpers_const_extract_protocols.json -Xcc -I/Users/ryankanfer/Library/Developer/Xcode/DerivedData/HOMEY_Clean-gafualdnzupkfseuistvwtqbnpqd/Build/Products/Debug-iphoneos/include -Xcc -I/Users/ryankanfer/Library/Developer/Xcode/DerivedData/HOMEY_Clean-gafualdnzupkfseuistvwtqbnpqd/Build/Intermediates.noindex/Supabase.build/Debug-iphoneos/Helpers.build/DerivedSources-normal/arm64 -Xcc -I/Users/ryankanfer/Library/Developer/Xcode/DerivedData/HOMEY_Clean-gafualdnzupkfseuistvwtqbnpqd/Build/Intermediates.noindex/Supabase.build/Debug-iphoneos/Helpers.build/DerivedSources/arm64 -Xcc -I/Users/ryankanfer/Library/Developer/Xcode/DerivedData/HOMEY_Clean-gafualdnzupkfseuistvwtqbnpqd/Build/Intermediates.noindex/Supabase.build/Debug-iphoneos/Helpers.build/DerivedSources -Xcc -DSWIFT_PACKAGE -Xcc -DDEBUG\=1 -emit-objc-header -emit-objc-header-path /Users/ryankanfer/Library/Developer/Xcode/DerivedData/HOMEY_Clean-gafualdnzupkfseuistvwtqbnpqd/Build/Intermediates.noindex/Supabase.build/Debug-iphoneos/Helpers.build/Objects-normal/arm64/Helpers-Swift.h -working-directory /Users/ryankanfer/Documents/Developer/HOMEY\ Clean/HOMEY\ Clean.xcodeproj -experimental-emit-module-separately -disable-cmo

SwiftDriverJobDiscovery normal arm64 Compiling Task+withTimeout.swift, TaskLocalHelpers.swift, URLSession+AsyncAwait.swift (in target 'Helpers' from project 'Supabase')

SwiftMergeGeneratedHeaders /Users/ryankanfer/Library/Developer/Xcode/DerivedData/HOMEY_Clean-gafualdnzupkfseuistvwtqbnpqd/Build/Intermediates.noindex/GeneratedModuleMaps-iphoneos/Helpers-Swift.h /Users/ryankanfer/Library/Developer/Xcode/DerivedData/HOMEY_Clean-gafualdnzupkfseuistvwtqbnpqd/Build/Intermediates.noindex/Supabase.build/Debug-iphoneos/Helpers.build/Objects-normal/arm64/Helpers-Swift.h (in target 'Helpers' from project 'Supabase')
    cd /Users/ryankanfer/Library/Developer/Xcode/DerivedData/HOMEY_Clean-gafualdnzupkfseuistvwtqbnpqd/SourcePackages/checkouts/supabase-swift
    builtin-swiftHeaderTool -arch arm64 /Users/ryankanfer/Library/Developer/Xcode/DerivedData/HOMEY_Clean-gafualdnzupkfseuistvwtqbnpqd/Build/Intermediates.noindex/Supabase.build/Debug-iphoneos/Helpers.build/Objects-normal/arm64/Helpers-Swift.h -o /Users/ryankanfer/Library/Developer/Xcode/DerivedData/HOMEY_Clean-gafualdnzupkfseuistvwtqbnpqd/Build/Intermediates.noindex/GeneratedModuleMaps-iphoneos/Helpers-Swift.h

Copy /Users/ryankanfer/Library/Developer/Xcode/DerivedData/HOMEY_Clean-gafualdnzupkfseuistvwtqbnpqd/Build/Products/Debug-iphoneos/Helpers.swiftmodule/arm64-apple-ios.swiftmodule /Users/ryankanfer/Library/Developer/Xcode/DerivedData/HOMEY_Clean-gafualdnzupkfseuistvwtqbnpqd/Build/Intermediates.noindex/Supabase.build/Debug-iphoneos/Helpers.build/Objects-normal/arm64/Helpers.swiftmodule (in target 'Helpers' from project 'Supabase')
    cd /Users/ryankanfer/Library/Developer/Xcode/DerivedData/HOMEY_Clean-gafualdnzupkfseuistvwtqbnpqd/SourcePackages/checkouts/supabase-swift
    builtin-copy -exclude .DS_Store -exclude CVS -exclude .svn -exclude .git -exclude .hg -resolve-src-symlinks -rename /Users/ryankanfer/Library/Developer/Xcode/DerivedData/HOMEY_Clean-gafualdnzupkfseuistvwtqbnpqd/Build/Intermediates.noindex/Supabase.build/Debug-iphoneos/Helpers.build/Objects-normal/arm64/Helpers.swiftmodule /Users/ryankanfer/Library/Developer/Xcode/DerivedData/HOMEY_Clean-gafualdnzupkfseuistvwtqbnpqd/Build/Products/Debug-iphoneos/Helpers.swiftmodule/arm64-apple-ios.swiftmodule

Copy /Users/ryankanfer/Library/Developer/Xcode/DerivedData/HOMEY_Clean-gafualdnzupkfseuistvwtqbnpqd/Build/Products/Debug-iphoneos/Helpers.swiftmodule/arm64-apple-ios.swiftdoc /Users/ryankanfer/Library/Developer/Xcode/DerivedData/HOMEY_Clean-gafualdnzupkfseuistvwtqbnpqd/Build/Intermediates.noindex/Supabase.build/Debug-iphoneos/Helpers.build/Objects-normal/arm64/Helpers.swiftdoc (in target 'Helpers' from project 'Supabase')
    cd /Users/ryankanfer/Library/Developer/Xcode/DerivedData/HOMEY_Clean-gafualdnzupkfseuistvwtqbnpqd/SourcePackages/checkouts/supabase-swift
    builtin-copy -exclude .DS_Store -exclude CVS -exclude .svn -exclude .git -exclude .hg -resolve-src-symlinks -rename /Users/ryankanfer/Library/Developer/Xcode/DerivedData/HOMEY_Clean-gafualdnzupkfseuistvwtqbnpqd/Build/Intermediates.noindex/Supabase.build/Debug-iphoneos/Helpers.build/Objects-normal/arm64/Helpers.swiftdoc /Users/ryankanfer/Library/Developer/Xcode/DerivedData/HOMEY_Clean-gafualdnzupkfseuistvwtqbnpqd/Build/Products/Debug-iphoneos/Helpers.swiftmodule/arm64-apple-ios.swiftdoc

Copy /Users/ryankanfer/Library/Developer/Xcode/DerivedData/HOMEY_Clean-gafualdnzupkfseuistvwtqbnpqd/Build/Products/Debug-iphoneos/Helpers.swiftmodule/arm64-apple-ios.abi.json /Users/ryankanfer/Library/Developer/Xcode/DerivedData/HOMEY_Clean-gafualdnzupkfseuistvwtqbnpqd/Build/Intermediates.noindex/Supabase.build/Debug-iphoneos/Helpers.build/Objects-normal/arm64/Helpers.abi.json (in target 'Helpers' from project 'Supabase')
    cd /Users/ryankanfer/Library/Developer/Xcode/DerivedData/HOMEY_Clean-gafualdnzupkfseuistvwtqbnpqd/SourcePackages/checkouts/supabase-swift
    builtin-copy -exclude .DS_Store -exclude CVS -exclude .svn -exclude .git -exclude .hg -resolve-src-symlinks -rename /Users/ryankanfer/Library/Developer/Xcode/DerivedData/HOMEY_Clean-gafualdnzupkfseuistvwtqbnpqd/Build/Intermediates.noindex/Supabase.build/Debug-iphoneos/Helpers.build/Objects-normal/arm64/Helpers.abi.json /Users/ryankanfer/Library/Developer/Xcode/DerivedData/HOMEY_Clean-gafualdnzupkfseuistvwtqbnpqd/Build/Products/Debug-iphoneos/Helpers.swiftmodule/arm64-apple-ios.abi.json

Copy /Users/ryankanfer/Library/Developer/Xcode/DerivedData/HOMEY_Clean-gafualdnzupkfseuistvwtqbnpqd/Build/Products/Debug-iphoneos/Helpers.swiftmodule/Project/arm64-apple-ios.swiftsourceinfo /Users/ryankanfer/Library/Developer/Xcode/DerivedData/HOMEY_Clean-gafualdnzupkfseuistvwtqbnpqd/Build/Intermediates.noindex/Supabase.build/Debug-iphoneos/Helpers.build/Objects-normal/arm64/Helpers.swiftsourceinfo (in target 'Helpers' from project 'Supabase')
    cd /Users/ryankanfer/Library/Developer/Xcode/DerivedData/HOMEY_Clean-gafualdnzupkfseuistvwtqbnpqd/SourcePackages/checkouts/supabase-swift
    builtin-copy -exclude .DS_Store -exclude CVS -exclude .svn -exclude .git -exclude .hg -resolve-src-symlinks -rename /Users/ryankanfer/Library/Developer/Xcode/DerivedData/HOMEY_Clean-gafualdnzupkfseuistvwtqbnpqd/Build/Intermediates.noindex/Supabase.build/Debug-iphoneos/Helpers.build/Objects-normal/arm64/Helpers.swiftsourceinfo /Users/ryankanfer/Library/Developer/Xcode/DerivedData/HOMEY_Clean-gafualdnzupkfseuistvwtqbnpqd/Build/Products/Debug-iphoneos/Helpers.swiftmodule/Project/arm64-apple-ios.swiftsourceinfo

SwiftDriverJobDiscovery normal arm64 Compiling Codable.swift, DateFormatter.swift, EventEmitter.swift (in target 'Helpers' from project 'Supabase')

SwiftDriverJobDiscovery normal arm64 Compiling FoundationExtensions.swift, HTTPClient.swift, HTTPFields.swift (in target 'Helpers' from project 'Supabase')

RegisterExecutionPolicyException /Users/ryankanfer/Library/Developer/Xcode/DerivedData/HOMEY_Clean-gafualdnzupkfseuistvwtqbnpqd/Build/Products/Debug-iphoneos/XCTestDynamicOverlay.o (in target 'XCTestDynamicOverlay' from project 'xctest-dynamic-overlay')
    cd /Users/ryankanfer/Library/Developer/Xcode/DerivedData/HOMEY_Clean-gafualdnzupkfseuistvwtqbnpqd/SourcePackages/checkouts/xctest-dynamic-overlay
    builtin-RegisterExecutionPolicyException /Users/ryankanfer/Library/Developer/Xcode/DerivedData/HOMEY_Clean-gafualdnzupkfseuistvwtqbnpqd/Build/Products/Debug-iphoneos/XCTestDynamicOverlay.o

SwiftDriver Storage normal arm64 com.apple.xcode.tools.swift.compiler (in target 'Storage' from project 'Supabase')
    cd /Users/ryankanfer/Documents/Developer/HOMEY\ Clean/HOMEY\ Clean.xcodeproj
    builtin-SwiftDriver -- /Applications/Xcode.app/Contents/Developer/Toolchains/XcodeDefault.xctoolchain/usr/bin/swiftc -module-name Storage -Onone -enforce-exclusivity\=checked @/Users/ryankanfer/Library/Developer/Xcode/DerivedData/HOMEY_Clean-gafualdnzupkfseuistvwtqbnpqd/Build/Intermediates.noindex/Supabase.build/Debug-iphoneos/Storage.build/Objects-normal/arm64/Storage.SwiftFileList -DSWIFT_PACKAGE -DDEBUG -DSWIFT_MODULE_RESOURCE_BUNDLE_UNAVAILABLE -DXcode -enable-upcoming-feature ExistentialAny -enable-experimental-feature StrictConcurrency -plugin-path /Applications/Xcode.app/Contents/Developer/Toolchains/XcodeDefault.xctoolchain/usr/lib/swift/host/plugins/testing -enable-experimental-feature DebugDescriptionMacro -sdk /Applications/Xcode.app/Contents/Developer/Platforms/iPhoneOS.platform/Developer/SDKs/iPhoneOS26.0.sdk -target arm64-apple-ios13.0 -g -module-cache-path /Users/ryankanfer/Library/Developer/Xcode/DerivedData/ModuleCache.noindex -Xfrontend -serialize-debugging-options -profile-coverage-mapping -profile-generate -enable-testing -suppress-warnings -index-store-path /Users/ryankanfer/Library/Developer/Xcode/DerivedData/HOMEY_Clean-gafualdnzupkfseuistvwtqbnpqd/Index.noindex/DataStore -Xcc -D_LIBCPP_HARDENING_MODE\=_LIBCPP_HARDENING_MODE_DEBUG -swift-version 5 -I /Users/ryankanfer/Library/Developer/Xcode/DerivedData/HOMEY_Clean-gafualdnzupkfseuistvwtqbnpqd/Build/Products/Debug-iphoneos -Isystem /Applications/Xcode.app/Contents/Developer/Platforms/iPhoneOS.platform/Developer/usr/lib -F /Users/ryankanfer/Library/Developer/Xcode/DerivedData/HOMEY_Clean-gafualdnzupkfseuistvwtqbnpqd/Build/Products/Debug-iphoneos/PackageFrameworks -F /Users/ryankanfer/Library/Developer/Xcode/DerivedData/HOMEY_Clean-gafualdnzupkfseuistvwtqbnpqd/Build/Products/Debug-iphoneos/PackageFrameworks -F /Users/ryankanfer/Library/Developer/Xcode/DerivedData/HOMEY_Clean-gafualdnzupkfseuistvwtqbnpqd/Build/Products/Debug-iphoneos/PackageFrameworks -F /Users/ryankanfer/Library/Developer/Xcode/DerivedData/HOMEY_Clean-gafualdnzupkfseuistvwtqbnpqd/Build/Products/Debug-iphoneos/PackageFrameworks -F /Users/ryankanfer/Library/Developer/Xcode/DerivedData/HOMEY_Clean-gafualdnzupkfseuistvwtqbnpqd/Build/Products/Debug-iphoneos/PackageFrameworks -F /Users/ryankanfer/Library/Developer/Xcode/DerivedData/HOMEY_Clean-gafualdnzupkfseuistvwtqbnpqd/Build/Products/Debug-iphoneos/PackageFrameworks -F /Users/ryankanfer/Library/Developer/Xcode/DerivedData/HOMEY_Clean-gafualdnzupkfseuistvwtqbnpqd/Build/Products/Debug-iphoneos/PackageFrameworks -F /Users/ryankanfer/Library/Developer/Xcode/DerivedData/HOMEY_Clean-gafualdnzupkfseuistvwtqbnpqd/Build/Products/Debug-iphoneos -F /Applications/Xcode.app/Contents/Developer/Platforms/iPhoneOS.platform/Developer/Library/Frameworks -F /Applications/Xcode.app/Contents/Developer/Platforms/iPhoneOS.platform/Developer/SDKs/iPhoneOS26.0.sdk/Developer/Library/Frameworks -c -j8 -enable-batch-mode -incremental -Xcc -ivfsstatcache -Xcc /Users/ryankanfer/Library/Developer/Xcode/DerivedData/SDKStatCaches.noindex/iphoneos26.0-23A339-81ce72e5b06c9602b9d30b56f2eed08a.sdkstatcache -output-file-map /Users/ryankanfer/Library/Developer/Xcode/DerivedData/HOMEY_Clean-gafualdnzupkfseuistvwtqbnpqd/Build/Intermediates.noindex/Supabase.build/Debug-iphoneos/Storage.build/Objects-normal/arm64/Storage-OutputFileMap.json -use-frontend-parseable-output -save-temps -no-color-diagnostics -explicit-module-build -module-cache-path /Users/ryankanfer/Library/Developer/Xcode/DerivedData/HOMEY_Clean-gafualdnzupkfseuistvwtqbnpqd/Build/Intermediates.noindex/SwiftExplicitPrecompiledModules -clang-scanner-module-cache-path /Users/ryankanfer/Library/Developer/Xcode/DerivedData/ModuleCache.noindex -sdk-module-cache-path /Users/ryankanfer/Library/Developer/Xcode/DerivedData/ModuleCache.noindex -serialize-diagnostics -emit-dependencies -emit-module -emit-module-path /Users/ryankanfer/Library/Developer/Xcode/DerivedData/HOMEY_Clean-gafualdnzupkfseuistvwtqbnpqd/Build/Intermediates.noindex/Supabase.build/Debug-iphoneos/Storage.build/Objects-normal/arm64/Storage.swiftmodule -validate-clang-modules-once -clang-build-session-file /Users/ryankanfer/Library/Developer/Xcode/DerivedData/ModuleCache.noindex/Session.modulevalidation -package-name supabase_swift -Xcc -I/Users/ryankanfer/Library/Developer/Xcode/DerivedData/HOMEY_Clean-gafualdnzupkfseuistvwtqbnpqd/Build/Intermediates.noindex/Supabase.build/Debug-iphoneos/Storage.build/swift-overrides.hmap -emit-const-values -Xfrontend -const-gather-protocols-file -Xfrontend /Users/ryankanfer/Library/Developer/Xcode/DerivedData/HOMEY_Clean-gafualdnzupkfseuistvwtqbnpqd/Build/Intermediates.noindex/Supabase.build/Debug-iphoneos/Storage.build/Objects-normal/arm64/Storage_const_extract_protocols.json -Xcc -I/Users/ryankanfer/Library/Developer/Xcode/DerivedData/HOMEY_Clean-gafualdnzupkfseuistvwtqbnpqd/Build/Products/Debug-iphoneos/include -Xcc -I/Users/ryankanfer/Library/Developer/Xcode/DerivedData/HOMEY_Clean-gafualdnzupkfseuistvwtqbnpqd/Build/Intermediates.noindex/Supabase.build/Debug-iphoneos/Storage.build/DerivedSources-normal/arm64 -Xcc -I/Users/ryankanfer/Library/Developer/Xcode/DerivedData/HOMEY_Clean-gafualdnzupkfseuistvwtqbnpqd/Build/Intermediates.noindex/Supabase.build/Debug-iphoneos/Storage.build/DerivedSources/arm64 -Xcc -I/Users/ryankanfer/Library/Developer/Xcode/DerivedData/HOMEY_Clean-gafualdnzupkfseuistvwtqbnpqd/Build/Intermediates.noindex/Supabase.build/Debug-iphoneos/Storage.build/DerivedSources -Xcc -DSWIFT_PACKAGE -Xcc -DDEBUG\=1 -emit-objc-header -emit-objc-header-path /Users/ryankanfer/Library/Developer/Xcode/DerivedData/HOMEY_Clean-gafualdnzupkfseuistvwtqbnpqd/Build/Intermediates.noindex/Supabase.build/Debug-iphoneos/Storage.build/Objects-normal/arm64/Storage-Swift.h -working-directory /Users/ryankanfer/Documents/Developer/HOMEY\ Clean/HOMEY\ Clean.xcodeproj -experimental-emit-module-separately -disable-cmo

SwiftDriver Realtime normal arm64 com.apple.xcode.tools.swift.compiler (in target 'Realtime' from project 'Supabase')
    cd /Users/ryankanfer/Documents/Developer/HOMEY\ Clean/HOMEY\ Clean.xcodeproj
    builtin-SwiftDriver -- /Applications/Xcode.app/Contents/Developer/Toolchains/XcodeDefault.xctoolchain/usr/bin/swiftc -module-name Realtime -Onone -enforce-exclusivity\=checked @/Users/ryankanfer/Library/Developer/Xcode/DerivedData/HOMEY_Clean-gafualdnzupkfseuistvwtqbnpqd/Build/Intermediates.noindex/Supabase.build/Debug-iphoneos/Realtime.build/Objects-normal/arm64/Realtime.SwiftFileList -DSWIFT_PACKAGE -DDEBUG -DSWIFT_MODULE_RESOURCE_BUNDLE_UNAVAILABLE -DXcode -enable-upcoming-feature ExistentialAny -enable-experimental-feature StrictConcurrency -plugin-path /Applications/Xcode.app/Contents/Developer/Toolchains/XcodeDefault.xctoolchain/usr/lib/swift/host/plugins/testing -enable-experimental-feature DebugDescriptionMacro -sdk /Applications/Xcode.app/Contents/Developer/Platforms/iPhoneOS.platform/Developer/SDKs/iPhoneOS26.0.sdk -target arm64-apple-ios13.0 -g -module-cache-path /Users/ryankanfer/Library/Developer/Xcode/DerivedData/ModuleCache.noindex -Xfrontend -serialize-debugging-options -profile-coverage-mapping -profile-generate -enable-testing -suppress-warnings -index-store-path /Users/ryankanfer/Library/Developer/Xcode/DerivedData/HOMEY_Clean-gafualdnzupkfseuistvwtqbnpqd/Index.noindex/DataStore -Xcc -D_LIBCPP_HARDENING_MODE\=_LIBCPP_HARDENING_MODE_DEBUG -swift-version 5 -I /Users/ryankanfer/Library/Developer/Xcode/DerivedData/HOMEY_Clean-gafualdnzupkfseuistvwtqbnpqd/Build/Products/Debug-iphoneos -Isystem /Applications/Xcode.app/Contents/Developer/Platforms/iPhoneOS.platform/Developer/usr/lib -F /Users/ryankanfer/Library/Developer/Xcode/DerivedData/HOMEY_Clean-gafualdnzupkfseuistvwtqbnpqd/Build/Products/Debug-iphoneos/PackageFrameworks -F /Users/ryankanfer/Library/Developer/Xcode/DerivedData/HOMEY_Clean-gafualdnzupkfseuistvwtqbnpqd/Build/Products/Debug-iphoneos/PackageFrameworks -F /Users/ryankanfer/Library/Developer/Xcode/DerivedData/HOMEY_Clean-gafualdnzupkfseuistvwtqbnpqd/Build/Products/Debug-iphoneos/PackageFrameworks -F /Users/ryankanfer/Library/Developer/Xcode/DerivedData/HOMEY_Clean-gafualdnzupkfseuistvwtqbnpqd/Build/Products/Debug-iphoneos/PackageFrameworks -F /Users/ryankanfer/Library/Developer/Xcode/DerivedData/HOMEY_Clean-gafualdnzupkfseuistvwtqbnpqd/Build/Products/Debug-iphoneos/PackageFrameworks -F /Users/ryankanfer/Library/Developer/Xcode/DerivedData/HOMEY_Clean-gafualdnzupkfseuistvwtqbnpqd/Build/Products/Debug-iphoneos/PackageFrameworks -F /Users/ryankanfer/Library/Developer/Xcode/DerivedData/HOMEY_Clean-gafualdnzupkfseuistvwtqbnpqd/Build/Products/Debug-iphoneos/PackageFrameworks -F /Users/ryankanfer/Library/Developer/Xcode/DerivedData/HOMEY_Clean-gafualdnzupkfseuistvwtqbnpqd/Build/Products/Debug-iphoneos -F /Applications/Xcode.app/Contents/Developer/Platforms/iPhoneOS.platform/Developer/Library/Frameworks -F /Applications/Xcode.app/Contents/Developer/Platforms/iPhoneOS.platform/Developer/SDKs/iPhoneOS26.0.sdk/Developer/Library/Frameworks -c -j8 -enable-batch-mode -incremental -Xcc -ivfsstatcache -Xcc /Users/ryankanfer/Library/Developer/Xcode/DerivedData/SDKStatCaches.noindex/iphoneos26.0-23A339-81ce72e5b06c9602b9d30b56f2eed08a.sdkstatcache -output-file-map /Users/ryankanfer/Library/Developer/Xcode/DerivedData/HOMEY_Clean-gafualdnzupkfseuistvwtqbnpqd/Build/Intermediates.noindex/Supabase.build/Debug-iphoneos/Realtime.build/Objects-normal/arm64/Realtime-OutputFileMap.json -use-frontend-parseable-output -save-temps -no-color-diagnostics -explicit-module-build -module-cache-path /Users/ryankanfer/Library/Developer/Xcode/DerivedData/HOMEY_Clean-gafualdnzupkfseuistvwtqbnpqd/Build/Intermediates.noindex/SwiftExplicitPrecompiledModules -clang-scanner-module-cache-path /Users/ryankanfer/Library/Developer/Xcode/DerivedData/ModuleCache.noindex -sdk-module-cache-path /Users/ryankanfer/Library/Developer/Xcode/DerivedData/ModuleCache.noindex -serialize-diagnostics -emit-dependencies -emit-module -emit-module-path /Users/ryankanfer/Library/Developer/Xcode/DerivedData/HOMEY_Clean-gafualdnzupkfseuistvwtqbnpqd/Build/Intermediates.noindex/Supabase.build/Debug-iphoneos/Realtime.build/Objects-normal/arm64/Realtime.swiftmodule -validate-clang-modules-once -clang-build-session-file /Users/ryankanfer/Library/Developer/Xcode/DerivedData/ModuleCache.noindex/Session.modulevalidation -package-name supabase_swift -Xcc -I/Users/ryankanfer/Library/Developer/Xcode/DerivedData/HOMEY_Clean-gafualdnzupkfseuistvwtqbnpqd/Build/Intermediates.noindex/Supabase.build/Debug-iphoneos/Realtime.build/swift-overrides.hmap -emit-const-values -Xfrontend -const-gather-protocols-file -Xfrontend /Users/ryankanfer/Library/Developer/Xcode/DerivedData/HOMEY_Clean-gafualdnzupkfseuistvwtqbnpqd/Build/Intermediates.noindex/Supabase.build/Debug-iphoneos/Realtime.build/Objects-normal/arm64/Realtime_const_extract_protocols.json -Xcc -I/Users/ryankanfer/Library/Developer/Xcode/DerivedData/HOMEY_Clean-gafualdnzupkfseuistvwtqbnpqd/Build/Products/Debug-iphoneos/include -Xcc -I/Users/ryankanfer/Library/Developer/Xcode/DerivedData/HOMEY_Clean-gafualdnzupkfseuistvwtqbnpqd/Build/Intermediates.noindex/Supabase.build/Debug-iphoneos/Realtime.build/DerivedSources-normal/arm64 -Xcc -I/Users/ryankanfer/Library/Developer/Xcode/DerivedData/HOMEY_Clean-gafualdnzupkfseuistvwtqbnpqd/Build/Intermediates.noindex/Supabase.build/Debug-iphoneos/Realtime.build/DerivedSources/arm64 -Xcc -I/Users/ryankanfer/Library/Developer/Xcode/DerivedData/HOMEY_Clean-gafualdnzupkfseuistvwtqbnpqd/Build/Intermediates.noindex/Supabase.build/Debug-iphoneos/Realtime.build/DerivedSources -Xcc -DSWIFT_PACKAGE -Xcc -DDEBUG\=1 -emit-objc-header -emit-objc-header-path /Users/ryankanfer/Library/Developer/Xcode/DerivedData/HOMEY_Clean-gafualdnzupkfseuistvwtqbnpqd/Build/Intermediates.noindex/Supabase.build/Debug-iphoneos/Realtime.build/Objects-normal/arm64/Realtime-Swift.h -working-directory /Users/ryankanfer/Documents/Developer/HOMEY\ Clean/HOMEY\ Clean.xcodeproj -experimental-emit-module-separately -disable-cmo

SwiftDriverJobDiscovery normal arm64 Compiling AnyJSON+Codable.swift, AnyJSON.swift, AsyncValueSubject.swift (in target 'Helpers' from project 'Supabase')

SwiftDriver PostgREST normal arm64 com.apple.xcode.tools.swift.compiler (in target 'PostgREST' from project 'Supabase')
    cd /Users/ryankanfer/Documents/Developer/HOMEY\ Clean/HOMEY\ Clean.xcodeproj
    builtin-SwiftDriver -- /Applications/Xcode.app/Contents/Developer/Toolchains/XcodeDefault.xctoolchain/usr/bin/swiftc -module-name PostgREST -Onone -enforce-exclusivity\=checked @/Users/ryankanfer/Library/Developer/Xcode/DerivedData/HOMEY_Clean-gafualdnzupkfseuistvwtqbnpqd/Build/Intermediates.noindex/Supabase.build/Debug-iphoneos/PostgREST.build/Objects-normal/arm64/PostgREST.SwiftFileList -DSWIFT_PACKAGE -DDEBUG -DSWIFT_MODULE_RESOURCE_BUNDLE_UNAVAILABLE -DXcode -enable-upcoming-feature ExistentialAny -enable-experimental-feature StrictConcurrency -plugin-path /Applications/Xcode.app/Contents/Developer/Toolchains/XcodeDefault.xctoolchain/usr/lib/swift/host/plugins/testing -enable-experimental-feature DebugDescriptionMacro -sdk /Applications/Xcode.app/Contents/Developer/Platforms/iPhoneOS.platform/Developer/SDKs/iPhoneOS26.0.sdk -target arm64-apple-ios13.0 -g -module-cache-path /Users/ryankanfer/Library/Developer/Xcode/DerivedData/ModuleCache.noindex -Xfrontend -serialize-debugging-options -profile-coverage-mapping -profile-generate -enable-testing -suppress-warnings -index-store-path /Users/ryankanfer/Library/Developer/Xcode/DerivedData/HOMEY_Clean-gafualdnzupkfseuistvwtqbnpqd/Index.noindex/DataStore -Xcc -D_LIBCPP_HARDENING_MODE\=_LIBCPP_HARDENING_MODE_DEBUG -swift-version 5 -I /Users/ryankanfer/Library/Developer/Xcode/DerivedData/HOMEY_Clean-gafualdnzupkfseuistvwtqbnpqd/Build/Products/Debug-iphoneos -Isystem /Applications/Xcode.app/Contents/Developer/Platforms/iPhoneOS.platform/Developer/usr/lib -F /Users/ryankanfer/Library/Developer/Xcode/DerivedData/HOMEY_Clean-gafualdnzupkfseuistvwtqbnpqd/Build/Products/Debug-iphoneos/PackageFrameworks -F /Users/ryankanfer/Library/Developer/Xcode/DerivedData/HOMEY_Clean-gafualdnzupkfseuistvwtqbnpqd/Build/Products/Debug-iphoneos/PackageFrameworks -F /Users/ryankanfer/Library/Developer/Xcode/DerivedData/HOMEY_Clean-gafualdnzupkfseuistvwtqbnpqd/Build/Products/Debug-iphoneos/PackageFrameworks -F /Users/ryankanfer/Library/Developer/Xcode/DerivedData/HOMEY_Clean-gafualdnzupkfseuistvwtqbnpqd/Build/Products/Debug-iphoneos/PackageFrameworks -F /Users/ryankanfer/Library/Developer/Xcode/DerivedData/HOMEY_Clean-gafualdnzupkfseuistvwtqbnpqd/Build/Products/Debug-iphoneos/PackageFrameworks -F /Users/ryankanfer/Library/Developer/Xcode/DerivedData/HOMEY_Clean-gafualdnzupkfseuistvwtqbnpqd/Build/Products/Debug-iphoneos/PackageFrameworks -F /Users/ryankanfer/Library/Developer/Xcode/DerivedData/HOMEY_Clean-gafualdnzupkfseuistvwtqbnpqd/Build/Products/Debug-iphoneos/PackageFrameworks -F /Users/ryankanfer/Library/Developer/Xcode/DerivedData/HOMEY_Clean-gafualdnzupkfseuistvwtqbnpqd/Build/Products/Debug-iphoneos -F /Applications/Xcode.app/Contents/Developer/Platforms/iPhoneOS.platform/Developer/Library/Frameworks -F /Applications/Xcode.app/Contents/Developer/Platforms/iPhoneOS.platform/Developer/SDKs/iPhoneOS26.0.sdk/Developer/Library/Frameworks -c -j8 -enable-batch-mode -incremental -Xcc -ivfsstatcache -Xcc /Users/ryankanfer/Library/Developer/Xcode/DerivedData/SDKStatCaches.noindex/iphoneos26.0-23A339-81ce72e5b06c9602b9d30b56f2eed08a.sdkstatcache -output-file-map /Users/ryankanfer/Library/Developer/Xcode/DerivedData/HOMEY_Clean-gafualdnzupkfseuistvwtqbnpqd/Build/Intermediates.noindex/Supabase.build/Debug-iphoneos/PostgREST.build/Objects-normal/arm64/PostgREST-OutputFileMap.json -use-frontend-parseable-output -save-temps -no-color-diagnostics -explicit-module-build -module-cache-path /Users/ryankanfer/Library/Developer/Xcode/DerivedData/HOMEY_Clean-gafualdnzupkfseuistvwtqbnpqd/Build/Intermediates.noindex/SwiftExplicitPrecompiledModules -clang-scanner-module-cache-path /Users/ryankanfer/Library/Developer/Xcode/DerivedData/ModuleCache.noindex -sdk-module-cache-path /Users/ryankanfer/Library/Developer/Xcode/DerivedData/ModuleCache.noindex -serialize-diagnostics -emit-dependencies -emit-module -emit-module-path /Users/ryankanfer/Library/Developer/Xcode/DerivedData/HOMEY_Clean-gafualdnzupkfseuistvwtqbnpqd/Build/Intermediates.noindex/Supabase.build/Debug-iphoneos/PostgREST.build/Objects-normal/arm64/PostgREST.swiftmodule -validate-clang-modules-once -clang-build-session-file /Users/ryankanfer/Library/Developer/Xcode/DerivedData/ModuleCache.noindex/Session.modulevalidation -package-name supabase_swift -Xcc -I/Users/ryankanfer/Library/Developer/Xcode/DerivedData/HOMEY_Clean-gafualdnzupkfseuistvwtqbnpqd/Build/Intermediates.noindex/Supabase.build/Debug-iphoneos/PostgREST.build/swift-overrides.hmap -emit-const-values -Xfrontend -const-gather-protocols-file -Xfrontend /Users/ryankanfer/Library/Developer/Xcode/DerivedData/HOMEY_Clean-gafualdnzupkfseuistvwtqbnpqd/Build/Intermediates.noindex/Supabase.build/Debug-iphoneos/PostgREST.build/Objects-normal/arm64/PostgREST_const_extract_protocols.json -Xcc -I/Users/ryankanfer/Library/Developer/Xcode/DerivedData/HOMEY_Clean-gafualdnzupkfseuistvwtqbnpqd/Build/Products/Debug-iphoneos/include -Xcc -I/Users/ryankanfer/Library/Developer/Xcode/DerivedData/HOMEY_Clean-gafualdnzupkfseuistvwtqbnpqd/Build/Intermediates.noindex/Supabase.build/Debug-iphoneos/PostgREST.build/DerivedSources-normal/arm64 -Xcc -I/Users/ryankanfer/Library/Developer/Xcode/DerivedData/HOMEY_Clean-gafualdnzupkfseuistvwtqbnpqd/Build/Intermediates.noindex/Supabase.build/Debug-iphoneos/PostgREST.build/DerivedSources/arm64 -Xcc -I/Users/ryankanfer/Library/Developer/Xcode/DerivedData/HOMEY_Clean-gafualdnzupkfseuistvwtqbnpqd/Build/Intermediates.noindex/Supabase.build/Debug-iphoneos/PostgREST.build/DerivedSources -Xcc -DSWIFT_PACKAGE -Xcc -DDEBUG\=1 -emit-objc-header -emit-objc-header-path /Users/ryankanfer/Library/Developer/Xcode/DerivedData/HOMEY_Clean-gafualdnzupkfseuistvwtqbnpqd/Build/Intermediates.noindex/Supabase.build/Debug-iphoneos/PostgREST.build/Objects-normal/arm64/PostgREST-Swift.h -working-directory /Users/ryankanfer/Documents/Developer/HOMEY\ Clean/HOMEY\ Clean.xcodeproj -experimental-emit-module-separately -disable-cmo

RegisterExecutionPolicyException /Users/ryankanfer/Library/Developer/Xcode/DerivedData/HOMEY_Clean-gafualdnzupkfseuistvwtqbnpqd/Build/Products/Debug-iphoneos/Clocks.o (in target 'Clocks' from project 'swift-clocks')
    cd /Users/ryankanfer/Library/Developer/Xcode/DerivedData/HOMEY_Clean-gafualdnzupkfseuistvwtqbnpqd/SourcePackages/checkouts/swift-clocks
    builtin-RegisterExecutionPolicyException /Users/ryankanfer/Library/Developer/Xcode/DerivedData/HOMEY_Clean-gafualdnzupkfseuistvwtqbnpqd/Build/Products/Debug-iphoneos/Clocks.o

SwiftDriver Functions normal arm64 com.apple.xcode.tools.swift.compiler (in target 'Functions' from project 'Supabase')
    cd /Users/ryankanfer/Documents/Developer/HOMEY\ Clean/HOMEY\ Clean.xcodeproj
    builtin-SwiftDriver -- /Applications/Xcode.app/Contents/Developer/Toolchains/XcodeDefault.xctoolchain/usr/bin/swiftc -module-name Functions -Onone -enforce-exclusivity\=checked @/Users/ryankanfer/Library/Developer/Xcode/DerivedData/HOMEY_Clean-gafualdnzupkfseuistvwtqbnpqd/Build/Intermediates.noindex/Supabase.build/Debug-iphoneos/Functions.build/Objects-normal/arm64/Functions.SwiftFileList -DSWIFT_PACKAGE -DDEBUG -DSWIFT_MODULE_RESOURCE_BUNDLE_UNAVAILABLE -DXcode -enable-upcoming-feature ExistentialAny -enable-experimental-feature StrictConcurrency -plugin-path /Applications/Xcode.app/Contents/Developer/Toolchains/XcodeDefault.xctoolchain/usr/lib/swift/host/plugins/testing -enable-experimental-feature DebugDescriptionMacro -sdk /Applications/Xcode.app/Contents/Developer/Platforms/iPhoneOS.platform/Developer/SDKs/iPhoneOS26.0.sdk -target arm64-apple-ios13.0 -g -module-cache-path /Users/ryankanfer/Library/Developer/Xcode/DerivedData/ModuleCache.noindex -Xfrontend -serialize-debugging-options -profile-coverage-mapping -profile-generate -enable-testing -suppress-warnings -index-store-path /Users/ryankanfer/Library/Developer/Xcode/DerivedData/HOMEY_Clean-gafualdnzupkfseuistvwtqbnpqd/Index.noindex/DataStore -Xcc -D_LIBCPP_HARDENING_MODE\=_LIBCPP_HARDENING_MODE_DEBUG -swift-version 5 -I /Users/ryankanfer/Library/Developer/Xcode/DerivedData/HOMEY_Clean-gafualdnzupkfseuistvwtqbnpqd/Build/Products/Debug-iphoneos -Isystem /Applications/Xcode.app/Contents/Developer/Platforms/iPhoneOS.platform/Developer/usr/lib -F /Users/ryankanfer/Library/Developer/Xcode/DerivedData/HOMEY_Clean-gafualdnzupkfseuistvwtqbnpqd/Build/Products/Debug-iphoneos/PackageFrameworks -F /Users/ryankanfer/Library/Developer/Xcode/DerivedData/HOMEY_Clean-gafualdnzupkfseuistvwtqbnpqd/Build/Products/Debug-iphoneos/PackageFrameworks -F /Users/ryankanfer/Library/Developer/Xcode/DerivedData/HOMEY_Clean-gafualdnzupkfseuistvwtqbnpqd/Build/Products/Debug-iphoneos/PackageFrameworks -F /Users/ryankanfer/Library/Developer/Xcode/DerivedData/HOMEY_Clean-gafualdnzupkfseuistvwtqbnpqd/Build/Products/Debug-iphoneos/PackageFrameworks -F /Users/ryankanfer/Library/Developer/Xcode/DerivedData/HOMEY_Clean-gafualdnzupkfseuistvwtqbnpqd/Build/Products/Debug-iphoneos/PackageFrameworks -F /Users/ryankanfer/Library/Developer/Xcode/DerivedData/HOMEY_Clean-gafualdnzupkfseuistvwtqbnpqd/Build/Products/Debug-iphoneos/PackageFrameworks -F /Users/ryankanfer/Library/Developer/Xcode/DerivedData/HOMEY_Clean-gafualdnzupkfseuistvwtqbnpqd/Build/Products/Debug-iphoneos/PackageFrameworks -F /Users/ryankanfer/Library/Developer/Xcode/DerivedData/HOMEY_Clean-gafualdnzupkfseuistvwtqbnpqd/Build/Products/Debug-iphoneos -F /Applications/Xcode.app/Contents/Developer/Platforms/iPhoneOS.platform/Developer/Library/Frameworks -F /Applications/Xcode.app/Contents/Developer/Platforms/iPhoneOS.platform/Developer/SDKs/iPhoneOS26.0.sdk/Developer/Library/Frameworks -c -j8 -enable-batch-mode -incremental -Xcc -ivfsstatcache -Xcc /Users/ryankanfer/Library/Developer/Xcode/DerivedData/SDKStatCaches.noindex/iphoneos26.0-23A339-81ce72e5b06c9602b9d30b56f2eed08a.sdkstatcache -output-file-map /Users/ryankanfer/Library/Developer/Xcode/DerivedData/HOMEY_Clean-gafualdnzupkfseuistvwtqbnpqd/Build/Intermediates.noindex/Supabase.build/Debug-iphoneos/Functions.build/Objects-normal/arm64/Functions-OutputFileMap.json -use-frontend-parseable-output -save-temps -no-color-diagnostics -explicit-module-build -module-cache-path /Users/ryankanfer/Library/Developer/Xcode/DerivedData/HOMEY_Clean-gafualdnzupkfseuistvwtqbnpqd/Build/Intermediates.noindex/SwiftExplicitPrecompiledModules -clang-scanner-module-cache-path /Users/ryankanfer/Library/Developer/Xcode/DerivedData/ModuleCache.noindex -sdk-module-cache-path /Users/ryankanfer/Library/Developer/Xcode/DerivedData/ModuleCache.noindex -serialize-diagnostics -emit-dependencies -emit-module -emit-module-path /Users/ryankanfer/Library/Developer/Xcode/DerivedData/HOMEY_Clean-gafualdnzupkfseuistvwtqbnpqd/Build/Intermediates.noindex/Supabase.build/Debug-iphoneos/Functions.build/Objects-normal/arm64/Functions.swiftmodule -validate-clang-modules-once -clang-build-session-file /Users/ryankanfer/Library/Developer/Xcode/DerivedData/ModuleCache.noindex/Session.modulevalidation -package-name supabase_swift -Xcc -I/Users/ryankanfer/Library/Developer/Xcode/DerivedData/HOMEY_Clean-gafualdnzupkfseuistvwtqbnpqd/Build/Intermediates.noindex/Supabase.build/Debug-iphoneos/Functions.build/swift-overrides.hmap -emit-const-values -Xfrontend -const-gather-protocols-file -Xfrontend /Users/ryankanfer/Library/Developer/Xcode/DerivedData/HOMEY_Clean-gafualdnzupkfseuistvwtqbnpqd/Build/Intermediates.noindex/Supabase.build/Debug-iphoneos/Functions.build/Objects-normal/arm64/Functions_const_extract_protocols.json -Xcc -I/Users/ryankanfer/Library/Developer/Xcode/DerivedData/HOMEY_Clean-gafualdnzupkfseuistvwtqbnpqd/Build/Products/Debug-iphoneos/include -Xcc -I/Users/ryankanfer/Library/Developer/Xcode/DerivedData/HOMEY_Clean-gafualdnzupkfseuistvwtqbnpqd/Build/Intermediates.noindex/Supabase.build/Debug-iphoneos/Functions.build/DerivedSources-normal/arm64 -Xcc -I/Users/ryankanfer/Library/Developer/Xcode/DerivedData/HOMEY_Clean-gafualdnzupkfseuistvwtqbnpqd/Build/Intermediates.noindex/Supabase.build/Debug-iphoneos/Functions.build/DerivedSources/arm64 -Xcc -I/Users/ryankanfer/Library/Developer/Xcode/DerivedData/HOMEY_Clean-gafualdnzupkfseuistvwtqbnpqd/Build/Intermediates.noindex/Supabase.build/Debug-iphoneos/Functions.build/DerivedSources -Xcc -DSWIFT_PACKAGE -Xcc -DDEBUG\=1 -emit-objc-header -emit-objc-header-path /Users/ryankanfer/Library/Developer/Xcode/DerivedData/HOMEY_Clean-gafualdnzupkfseuistvwtqbnpqd/Build/Intermediates.noindex/Supabase.build/Debug-iphoneos/Functions.build/Objects-normal/arm64/Functions-Swift.h -working-directory /Users/ryankanfer/Documents/Developer/HOMEY\ Clean/HOMEY\ Clean.xcodeproj -experimental-emit-module-separately -disable-cmo

SwiftDriverJobDiscovery normal arm64 Compiling HTTPRequest.swift, HTTPResponse.swift, LoggerInterceptor.swift (in target 'Helpers' from project 'Supabase')

SwiftDriver Auth normal arm64 com.apple.xcode.tools.swift.compiler (in target 'Auth' from project 'Supabase')
    cd /Users/ryankanfer/Documents/Developer/HOMEY\ Clean/HOMEY\ Clean.xcodeproj
    builtin-SwiftDriver -- /Applications/Xcode.app/Contents/Developer/Toolchains/XcodeDefault.xctoolchain/usr/bin/swiftc -module-name Auth -Onone -enforce-exclusivity\=checked @/Users/ryankanfer/Library/Developer/Xcode/DerivedData/HOMEY_Clean-gafualdnzupkfseuistvwtqbnpqd/Build/Intermediates.noindex/Supabase.build/Debug-iphoneos/Auth.build/Objects-normal/arm64/Auth.SwiftFileList -DSWIFT_PACKAGE -DDEBUG -DSWIFT_MODULE_RESOURCE_BUNDLE_UNAVAILABLE -DXcode -enable-upcoming-feature ExistentialAny -enable-experimental-feature StrictConcurrency -plugin-path /Applications/Xcode.app/Contents/Developer/Toolchains/XcodeDefault.xctoolchain/usr/lib/swift/host/plugins/testing -enable-experimental-feature DebugDescriptionMacro -sdk /Applications/Xcode.app/Contents/Developer/Platforms/iPhoneOS.platform/Developer/SDKs/iPhoneOS26.0.sdk -target arm64-apple-ios13.0 -g -module-cache-path /Users/ryankanfer/Library/Developer/Xcode/DerivedData/ModuleCache.noindex -Xfrontend -serialize-debugging-options -profile-coverage-mapping -profile-generate -enable-testing -suppress-warnings -index-store-path /Users/ryankanfer/Library/Developer/Xcode/DerivedData/HOMEY_Clean-gafualdnzupkfseuistvwtqbnpqd/Index.noindex/DataStore -Xcc -D_LIBCPP_HARDENING_MODE\=_LIBCPP_HARDENING_MODE_DEBUG -swift-version 5 -I /Users/ryankanfer/Library/Developer/Xcode/DerivedData/HOMEY_Clean-gafualdnzupkfseuistvwtqbnpqd/Build/Products/Debug-iphoneos -Isystem /Applications/Xcode.app/Contents/Developer/Platforms/iPhoneOS.platform/Developer/usr/lib -F /Users/ryankanfer/Library/Developer/Xcode/DerivedData/HOMEY_Clean-gafualdnzupkfseuistvwtqbnpqd/Build/Products/Debug-iphoneos/PackageFrameworks -F /Users/ryankanfer/Library/Developer/Xcode/DerivedData/HOMEY_Clean-gafualdnzupkfseuistvwtqbnpqd/Build/Products/Debug-iphoneos/PackageFrameworks -F /Users/ryankanfer/Library/Developer/Xcode/DerivedData/HOMEY_Clean-gafualdnzupkfseuistvwtqbnpqd/Build/Products/Debug-iphoneos/PackageFrameworks -F /Users/ryankanfer/Library/Developer/Xcode/DerivedData/HOMEY_Clean-gafualdnzupkfseuistvwtqbnpqd/Build/Products/Debug-iphoneos/PackageFrameworks -F /Users/ryankanfer/Library/Developer/Xcode/DerivedData/HOMEY_Clean-gafualdnzupkfseuistvwtqbnpqd/Build/Products/Debug-iphoneos/PackageFrameworks -F /Users/ryankanfer/Library/Developer/Xcode/DerivedData/HOMEY_Clean-gafualdnzupkfseuistvwtqbnpqd/Build/Products/Debug-iphoneos/PackageFrameworks -F /Users/ryankanfer/Library/Developer/Xcode/DerivedData/HOMEY_Clean-gafualdnzupkfseuistvwtqbnpqd/Build/Products/Debug-iphoneos/PackageFrameworks -F /Users/ryankanfer/Library/Developer/Xcode/DerivedData/HOMEY_Clean-gafualdnzupkfseuistvwtqbnpqd/Build/Products/Debug-iphoneos/PackageFrameworks -F /Users/ryankanfer/Library/Developer/Xcode/DerivedData/HOMEY_Clean-gafualdnzupkfseuistvwtqbnpqd/Build/Products/Debug-iphoneos -F /Applications/Xcode.app/Contents/Developer/Platforms/iPhoneOS.platform/Developer/Library/Frameworks -F /Applications/Xcode.app/Contents/Developer/Platforms/iPhoneOS.platform/Developer/SDKs/iPhoneOS26.0.sdk/Developer/Library/Frameworks -c -j8 -enable-batch-mode -incremental -Xcc -ivfsstatcache -Xcc /Users/ryankanfer/Library/Developer/Xcode/DerivedData/SDKStatCaches.noindex/iphoneos26.0-23A339-81ce72e5b06c9602b9d30b56f2eed08a.sdkstatcache -output-file-map /Users/ryankanfer/Library/Developer/Xcode/DerivedData/HOMEY_Clean-gafualdnzupkfseuistvwtqbnpqd/Build/Intermediates.noindex/Supabase.build/Debug-iphoneos/Auth.build/Objects-normal/arm64/Auth-OutputFileMap.json -use-frontend-parseable-output -save-temps -no-color-diagnostics -explicit-module-build -module-cache-path /Users/ryankanfer/Library/Developer/Xcode/DerivedData/HOMEY_Clean-gafualdnzupkfseuistvwtqbnpqd/Build/Intermediates.noindex/SwiftExplicitPrecompiledModules -clang-scanner-module-cache-path /Users/ryankanfer/Library/Developer/Xcode/DerivedData/ModuleCache.noindex -sdk-module-cache-path /Users/ryankanfer/Library/Developer/Xcode/DerivedData/ModuleCache.noindex -serialize-diagnostics -emit-dependencies -emit-module -emit-module-path /Users/ryankanfer/Library/Developer/Xcode/DerivedData/HOMEY_Clean-gafualdnzupkfseuistvwtqbnpqd/Build/Intermediates.noindex/Supabase.build/Debug-iphoneos/Auth.build/Objects-normal/arm64/Auth.swiftmodule -validate-clang-modules-once -clang-build-session-file /Users/ryankanfer/Library/Developer/Xcode/DerivedData/ModuleCache.noindex/Session.modulevalidation -package-name supabase_swift -Xcc -I/Users/ryankanfer/Library/Developer/Xcode/DerivedData/HOMEY_Clean-gafualdnzupkfseuistvwtqbnpqd/Build/Intermediates.noindex/Supabase.build/Debug-iphoneos/Auth.build/swift-overrides.hmap -emit-const-values -Xfrontend -const-gather-protocols-file -Xfrontend /Users/ryankanfer/Library/Developer/Xcode/DerivedData/HOMEY_Clean-gafualdnzupkfseuistvwtqbnpqd/Build/Intermediates.noindex/Supabase.build/Debug-iphoneos/Auth.build/Objects-normal/arm64/Auth_const_extract_protocols.json -Xcc -I/Users/ryankanfer/Library/Developer/Xcode/DerivedData/HOMEY_Clean-gafualdnzupkfseuistvwtqbnpqd/Build/Products/Debug-iphoneos/include -Xcc -I/Users/ryankanfer/Library/Developer/Xcode/DerivedData/HOMEY_Clean-gafualdnzupkfseuistvwtqbnpqd/Build/Intermediates.noindex/Supabase.build/Debug-iphoneos/Auth.build/DerivedSources-normal/arm64 -Xcc -I/Users/ryankanfer/Library/Developer/Xcode/DerivedData/HOMEY_Clean-gafualdnzupkfseuistvwtqbnpqd/Build/Intermediates.noindex/Supabase.build/Debug-iphoneos/Auth.build/DerivedSources/arm64 -Xcc -I/Users/ryankanfer/Library/Developer/Xcode/DerivedData/HOMEY_Clean-gafualdnzupkfseuistvwtqbnpqd/Build/Intermediates.noindex/Supabase.build/Debug-iphoneos/Auth.build/DerivedSources -Xcc -DSWIFT_PACKAGE -Xcc -DDEBUG\=1 -emit-objc-header -emit-objc-header-path /Users/ryankanfer/Library/Developer/Xcode/DerivedData/HOMEY_Clean-gafualdnzupkfseuistvwtqbnpqd/Build/Intermediates.noindex/Supabase.build/Debug-iphoneos/Auth.build/Objects-normal/arm64/Auth-Swift.h -working-directory /Users/ryankanfer/Documents/Developer/HOMEY\ Clean/HOMEY\ Clean.xcodeproj -experimental-emit-module-separately -disable-cmo

SwiftDriverJobDiscovery normal arm64 Compiling SupabaseLogger.swift, HTTPError.swift, PostgrestError.swift (in target 'Helpers' from project 'Supabase')

SwiftDriverJobDiscovery normal arm64 Compiling Version.swift, _Clock.swift (in target 'Helpers' from project 'Supabase')

SwiftDriverJobDiscovery normal arm64 Compiling RetryRequestInterceptor.swift, JWT.swift, OSLogSupabaseLogger.swift (in target 'Helpers' from project 'Supabase')

SwiftDriver\ Compilation Helpers normal arm64 com.apple.xcode.tools.swift.compiler (in target 'Helpers' from project 'Supabase')
    cd /Users/ryankanfer/Documents/Developer/HOMEY\ Clean/HOMEY\ Clean.xcodeproj
    builtin-Swift-Compilation -- /Applications/Xcode.app/Contents/Developer/Toolchains/XcodeDefault.xctoolchain/usr/bin/swiftc -module-name Helpers -Onone -enforce-exclusivity\=checked @/Users/ryankanfer/Library/Developer/Xcode/DerivedData/HOMEY_Clean-gafualdnzupkfseuistvwtqbnpqd/Build/Intermediates.noindex/Supabase.build/Debug-iphoneos/Helpers.build/Objects-normal/arm64/Helpers.SwiftFileList -DSWIFT_PACKAGE -DDEBUG -DSWIFT_MODULE_RESOURCE_BUNDLE_UNAVAILABLE -DXcode -enable-upcoming-feature ExistentialAny -enable-experimental-feature StrictConcurrency -plugin-path /Applications/Xcode.app/Contents/Developer/Toolchains/XcodeDefault.xctoolchain/usr/lib/swift/host/plugins/testing -enable-experimental-feature DebugDescriptionMacro -sdk /Applications/Xcode.app/Contents/Developer/Platforms/iPhoneOS.platform/Developer/SDKs/iPhoneOS26.0.sdk -target arm64-apple-ios13.0 -g -module-cache-path /Users/ryankanfer/Library/Developer/Xcode/DerivedData/ModuleCache.noindex -Xfrontend -serialize-debugging-options -profile-coverage-mapping -profile-generate -enable-testing -suppress-warnings -index-store-path /Users/ryankanfer/Library/Developer/Xcode/DerivedData/HOMEY_Clean-gafualdnzupkfseuistvwtqbnpqd/Index.noindex/DataStore -Xcc -D_LIBCPP_HARDENING_MODE\=_LIBCPP_HARDENING_MODE_DEBUG -swift-version 5 -I /Users/ryankanfer/Library/Developer/Xcode/DerivedData/HOMEY_Clean-gafualdnzupkfseuistvwtqbnpqd/Build/Products/Debug-iphoneos -Isystem /Applications/Xcode.app/Contents/Developer/Platforms/iPhoneOS.platform/Developer/usr/lib -F /Users/ryankanfer/Library/Developer/Xcode/DerivedData/HOMEY_Clean-gafualdnzupkfseuistvwtqbnpqd/Build/Products/Debug-iphoneos/PackageFrameworks -F /Users/ryankanfer/Library/Developer/Xcode/DerivedData/HOMEY_Clean-gafualdnzupkfseuistvwtqbnpqd/Build/Products/Debug-iphoneos/PackageFrameworks -F /Users/ryankanfer/Library/Developer/Xcode/DerivedData/HOMEY_Clean-gafualdnzupkfseuistvwtqbnpqd/Build/Products/Debug-iphoneos/PackageFrameworks -F /Users/ryankanfer/Library/Developer/Xcode/DerivedData/HOMEY_Clean-gafualdnzupkfseuistvwtqbnpqd/Build/Products/Debug-iphoneos/PackageFrameworks -F /Users/ryankanfer/Library/Developer/Xcode/DerivedData/HOMEY_Clean-gafualdnzupkfseuistvwtqbnpqd/Build/Products/Debug-iphoneos/PackageFrameworks -F /Users/ryankanfer/Library/Developer/Xcode/DerivedData/HOMEY_Clean-gafualdnzupkfseuistvwtqbnpqd/Build/Products/Debug-iphoneos/PackageFrameworks -F /Users/ryankanfer/Library/Developer/Xcode/DerivedData/HOMEY_Clean-gafualdnzupkfseuistvwtqbnpqd/Build/Products/Debug-iphoneos -F /Applications/Xcode.app/Contents/Developer/Platforms/iPhoneOS.platform/Developer/Library/Frameworks -F /Applications/Xcode.app/Contents/Developer/Platforms/iPhoneOS.platform/Developer/SDKs/iPhoneOS26.0.sdk/Developer/Library/Frameworks -c -j8 -enable-batch-mode -incremental -Xcc -ivfsstatcache -Xcc /Users/ryankanfer/Library/Developer/Xcode/DerivedData/SDKStatCaches.noindex/iphoneos26.0-23A339-81ce72e5b06c9602b9d30b56f2eed08a.sdkstatcache -output-file-map /Users/ryankanfer/Library/Developer/Xcode/DerivedData/HOMEY_Clean-gafualdnzupkfseuistvwtqbnpqd/Build/Intermediates.noindex/Supabase.build/Debug-iphoneos/Helpers.build/Objects-normal/arm64/Helpers-OutputFileMap.json -use-frontend-parseable-output -save-temps -no-color-diagnostics -explicit-module-build -module-cache-path /Users/ryankanfer/Library/Developer/Xcode/DerivedData/HOMEY_Clean-gafualdnzupkfseuistvwtqbnpqd/Build/Intermediates.noindex/SwiftExplicitPrecompiledModules -clang-scanner-module-cache-path /Users/ryankanfer/Library/Developer/Xcode/DerivedData/ModuleCache.noindex -sdk-module-cache-path /Users/ryankanfer/Library/Developer/Xcode/DerivedData/ModuleCache.noindex -serialize-diagnostics -emit-dependencies -emit-module -emit-module-path /Users/ryankanfer/Library/Developer/Xcode/DerivedData/HOMEY_Clean-gafualdnzupkfseuistvwtqbnpqd/Build/Intermediates.noindex/Supabase.build/Debug-iphoneos/Helpers.build/Objects-normal/arm64/Helpers.swiftmodule -validate-clang-modules-once -clang-build-session-file /Users/ryankanfer/Library/Developer/Xcode/DerivedData/ModuleCache.noindex/Session.modulevalidation -package-name supabase_swift -Xcc -I/Users/ryankanfer/Library/Developer/Xcode/DerivedData/HOMEY_Clean-gafualdnzupkfseuistvwtqbnpqd/Build/Intermediates.noindex/Supabase.build/Debug-iphoneos/Helpers.build/swift-overrides.hmap -emit-const-values -Xfrontend -const-gather-protocols-file -Xfrontend /Users/ryankanfer/Library/Developer/Xcode/DerivedData/HOMEY_Clean-gafualdnzupkfseuistvwtqbnpqd/Build/Intermediates.noindex/Supabase.build/Debug-iphoneos/Helpers.build/Objects-normal/arm64/Helpers_const_extract_protocols.json -Xcc -I/Users/ryankanfer/Library/Developer/Xcode/DerivedData/HOMEY_Clean-gafualdnzupkfseuistvwtqbnpqd/Build/Products/Debug-iphoneos/include -Xcc -I/Users/ryankanfer/Library/Developer/Xcode/DerivedData/HOMEY_Clean-gafualdnzupkfseuistvwtqbnpqd/Build/Intermediates.noindex/Supabase.build/Debug-iphoneos/Helpers.build/DerivedSources-normal/arm64 -Xcc -I/Users/ryankanfer/Library/Developer/Xcode/DerivedData/HOMEY_Clean-gafualdnzupkfseuistvwtqbnpqd/Build/Intermediates.noindex/Supabase.build/Debug-iphoneos/Helpers.build/DerivedSources/arm64 -Xcc -I/Users/ryankanfer/Library/Developer/Xcode/DerivedData/HOMEY_Clean-gafualdnzupkfseuistvwtqbnpqd/Build/Intermediates.noindex/Supabase.build/Debug-iphoneos/Helpers.build/DerivedSources -Xcc -DSWIFT_PACKAGE -Xcc -DDEBUG\=1 -emit-objc-header -emit-objc-header-path /Users/ryankanfer/Library/Developer/Xcode/DerivedData/HOMEY_Clean-gafualdnzupkfseuistvwtqbnpqd/Build/Intermediates.noindex/Supabase.build/Debug-iphoneos/Helpers.build/Objects-normal/arm64/Helpers-Swift.h -working-directory /Users/ryankanfer/Documents/Developer/HOMEY\ Clean/HOMEY\ Clean.xcodeproj -experimental-emit-module-separately -disable-cmo

Ld /Users/ryankanfer/Library/Developer/Xcode/DerivedData/HOMEY_Clean-gafualdnzupkfseuistvwtqbnpqd/Build/Products/Debug-iphoneos/Helpers.o normal (in target 'Helpers' from project 'Supabase')
    cd /Users/ryankanfer/Library/Developer/Xcode/DerivedData/HOMEY_Clean-gafualdnzupkfseuistvwtqbnpqd/SourcePackages/checkouts/supabase-swift
    /Applications/Xcode.app/Contents/Developer/Toolchains/XcodeDefault.xctoolchain/usr/bin/clang -Xlinker -reproducible -target arm64-apple-ios13.0 -r -isysroot /Applications/Xcode.app/Contents/Developer/Platforms/iPhoneOS.platform/Developer/SDKs/iPhoneOS26.0.sdk -O0 -w -L/Users/ryankanfer/Library/Developer/Xcode/DerivedData/HOMEY_Clean-gafualdnzupkfseuistvwtqbnpqd/Build/Intermediates.noindex/EagerLinkingTBDs/Debug-iphoneos -L/Users/ryankanfer/Library/Developer/Xcode/DerivedData/HOMEY_Clean-gafualdnzupkfseuistvwtqbnpqd/Build/Products/Debug-iphoneos -L/Applications/Xcode.app/Contents/Developer/Platforms/iPhoneOS.platform/Developer/usr/lib -F/Users/ryankanfer/Library/Developer/Xcode/DerivedData/HOMEY_Clean-gafualdnzupkfseuistvwtqbnpqd/Build/Intermediates.noindex/EagerLinkingTBDs/Debug-iphoneos -F/Users/ryankanfer/Library/Developer/Xcode/DerivedData/HOMEY_Clean-gafualdnzupkfseuistvwtqbnpqd/Build/Products/Debug-iphoneos/PackageFrameworks -F/Users/ryankanfer/Library/Developer/Xcode/DerivedData/HOMEY_Clean-gafualdnzupkfseuistvwtqbnpqd/Build/Products/Debug-iphoneos/PackageFrameworks -F/Users/ryankanfer/Library/Developer/Xcode/DerivedData/HOMEY_Clean-gafualdnzupkfseuistvwtqbnpqd/Build/Products/Debug-iphoneos/PackageFrameworks -F/Users/ryankanfer/Library/Developer/Xcode/DerivedData/HOMEY_Clean-gafualdnzupkfseuistvwtqbnpqd/Build/Products/Debug-iphoneos/PackageFrameworks -F/Users/ryankanfer/Library/Developer/Xcode/DerivedData/HOMEY_Clean-gafualdnzupkfseuistvwtqbnpqd/Build/Products/Debug-iphoneos/PackageFrameworks -F/Users/ryankanfer/Library/Developer/Xcode/DerivedData/HOMEY_Clean-gafualdnzupkfseuistvwtqbnpqd/Build/Products/Debug-iphoneos/PackageFrameworks -F/Users/ryankanfer/Library/Developer/Xcode/DerivedData/HOMEY_Clean-gafualdnzupkfseuistvwtqbnpqd/Build/Products/Debug-iphoneos -iframework /Applications/Xcode.app/Contents/Developer/Platforms/iPhoneOS.platform/Developer/Library/Frameworks -iframework /Applications/Xcode.app/Contents/Developer/Platforms/iPhoneOS.platform/Developer/SDKs/iPhoneOS26.0.sdk/Developer/Library/Frameworks -filelist /Users/ryankanfer/Library/Developer/Xcode/DerivedData/HOMEY_Clean-gafualdnzupkfseuistvwtqbnpqd/Build/Intermediates.noindex/Supabase.build/Debug-iphoneos/Helpers.build/Objects-normal/arm64/Helpers.LinkFileList -nostdlib -Xlinker -object_path_lto -Xlinker /Users/ryankanfer/Library/Developer/Xcode/DerivedData/HOMEY_Clean-gafualdnzupkfseuistvwtqbnpqd/Build/Intermediates.noindex/Supabase.build/Debug-iphoneos/Helpers.build/Objects-normal/arm64/Helpers_lto.o -rdynamic -Xlinker -no_deduplicate -Xlinker -debug_variant -Xlinker -dependency_info -Xlinker /Users/ryankanfer/Library/Developer/Xcode/DerivedData/HOMEY_Clean-gafualdnzupkfseuistvwtqbnpqd/Build/Intermediates.noindex/Supabase.build/Debug-iphoneos/Helpers.build/Objects-normal/arm64/Helpers_dependency_info.dat -fobjc-link-runtime -L/Applications/Xcode.app/Contents/Developer/Toolchains/XcodeDefault.xctoolchain/usr/lib/swift/iphoneos -L/usr/lib/swift -Xlinker -add_ast_path -Xlinker /Users/ryankanfer/Library/Developer/Xcode/DerivedData/HOMEY_Clean-gafualdnzupkfseuistvwtqbnpqd/Build/Intermediates.noindex/Supabase.build/Debug-iphoneos/Helpers.build/Objects-normal/arm64/Helpers.swiftmodule @/Users/ryankanfer/Library/Developer/Xcode/DerivedData/HOMEY_Clean-gafualdnzupkfseuistvwtqbnpqd/Build/Intermediates.noindex/Supabase.build/Debug-iphoneos/Helpers.build/Objects-normal/arm64/Helpers-linker-args.resp -o /Users/ryankanfer/Library/Developer/Xcode/DerivedData/HOMEY_Clean-gafualdnzupkfseuistvwtqbnpqd/Build/Products/Debug-iphoneos/Helpers.o

SwiftCompile normal arm64 Compiling\ Types.swift /Users/ryankanfer/Library/Developer/Xcode/DerivedData/HOMEY_Clean-gafualdnzupkfseuistvwtqbnpqd/SourcePackages/checkouts/supabase-swift/Sources/Storage/Types.swift (in target 'Storage' from project 'Supabase')
SwiftCompile normal arm64 /Users/ryankanfer/Library/Developer/Xcode/DerivedData/HOMEY_Clean-gafualdnzupkfseuistvwtqbnpqd/SourcePackages/checkouts/supabase-swift/Sources/Storage/Types.swift (in target 'Storage' from project 'Supabase')
    cd /Users/ryankanfer/Documents/Developer/HOMEY\ Clean/HOMEY\ Clean.xcodeproj
    

SwiftEmitModule normal arm64 Emitting\ module\ for\ Storage (in target 'Storage' from project 'Supabase')

EmitSwiftModule normal arm64 (in target 'Storage' from project 'Supabase')
    cd /Users/ryankanfer/Documents/Developer/HOMEY\ Clean/HOMEY\ Clean.xcodeproj
    

SwiftCompile normal arm64 Compiling\ Deprecated.swift,\ Exports.swift /Users/ryankanfer/Library/Developer/Xcode/DerivedData/HOMEY_Clean-gafualdnzupkfseuistvwtqbnpqd/SourcePackages/checkouts/supabase-swift/Sources/Storage/Deprecated.swift /Users/ryankanfer/Library/Developer/Xcode/DerivedData/HOMEY_Clean-gafualdnzupkfseuistvwtqbnpqd/SourcePackages/checkouts/supabase-swift/Sources/Storage/Exports.swift (in target 'Storage' from project 'Supabase')

SwiftCompile normal arm64 /Users/ryankanfer/Library/Developer/Xcode/DerivedData/HOMEY_Clean-gafualdnzupkfseuistvwtqbnpqd/SourcePackages/checkouts/supabase-swift/Sources/Storage/Deprecated.swift (in target 'Storage' from project 'Supabase')
    cd /Users/ryankanfer/Documents/Developer/HOMEY\ Clean/HOMEY\ Clean.xcodeproj
    

SwiftCompile normal arm64 /Users/ryankanfer/Library/Developer/Xcode/DerivedData/HOMEY_Clean-gafualdnzupkfseuistvwtqbnpqd/SourcePackages/checkouts/supabase-swift/Sources/Storage/Exports.swift (in target 'Storage' from project 'Supabase')
    cd /Users/ryankanfer/Documents/Developer/HOMEY\ Clean/HOMEY\ Clean.xcodeproj
    

SwiftCompile normal arm64 Compiling\ StorageError.swift,\ StorageFileApi.swift /Users/ryankanfer/Library/Developer/Xcode/DerivedData/HOMEY_Clean-gafualdnzupkfseuistvwtqbnpqd/SourcePackages/checkouts/supabase-swift/Sources/Storage/StorageError.swift /Users/ryankanfer/Library/Developer/Xcode/DerivedData/HOMEY_Clean-gafualdnzupkfseuistvwtqbnpqd/SourcePackages/checkouts/supabase-swift/Sources/Storage/StorageFileApi.swift (in target 'Storage' from project 'Supabase')
SwiftCompile normal arm64 /Users/ryankanfer/Library/Developer/Xcode/DerivedData/HOMEY_Clean-gafualdnzupkfseuistvwtqbnpqd/SourcePackages/checkouts/supabase-swift/Sources/Storage/StorageError.swift (in target 'Storage' from project 'Supabase')
    cd /Users/ryankanfer/Documents/Developer/HOMEY\ Clean/HOMEY\ Clean.xcodeproj
    

SwiftCompile normal arm64 /Users/ryankanfer/Library/Developer/Xcode/DerivedData/HOMEY_Clean-gafualdnzupkfseuistvwtqbnpqd/SourcePackages/checkouts/supabase-swift/Sources/Storage/StorageFileApi.swift (in target 'Storage' from project 'Supabase')
    cd /Users/ryankanfer/Documents/Developer/HOMEY\ Clean/HOMEY\ Clean.xcodeproj
    

SwiftCompile normal arm64 Compiling\ TransformOptions.swift /Users/ryankanfer/Library/Developer/Xcode/DerivedData/HOMEY_Clean-gafualdnzupkfseuistvwtqbnpqd/SourcePackages/checkouts/supabase-swift/Sources/Storage/TransformOptions.swift (in target 'Storage' from project 'Supabase')

SwiftCompile normal arm64 /Users/ryankanfer/Library/Developer/Xcode/DerivedData/HOMEY_Clean-gafualdnzupkfseuistvwtqbnpqd/SourcePackages/checkouts/supabase-swift/Sources/Storage/TransformOptions.swift (in target 'Storage' from project 'Supabase')
    cd /Users/ryankanfer/Documents/Developer/HOMEY\ Clean/HOMEY\ Clean.xcodeproj
    

SwiftEmitModule normal arm64 Emitting\ module\ for\ Realtime (in target 'Realtime' from project 'Supabase')

EmitSwiftModule normal arm64 (in target 'Realtime' from project 'Supabase')
    cd /Users/ryankanfer/Documents/Developer/HOMEY\ Clean/HOMEY\ Clean.xcodeproj
    

SwiftEmitModule normal arm64 Emitting\ module\ for\ Functions (in target 'Functions' from project 'Supabase')

EmitSwiftModule normal arm64 (in target 'Functions' from project 'Supabase')
    cd /Users/ryankanfer/Documents/Developer/HOMEY\ Clean/HOMEY\ Clean.xcodeproj
    

SwiftEmitModule normal arm64 Emitting\ module\ for\ PostgREST (in target 'PostgREST' from project 'Supabase')

EmitSwiftModule normal arm64 (in target 'PostgREST' from project 'Supabase')
    cd /Users/ryankanfer/Documents/Developer/HOMEY\ Clean/HOMEY\ Clean.xcodeproj
    

SwiftEmitModule normal arm64 Emitting\ module\ for\ Auth (in target 'Auth' from project 'Supabase')
EmitSwiftModule normal arm64 (in target 'Auth' from project 'Supabase')
    cd /Users/ryankanfer/Documents/Developer/HOMEY\ Clean/HOMEY\ Clean.xcodeproj
    

SwiftDriverJobDiscovery normal arm64 Compiling Deprecated.swift, Exports.swift (in target 'Storage' from project 'Supabase')

SwiftCompile normal arm64 Compiling\ StorageApi.swift,\ StorageBucketApi.swift /Users/ryankanfer/Library/Developer/Xcode/DerivedData/HOMEY_Clean-gafualdnzupkfseuistvwtqbnpqd/SourcePackages/checkouts/supabase-swift/Sources/Storage/StorageApi.swift /Users/ryankanfer/Library/Developer/Xcode/DerivedData/HOMEY_Clean-gafualdnzupkfseuistvwtqbnpqd/SourcePackages/checkouts/supabase-swift/Sources/Storage/StorageBucketApi.swift (in target 'Storage' from project 'Supabase')

SwiftCompile normal arm64 /Users/ryankanfer/Library/Developer/Xcode/DerivedData/HOMEY_Clean-gafualdnzupkfseuistvwtqbnpqd/SourcePackages/checkouts/supabase-swift/Sources/Storage/StorageApi.swift (in target 'Storage' from project 'Supabase')
    cd /Users/ryankanfer/Documents/Developer/HOMEY\ Clean/HOMEY\ Clean.xcodeproj
    

SwiftCompile normal arm64 /Users/ryankanfer/Library/Developer/Xcode/DerivedData/HOMEY_Clean-gafualdnzupkfseuistvwtqbnpqd/SourcePackages/checkouts/supabase-swift/Sources/Storage/StorageBucketApi.swift (in target 'Storage' from project 'Supabase')
    cd /Users/ryankanfer/Documents/Developer/HOMEY\ Clean/HOMEY\ Clean.xcodeproj
    

SwiftDriverJobDiscovery normal arm64 Emitting module for Storage (in target 'Storage' from project 'Supabase')

SwiftDriver\ Compilation\ Requirements Storage normal arm64 com.apple.xcode.tools.swift.compiler (in target 'Storage' from project 'Supabase')
    cd /Users/ryankanfer/Documents/Developer/HOMEY\ Clean/HOMEY\ Clean.xcodeproj
    builtin-Swift-Compilation-Requirements -- /Applications/Xcode.app/Contents/Developer/Toolchains/XcodeDefault.xctoolchain/usr/bin/swiftc -module-name Storage -Onone -enforce-exclusivity\=checked @/Users/ryankanfer/Library/Developer/Xcode/DerivedData/HOMEY_Clean-gafualdnzupkfseuistvwtqbnpqd/Build/Intermediates.noindex/Supabase.build/Debug-iphoneos/Storage.build/Objects-normal/arm64/Storage.SwiftFileList -DSWIFT_PACKAGE -DDEBUG -DSWIFT_MODULE_RESOURCE_BUNDLE_UNAVAILABLE -DXcode -enable-upcoming-feature ExistentialAny -enable-experimental-feature StrictConcurrency -plugin-path /Applications/Xcode.app/Contents/Developer/Toolchains/XcodeDefault.xctoolchain/usr/lib/swift/host/plugins/testing -enable-experimental-feature DebugDescriptionMacro -sdk /Applications/Xcode.app/Contents/Developer/Platforms/iPhoneOS.platform/Developer/SDKs/iPhoneOS26.0.sdk -target arm64-apple-ios13.0 -g -module-cache-path /Users/ryankanfer/Library/Developer/Xcode/DerivedData/ModuleCache.noindex -Xfrontend -serialize-debugging-options -profile-coverage-mapping -profile-generate -enable-testing -suppress-warnings -index-store-path /Users/ryankanfer/Library/Developer/Xcode/DerivedData/HOMEY_Clean-gafualdnzupkfseuistvwtqbnpqd/Index.noindex/DataStore -Xcc -D_LIBCPP_HARDENING_MODE\=_LIBCPP_HARDENING_MODE_DEBUG -swift-version 5 -I /Users/ryankanfer/Library/Developer/Xcode/DerivedData/HOMEY_Clean-gafualdnzupkfseuistvwtqbnpqd/Build/Products/Debug-iphoneos -Isystem /Applications/Xcode.app/Contents/Developer/Platforms/iPhoneOS.platform/Developer/usr/lib -F /Users/ryankanfer/Library/Developer/Xcode/DerivedData/HOMEY_Clean-gafualdnzupkfseuistvwtqbnpqd/Build/Products/Debug-iphoneos/PackageFrameworks -F /Users/ryankanfer/Library/Developer/Xcode/DerivedData/HOMEY_Clean-gafualdnzupkfseuistvwtqbnpqd/Build/Products/Debug-iphoneos/PackageFrameworks -F /Users/ryankanfer/Library/Developer/Xcode/DerivedData/HOMEY_Clean-gafualdnzupkfseuistvwtqbnpqd/Build/Products/Debug-iphoneos/PackageFrameworks -F /Users/ryankanfer/Library/Developer/Xcode/DerivedData/HOMEY_Clean-gafualdnzupkfseuistvwtqbnpqd/Build/Products/Debug-iphoneos/PackageFrameworks -F /Users/ryankanfer/Library/Developer/Xcode/DerivedData/HOMEY_Clean-gafualdnzupkfseuistvwtqbnpqd/Build/Products/Debug-iphoneos/PackageFrameworks -F /Users/ryankanfer/Library/Developer/Xcode/DerivedData/HOMEY_Clean-gafualdnzupkfseuistvwtqbnpqd/Build/Products/Debug-iphoneos/PackageFrameworks -F /Users/ryankanfer/Library/Developer/Xcode/DerivedData/HOMEY_Clean-gafualdnzupkfseuistvwtqbnpqd/Build/Products/Debug-iphoneos/PackageFrameworks -F /Users/ryankanfer/Library/Developer/Xcode/DerivedData/HOMEY_Clean-gafualdnzupkfseuistvwtqbnpqd/Build/Products/Debug-iphoneos -F /Applications/Xcode.app/Contents/Developer/Platforms/iPhoneOS.platform/Developer/Library/Frameworks -F /Applications/Xcode.app/Contents/Developer/Platforms/iPhoneOS.platform/Developer/SDKs/iPhoneOS26.0.sdk/Developer/Library/Frameworks -c -j8 -enable-batch-mode -incremental -Xcc -ivfsstatcache -Xcc /Users/ryankanfer/Library/Developer/Xcode/DerivedData/SDKStatCaches.noindex/iphoneos26.0-23A339-81ce72e5b06c9602b9d30b56f2eed08a.sdkstatcache -output-file-map /Users/ryankanfer/Library/Developer/Xcode/DerivedData/HOMEY_Clean-gafualdnzupkfseuistvwtqbnpqd/Build/Intermediates.noindex/Supabase.build/Debug-iphoneos/Storage.build/Objects-normal/arm64/Storage-OutputFileMap.json -use-frontend-parseable-output -save-temps -no-color-diagnostics -explicit-module-build -module-cache-path /Users/ryankanfer/Library/Developer/Xcode/DerivedData/HOMEY_Clean-gafualdnzupkfseuistvwtqbnpqd/Build/Intermediates.noindex/SwiftExplicitPrecompiledModules -clang-scanner-module-cache-path /Users/ryankanfer/Library/Developer/Xcode/DerivedData/ModuleCache.noindex -sdk-module-cache-path /Users/ryankanfer/Library/Developer/Xcode/DerivedData/ModuleCache.noindex -serialize-diagnostics -emit-dependencies -emit-module -emit-module-path /Users/ryankanfer/Library/Developer/Xcode/DerivedData/HOMEY_Clean-gafualdnzupkfseuistvwtqbnpqd/Build/Intermediates.noindex/Supabase.build/Debug-iphoneos/Storage.build/Objects-normal/arm64/Storage.swiftmodule -validate-clang-modules-once -clang-build-session-file /Users/ryankanfer/Library/Developer/Xcode/DerivedData/ModuleCache.noindex/Session.modulevalidation -package-name supabase_swift -Xcc -I/Users/ryankanfer/Library/Developer/Xcode/DerivedData/HOMEY_Clean-gafualdnzupkfseuistvwtqbnpqd/Build/Intermediates.noindex/Supabase.build/Debug-iphoneos/Storage.build/swift-overrides.hmap -emit-const-values -Xfrontend -const-gather-protocols-file -Xfrontend /Users/ryankanfer/Library/Developer/Xcode/DerivedData/HOMEY_Clean-gafualdnzupkfseuistvwtqbnpqd/Build/Intermediates.noindex/Supabase.build/Debug-iphoneos/Storage.build/Objects-normal/arm64/Storage_const_extract_protocols.json -Xcc -I/Users/ryankanfer/Library/Developer/Xcode/DerivedData/HOMEY_Clean-gafualdnzupkfseuistvwtqbnpqd/Build/Products/Debug-iphoneos/include -Xcc -I/Users/ryankanfer/Library/Developer/Xcode/DerivedData/HOMEY_Clean-gafualdnzupkfseuistvwtqbnpqd/Build/Intermediates.noindex/Supabase.build/Debug-iphoneos/Storage.build/DerivedSources-normal/arm64 -Xcc -I/Users/ryankanfer/Library/Developer/Xcode/DerivedData/HOMEY_Clean-gafualdnzupkfseuistvwtqbnpqd/Build/Intermediates.noindex/Supabase.build/Debug-iphoneos/Storage.build/DerivedSources/arm64 -Xcc -I/Users/ryankanfer/Library/Developer/Xcode/DerivedData/HOMEY_Clean-gafualdnzupkfseuistvwtqbnpqd/Build/Intermediates.noindex/Supabase.build/Debug-iphoneos/Storage.build/DerivedSources -Xcc -DSWIFT_PACKAGE -Xcc -DDEBUG\=1 -emit-objc-header -emit-objc-header-path /Users/ryankanfer/Library/Developer/Xcode/DerivedData/HOMEY_Clean-gafualdnzupkfseuistvwtqbnpqd/Build/Intermediates.noindex/Supabase.build/Debug-iphoneos/Storage.build/Objects-normal/arm64/Storage-Swift.h -working-directory /Users/ryankanfer/Documents/Developer/HOMEY\ Clean/HOMEY\ Clean.xcodeproj -experimental-emit-module-separately -disable-cmo

SwiftDriverJobDiscovery normal arm64 Compiling TransformOptions.swift (in target 'Storage' from project 'Supabase')

SwiftCompile normal arm64 Compiling\ BucketOptions.swift,\ Codable.swift /Users/ryankanfer/Library/Developer/Xcode/DerivedData/HOMEY_Clean-gafualdnzupkfseuistvwtqbnpqd/SourcePackages/checkouts/supabase-swift/Sources/Storage/BucketOptions.swift /Users/ryankanfer/Library/Developer/Xcode/DerivedData/HOMEY_Clean-gafualdnzupkfseuistvwtqbnpqd/SourcePackages/checkouts/supabase-swift/Sources/Storage/Codable.swift (in target 'Storage' from project 'Supabase')

SwiftCompile normal arm64 /Users/ryankanfer/Library/Developer/Xcode/DerivedData/HOMEY_Clean-gafualdnzupkfseuistvwtqbnpqd/SourcePackages/checkouts/supabase-swift/Sources/Storage/BucketOptions.swift (in target 'Storage' from project 'Supabase')
    cd /Users/ryankanfer/Documents/Developer/HOMEY\ Clean/HOMEY\ Clean.xcodeproj
    

SwiftCompile normal arm64 /Users/ryankanfer/Library/Developer/Xcode/DerivedData/HOMEY_Clean-gafualdnzupkfseuistvwtqbnpqd/SourcePackages/checkouts/supabase-swift/Sources/Storage/Codable.swift (in target 'Storage' from project 'Supabase')
    cd /Users/ryankanfer/Documents/Developer/HOMEY\ Clean/HOMEY\ Clean.xcodeproj
    

SwiftMergeGeneratedHeaders /Users/ryankanfer/Library/Developer/Xcode/DerivedData/HOMEY_Clean-gafualdnzupkfseuistvwtqbnpqd/Build/Intermediates.noindex/GeneratedModuleMaps-iphoneos/Storage-Swift.h /Users/ryankanfer/Library/Developer/Xcode/DerivedData/HOMEY_Clean-gafualdnzupkfseuistvwtqbnpqd/Build/Intermediates.noindex/Supabase.build/Debug-iphoneos/Storage.build/Objects-normal/arm64/Storage-Swift.h (in target 'Storage' from project 'Supabase')
    cd /Users/ryankanfer/Library/Developer/Xcode/DerivedData/HOMEY_Clean-gafualdnzupkfseuistvwtqbnpqd/SourcePackages/checkouts/supabase-swift
    builtin-swiftHeaderTool -arch arm64 /Users/ryankanfer/Library/Developer/Xcode/DerivedData/HOMEY_Clean-gafualdnzupkfseuistvwtqbnpqd/Build/Intermediates.noindex/Supabase.build/Debug-iphoneos/Storage.build/Objects-normal/arm64/Storage-Swift.h -o /Users/ryankanfer/Library/Developer/Xcode/DerivedData/HOMEY_Clean-gafualdnzupkfseuistvwtqbnpqd/Build/Intermediates.noindex/GeneratedModuleMaps-iphoneos/Storage-Swift.h

SwiftDriverJobDiscovery normal arm64 Emitting module for Functions (in target 'Functions' from project 'Supabase')

Copy /Users/ryankanfer/Library/Developer/Xcode/DerivedData/HOMEY_Clean-gafualdnzupkfseuistvwtqbnpqd/Build/Products/Debug-iphoneos/Storage.swiftmodule/arm64-apple-ios.swiftmodule /Users/ryankanfer/Library/Developer/Xcode/DerivedData/HOMEY_Clean-gafualdnzupkfseuistvwtqbnpqd/Build/Intermediates.noindex/Supabase.build/Debug-iphoneos/Storage.build/Objects-normal/arm64/Storage.swiftmodule (in target 'Storage' from project 'Supabase')
    cd /Users/ryankanfer/Library/Developer/Xcode/DerivedData/HOMEY_Clean-gafualdnzupkfseuistvwtqbnpqd/SourcePackages/checkouts/supabase-swift
    builtin-copy -exclude .DS_Store -exclude CVS -exclude .svn -exclude .git -exclude .hg -resolve-src-symlinks -rename /Users/ryankanfer/Library/Developer/Xcode/DerivedData/HOMEY_Clean-gafualdnzupkfseuistvwtqbnpqd/Build/Intermediates.noindex/Supabase.build/Debug-iphoneos/Storage.build/Objects-normal/arm64/Storage.swiftmodule /Users/ryankanfer/Library/Developer/Xcode/DerivedData/HOMEY_Clean-gafualdnzupkfseuistvwtqbnpqd/Build/Products/Debug-iphoneos/Storage.swiftmodule/arm64-apple-ios.swiftmodule

Copy /Users/ryankanfer/Library/Developer/Xcode/DerivedData/HOMEY_Clean-gafualdnzupkfseuistvwtqbnpqd/Build/Products/Debug-iphoneos/Storage.swiftmodule/arm64-apple-ios.swiftdoc /Users/ryankanfer/Library/Developer/Xcode/DerivedData/HOMEY_Clean-gafualdnzupkfseuistvwtqbnpqd/Build/Intermediates.noindex/Supabase.build/Debug-iphoneos/Storage.build/Objects-normal/arm64/Storage.swiftdoc (in target 'Storage' from project 'Supabase')
    cd /Users/ryankanfer/Library/Developer/Xcode/DerivedData/HOMEY_Clean-gafualdnzupkfseuistvwtqbnpqd/SourcePackages/checkouts/supabase-swift
    builtin-copy -exclude .DS_Store -exclude CVS -exclude .svn -exclude .git -exclude .hg -resolve-src-symlinks -rename /Users/ryankanfer/Library/Developer/Xcode/DerivedData/HOMEY_Clean-gafualdnzupkfseuistvwtqbnpqd/Build/Intermediates.noindex/Supabase.build/Debug-iphoneos/Storage.build/Objects-normal/arm64/Storage.swiftdoc /Users/ryankanfer/Library/Developer/Xcode/DerivedData/HOMEY_Clean-gafualdnzupkfseuistvwtqbnpqd/Build/Products/Debug-iphoneos/Storage.swiftmodule/arm64-apple-ios.swiftdoc

Copy /Users/ryankanfer/Library/Developer/Xcode/DerivedData/HOMEY_Clean-gafualdnzupkfseuistvwtqbnpqd/Build/Products/Debug-iphoneos/Storage.swiftmodule/arm64-apple-ios.abi.json /Users/ryankanfer/Library/Developer/Xcode/DerivedData/HOMEY_Clean-gafualdnzupkfseuistvwtqbnpqd/Build/Intermediates.noindex/Supabase.build/Debug-iphoneos/Storage.build/Objects-normal/arm64/Storage.abi.json (in target 'Storage' from project 'Supabase')
    cd /Users/ryankanfer/Library/Developer/Xcode/DerivedData/HOMEY_Clean-gafualdnzupkfseuistvwtqbnpqd/SourcePackages/checkouts/supabase-swift
    builtin-copy -exclude .DS_Store -exclude CVS -exclude .svn -exclude .git -exclude .hg -resolve-src-symlinks -rename /Users/ryankanfer/Library/Developer/Xcode/DerivedData/HOMEY_Clean-gafualdnzupkfseuistvwtqbnpqd/Build/Intermediates.noindex/Supabase.build/Debug-iphoneos/Storage.build/Objects-normal/arm64/Storage.abi.json /Users/ryankanfer/Library/Developer/Xcode/DerivedData/HOMEY_Clean-gafualdnzupkfseuistvwtqbnpqd/Build/Products/Debug-iphoneos/Storage.swiftmodule/arm64-apple-ios.abi.json

Copy /Users/ryankanfer/Library/Developer/Xcode/DerivedData/HOMEY_Clean-gafualdnzupkfseuistvwtqbnpqd/Build/Products/Debug-iphoneos/Storage.swiftmodule/Project/arm64-apple-ios.swiftsourceinfo /Users/ryankanfer/Library/Developer/Xcode/DerivedData/HOMEY_Clean-gafualdnzupkfseuistvwtqbnpqd/Build/Intermediates.noindex/Supabase.build/Debug-iphoneos/Storage.build/Objects-normal/arm64/Storage.swiftsourceinfo (in target 'Storage' from project 'Supabase')
    cd /Users/ryankanfer/Library/Developer/Xcode/DerivedData/HOMEY_Clean-gafualdnzupkfseuistvwtqbnpqd/SourcePackages/checkouts/supabase-swift
    builtin-copy -exclude .DS_Store -exclude CVS -exclude .svn -exclude .git -exclude .hg -resolve-src-symlinks -rename /Users/ryankanfer/Library/Developer/Xcode/DerivedData/HOMEY_Clean-gafualdnzupkfseuistvwtqbnpqd/Build/Intermediates.noindex/Supabase.build/Debug-iphoneos/Storage.build/Objects-normal/arm64/Storage.swiftsourceinfo /Users/ryankanfer/Library/Developer/Xcode/DerivedData/HOMEY_Clean-gafualdnzupkfseuistvwtqbnpqd/Build/Products/Debug-iphoneos/Storage.swiftmodule/Project/arm64-apple-ios.swiftsourceinfo

SwiftDriver\ Compilation\ Requirements Functions normal arm64 com.apple.xcode.tools.swift.compiler (in target 'Functions' from project 'Supabase')
    cd /Users/ryankanfer/Documents/Developer/HOMEY\ Clean/HOMEY\ Clean.xcodeproj
    builtin-Swift-Compilation-Requirements -- /Applications/Xcode.app/Contents/Developer/Toolchains/XcodeDefault.xctoolchain/usr/bin/swiftc -module-name Functions -Onone -enforce-exclusivity\=checked @/Users/ryankanfer/Library/Developer/Xcode/DerivedData/HOMEY_Clean-gafualdnzupkfseuistvwtqbnpqd/Build/Intermediates.noindex/Supabase.build/Debug-iphoneos/Functions.build/Objects-normal/arm64/Functions.SwiftFileList -DSWIFT_PACKAGE -DDEBUG -DSWIFT_MODULE_RESOURCE_BUNDLE_UNAVAILABLE -DXcode -enable-upcoming-feature ExistentialAny -enable-experimental-feature StrictConcurrency -plugin-path /Applications/Xcode.app/Contents/Developer/Toolchains/XcodeDefault.xctoolchain/usr/lib/swift/host/plugins/testing -enable-experimental-feature DebugDescriptionMacro -sdk /Applications/Xcode.app/Contents/Developer/Platforms/iPhoneOS.platform/Developer/SDKs/iPhoneOS26.0.sdk -target arm64-apple-ios13.0 -g -module-cache-path /Users/ryankanfer/Library/Developer/Xcode/DerivedData/ModuleCache.noindex -Xfrontend -serialize-debugging-options -profile-coverage-mapping -profile-generate -enable-testing -suppress-warnings -index-store-path /Users/ryankanfer/Library/Developer/Xcode/DerivedData/HOMEY_Clean-gafualdnzupkfseuistvwtqbnpqd/Index.noindex/DataStore -Xcc -D_LIBCPP_HARDENING_MODE\=_LIBCPP_HARDENING_MODE_DEBUG -swift-version 5 -I /Users/ryankanfer/Library/Developer/Xcode/DerivedData/HOMEY_Clean-gafualdnzupkfseuistvwtqbnpqd/Build/Products/Debug-iphoneos -Isystem /Applications/Xcode.app/Contents/Developer/Platforms/iPhoneOS.platform/Developer/usr/lib -F /Users/ryankanfer/Library/Developer/Xcode/DerivedData/HOMEY_Clean-gafualdnzupkfseuistvwtqbnpqd/Build/Products/Debug-iphoneos/PackageFrameworks -F /Users/ryankanfer/Library/Developer/Xcode/DerivedData/HOMEY_Clean-gafualdnzupkfseuistvwtqbnpqd/Build/Products/Debug-iphoneos/PackageFrameworks -F /Users/ryankanfer/Library/Developer/Xcode/DerivedData/HOMEY_Clean-gafualdnzupkfseuistvwtqbnpqd/Build/Products/Debug-iphoneos/PackageFrameworks -F /Users/ryankanfer/Library/Developer/Xcode/DerivedData/HOMEY_Clean-gafualdnzupkfseuistvwtqbnpqd/Build/Products/Debug-iphoneos/PackageFrameworks -F /Users/ryankanfer/Library/Developer/Xcode/DerivedData/HOMEY_Clean-gafualdnzupkfseuistvwtqbnpqd/Build/Products/Debug-iphoneos/PackageFrameworks -F /Users/ryankanfer/Library/Developer/Xcode/DerivedData/HOMEY_Clean-gafualdnzupkfseuistvwtqbnpqd/Build/Products/Debug-iphoneos/PackageFrameworks -F /Users/ryankanfer/Library/Developer/Xcode/DerivedData/HOMEY_Clean-gafualdnzupkfseuistvwtqbnpqd/Build/Products/Debug-iphoneos/PackageFrameworks -F /Users/ryankanfer/Library/Developer/Xcode/DerivedData/HOMEY_Clean-gafualdnzupkfseuistvwtqbnpqd/Build/Products/Debug-iphoneos -F /Applications/Xcode.app/Contents/Developer/Platforms/iPhoneOS.platform/Developer/Library/Frameworks -F /Applications/Xcode.app/Contents/Developer/Platforms/iPhoneOS.platform/Developer/SDKs/iPhoneOS26.0.sdk/Developer/Library/Frameworks -c -j8 -enable-batch-mode -incremental -Xcc -ivfsstatcache -Xcc /Users/ryankanfer/Library/Developer/Xcode/DerivedData/SDKStatCaches.noindex/iphoneos26.0-23A339-81ce72e5b06c9602b9d30b56f2eed08a.sdkstatcache -output-file-map /Users/ryankanfer/Library/Developer/Xcode/DerivedData/HOMEY_Clean-gafualdnzupkfseuistvwtqbnpqd/Build/Intermediates.noindex/Supabase.build/Debug-iphoneos/Functions.build/Objects-normal/arm64/Functions-OutputFileMap.json -use-frontend-parseable-output -save-temps -no-color-diagnostics -explicit-module-build -module-cache-path /Users/ryankanfer/Library/Developer/Xcode/DerivedData/HOMEY_Clean-gafualdnzupkfseuistvwtqbnpqd/Build/Intermediates.noindex/SwiftExplicitPrecompiledModules -clang-scanner-module-cache-path /Users/ryankanfer/Library/Developer/Xcode/DerivedData/ModuleCache.noindex -sdk-module-cache-path /Users/ryankanfer/Library/Developer/Xcode/DerivedData/ModuleCache.noindex -serialize-diagnostics -emit-dependencies -emit-module -emit-module-path /Users/ryankanfer/Library/Developer/Xcode/DerivedData/HOMEY_Clean-gafualdnzupkfseuistvwtqbnpqd/Build/Intermediates.noindex/Supabase.build/Debug-iphoneos/Functions.build/Objects-normal/arm64/Functions.swiftmodule -validate-clang-modules-once -clang-build-session-file /Users/ryankanfer/Library/Developer/Xcode/DerivedData/ModuleCache.noindex/Session.modulevalidation -package-name supabase_swift -Xcc -I/Users/ryankanfer/Library/Developer/Xcode/DerivedData/HOMEY_Clean-gafualdnzupkfseuistvwtqbnpqd/Build/Intermediates.noindex/Supabase.build/Debug-iphoneos/Functions.build/swift-overrides.hmap -emit-const-values -Xfrontend -const-gather-protocols-file -Xfrontend /Users/ryankanfer/Library/Developer/Xcode/DerivedData/HOMEY_Clean-gafualdnzupkfseuistvwtqbnpqd/Build/Intermediates.noindex/Supabase.build/Debug-iphoneos/Functions.build/Objects-normal/arm64/Functions_const_extract_protocols.json -Xcc -I/Users/ryankanfer/Library/Developer/Xcode/DerivedData/HOMEY_Clean-gafualdnzupkfseuistvwtqbnpqd/Build/Products/Debug-iphoneos/include -Xcc -I/Users/ryankanfer/Library/Developer/Xcode/DerivedData/HOMEY_Clean-gafualdnzupkfseuistvwtqbnpqd/Build/Intermediates.noindex/Supabase.build/Debug-iphoneos/Functions.build/DerivedSources-normal/arm64 -Xcc -I/Users/ryankanfer/Library/Developer/Xcode/DerivedData/HOMEY_Clean-gafualdnzupkfseuistvwtqbnpqd/Build/Intermediates.noindex/Supabase.build/Debug-iphoneos/Functions.build/DerivedSources/arm64 -Xcc -I/Users/ryankanfer/Library/Developer/Xcode/DerivedData/HOMEY_Clean-gafualdnzupkfseuistvwtqbnpqd/Build/Intermediates.noindex/Supabase.build/Debug-iphoneos/Functions.build/DerivedSources -Xcc -DSWIFT_PACKAGE -Xcc -DDEBUG\=1 -emit-objc-header -emit-objc-header-path /Users/ryankanfer/Library/Developer/Xcode/DerivedData/HOMEY_Clean-gafualdnzupkfseuistvwtqbnpqd/Build/Intermediates.noindex/Supabase.build/Debug-iphoneos/Functions.build/Objects-normal/arm64/Functions-Swift.h -working-directory /Users/ryankanfer/Documents/Developer/HOMEY\ Clean/HOMEY\ Clean.xcodeproj -experimental-emit-module-separately -disable-cmo

SwiftDriverJobDiscovery normal arm64 Emitting module for PostgREST (in target 'PostgREST' from project 'Supabase')

SwiftCompile normal arm64 Compiling\ Helpers.swift,\ MultipartFormData.swift /Users/ryankanfer/Library/Developer/Xcode/DerivedData/HOMEY_Clean-gafualdnzupkfseuistvwtqbnpqd/SourcePackages/checkouts/supabase-swift/Sources/Storage/Helpers.swift /Users/ryankanfer/Library/Developer/Xcode/DerivedData/HOMEY_Clean-gafualdnzupkfseuistvwtqbnpqd/SourcePackages/checkouts/supabase-swift/Sources/Storage/MultipartFormData.swift (in target 'Storage' from project 'Supabase')
SwiftCompile normal arm64 /Users/ryankanfer/Library/Developer/Xcode/DerivedData/HOMEY_Clean-gafualdnzupkfseuistvwtqbnpqd/SourcePackages/checkouts/supabase-swift/Sources/Storage/Helpers.swift (in target 'Storage' from project 'Supabase')
    cd /Users/ryankanfer/Documents/Developer/HOMEY\ Clean/HOMEY\ Clean.xcodeproj
    

SwiftCompile normal arm64 /Users/ryankanfer/Library/Developer/Xcode/DerivedData/HOMEY_Clean-gafualdnzupkfseuistvwtqbnpqd/SourcePackages/checkouts/supabase-swift/Sources/Storage/MultipartFormData.swift (in target 'Storage' from project 'Supabase')
    cd /Users/ryankanfer/Documents/Developer/HOMEY\ Clean/HOMEY\ Clean.xcodeproj
    

SwiftDriver\ Compilation\ Requirements PostgREST normal arm64 com.apple.xcode.tools.swift.compiler (in target 'PostgREST' from project 'Supabase')
    cd /Users/ryankanfer/Documents/Developer/HOMEY\ Clean/HOMEY\ Clean.xcodeproj
    builtin-Swift-Compilation-Requirements -- /Applications/Xcode.app/Contents/Developer/Toolchains/XcodeDefault.xctoolchain/usr/bin/swiftc -module-name PostgREST -Onone -enforce-exclusivity\=checked @/Users/ryankanfer/Library/Developer/Xcode/DerivedData/HOMEY_Clean-gafualdnzupkfseuistvwtqbnpqd/Build/Intermediates.noindex/Supabase.build/Debug-iphoneos/PostgREST.build/Objects-normal/arm64/PostgREST.SwiftFileList -DSWIFT_PACKAGE -DDEBUG -DSWIFT_MODULE_RESOURCE_BUNDLE_UNAVAILABLE -DXcode -enable-upcoming-feature ExistentialAny -enable-experimental-feature StrictConcurrency -plugin-path /Applications/Xcode.app/Contents/Developer/Toolchains/XcodeDefault.xctoolchain/usr/lib/swift/host/plugins/testing -enable-experimental-feature DebugDescriptionMacro -sdk /Applications/Xcode.app/Contents/Developer/Platforms/iPhoneOS.platform/Developer/SDKs/iPhoneOS26.0.sdk -target arm64-apple-ios13.0 -g -module-cache-path /Users/ryankanfer/Library/Developer/Xcode/DerivedData/ModuleCache.noindex -Xfrontend -serialize-debugging-options -profile-coverage-mapping -profile-generate -enable-testing -suppress-warnings -index-store-path /Users/ryankanfer/Library/Developer/Xcode/DerivedData/HOMEY_Clean-gafualdnzupkfseuistvwtqbnpqd/Index.noindex/DataStore -Xcc -D_LIBCPP_HARDENING_MODE\=_LIBCPP_HARDENING_MODE_DEBUG -swift-version 5 -I /Users/ryankanfer/Library/Developer/Xcode/DerivedData/HOMEY_Clean-gafualdnzupkfseuistvwtqbnpqd/Build/Products/Debug-iphoneos -Isystem /Applications/Xcode.app/Contents/Developer/Platforms/iPhoneOS.platform/Developer/usr/lib -F /Users/ryankanfer/Library/Developer/Xcode/DerivedData/HOMEY_Clean-gafualdnzupkfseuistvwtqbnpqd/Build/Products/Debug-iphoneos/PackageFrameworks -F /Users/ryankanfer/Library/Developer/Xcode/DerivedData/HOMEY_Clean-gafualdnzupkfseuistvwtqbnpqd/Build/Products/Debug-iphoneos/PackageFrameworks -F /Users/ryankanfer/Library/Developer/Xcode/DerivedData/HOMEY_Clean-gafualdnzupkfseuistvwtqbnpqd/Build/Products/Debug-iphoneos/PackageFrameworks -F /Users/ryankanfer/Library/Developer/Xcode/DerivedData/HOMEY_Clean-gafualdnzupkfseuistvwtqbnpqd/Build/Products/Debug-iphoneos/PackageFrameworks -F /Users/ryankanfer/Library/Developer/Xcode/DerivedData/HOMEY_Clean-gafualdnzupkfseuistvwtqbnpqd/Build/Products/Debug-iphoneos/PackageFrameworks -F /Users/ryankanfer/Library/Developer/Xcode/DerivedData/HOMEY_Clean-gafualdnzupkfseuistvwtqbnpqd/Build/Products/Debug-iphoneos/PackageFrameworks -F /Users/ryankanfer/Library/Developer/Xcode/DerivedData/HOMEY_Clean-gafualdnzupkfseuistvwtqbnpqd/Build/Products/Debug-iphoneos/PackageFrameworks -F /Users/ryankanfer/Library/Developer/Xcode/DerivedData/HOMEY_Clean-gafualdnzupkfseuistvwtqbnpqd/Build/Products/Debug-iphoneos -F /Applications/Xcode.app/Contents/Developer/Platforms/iPhoneOS.platform/Developer/Library/Frameworks -F /Applications/Xcode.app/Contents/Developer/Platforms/iPhoneOS.platform/Developer/SDKs/iPhoneOS26.0.sdk/Developer/Library/Frameworks -c -j8 -enable-batch-mode -incremental -Xcc -ivfsstatcache -Xcc /Users/ryankanfer/Library/Developer/Xcode/DerivedData/SDKStatCaches.noindex/iphoneos26.0-23A339-81ce72e5b06c9602b9d30b56f2eed08a.sdkstatcache -output-file-map /Users/ryankanfer/Library/Developer/Xcode/DerivedData/HOMEY_Clean-gafualdnzupkfseuistvwtqbnpqd/Build/Intermediates.noindex/Supabase.build/Debug-iphoneos/PostgREST.build/Objects-normal/arm64/PostgREST-OutputFileMap.json -use-frontend-parseable-output -save-temps -no-color-diagnostics -explicit-module-build -module-cache-path /Users/ryankanfer/Library/Developer/Xcode/DerivedData/HOMEY_Clean-gafualdnzupkfseuistvwtqbnpqd/Build/Intermediates.noindex/SwiftExplicitPrecompiledModules -clang-scanner-module-cache-path /Users/ryankanfer/Library/Developer/Xcode/DerivedData/ModuleCache.noindex -sdk-module-cache-path /Users/ryankanfer/Library/Developer/Xcode/DerivedData/ModuleCache.noindex -serialize-diagnostics -emit-dependencies -emit-module -emit-module-path /Users/ryankanfer/Library/Developer/Xcode/DerivedData/HOMEY_Clean-gafualdnzupkfseuistvwtqbnpqd/Build/Intermediates.noindex/Supabase.build/Debug-iphoneos/PostgREST.build/Objects-normal/arm64/PostgREST.swiftmodule -validate-clang-modules-once -clang-build-session-file /Users/ryankanfer/Library/Developer/Xcode/DerivedData/ModuleCache.noindex/Session.modulevalidation -package-name supabase_swift -Xcc -I/Users/ryankanfer/Library/Developer/Xcode/DerivedData/HOMEY_Clean-gafualdnzupkfseuistvwtqbnpqd/Build/Intermediates.noindex/Supabase.build/Debug-iphoneos/PostgREST.build/swift-overrides.hmap -emit-const-values -Xfrontend -const-gather-protocols-file -Xfrontend /Users/ryankanfer/Library/Developer/Xcode/DerivedData/HOMEY_Clean-gafualdnzupkfseuistvwtqbnpqd/Build/Intermediates.noindex/Supabase.build/Debug-iphoneos/PostgREST.build/Objects-normal/arm64/PostgREST_const_extract_protocols.json -Xcc -I/Users/ryankanfer/Library/Developer/Xcode/DerivedData/HOMEY_Clean-gafualdnzupkfseuistvwtqbnpqd/Build/Products/Debug-iphoneos/include -Xcc -I/Users/ryankanfer/Library/Developer/Xcode/DerivedData/HOMEY_Clean-gafualdnzupkfseuistvwtqbnpqd/Build/Intermediates.noindex/Supabase.build/Debug-iphoneos/PostgREST.build/DerivedSources-normal/arm64 -Xcc -I/Users/ryankanfer/Library/Developer/Xcode/DerivedData/HOMEY_Clean-gafualdnzupkfseuistvwtqbnpqd/Build/Intermediates.noindex/Supabase.build/Debug-iphoneos/PostgREST.build/DerivedSources/arm64 -Xcc -I/Users/ryankanfer/Library/Developer/Xcode/DerivedData/HOMEY_Clean-gafualdnzupkfseuistvwtqbnpqd/Build/Intermediates.noindex/Supabase.build/Debug-iphoneos/PostgREST.build/DerivedSources -Xcc -DSWIFT_PACKAGE -Xcc -DDEBUG\=1 -emit-objc-header -emit-objc-header-path /Users/ryankanfer/Library/Developer/Xcode/DerivedData/HOMEY_Clean-gafualdnzupkfseuistvwtqbnpqd/Build/Intermediates.noindex/Supabase.build/Debug-iphoneos/PostgREST.build/Objects-normal/arm64/PostgREST-Swift.h -working-directory /Users/ryankanfer/Documents/Developer/HOMEY\ Clean/HOMEY\ Clean.xcodeproj -experimental-emit-module-separately -disable-cmo

SwiftMergeGeneratedHeaders /Users/ryankanfer/Library/Developer/Xcode/DerivedData/HOMEY_Clean-gafualdnzupkfseuistvwtqbnpqd/Build/Intermediates.noindex/GeneratedModuleMaps-iphoneos/Functions-Swift.h /Users/ryankanfer/Library/Developer/Xcode/DerivedData/HOMEY_Clean-gafualdnzupkfseuistvwtqbnpqd/Build/Intermediates.noindex/Supabase.build/Debug-iphoneos/Functions.build/Objects-normal/arm64/Functions-Swift.h (in target 'Functions' from project 'Supabase')
    cd /Users/ryankanfer/Library/Developer/Xcode/DerivedData/HOMEY_Clean-gafualdnzupkfseuistvwtqbnpqd/SourcePackages/checkouts/supabase-swift
    builtin-swiftHeaderTool -arch arm64 /Users/ryankanfer/Library/Developer/Xcode/DerivedData/HOMEY_Clean-gafualdnzupkfseuistvwtqbnpqd/Build/Intermediates.noindex/Supabase.build/Debug-iphoneos/Functions.build/Objects-normal/arm64/Functions-Swift.h -o /Users/ryankanfer/Library/Developer/Xcode/DerivedData/HOMEY_Clean-gafualdnzupkfseuistvwtqbnpqd/Build/Intermediates.noindex/GeneratedModuleMaps-iphoneos/Functions-Swift.h

SwiftMergeGeneratedHeaders /Users/ryankanfer/Library/Developer/Xcode/DerivedData/HOMEY_Clean-gafualdnzupkfseuistvwtqbnpqd/Build/Intermediates.noindex/GeneratedModuleMaps-iphoneos/PostgREST-Swift.h /Users/ryankanfer/Library/Developer/Xcode/DerivedData/HOMEY_Clean-gafualdnzupkfseuistvwtqbnpqd/Build/Intermediates.noindex/Supabase.build/Debug-iphoneos/PostgREST.build/Objects-normal/arm64/PostgREST-Swift.h (in target 'PostgREST' from project 'Supabase')
    cd /Users/ryankanfer/Library/Developer/Xcode/DerivedData/HOMEY_Clean-gafualdnzupkfseuistvwtqbnpqd/SourcePackages/checkouts/supabase-swift
    builtin-swiftHeaderTool -arch arm64 /Users/ryankanfer/Library/Developer/Xcode/DerivedData/HOMEY_Clean-gafualdnzupkfseuistvwtqbnpqd/Build/Intermediates.noindex/Supabase.build/Debug-iphoneos/PostgREST.build/Objects-normal/arm64/PostgREST-Swift.h -o /Users/ryankanfer/Library/Developer/Xcode/DerivedData/HOMEY_Clean-gafualdnzupkfseuistvwtqbnpqd/Build/Intermediates.noindex/GeneratedModuleMaps-iphoneos/PostgREST-Swift.h

Copy /Users/ryankanfer/Library/Developer/Xcode/DerivedData/HOMEY_Clean-gafualdnzupkfseuistvwtqbnpqd/Build/Products/Debug-iphoneos/PostgREST.swiftmodule/arm64-apple-ios.swiftmodule /Users/ryankanfer/Library/Developer/Xcode/DerivedData/HOMEY_Clean-gafualdnzupkfseuistvwtqbnpqd/Build/Intermediates.noindex/Supabase.build/Debug-iphoneos/PostgREST.build/Objects-normal/arm64/PostgREST.swiftmodule (in target 'PostgREST' from project 'Supabase')
    cd /Users/ryankanfer/Library/Developer/Xcode/DerivedData/HOMEY_Clean-gafualdnzupkfseuistvwtqbnpqd/SourcePackages/checkouts/supabase-swift
    builtin-copy -exclude .DS_Store -exclude CVS -exclude .svn -exclude .git -exclude .hg -resolve-src-symlinks -rename /Users/ryankanfer/Library/Developer/Xcode/DerivedData/HOMEY_Clean-gafualdnzupkfseuistvwtqbnpqd/Build/Intermediates.noindex/Supabase.build/Debug-iphoneos/PostgREST.build/Objects-normal/arm64/PostgREST.swiftmodule /Users/ryankanfer/Library/Developer/Xcode/DerivedData/HOMEY_Clean-gafualdnzupkfseuistvwtqbnpqd/Build/Products/Debug-iphoneos/PostgREST.swiftmodule/arm64-apple-ios.swiftmodule

Copy /Users/ryankanfer/Library/Developer/Xcode/DerivedData/HOMEY_Clean-gafualdnzupkfseuistvwtqbnpqd/Build/Products/Debug-iphoneos/PostgREST.swiftmodule/arm64-apple-ios.swiftdoc /Users/ryankanfer/Library/Developer/Xcode/DerivedData/HOMEY_Clean-gafualdnzupkfseuistvwtqbnpqd/Build/Intermediates.noindex/Supabase.build/Debug-iphoneos/PostgREST.build/Objects-normal/arm64/PostgREST.swiftdoc (in target 'PostgREST' from project 'Supabase')
    cd /Users/ryankanfer/Library/Developer/Xcode/DerivedData/HOMEY_Clean-gafualdnzupkfseuistvwtqbnpqd/SourcePackages/checkouts/supabase-swift
    builtin-copy -exclude .DS_Store -exclude CVS -exclude .svn -exclude .git -exclude .hg -resolve-src-symlinks -rename /Users/ryankanfer/Library/Developer/Xcode/DerivedData/HOMEY_Clean-gafualdnzupkfseuistvwtqbnpqd/Build/Intermediates.noindex/Supabase.build/Debug-iphoneos/PostgREST.build/Objects-normal/arm64/PostgREST.swiftdoc /Users/ryankanfer/Library/Developer/Xcode/DerivedData/HOMEY_Clean-gafualdnzupkfseuistvwtqbnpqd/Build/Products/Debug-iphoneos/PostgREST.swiftmodule/arm64-apple-ios.swiftdoc

Copy /Users/ryankanfer/Library/Developer/Xcode/DerivedData/HOMEY_Clean-gafualdnzupkfseuistvwtqbnpqd/Build/Products/Debug-iphoneos/PostgREST.swiftmodule/arm64-apple-ios.abi.json /Users/ryankanfer/Library/Developer/Xcode/DerivedData/HOMEY_Clean-gafualdnzupkfseuistvwtqbnpqd/Build/Intermediates.noindex/Supabase.build/Debug-iphoneos/PostgREST.build/Objects-normal/arm64/PostgREST.abi.json (in target 'PostgREST' from project 'Supabase')
    cd /Users/ryankanfer/Library/Developer/Xcode/DerivedData/HOMEY_Clean-gafualdnzupkfseuistvwtqbnpqd/SourcePackages/checkouts/supabase-swift
    builtin-copy -exclude .DS_Store -exclude CVS -exclude .svn -exclude .git -exclude .hg -resolve-src-symlinks -rename /Users/ryankanfer/Library/Developer/Xcode/DerivedData/HOMEY_Clean-gafualdnzupkfseuistvwtqbnpqd/Build/Intermediates.noindex/Supabase.build/Debug-iphoneos/PostgREST.build/Objects-normal/arm64/PostgREST.abi.json /Users/ryankanfer/Library/Developer/Xcode/DerivedData/HOMEY_Clean-gafualdnzupkfseuistvwtqbnpqd/Build/Products/Debug-iphoneos/PostgREST.swiftmodule/arm64-apple-ios.abi.json

Copy /Users/ryankanfer/Library/Developer/Xcode/DerivedData/HOMEY_Clean-gafualdnzupkfseuistvwtqbnpqd/Build/Products/Debug-iphoneos/PostgREST.swiftmodule/Project/arm64-apple-ios.swiftsourceinfo /Users/ryankanfer/Library/Developer/Xcode/DerivedData/HOMEY_Clean-gafualdnzupkfseuistvwtqbnpqd/Build/Intermediates.noindex/Supabase.build/Debug-iphoneos/PostgREST.build/Objects-normal/arm64/PostgREST.swiftsourceinfo (in target 'PostgREST' from project 'Supabase')
    cd /Users/ryankanfer/Library/Developer/Xcode/DerivedData/HOMEY_Clean-gafualdnzupkfseuistvwtqbnpqd/SourcePackages/checkouts/supabase-swift
    builtin-copy -exclude .DS_Store -exclude CVS -exclude .svn -exclude .git -exclude .hg -resolve-src-symlinks -rename /Users/ryankanfer/Library/Developer/Xcode/DerivedData/HOMEY_Clean-gafualdnzupkfseuistvwtqbnpqd/Build/Intermediates.noindex/Supabase.build/Debug-iphoneos/PostgREST.build/Objects-normal/arm64/PostgREST.swiftsourceinfo /Users/ryankanfer/Library/Developer/Xcode/DerivedData/HOMEY_Clean-gafualdnzupkfseuistvwtqbnpqd/Build/Products/Debug-iphoneos/PostgREST.swiftmodule/Project/arm64-apple-ios.swiftsourceinfo

Copy /Users/ryankanfer/Library/Developer/Xcode/DerivedData/HOMEY_Clean-gafualdnzupkfseuistvwtqbnpqd/Build/Products/Debug-iphoneos/Functions.swiftmodule/arm64-apple-ios.swiftmodule /Users/ryankanfer/Library/Developer/Xcode/DerivedData/HOMEY_Clean-gafualdnzupkfseuistvwtqbnpqd/Build/Intermediates.noindex/Supabase.build/Debug-iphoneos/Functions.build/Objects-normal/arm64/Functions.swiftmodule (in target 'Functions' from project 'Supabase')
    cd /Users/ryankanfer/Library/Developer/Xcode/DerivedData/HOMEY_Clean-gafualdnzupkfseuistvwtqbnpqd/SourcePackages/checkouts/supabase-swift
    builtin-copy -exclude .DS_Store -exclude CVS -exclude .svn -exclude .git -exclude .hg -resolve-src-symlinks -rename /Users/ryankanfer/Library/Developer/Xcode/DerivedData/HOMEY_Clean-gafualdnzupkfseuistvwtqbnpqd/Build/Intermediates.noindex/Supabase.build/Debug-iphoneos/Functions.build/Objects-normal/arm64/Functions.swiftmodule /Users/ryankanfer/Library/Developer/Xcode/DerivedData/HOMEY_Clean-gafualdnzupkfseuistvwtqbnpqd/Build/Products/Debug-iphoneos/Functions.swiftmodule/arm64-apple-ios.swiftmodule

Copy /Users/ryankanfer/Library/Developer/Xcode/DerivedData/HOMEY_Clean-gafualdnzupkfseuistvwtqbnpqd/Build/Products/Debug-iphoneos/Functions.swiftmodule/arm64-apple-ios.swiftdoc /Users/ryankanfer/Library/Developer/Xcode/DerivedData/HOMEY_Clean-gafualdnzupkfseuistvwtqbnpqd/Build/Intermediates.noindex/Supabase.build/Debug-iphoneos/Functions.build/Objects-normal/arm64/Functions.swiftdoc (in target 'Functions' from project 'Supabase')
    cd /Users/ryankanfer/Library/Developer/Xcode/DerivedData/HOMEY_Clean-gafualdnzupkfseuistvwtqbnpqd/SourcePackages/checkouts/supabase-swift
    builtin-copy -exclude .DS_Store -exclude CVS -exclude .svn -exclude .git -exclude .hg -resolve-src-symlinks -rename /Users/ryankanfer/Library/Developer/Xcode/DerivedData/HOMEY_Clean-gafualdnzupkfseuistvwtqbnpqd/Build/Intermediates.noindex/Supabase.build/Debug-iphoneos/Functions.build/Objects-normal/arm64/Functions.swiftdoc /Users/ryankanfer/Library/Developer/Xcode/DerivedData/HOMEY_Clean-gafualdnzupkfseuistvwtqbnpqd/Build/Products/Debug-iphoneos/Functions.swiftmodule/arm64-apple-ios.swiftdoc

Copy /Users/ryankanfer/Library/Developer/Xcode/DerivedData/HOMEY_Clean-gafualdnzupkfseuistvwtqbnpqd/Build/Products/Debug-iphoneos/Functions.swiftmodule/arm64-apple-ios.abi.json /Users/ryankanfer/Library/Developer/Xcode/DerivedData/HOMEY_Clean-gafualdnzupkfseuistvwtqbnpqd/Build/Intermediates.noindex/Supabase.build/Debug-iphoneos/Functions.build/Objects-normal/arm64/Functions.abi.json (in target 'Functions' from project 'Supabase')
    cd /Users/ryankanfer/Library/Developer/Xcode/DerivedData/HOMEY_Clean-gafualdnzupkfseuistvwtqbnpqd/SourcePackages/checkouts/supabase-swift
    builtin-copy -exclude .DS_Store -exclude CVS -exclude .svn -exclude .git -exclude .hg -resolve-src-symlinks -rename /Users/ryankanfer/Library/Developer/Xcode/DerivedData/HOMEY_Clean-gafualdnzupkfseuistvwtqbnpqd/Build/Intermediates.noindex/Supabase.build/Debug-iphoneos/Functions.build/Objects-normal/arm64/Functions.abi.json /Users/ryankanfer/Library/Developer/Xcode/DerivedData/HOMEY_Clean-gafualdnzupkfseuistvwtqbnpqd/Build/Products/Debug-iphoneos/Functions.swiftmodule/arm64-apple-ios.abi.json

Copy /Users/ryankanfer/Library/Developer/Xcode/DerivedData/HOMEY_Clean-gafualdnzupkfseuistvwtqbnpqd/Build/Products/Debug-iphoneos/Functions.swiftmodule/Project/arm64-apple-ios.swiftsourceinfo /Users/ryankanfer/Library/Developer/Xcode/DerivedData/HOMEY_Clean-gafualdnzupkfseuistvwtqbnpqd/Build/Intermediates.noindex/Supabase.build/Debug-iphoneos/Functions.build/Objects-normal/arm64/Functions.swiftsourceinfo (in target 'Functions' from project 'Supabase')
    cd /Users/ryankanfer/Library/Developer/Xcode/DerivedData/HOMEY_Clean-gafualdnzupkfseuistvwtqbnpqd/SourcePackages/checkouts/supabase-swift
    builtin-copy -exclude .DS_Store -exclude CVS -exclude .svn -exclude .git -exclude .hg -resolve-src-symlinks -rename /Users/ryankanfer/Library/Developer/Xcode/DerivedData/HOMEY_Clean-gafualdnzupkfseuistvwtqbnpqd/Build/Intermediates.noindex/Supabase.build/Debug-iphoneos/Functions.build/Objects-normal/arm64/Functions.swiftsourceinfo /Users/ryankanfer/Library/Developer/Xcode/DerivedData/HOMEY_Clean-gafualdnzupkfseuistvwtqbnpqd/Build/Products/Debug-iphoneos/Functions.swiftmodule/Project/arm64-apple-ios.swiftsourceinfo

SwiftCompile normal arm64 Compiling\ StorageHTTPClient.swift,\ SupabaseStorage.swift /Users/ryankanfer/Library/Developer/Xcode/DerivedData/HOMEY_Clean-gafualdnzupkfseuistvwtqbnpqd/SourcePackages/checkouts/supabase-swift/Sources/Storage/StorageHTTPClient.swift /Users/ryankanfer/Library/Developer/Xcode/DerivedData/HOMEY_Clean-gafualdnzupkfseuistvwtqbnpqd/SourcePackages/checkouts/supabase-swift/Sources/Storage/SupabaseStorage.swift (in target 'Storage' from project 'Supabase')

SwiftCompile normal arm64 /Users/ryankanfer/Library/Developer/Xcode/DerivedData/HOMEY_Clean-gafualdnzupkfseuistvwtqbnpqd/SourcePackages/checkouts/supabase-swift/Sources/Storage/StorageHTTPClient.swift (in target 'Storage' from project 'Supabase')
    cd /Users/ryankanfer/Documents/Developer/HOMEY\ Clean/HOMEY\ Clean.xcodeproj
    

SwiftCompile normal arm64 /Users/ryankanfer/Library/Developer/Xcode/DerivedData/HOMEY_Clean-gafualdnzupkfseuistvwtqbnpqd/SourcePackages/checkouts/supabase-swift/Sources/Storage/SupabaseStorage.swift (in target 'Storage' from project 'Supabase')
    cd /Users/ryankanfer/Documents/Developer/HOMEY\ Clean/HOMEY\ Clean.xcodeproj
    

SwiftDriverJobDiscovery normal arm64 Compiling BucketOptions.swift, Codable.swift (in target 'Storage' from project 'Supabase')

SwiftCompile normal arm64 Compiling\ RealtimeClientV2.swift,\ RealtimeError.swift,\ RealtimeJoinConfig.swift /Users/ryankanfer/Library/Developer/Xcode/DerivedData/HOMEY_Clean-gafualdnzupkfseuistvwtqbnpqd/SourcePackages/checkouts/supabase-swift/Sources/Realtime/RealtimeClientV2.swift /Users/ryankanfer/Library/Developer/Xcode/DerivedData/HOMEY_Clean-gafualdnzupkfseuistvwtqbnpqd/SourcePackages/checkouts/supabase-swift/Sources/Realtime/RealtimeError.swift /Users/ryankanfer/Library/Developer/Xcode/DerivedData/HOMEY_Clean-gafualdnzupkfseuistvwtqbnpqd/SourcePackages/checkouts/supabase-swift/Sources/Realtime/RealtimeJoinConfig.swift (in target 'Realtime' from project 'Supabase')
SwiftCompile normal arm64 /Users/ryankanfer/Library/Developer/Xcode/DerivedData/HOMEY_Clean-gafualdnzupkfseuistvwtqbnpqd/SourcePackages/checkouts/supabase-swift/Sources/Realtime/RealtimeClientV2.swift (in target 'Realtime' from project 'Supabase')
    cd /Users/ryankanfer/Documents/Developer/HOMEY\ Clean/HOMEY\ Clean.xcodeproj
    

SwiftCompile normal arm64 /Users/ryankanfer/Library/Developer/Xcode/DerivedData/HOMEY_Clean-gafualdnzupkfseuistvwtqbnpqd/SourcePackages/checkouts/supabase-swift/Sources/Realtime/RealtimeError.swift (in target 'Realtime' from project 'Supabase')
    cd /Users/ryankanfer/Documents/Developer/HOMEY\ Clean/HOMEY\ Clean.xcodeproj
    

SwiftCompile normal arm64 /Users/ryankanfer/Library/Developer/Xcode/DerivedData/HOMEY_Clean-gafualdnzupkfseuistvwtqbnpqd/SourcePackages/checkouts/supabase-swift/Sources/Realtime/RealtimeJoinConfig.swift (in target 'Realtime' from project 'Supabase')
    cd /Users/ryankanfer/Documents/Developer/HOMEY\ Clean/HOMEY\ Clean.xcodeproj
    

SwiftDriverJobDiscovery normal arm64 Emitting module for Realtime (in target 'Realtime' from project 'Supabase')

SwiftDriver\ Compilation\ Requirements Realtime normal arm64 com.apple.xcode.tools.swift.compiler (in target 'Realtime' from project 'Supabase')
    cd /Users/ryankanfer/Documents/Developer/HOMEY\ Clean/HOMEY\ Clean.xcodeproj
    builtin-Swift-Compilation-Requirements -- /Applications/Xcode.app/Contents/Developer/Toolchains/XcodeDefault.xctoolchain/usr/bin/swiftc -module-name Realtime -Onone -enforce-exclusivity\=checked @/Users/ryankanfer/Library/Developer/Xcode/DerivedData/HOMEY_Clean-gafualdnzupkfseuistvwtqbnpqd/Build/Intermediates.noindex/Supabase.build/Debug-iphoneos/Realtime.build/Objects-normal/arm64/Realtime.SwiftFileList -DSWIFT_PACKAGE -DDEBUG -DSWIFT_MODULE_RESOURCE_BUNDLE_UNAVAILABLE -DXcode -enable-upcoming-feature ExistentialAny -enable-experimental-feature StrictConcurrency -plugin-path /Applications/Xcode.app/Contents/Developer/Toolchains/XcodeDefault.xctoolchain/usr/lib/swift/host/plugins/testing -enable-experimental-feature DebugDescriptionMacro -sdk /Applications/Xcode.app/Contents/Developer/Platforms/iPhoneOS.platform/Developer/SDKs/iPhoneOS26.0.sdk -target arm64-apple-ios13.0 -g -module-cache-path /Users/ryankanfer/Library/Developer/Xcode/DerivedData/ModuleCache.noindex -Xfrontend -serialize-debugging-options -profile-coverage-mapping -profile-generate -enable-testing -suppress-warnings -index-store-path /Users/ryankanfer/Library/Developer/Xcode/DerivedData/HOMEY_Clean-gafualdnzupkfseuistvwtqbnpqd/Index.noindex/DataStore -Xcc -D_LIBCPP_HARDENING_MODE\=_LIBCPP_HARDENING_MODE_DEBUG -swift-version 5 -I /Users/ryankanfer/Library/Developer/Xcode/DerivedData/HOMEY_Clean-gafualdnzupkfseuistvwtqbnpqd/Build/Products/Debug-iphoneos -Isystem /Applications/Xcode.app/Contents/Developer/Platforms/iPhoneOS.platform/Developer/usr/lib -F /Users/ryankanfer/Library/Developer/Xcode/DerivedData/HOMEY_Clean-gafualdnzupkfseuistvwtqbnpqd/Build/Products/Debug-iphoneos/PackageFrameworks -F /Users/ryankanfer/Library/Developer/Xcode/DerivedData/HOMEY_Clean-gafualdnzupkfseuistvwtqbnpqd/Build/Products/Debug-iphoneos/PackageFrameworks -F /Users/ryankanfer/Library/Developer/Xcode/DerivedData/HOMEY_Clean-gafualdnzupkfseuistvwtqbnpqd/Build/Products/Debug-iphoneos/PackageFrameworks -F /Users/ryankanfer/Library/Developer/Xcode/DerivedData/HOMEY_Clean-gafualdnzupkfseuistvwtqbnpqd/Build/Products/Debug-iphoneos/PackageFrameworks -F /Users/ryankanfer/Library/Developer/Xcode/DerivedData/HOMEY_Clean-gafualdnzupkfseuistvwtqbnpqd/Build/Products/Debug-iphoneos/PackageFrameworks -F /Users/ryankanfer/Library/Developer/Xcode/DerivedData/HOMEY_Clean-gafualdnzupkfseuistvwtqbnpqd/Build/Products/Debug-iphoneos/PackageFrameworks -F /Users/ryankanfer/Library/Developer/Xcode/DerivedData/HOMEY_Clean-gafualdnzupkfseuistvwtqbnpqd/Build/Products/Debug-iphoneos/PackageFrameworks -F /Users/ryankanfer/Library/Developer/Xcode/DerivedData/HOMEY_Clean-gafualdnzupkfseuistvwtqbnpqd/Build/Products/Debug-iphoneos -F /Applications/Xcode.app/Contents/Developer/Platforms/iPhoneOS.platform/Developer/Library/Frameworks -F /Applications/Xcode.app/Contents/Developer/Platforms/iPhoneOS.platform/Developer/SDKs/iPhoneOS26.0.sdk/Developer/Library/Frameworks -c -j8 -enable-batch-mode -incremental -Xcc -ivfsstatcache -Xcc /Users/ryankanfer/Library/Developer/Xcode/DerivedData/SDKStatCaches.noindex/iphoneos26.0-23A339-81ce72e5b06c9602b9d30b56f2eed08a.sdkstatcache -output-file-map /Users/ryankanfer/Library/Developer/Xcode/DerivedData/HOMEY_Clean-gafualdnzupkfseuistvwtqbnpqd/Build/Intermediates.noindex/Supabase.build/Debug-iphoneos/Realtime.build/Objects-normal/arm64/Realtime-OutputFileMap.json -use-frontend-parseable-output -save-temps -no-color-diagnostics -explicit-module-build -module-cache-path /Users/ryankanfer/Library/Developer/Xcode/DerivedData/HOMEY_Clean-gafualdnzupkfseuistvwtqbnpqd/Build/Intermediates.noindex/SwiftExplicitPrecompiledModules -clang-scanner-module-cache-path /Users/ryankanfer/Library/Developer/Xcode/DerivedData/ModuleCache.noindex -sdk-module-cache-path /Users/ryankanfer/Library/Developer/Xcode/DerivedData/ModuleCache.noindex -serialize-diagnostics -emit-dependencies -emit-module -emit-module-path /Users/ryankanfer/Library/Developer/Xcode/DerivedData/HOMEY_Clean-gafualdnzupkfseuistvwtqbnpqd/Build/Intermediates.noindex/Supabase.build/Debug-iphoneos/Realtime.build/Objects-normal/arm64/Realtime.swiftmodule -validate-clang-modules-once -clang-build-session-file /Users/ryankanfer/Library/Developer/Xcode/DerivedData/ModuleCache.noindex/Session.modulevalidation -package-name supabase_swift -Xcc -I/Users/ryankanfer/Library/Developer/Xcode/DerivedData/HOMEY_Clean-gafualdnzupkfseuistvwtqbnpqd/Build/Intermediates.noindex/Supabase.build/Debug-iphoneos/Realtime.build/swift-overrides.hmap -emit-const-values -Xfrontend -const-gather-protocols-file -Xfrontend /Users/ryankanfer/Library/Developer/Xcode/DerivedData/HOMEY_Clean-gafualdnzupkfseuistvwtqbnpqd/Build/Intermediates.noindex/Supabase.build/Debug-iphoneos/Realtime.build/Objects-normal/arm64/Realtime_const_extract_protocols.json -Xcc -I/Users/ryankanfer/Library/Developer/Xcode/DerivedData/HOMEY_Clean-gafualdnzupkfseuistvwtqbnpqd/Build/Products/Debug-iphoneos/include -Xcc -I/Users/ryankanfer/Library/Developer/Xcode/DerivedData/HOMEY_Clean-gafualdnzupkfseuistvwtqbnpqd/Build/Intermediates.noindex/Supabase.build/Debug-iphoneos/Realtime.build/DerivedSources-normal/arm64 -Xcc -I/Users/ryankanfer/Library/Developer/Xcode/DerivedData/HOMEY_Clean-gafualdnzupkfseuistvwtqbnpqd/Build/Intermediates.noindex/Supabase.build/Debug-iphoneos/Realtime.build/DerivedSources/arm64 -Xcc -I/Users/ryankanfer/Library/Developer/Xcode/DerivedData/HOMEY_Clean-gafualdnzupkfseuistvwtqbnpqd/Build/Intermediates.noindex/Supabase.build/Debug-iphoneos/Realtime.build/DerivedSources -Xcc -DSWIFT_PACKAGE -Xcc -DDEBUG\=1 -emit-objc-header -emit-objc-header-path /Users/ryankanfer/Library/Developer/Xcode/DerivedData/HOMEY_Clean-gafualdnzupkfseuistvwtqbnpqd/Build/Intermediates.noindex/Supabase.build/Debug-iphoneos/Realtime.build/Objects-normal/arm64/Realtime-Swift.h -working-directory /Users/ryankanfer/Documents/Developer/HOMEY\ Clean/HOMEY\ Clean.xcodeproj -experimental-emit-module-separately -disable-cmo

SwiftDriverJobDiscovery normal arm64 Compiling Types.swift (in target 'Storage' from project 'Supabase')

SwiftCompile normal arm64 Compiling\ RealtimeMessageV2.swift,\ RealtimePostgresFilter.swift,\ RealtimePostgresFilterValue.swift /Users/ryankanfer/Library/Developer/Xcode/DerivedData/HOMEY_Clean-gafualdnzupkfseuistvwtqbnpqd/SourcePackages/checkouts/supabase-swift/Sources/Realtime/RealtimeMessageV2.swift /Users/ryankanfer/Library/Developer/Xcode/DerivedData/HOMEY_Clean-gafualdnzupkfseuistvwtqbnpqd/SourcePackages/checkouts/supabase-swift/Sources/Realtime/RealtimePostgresFilter.swift /Users/ryankanfer/Library/Developer/Xcode/DerivedData/HOMEY_Clean-gafualdnzupkfseuistvwtqbnpqd/SourcePackages/checkouts/supabase-swift/Sources/Realtime/RealtimePostgresFilterValue.swift (in target 'Realtime' from project 'Supabase')

SwiftCompile normal arm64 /Users/ryankanfer/Library/Developer/Xcode/DerivedData/HOMEY_Clean-gafualdnzupkfseuistvwtqbnpqd/SourcePackages/checkouts/supabase-swift/Sources/Realtime/RealtimeMessageV2.swift (in target 'Realtime' from project 'Supabase')
    cd /Users/ryankanfer/Documents/Developer/HOMEY\ Clean/HOMEY\ Clean.xcodeproj
    

SwiftCompile normal arm64 /Users/ryankanfer/Library/Developer/Xcode/DerivedData/HOMEY_Clean-gafualdnzupkfseuistvwtqbnpqd/SourcePackages/checkouts/supabase-swift/Sources/Realtime/RealtimePostgresFilter.swift (in target 'Realtime' from project 'Supabase')
    cd /Users/ryankanfer/Documents/Developer/HOMEY\ Clean/HOMEY\ Clean.xcodeproj
    

SwiftCompile normal arm64 /Users/ryankanfer/Library/Developer/Xcode/DerivedData/HOMEY_Clean-gafualdnzupkfseuistvwtqbnpqd/SourcePackages/checkouts/supabase-swift/Sources/Realtime/RealtimePostgresFilterValue.swift (in target 'Realtime' from project 'Supabase')
    cd /Users/ryankanfer/Documents/Developer/HOMEY\ Clean/HOMEY\ Clean.xcodeproj
    

SwiftCompile normal arm64 Compiling\ HeartbeatTimer.swift,\ PhoenixTransport.swift,\ Presence.swift,\ Push.swift /Users/ryankanfer/Library/Developer/Xcode/DerivedData/HOMEY_Clean-gafualdnzupkfseuistvwtqbnpqd/SourcePackages/checkouts/supabase-swift/Sources/Realtime/Deprecated/HeartbeatTimer.swift /Users/ryankanfer/Library/Developer/Xcode/DerivedData/HOMEY_Clean-gafualdnzupkfseuistvwtqbnpqd/SourcePackages/checkouts/supabase-swift/Sources/Realtime/Deprecated/PhoenixTransport.swift /Users/ryankanfer/Library/Developer/Xcode/DerivedData/HOMEY_Clean-gafualdnzupkfseuistvwtqbnpqd/SourcePackages/checkouts/supabase-swift/Sources/Realtime/Deprecated/Presence.swift /Users/ryankanfer/Library/Developer/Xcode/DerivedData/HOMEY_Clean-gafualdnzupkfseuistvwtqbnpqd/SourcePackages/checkouts/supabase-swift/Sources/Realtime/Deprecated/Push.swift (in target 'Realtime' from project 'Supabase')

SwiftCompile normal arm64 /Users/ryankanfer/Library/Developer/Xcode/DerivedData/HOMEY_Clean-gafualdnzupkfseuistvwtqbnpqd/SourcePackages/checkouts/supabase-swift/Sources/Realtime/Deprecated/HeartbeatTimer.swift (in target 'Realtime' from project 'Supabase')
    cd /Users/ryankanfer/Documents/Developer/HOMEY\ Clean/HOMEY\ Clean.xcodeproj
    

SwiftCompile normal arm64 /Users/ryankanfer/Library/Developer/Xcode/DerivedData/HOMEY_Clean-gafualdnzupkfseuistvwtqbnpqd/SourcePackages/checkouts/supabase-swift/Sources/Realtime/Deprecated/PhoenixTransport.swift (in target 'Realtime' from project 'Supabase')
    cd /Users/ryankanfer/Documents/Developer/HOMEY\ Clean/HOMEY\ Clean.xcodeproj
    

SwiftCompile normal arm64 /Users/ryankanfer/Library/Developer/Xcode/DerivedData/HOMEY_Clean-gafualdnzupkfseuistvwtqbnpqd/SourcePackages/checkouts/supabase-swift/Sources/Realtime/Deprecated/Presence.swift (in target 'Realtime' from project 'Supabase')
    cd /Users/ryankanfer/Documents/Developer/HOMEY\ Clean/HOMEY\ Clean.xcodeproj
    

SwiftCompile normal arm64 /Users/ryankanfer/Library/Developer/Xcode/DerivedData/HOMEY_Clean-gafualdnzupkfseuistvwtqbnpqd/SourcePackages/checkouts/supabase-swift/Sources/Realtime/Deprecated/Push.swift (in target 'Realtime' from project 'Supabase')
    cd /Users/ryankanfer/Documents/Developer/HOMEY\ Clean/HOMEY\ Clean.xcodeproj
    

SwiftMergeGeneratedHeaders /Users/ryankanfer/Library/Developer/Xcode/DerivedData/HOMEY_Clean-gafualdnzupkfseuistvwtqbnpqd/Build/Intermediates.noindex/GeneratedModuleMaps-iphoneos/Realtime-Swift.h /Users/ryankanfer/Library/Developer/Xcode/DerivedData/HOMEY_Clean-gafualdnzupkfseuistvwtqbnpqd/Build/Intermediates.noindex/Supabase.build/Debug-iphoneos/Realtime.build/Objects-normal/arm64/Realtime-Swift.h (in target 'Realtime' from project 'Supabase')
    cd /Users/ryankanfer/Library/Developer/Xcode/DerivedData/HOMEY_Clean-gafualdnzupkfseuistvwtqbnpqd/SourcePackages/checkouts/supabase-swift
    builtin-swiftHeaderTool -arch arm64 /Users/ryankanfer/Library/Developer/Xcode/DerivedData/HOMEY_Clean-gafualdnzupkfseuistvwtqbnpqd/Build/Intermediates.noindex/Supabase.build/Debug-iphoneos/Realtime.build/Objects-normal/arm64/Realtime-Swift.h -o /Users/ryankanfer/Library/Developer/Xcode/DerivedData/HOMEY_Clean-gafualdnzupkfseuistvwtqbnpqd/Build/Intermediates.noindex/GeneratedModuleMaps-iphoneos/Realtime-Swift.h

SwiftDriverJobDiscovery normal arm64 Compiling StorageHTTPClient.swift, SupabaseStorage.swift (in target 'Storage' from project 'Supabase')

Copy /Users/ryankanfer/Library/Developer/Xcode/DerivedData/HOMEY_Clean-gafualdnzupkfseuistvwtqbnpqd/Build/Products/Debug-iphoneos/Realtime.swiftmodule/arm64-apple-ios.swiftmodule /Users/ryankanfer/Library/Developer/Xcode/DerivedData/HOMEY_Clean-gafualdnzupkfseuistvwtqbnpqd/Build/Intermediates.noindex/Supabase.build/Debug-iphoneos/Realtime.build/Objects-normal/arm64/Realtime.swiftmodule (in target 'Realtime' from project 'Supabase')
    cd /Users/ryankanfer/Library/Developer/Xcode/DerivedData/HOMEY_Clean-gafualdnzupkfseuistvwtqbnpqd/SourcePackages/checkouts/supabase-swift
    builtin-copy -exclude .DS_Store -exclude CVS -exclude .svn -exclude .git -exclude .hg -resolve-src-symlinks -rename /Users/ryankanfer/Library/Developer/Xcode/DerivedData/HOMEY_Clean-gafualdnzupkfseuistvwtqbnpqd/Build/Intermediates.noindex/Supabase.build/Debug-iphoneos/Realtime.build/Objects-normal/arm64/Realtime.swiftmodule /Users/ryankanfer/Library/Developer/Xcode/DerivedData/HOMEY_Clean-gafualdnzupkfseuistvwtqbnpqd/Build/Products/Debug-iphoneos/Realtime.swiftmodule/arm64-apple-ios.swiftmodule

Copy /Users/ryankanfer/Library/Developer/Xcode/DerivedData/HOMEY_Clean-gafualdnzupkfseuistvwtqbnpqd/Build/Products/Debug-iphoneos/Realtime.swiftmodule/arm64-apple-ios.swiftdoc /Users/ryankanfer/Library/Developer/Xcode/DerivedData/HOMEY_Clean-gafualdnzupkfseuistvwtqbnpqd/Build/Intermediates.noindex/Supabase.build/Debug-iphoneos/Realtime.build/Objects-normal/arm64/Realtime.swiftdoc (in target 'Realtime' from project 'Supabase')
    cd /Users/ryankanfer/Library/Developer/Xcode/DerivedData/HOMEY_Clean-gafualdnzupkfseuistvwtqbnpqd/SourcePackages/checkouts/supabase-swift
    builtin-copy -exclude .DS_Store -exclude CVS -exclude .svn -exclude .git -exclude .hg -resolve-src-symlinks -rename /Users/ryankanfer/Library/Developer/Xcode/DerivedData/HOMEY_Clean-gafualdnzupkfseuistvwtqbnpqd/Build/Intermediates.noindex/Supabase.build/Debug-iphoneos/Realtime.build/Objects-normal/arm64/Realtime.swiftdoc /Users/ryankanfer/Library/Developer/Xcode/DerivedData/HOMEY_Clean-gafualdnzupkfseuistvwtqbnpqd/Build/Products/Debug-iphoneos/Realtime.swiftmodule/arm64-apple-ios.swiftdoc

Copy /Users/ryankanfer/Library/Developer/Xcode/DerivedData/HOMEY_Clean-gafualdnzupkfseuistvwtqbnpqd/Build/Products/Debug-iphoneos/Realtime.swiftmodule/arm64-apple-ios.abi.json /Users/ryankanfer/Library/Developer/Xcode/DerivedData/HOMEY_Clean-gafualdnzupkfseuistvwtqbnpqd/Build/Intermediates.noindex/Supabase.build/Debug-iphoneos/Realtime.build/Objects-normal/arm64/Realtime.abi.json (in target 'Realtime' from project 'Supabase')
    cd /Users/ryankanfer/Library/Developer/Xcode/DerivedData/HOMEY_Clean-gafualdnzupkfseuistvwtqbnpqd/SourcePackages/checkouts/supabase-swift
    builtin-copy -exclude .DS_Store -exclude CVS -exclude .svn -exclude .git -exclude .hg -resolve-src-symlinks -rename /Users/ryankanfer/Library/Developer/Xcode/DerivedData/HOMEY_Clean-gafualdnzupkfseuistvwtqbnpqd/Build/Intermediates.noindex/Supabase.build/Debug-iphoneos/Realtime.build/Objects-normal/arm64/Realtime.abi.json /Users/ryankanfer/Library/Developer/Xcode/DerivedData/HOMEY_Clean-gafualdnzupkfseuistvwtqbnpqd/Build/Products/Debug-iphoneos/Realtime.swiftmodule/arm64-apple-ios.abi.json

Copy /Users/ryankanfer/Library/Developer/Xcode/DerivedData/HOMEY_Clean-gafualdnzupkfseuistvwtqbnpqd/Build/Products/Debug-iphoneos/Realtime.swiftmodule/Project/arm64-apple-ios.swiftsourceinfo /Users/ryankanfer/Library/Developer/Xcode/DerivedData/HOMEY_Clean-gafualdnzupkfseuistvwtqbnpqd/Build/Intermediates.noindex/Supabase.build/Debug-iphoneos/Realtime.build/Objects-normal/arm64/Realtime.swiftsourceinfo (in target 'Realtime' from project 'Supabase')
    cd /Users/ryankanfer/Library/Developer/Xcode/DerivedData/HOMEY_Clean-gafualdnzupkfseuistvwtqbnpqd/SourcePackages/checkouts/supabase-swift
    builtin-copy -exclude .DS_Store -exclude CVS -exclude .svn -exclude .git -exclude .hg -resolve-src-symlinks -rename /Users/ryankanfer/Library/Developer/Xcode/DerivedData/HOMEY_Clean-gafualdnzupkfseuistvwtqbnpqd/Build/Intermediates.noindex/Supabase.build/Debug-iphoneos/Realtime.build/Objects-normal/arm64/Realtime.swiftsourceinfo /Users/ryankanfer/Library/Developer/Xcode/DerivedData/HOMEY_Clean-gafualdnzupkfseuistvwtqbnpqd/Build/Products/Debug-iphoneos/Realtime.swiftmodule/Project/arm64-apple-ios.swiftsourceinfo

SwiftCompile normal arm64 Compiling\ Exports.swift,\ PostgresAction.swift,\ PostgresActionData.swift,\ PresenceAction.swift /Users/ryankanfer/Library/Developer/Xcode/DerivedData/HOMEY_Clean-gafualdnzupkfseuistvwtqbnpqd/SourcePackages/checkouts/supabase-swift/Sources/Realtime/Exports.swift /Users/ryankanfer/Library/Developer/Xcode/DerivedData/HOMEY_Clean-gafualdnzupkfseuistvwtqbnpqd/SourcePackages/checkouts/supabase-swift/Sources/Realtime/PostgresAction.swift /Users/ryankanfer/Library/Developer/Xcode/DerivedData/HOMEY_Clean-gafualdnzupkfseuistvwtqbnpqd/SourcePackages/checkouts/supabase-swift/Sources/Realtime/PostgresActionData.swift /Users/ryankanfer/Library/Developer/Xcode/DerivedData/HOMEY_Clean-gafualdnzupkfseuistvwtqbnpqd/SourcePackages/checkouts/supabase-swift/Sources/Realtime/PresenceAction.swift (in target 'Realtime' from project 'Supabase')

SwiftCompile normal arm64 /Users/ryankanfer/Library/Developer/Xcode/DerivedData/HOMEY_Clean-gafualdnzupkfseuistvwtqbnpqd/SourcePackages/checkouts/supabase-swift/Sources/Realtime/Exports.swift (in target 'Realtime' from project 'Supabase')
    cd /Users/ryankanfer/Documents/Developer/HOMEY\ Clean/HOMEY\ Clean.xcodeproj
    

SwiftCompile normal arm64 /Users/ryankanfer/Library/Developer/Xcode/DerivedData/HOMEY_Clean-gafualdnzupkfseuistvwtqbnpqd/SourcePackages/checkouts/supabase-swift/Sources/Realtime/PostgresAction.swift (in target 'Realtime' from project 'Supabase')
    cd /Users/ryankanfer/Documents/Developer/HOMEY\ Clean/HOMEY\ Clean.xcodeproj
    

SwiftCompile normal arm64 /Users/ryankanfer/Library/Developer/Xcode/DerivedData/HOMEY_Clean-gafualdnzupkfseuistvwtqbnpqd/SourcePackages/checkouts/supabase-swift/Sources/Realtime/PostgresActionData.swift (in target 'Realtime' from project 'Supabase')
    cd /Users/ryankanfer/Documents/Developer/HOMEY\ Clean/HOMEY\ Clean.xcodeproj
    

SwiftCompile normal arm64 /Users/ryankanfer/Library/Developer/Xcode/DerivedData/HOMEY_Clean-gafualdnzupkfseuistvwtqbnpqd/SourcePackages/checkouts/supabase-swift/Sources/Realtime/PresenceAction.swift (in target 'Realtime' from project 'Supabase')
    cd /Users/ryankanfer/Documents/Developer/HOMEY\ Clean/HOMEY\ Clean.xcodeproj
    

SwiftDriverJobDiscovery normal arm64 Compiling StorageApi.swift, StorageBucketApi.swift (in target 'Storage' from project 'Supabase')

SwiftCompile normal arm64 Compiling\ CallbackManager.swift,\ Defaults.swift,\ Delegated.swift,\ Deprecated.swift /Users/ryankanfer/Library/Developer/Xcode/DerivedData/HOMEY_Clean-gafualdnzupkfseuistvwtqbnpqd/SourcePackages/checkouts/supabase-swift/Sources/Realtime/CallbackManager.swift /Users/ryankanfer/Library/Developer/Xcode/DerivedData/HOMEY_Clean-gafualdnzupkfseuistvwtqbnpqd/SourcePackages/checkouts/supabase-swift/Sources/Realtime/Deprecated/Defaults.swift /Users/ryankanfer/Library/Developer/Xcode/DerivedData/HOMEY_Clean-gafualdnzupkfseuistvwtqbnpqd/SourcePackages/checkouts/supabase-swift/Sources/Realtime/Deprecated/Delegated.swift /Users/ryankanfer/Library/Developer/Xcode/DerivedData/HOMEY_Clean-gafualdnzupkfseuistvwtqbnpqd/SourcePackages/checkouts/supabase-swift/Sources/Realtime/Deprecated/Deprecated.swift (in target 'Realtime' from project 'Supabase')

SwiftCompile normal arm64 /Users/ryankanfer/Library/Developer/Xcode/DerivedData/HOMEY_Clean-gafualdnzupkfseuistvwtqbnpqd/SourcePackages/checkouts/supabase-swift/Sources/Realtime/CallbackManager.swift (in target 'Realtime' from project 'Supabase')
    cd /Users/ryankanfer/Documents/Developer/HOMEY\ Clean/HOMEY\ Clean.xcodeproj
    

SwiftCompile normal arm64 /Users/ryankanfer/Library/Developer/Xcode/DerivedData/HOMEY_Clean-gafualdnzupkfseuistvwtqbnpqd/SourcePackages/checkouts/supabase-swift/Sources/Realtime/Deprecated/Defaults.swift (in target 'Realtime' from project 'Supabase')
    cd /Users/ryankanfer/Documents/Developer/HOMEY\ Clean/HOMEY\ Clean.xcodeproj
    

SwiftCompile normal arm64 /Users/ryankanfer/Library/Developer/Xcode/DerivedData/HOMEY_Clean-gafualdnzupkfseuistvwtqbnpqd/SourcePackages/checkouts/supabase-swift/Sources/Realtime/Deprecated/Delegated.swift (in target 'Realtime' from project 'Supabase')
    cd /Users/ryankanfer/Documents/Developer/HOMEY\ Clean/HOMEY\ Clean.xcodeproj
    

SwiftCompile normal arm64 /Users/ryankanfer/Library/Developer/Xcode/DerivedData/HOMEY_Clean-gafualdnzupkfseuistvwtqbnpqd/SourcePackages/checkouts/supabase-swift/Sources/Realtime/Deprecated/Deprecated.swift (in target 'Realtime' from project 'Supabase')
    cd /Users/ryankanfer/Documents/Developer/HOMEY\ Clean/HOMEY\ Clean.xcodeproj
    

SwiftCompile normal arm64 Compiling\ PushV2.swift,\ RealtimeChannel+AsyncAwait.swift,\ RealtimeChannelV2.swift /Users/ryankanfer/Library/Developer/Xcode/DerivedData/HOMEY_Clean-gafualdnzupkfseuistvwtqbnpqd/SourcePackages/checkouts/supabase-swift/Sources/Realtime/PushV2.swift /Users/ryankanfer/Library/Developer/Xcode/DerivedData/HOMEY_Clean-gafualdnzupkfseuistvwtqbnpqd/SourcePackages/checkouts/supabase-swift/Sources/Realtime/RealtimeChannel+AsyncAwait.swift /Users/ryankanfer/Library/Developer/Xcode/DerivedData/HOMEY_Clean-gafualdnzupkfseuistvwtqbnpqd/SourcePackages/checkouts/supabase-swift/Sources/Realtime/RealtimeChannelV2.swift (in target 'Realtime' from project 'Supabase')
SwiftCompile normal arm64 /Users/ryankanfer/Library/Developer/Xcode/DerivedData/HOMEY_Clean-gafualdnzupkfseuistvwtqbnpqd/SourcePackages/checkouts/supabase-swift/Sources/Realtime/PushV2.swift (in target 'Realtime' from project 'Supabase')
    cd /Users/ryankanfer/Documents/Developer/HOMEY\ Clean/HOMEY\ Clean.xcodeproj
    

SwiftCompile normal arm64 /Users/ryankanfer/Library/Developer/Xcode/DerivedData/HOMEY_Clean-gafualdnzupkfseuistvwtqbnpqd/SourcePackages/checkouts/supabase-swift/Sources/Realtime/RealtimeChannel+AsyncAwait.swift (in target 'Realtime' from project 'Supabase')
    cd /Users/ryankanfer/Documents/Developer/HOMEY\ Clean/HOMEY\ Clean.xcodeproj
    

SwiftCompile normal arm64 /Users/ryankanfer/Library/Developer/Xcode/DerivedData/HOMEY_Clean-gafualdnzupkfseuistvwtqbnpqd/SourcePackages/checkouts/supabase-swift/Sources/Realtime/RealtimeChannelV2.swift (in target 'Realtime' from project 'Supabase')
    cd /Users/ryankanfer/Documents/Developer/HOMEY\ Clean/HOMEY\ Clean.xcodeproj
    

SwiftDriverJobDiscovery normal arm64 Compiling StorageError.swift, StorageFileApi.swift (in target 'Storage' from project 'Supabase')

SwiftCompile normal arm64 Compiling\ RealtimeChannel.swift,\ RealtimeClient.swift,\ RealtimeMessage.swift,\ TimeoutTimer.swift /Users/ryankanfer/Library/Developer/Xcode/DerivedData/HOMEY_Clean-gafualdnzupkfseuistvwtqbnpqd/SourcePackages/checkouts/supabase-swift/Sources/Realtime/Deprecated/RealtimeChannel.swift /Users/ryankanfer/Library/Developer/Xcode/DerivedData/HOMEY_Clean-gafualdnzupkfseuistvwtqbnpqd/SourcePackages/checkouts/supabase-swift/Sources/Realtime/Deprecated/RealtimeClient.swift /Users/ryankanfer/Library/Developer/Xcode/DerivedData/HOMEY_Clean-gafualdnzupkfseuistvwtqbnpqd/SourcePackages/checkouts/supabase-swift/Sources/Realtime/Deprecated/RealtimeMessage.swift /Users/ryankanfer/Library/Developer/Xcode/DerivedData/HOMEY_Clean-gafualdnzupkfseuistvwtqbnpqd/SourcePackages/checkouts/supabase-swift/Sources/Realtime/Deprecated/TimeoutTimer.swift (in target 'Realtime' from project 'Supabase')
SwiftCompile normal arm64 /Users/ryankanfer/Library/Developer/Xcode/DerivedData/HOMEY_Clean-gafualdnzupkfseuistvwtqbnpqd/SourcePackages/checkouts/supabase-swift/Sources/Realtime/Deprecated/RealtimeChannel.swift (in target 'Realtime' from project 'Supabase')
    cd /Users/ryankanfer/Documents/Developer/HOMEY\ Clean/HOMEY\ Clean.xcodeproj
    

SwiftCompile normal arm64 /Users/ryankanfer/Library/Developer/Xcode/DerivedData/HOMEY_Clean-gafualdnzupkfseuistvwtqbnpqd/SourcePackages/checkouts/supabase-swift/Sources/Realtime/Deprecated/RealtimeClient.swift (in target 'Realtime' from project 'Supabase')
    cd /Users/ryankanfer/Documents/Developer/HOMEY\ Clean/HOMEY\ Clean.xcodeproj
    

SwiftCompile normal arm64 /Users/ryankanfer/Library/Developer/Xcode/DerivedData/HOMEY_Clean-gafualdnzupkfseuistvwtqbnpqd/SourcePackages/checkouts/supabase-swift/Sources/Realtime/Deprecated/RealtimeMessage.swift (in target 'Realtime' from project 'Supabase')
    cd /Users/ryankanfer/Documents/Developer/HOMEY\ Clean/HOMEY\ Clean.xcodeproj
    

SwiftCompile normal arm64 /Users/ryankanfer/Library/Developer/Xcode/DerivedData/HOMEY_Clean-gafualdnzupkfseuistvwtqbnpqd/SourcePackages/checkouts/supabase-swift/Sources/Realtime/Deprecated/TimeoutTimer.swift (in target 'Realtime' from project 'Supabase')
    cd /Users/ryankanfer/Documents/Developer/HOMEY\ Clean/HOMEY\ Clean.xcodeproj
    

SwiftDriverJobDiscovery normal arm64 Compiling RealtimeMessageV2.swift, RealtimePostgresFilter.swift, RealtimePostgresFilterValue.swift (in target 'Realtime' from project 'Supabase')

SwiftCompile normal arm64 Compiling\ Types.swift,\ URLSessionWebSocket.swift,\ WebSocket.swift /Users/ryankanfer/Library/Developer/Xcode/DerivedData/HOMEY_Clean-gafualdnzupkfseuistvwtqbnpqd/SourcePackages/checkouts/supabase-swift/Sources/Realtime/Types.swift /Users/ryankanfer/Library/Developer/Xcode/DerivedData/HOMEY_Clean-gafualdnzupkfseuistvwtqbnpqd/SourcePackages/checkouts/supabase-swift/Sources/Realtime/WebSocket/URLSessionWebSocket.swift /Users/ryankanfer/Library/Developer/Xcode/DerivedData/HOMEY_Clean-gafualdnzupkfseuistvwtqbnpqd/SourcePackages/checkouts/supabase-swift/Sources/Realtime/WebSocket/WebSocket.swift (in target 'Realtime' from project 'Supabase')

SwiftCompile normal arm64 /Users/ryankanfer/Library/Developer/Xcode/DerivedData/HOMEY_Clean-gafualdnzupkfseuistvwtqbnpqd/SourcePackages/checkouts/supabase-swift/Sources/Realtime/Types.swift (in target 'Realtime' from project 'Supabase')
    cd /Users/ryankanfer/Documents/Developer/HOMEY\ Clean/HOMEY\ Clean.xcodeproj
    

SwiftCompile normal arm64 /Users/ryankanfer/Library/Developer/Xcode/DerivedData/HOMEY_Clean-gafualdnzupkfseuistvwtqbnpqd/SourcePackages/checkouts/supabase-swift/Sources/Realtime/WebSocket/URLSessionWebSocket.swift (in target 'Realtime' from project 'Supabase')
    cd /Users/ryankanfer/Documents/Developer/HOMEY\ Clean/HOMEY\ Clean.xcodeproj
    

SwiftCompile normal arm64 /Users/ryankanfer/Library/Developer/Xcode/DerivedData/HOMEY_Clean-gafualdnzupkfseuistvwtqbnpqd/SourcePackages/checkouts/supabase-swift/Sources/Realtime/WebSocket/WebSocket.swift (in target 'Realtime' from project 'Supabase')
    cd /Users/ryankanfer/Documents/Developer/HOMEY\ Clean/HOMEY\ Clean.xcodeproj
    

SwiftDriverJobDiscovery normal arm64 Emitting module for Auth (in target 'Auth' from project 'Supabase')

SwiftCompile normal arm64 Compiling\ Defaults.swift,\ Deprecated.swift /Users/ryankanfer/Library/Developer/Xcode/DerivedData/HOMEY_Clean-gafualdnzupkfseuistvwtqbnpqd/SourcePackages/checkouts/supabase-swift/Sources/PostgREST/Defaults.swift /Users/ryankanfer/Library/Developer/Xcode/DerivedData/HOMEY_Clean-gafualdnzupkfseuistvwtqbnpqd/SourcePackages/checkouts/supabase-swift/Sources/PostgREST/Deprecated.swift (in target 'PostgREST' from project 'Supabase')

SwiftCompile normal arm64 /Users/ryankanfer/Library/Developer/Xcode/DerivedData/HOMEY_Clean-gafualdnzupkfseuistvwtqbnpqd/SourcePackages/checkouts/supabase-swift/Sources/PostgREST/Defaults.swift (in target 'PostgREST' from project 'Supabase')
    cd /Users/ryankanfer/Documents/Developer/HOMEY\ Clean/HOMEY\ Clean.xcodeproj
    

SwiftCompile normal arm64 /Users/ryankanfer/Library/Developer/Xcode/DerivedData/HOMEY_Clean-gafualdnzupkfseuistvwtqbnpqd/SourcePackages/checkouts/supabase-swift/Sources/PostgREST/Deprecated.swift (in target 'PostgREST' from project 'Supabase')
    cd /Users/ryankanfer/Documents/Developer/HOMEY\ Clean/HOMEY\ Clean.xcodeproj
    

SwiftDriverJobDiscovery normal arm64 Compiling Helpers.swift, MultipartFormData.swift (in target 'Storage' from project 'Supabase')

SwiftDriver\ Compilation\ Requirements Auth normal arm64 com.apple.xcode.tools.swift.compiler (in target 'Auth' from project 'Supabase')
    cd /Users/ryankanfer/Documents/Developer/HOMEY\ Clean/HOMEY\ Clean.xcodeproj
    builtin-Swift-Compilation-Requirements -- /Applications/Xcode.app/Contents/Developer/Toolchains/XcodeDefault.xctoolchain/usr/bin/swiftc -module-name Auth -Onone -enforce-exclusivity\=checked @/Users/ryankanfer/Library/Developer/Xcode/DerivedData/HOMEY_Clean-gafualdnzupkfseuistvwtqbnpqd/Build/Intermediates.noindex/Supabase.build/Debug-iphoneos/Auth.build/Objects-normal/arm64/Auth.SwiftFileList -DSWIFT_PACKAGE -DDEBUG -DSWIFT_MODULE_RESOURCE_BUNDLE_UNAVAILABLE -DXcode -enable-upcoming-feature ExistentialAny -enable-experimental-feature StrictConcurrency -plugin-path /Applications/Xcode.app/Contents/Developer/Toolchains/XcodeDefault.xctoolchain/usr/lib/swift/host/plugins/testing -enable-experimental-feature DebugDescriptionMacro -sdk /Applications/Xcode.app/Contents/Developer/Platforms/iPhoneOS.platform/Developer/SDKs/iPhoneOS26.0.sdk -target arm64-apple-ios13.0 -g -module-cache-path /Users/ryankanfer/Library/Developer/Xcode/DerivedData/ModuleCache.noindex -Xfrontend -serialize-debugging-options -profile-coverage-mapping -profile-generate -enable-testing -suppress-warnings -index-store-path /Users/ryankanfer/Library/Developer/Xcode/DerivedData/HOMEY_Clean-gafualdnzupkfseuistvwtqbnpqd/Index.noindex/DataStore -Xcc -D_LIBCPP_HARDENING_MODE\=_LIBCPP_HARDENING_MODE_DEBUG -swift-version 5 -I /Users/ryankanfer/Library/Developer/Xcode/DerivedData/HOMEY_Clean-gafualdnzupkfseuistvwtqbnpqd/Build/Products/Debug-iphoneos -Isystem /Applications/Xcode.app/Contents/Developer/Platforms/iPhoneOS.platform/Developer/usr/lib -F /Users/ryankanfer/Library/Developer/Xcode/DerivedData/HOMEY_Clean-gafualdnzupkfseuistvwtqbnpqd/Build/Products/Debug-iphoneos/PackageFrameworks -F /Users/ryankanfer/Library/Developer/Xcode/DerivedData/HOMEY_Clean-gafualdnzupkfseuistvwtqbnpqd/Build/Products/Debug-iphoneos/PackageFrameworks -F /Users/ryankanfer/Library/Developer/Xcode/DerivedData/HOMEY_Clean-gafualdnzupkfseuistvwtqbnpqd/Build/Products/Debug-iphoneos/PackageFrameworks -F /Users/ryankanfer/Library/Developer/Xcode/DerivedData/HOMEY_Clean-gafualdnzupkfseuistvwtqbnpqd/Build/Products/Debug-iphoneos/PackageFrameworks -F /Users/ryankanfer/Library/Developer/Xcode/DerivedData/HOMEY_Clean-gafualdnzupkfseuistvwtqbnpqd/Build/Products/Debug-iphoneos/PackageFrameworks -F /Users/ryankanfer/Library/Developer/Xcode/DerivedData/HOMEY_Clean-gafualdnzupkfseuistvwtqbnpqd/Build/Products/Debug-iphoneos/PackageFrameworks -F /Users/ryankanfer/Library/Developer/Xcode/DerivedData/HOMEY_Clean-gafualdnzupkfseuistvwtqbnpqd/Build/Products/Debug-iphoneos/PackageFrameworks -F /Users/ryankanfer/Library/Developer/Xcode/DerivedData/HOMEY_Clean-gafualdnzupkfseuistvwtqbnpqd/Build/Products/Debug-iphoneos/PackageFrameworks -F /Users/ryankanfer/Library/Developer/Xcode/DerivedData/HOMEY_Clean-gafualdnzupkfseuistvwtqbnpqd/Build/Products/Debug-iphoneos -F /Applications/Xcode.app/Contents/Developer/Platforms/iPhoneOS.platform/Developer/Library/Frameworks -F /Applications/Xcode.app/Contents/Developer/Platforms/iPhoneOS.platform/Developer/SDKs/iPhoneOS26.0.sdk/Developer/Library/Frameworks -c -j8 -enable-batch-mode -incremental -Xcc -ivfsstatcache -Xcc /Users/ryankanfer/Library/Developer/Xcode/DerivedData/SDKStatCaches.noindex/iphoneos26.0-23A339-81ce72e5b06c9602b9d30b56f2eed08a.sdkstatcache -output-file-map /Users/ryankanfer/Library/Developer/Xcode/DerivedData/HOMEY_Clean-gafualdnzupkfseuistvwtqbnpqd/Build/Intermediates.noindex/Supabase.build/Debug-iphoneos/Auth.build/Objects-normal/arm64/Auth-OutputFileMap.json -use-frontend-parseable-output -save-temps -no-color-diagnostics -explicit-module-build -module-cache-path /Users/ryankanfer/Library/Developer/Xcode/DerivedData/HOMEY_Clean-gafualdnzupkfseuistvwtqbnpqd/Build/Intermediates.noindex/SwiftExplicitPrecompiledModules -clang-scanner-module-cache-path /Users/ryankanfer/Library/Developer/Xcode/DerivedData/ModuleCache.noindex -sdk-module-cache-path /Users/ryankanfer/Library/Developer/Xcode/DerivedData/ModuleCache.noindex -serialize-diagnostics -emit-dependencies -emit-module -emit-module-path /Users/ryankanfer/Library/Developer/Xcode/DerivedData/HOMEY_Clean-gafualdnzupkfseuistvwtqbnpqd/Build/Intermediates.noindex/Supabase.build/Debug-iphoneos/Auth.build/Objects-normal/arm64/Auth.swiftmodule -validate-clang-modules-once -clang-build-session-file /Users/ryankanfer/Library/Developer/Xcode/DerivedData/ModuleCache.noindex/Session.modulevalidation -package-name supabase_swift -Xcc -I/Users/ryankanfer/Library/Developer/Xcode/DerivedData/HOMEY_Clean-gafualdnzupkfseuistvwtqbnpqd/Build/Intermediates.noindex/Supabase.build/Debug-iphoneos/Auth.build/swift-overrides.hmap -emit-const-values -Xfrontend -const-gather-protocols-file -Xfrontend /Users/ryankanfer/Library/Developer/Xcode/DerivedData/HOMEY_Clean-gafualdnzupkfseuistvwtqbnpqd/Build/Intermediates.noindex/Supabase.build/Debug-iphoneos/Auth.build/Objects-normal/arm64/Auth_const_extract_protocols.json -Xcc -I/Users/ryankanfer/Library/Developer/Xcode/DerivedData/HOMEY_Clean-gafualdnzupkfseuistvwtqbnpqd/Build/Products/Debug-iphoneos/include -Xcc -I/Users/ryankanfer/Library/Developer/Xcode/DerivedData/HOMEY_Clean-gafualdnzupkfseuistvwtqbnpqd/Build/Intermediates.noindex/Supabase.build/Debug-iphoneos/Auth.build/DerivedSources-normal/arm64 -Xcc -I/Users/ryankanfer/Library/Developer/Xcode/DerivedData/HOMEY_Clean-gafualdnzupkfseuistvwtqbnpqd/Build/Intermediates.noindex/Supabase.build/Debug-iphoneos/Auth.build/DerivedSources/arm64 -Xcc -I/Users/ryankanfer/Library/Developer/Xcode/DerivedData/HOMEY_Clean-gafualdnzupkfseuistvwtqbnpqd/Build/Intermediates.noindex/Supabase.build/Debug-iphoneos/Auth.build/DerivedSources -Xcc -DSWIFT_PACKAGE -Xcc -DDEBUG\=1 -emit-objc-header -emit-objc-header-path /Users/ryankanfer/Library/Developer/Xcode/DerivedData/HOMEY_Clean-gafualdnzupkfseuistvwtqbnpqd/Build/Intermediates.noindex/Supabase.build/Debug-iphoneos/Auth.build/Objects-normal/arm64/Auth-Swift.h -working-directory /Users/ryankanfer/Documents/Developer/HOMEY\ Clean/HOMEY\ Clean.xcodeproj -experimental-emit-module-separately -disable-cmo

SwiftDriverJobDiscovery normal arm64 Compiling Exports.swift, PostgresAction.swift, PostgresActionData.swift, PresenceAction.swift (in target 'Realtime' from project 'Supabase')

SwiftDriver\ Compilation Storage normal arm64 com.apple.xcode.tools.swift.compiler (in target 'Storage' from project 'Supabase')
    cd /Users/ryankanfer/Documents/Developer/HOMEY\ Clean/HOMEY\ Clean.xcodeproj
    builtin-Swift-Compilation -- /Applications/Xcode.app/Contents/Developer/Toolchains/XcodeDefault.xctoolchain/usr/bin/swiftc -module-name Storage -Onone -enforce-exclusivity\=checked @/Users/ryankanfer/Library/Developer/Xcode/DerivedData/HOMEY_Clean-gafualdnzupkfseuistvwtqbnpqd/Build/Intermediates.noindex/Supabase.build/Debug-iphoneos/Storage.build/Objects-normal/arm64/Storage.SwiftFileList -DSWIFT_PACKAGE -DDEBUG -DSWIFT_MODULE_RESOURCE_BUNDLE_UNAVAILABLE -DXcode -enable-upcoming-feature ExistentialAny -enable-experimental-feature StrictConcurrency -plugin-path /Applications/Xcode.app/Contents/Developer/Toolchains/XcodeDefault.xctoolchain/usr/lib/swift/host/plugins/testing -enable-experimental-feature DebugDescriptionMacro -sdk /Applications/Xcode.app/Contents/Developer/Platforms/iPhoneOS.platform/Developer/SDKs/iPhoneOS26.0.sdk -target arm64-apple-ios13.0 -g -module-cache-path /Users/ryankanfer/Library/Developer/Xcode/DerivedData/ModuleCache.noindex -Xfrontend -serialize-debugging-options -profile-coverage-mapping -profile-generate -enable-testing -suppress-warnings -index-store-path /Users/ryankanfer/Library/Developer/Xcode/DerivedData/HOMEY_Clean-gafualdnzupkfseuistvwtqbnpqd/Index.noindex/DataStore -Xcc -D_LIBCPP_HARDENING_MODE\=_LIBCPP_HARDENING_MODE_DEBUG -swift-version 5 -I /Users/ryankanfer/Library/Developer/Xcode/DerivedData/HOMEY_Clean-gafualdnzupkfseuistvwtqbnpqd/Build/Products/Debug-iphoneos -Isystem /Applications/Xcode.app/Contents/Developer/Platforms/iPhoneOS.platform/Developer/usr/lib -F /Users/ryankanfer/Library/Developer/Xcode/DerivedData/HOMEY_Clean-gafualdnzupkfseuistvwtqbnpqd/Build/Products/Debug-iphoneos/PackageFrameworks -F /Users/ryankanfer/Library/Developer/Xcode/DerivedData/HOMEY_Clean-gafualdnzupkfseuistvwtqbnpqd/Build/Products/Debug-iphoneos/PackageFrameworks -F /Users/ryankanfer/Library/Developer/Xcode/DerivedData/HOMEY_Clean-gafualdnzupkfseuistvwtqbnpqd/Build/Products/Debug-iphoneos/PackageFrameworks -F /Users/ryankanfer/Library/Developer/Xcode/DerivedData/HOMEY_Clean-gafualdnzupkfseuistvwtqbnpqd/Build/Products/Debug-iphoneos/PackageFrameworks -F /Users/ryankanfer/Library/Developer/Xcode/DerivedData/HOMEY_Clean-gafualdnzupkfseuistvwtqbnpqd/Build/Products/Debug-iphoneos/PackageFrameworks -F /Users/ryankanfer/Library/Developer/Xcode/DerivedData/HOMEY_Clean-gafualdnzupkfseuistvwtqbnpqd/Build/Products/Debug-iphoneos/PackageFrameworks -F /Users/ryankanfer/Library/Developer/Xcode/DerivedData/HOMEY_Clean-gafualdnzupkfseuistvwtqbnpqd/Build/Products/Debug-iphoneos/PackageFrameworks -F /Users/ryankanfer/Library/Developer/Xcode/DerivedData/HOMEY_Clean-gafualdnzupkfseuistvwtqbnpqd/Build/Products/Debug-iphoneos -F /Applications/Xcode.app/Contents/Developer/Platforms/iPhoneOS.platform/Developer/Library/Frameworks -F /Applications/Xcode.app/Contents/Developer/Platforms/iPhoneOS.platform/Developer/SDKs/iPhoneOS26.0.sdk/Developer/Library/Frameworks -c -j8 -enable-batch-mode -incremental -Xcc -ivfsstatcache -Xcc /Users/ryankanfer/Library/Developer/Xcode/DerivedData/SDKStatCaches.noindex/iphoneos26.0-23A339-81ce72e5b06c9602b9d30b56f2eed08a.sdkstatcache -output-file-map /Users/ryankanfer/Library/Developer/Xcode/DerivedData/HOMEY_Clean-gafualdnzupkfseuistvwtqbnpqd/Build/Intermediates.noindex/Supabase.build/Debug-iphoneos/Storage.build/Objects-normal/arm64/Storage-OutputFileMap.json -use-frontend-parseable-output -save-temps -no-color-diagnostics -explicit-module-build -module-cache-path /Users/ryankanfer/Library/Developer/Xcode/DerivedData/HOMEY_Clean-gafualdnzupkfseuistvwtqbnpqd/Build/Intermediates.noindex/SwiftExplicitPrecompiledModules -clang-scanner-module-cache-path /Users/ryankanfer/Library/Developer/Xcode/DerivedData/ModuleCache.noindex -sdk-module-cache-path /Users/ryankanfer/Library/Developer/Xcode/DerivedData/ModuleCache.noindex -serialize-diagnostics -emit-dependencies -emit-module -emit-module-path /Users/ryankanfer/Library/Developer/Xcode/DerivedData/HOMEY_Clean-gafualdnzupkfseuistvwtqbnpqd/Build/Intermediates.noindex/Supabase.build/Debug-iphoneos/Storage.build/Objects-normal/arm64/Storage.swiftmodule -validate-clang-modules-once -clang-build-session-file /Users/ryankanfer/Library/Developer/Xcode/DerivedData/ModuleCache.noindex/Session.modulevalidation -package-name supabase_swift -Xcc -I/Users/ryankanfer/Library/Developer/Xcode/DerivedData/HOMEY_Clean-gafualdnzupkfseuistvwtqbnpqd/Build/Intermediates.noindex/Supabase.build/Debug-iphoneos/Storage.build/swift-overrides.hmap -emit-const-values -Xfrontend -const-gather-protocols-file -Xfrontend /Users/ryankanfer/Library/Developer/Xcode/DerivedData/HOMEY_Clean-gafualdnzupkfseuistvwtqbnpqd/Build/Intermediates.noindex/Supabase.build/Debug-iphoneos/Storage.build/Objects-normal/arm64/Storage_const_extract_protocols.json -Xcc -I/Users/ryankanfer/Library/Developer/Xcode/DerivedData/HOMEY_Clean-gafualdnzupkfseuistvwtqbnpqd/Build/Products/Debug-iphoneos/include -Xcc -I/Users/ryankanfer/Library/Developer/Xcode/DerivedData/HOMEY_Clean-gafualdnzupkfseuistvwtqbnpqd/Build/Intermediates.noindex/Supabase.build/Debug-iphoneos/Storage.build/DerivedSources-normal/arm64 -Xcc -I/Users/ryankanfer/Library/Developer/Xcode/DerivedData/HOMEY_Clean-gafualdnzupkfseuistvwtqbnpqd/Build/Intermediates.noindex/Supabase.build/Debug-iphoneos/Storage.build/DerivedSources/arm64 -Xcc -I/Users/ryankanfer/Library/Developer/Xcode/DerivedData/HOMEY_Clean-gafualdnzupkfseuistvwtqbnpqd/Build/Intermediates.noindex/Supabase.build/Debug-iphoneos/Storage.build/DerivedSources -Xcc -DSWIFT_PACKAGE -Xcc -DDEBUG\=1 -emit-objc-header -emit-objc-header-path /Users/ryankanfer/Library/Developer/Xcode/DerivedData/HOMEY_Clean-gafualdnzupkfseuistvwtqbnpqd/Build/Intermediates.noindex/Supabase.build/Debug-iphoneos/Storage.build/Objects-normal/arm64/Storage-Swift.h -working-directory /Users/ryankanfer/Documents/Developer/HOMEY\ Clean/HOMEY\ Clean.xcodeproj -experimental-emit-module-separately -disable-cmo

SwiftDriverJobDiscovery normal arm64 Compiling CallbackManager.swift, Defaults.swift, Delegated.swift, Deprecated.swift (in target 'Realtime' from project 'Supabase')

SwiftCompile normal arm64 Compiling\ PostgrestFilterBuilder.swift /Users/ryankanfer/Library/Developer/Xcode/DerivedData/HOMEY_Clean-gafualdnzupkfseuistvwtqbnpqd/SourcePackages/checkouts/supabase-swift/Sources/PostgREST/PostgrestFilterBuilder.swift (in target 'PostgREST' from project 'Supabase')

SwiftCompile normal arm64 /Users/ryankanfer/Library/Developer/Xcode/DerivedData/HOMEY_Clean-gafualdnzupkfseuistvwtqbnpqd/SourcePackages/checkouts/supabase-swift/Sources/PostgREST/PostgrestFilterBuilder.swift (in target 'PostgREST' from project 'Supabase')
    cd /Users/ryankanfer/Documents/Developer/HOMEY\ Clean/HOMEY\ Clean.xcodeproj
    

SwiftCompile normal arm64 Compiling\ Exports.swift,\ PostgrestBuilder.swift /Users/ryankanfer/Library/Developer/Xcode/DerivedData/HOMEY_Clean-gafualdnzupkfseuistvwtqbnpqd/SourcePackages/checkouts/supabase-swift/Sources/PostgREST/Exports.swift /Users/ryankanfer/Library/Developer/Xcode/DerivedData/HOMEY_Clean-gafualdnzupkfseuistvwtqbnpqd/SourcePackages/checkouts/supabase-swift/Sources/PostgREST/PostgrestBuilder.swift (in target 'PostgREST' from project 'Supabase')

SwiftCompile normal arm64 /Users/ryankanfer/Library/Developer/Xcode/DerivedData/HOMEY_Clean-gafualdnzupkfseuistvwtqbnpqd/SourcePackages/checkouts/supabase-swift/Sources/PostgREST/Exports.swift (in target 'PostgREST' from project 'Supabase')
    cd /Users/ryankanfer/Documents/Developer/HOMEY\ Clean/HOMEY\ Clean.xcodeproj
    

SwiftCompile normal arm64 /Users/ryankanfer/Library/Developer/Xcode/DerivedData/HOMEY_Clean-gafualdnzupkfseuistvwtqbnpqd/SourcePackages/checkouts/supabase-swift/Sources/PostgREST/PostgrestBuilder.swift (in target 'PostgREST' from project 'Supabase')
    cd /Users/ryankanfer/Documents/Developer/HOMEY\ Clean/HOMEY\ Clean.xcodeproj
    

SwiftMergeGeneratedHeaders /Users/ryankanfer/Library/Developer/Xcode/DerivedData/HOMEY_Clean-gafualdnzupkfseuistvwtqbnpqd/Build/Intermediates.noindex/GeneratedModuleMaps-iphoneos/Auth-Swift.h /Users/ryankanfer/Library/Developer/Xcode/DerivedData/HOMEY_Clean-gafualdnzupkfseuistvwtqbnpqd/Build/Intermediates.noindex/Supabase.build/Debug-iphoneos/Auth.build/Objects-normal/arm64/Auth-Swift.h (in target 'Auth' from project 'Supabase')
    cd /Users/ryankanfer/Library/Developer/Xcode/DerivedData/HOMEY_Clean-gafualdnzupkfseuistvwtqbnpqd/SourcePackages/checkouts/supabase-swift
    builtin-swiftHeaderTool -arch arm64 /Users/ryankanfer/Library/Developer/Xcode/DerivedData/HOMEY_Clean-gafualdnzupkfseuistvwtqbnpqd/Build/Intermediates.noindex/Supabase.build/Debug-iphoneos/Auth.build/Objects-normal/arm64/Auth-Swift.h -o /Users/ryankanfer/Library/Developer/Xcode/DerivedData/HOMEY_Clean-gafualdnzupkfseuistvwtqbnpqd/Build/Intermediates.noindex/GeneratedModuleMaps-iphoneos/Auth-Swift.h

SwiftDriverJobDiscovery normal arm64 Compiling Defaults.swift, Deprecated.swift (in target 'PostgREST' from project 'Supabase')

Copy /Users/ryankanfer/Library/Developer/Xcode/DerivedData/HOMEY_Clean-gafualdnzupkfseuistvwtqbnpqd/Build/Products/Debug-iphoneos/Auth.swiftmodule/arm64-apple-ios.swiftmodule /Users/ryankanfer/Library/Developer/Xcode/DerivedData/HOMEY_Clean-gafualdnzupkfseuistvwtqbnpqd/Build/Intermediates.noindex/Supabase.build/Debug-iphoneos/Auth.build/Objects-normal/arm64/Auth.swiftmodule (in target 'Auth' from project 'Supabase')
    cd /Users/ryankanfer/Library/Developer/Xcode/DerivedData/HOMEY_Clean-gafualdnzupkfseuistvwtqbnpqd/SourcePackages/checkouts/supabase-swift
    builtin-copy -exclude .DS_Store -exclude CVS -exclude .svn -exclude .git -exclude .hg -resolve-src-symlinks -rename /Users/ryankanfer/Library/Developer/Xcode/DerivedData/HOMEY_Clean-gafualdnzupkfseuistvwtqbnpqd/Build/Intermediates.noindex/Supabase.build/Debug-iphoneos/Auth.build/Objects-normal/arm64/Auth.swiftmodule /Users/ryankanfer/Library/Developer/Xcode/DerivedData/HOMEY_Clean-gafualdnzupkfseuistvwtqbnpqd/Build/Products/Debug-iphoneos/Auth.swiftmodule/arm64-apple-ios.swiftmodule

Copy /Users/ryankanfer/Library/Developer/Xcode/DerivedData/HOMEY_Clean-gafualdnzupkfseuistvwtqbnpqd/Build/Products/Debug-iphoneos/Auth.swiftmodule/arm64-apple-ios.swiftdoc /Users/ryankanfer/Library/Developer/Xcode/DerivedData/HOMEY_Clean-gafualdnzupkfseuistvwtqbnpqd/Build/Intermediates.noindex/Supabase.build/Debug-iphoneos/Auth.build/Objects-normal/arm64/Auth.swiftdoc (in target 'Auth' from project 'Supabase')
    cd /Users/ryankanfer/Library/Developer/Xcode/DerivedData/HOMEY_Clean-gafualdnzupkfseuistvwtqbnpqd/SourcePackages/checkouts/supabase-swift
    builtin-copy -exclude .DS_Store -exclude CVS -exclude .svn -exclude .git -exclude .hg -resolve-src-symlinks -rename /Users/ryankanfer/Library/Developer/Xcode/DerivedData/HOMEY_Clean-gafualdnzupkfseuistvwtqbnpqd/Build/Intermediates.noindex/Supabase.build/Debug-iphoneos/Auth.build/Objects-normal/arm64/Auth.swiftdoc /Users/ryankanfer/Library/Developer/Xcode/DerivedData/HOMEY_Clean-gafualdnzupkfseuistvwtqbnpqd/Build/Products/Debug-iphoneos/Auth.swiftmodule/arm64-apple-ios.swiftdoc

Copy /Users/ryankanfer/Library/Developer/Xcode/DerivedData/HOMEY_Clean-gafualdnzupkfseuistvwtqbnpqd/Build/Products/Debug-iphoneos/Auth.swiftmodule/arm64-apple-ios.abi.json /Users/ryankanfer/Library/Developer/Xcode/DerivedData/HOMEY_Clean-gafualdnzupkfseuistvwtqbnpqd/Build/Intermediates.noindex/Supabase.build/Debug-iphoneos/Auth.build/Objects-normal/arm64/Auth.abi.json (in target 'Auth' from project 'Supabase')
    cd /Users/ryankanfer/Library/Developer/Xcode/DerivedData/HOMEY_Clean-gafualdnzupkfseuistvwtqbnpqd/SourcePackages/checkouts/supabase-swift
    builtin-copy -exclude .DS_Store -exclude CVS -exclude .svn -exclude .git -exclude .hg -resolve-src-symlinks -rename /Users/ryankanfer/Library/Developer/Xcode/DerivedData/HOMEY_Clean-gafualdnzupkfseuistvwtqbnpqd/Build/Intermediates.noindex/Supabase.build/Debug-iphoneos/Auth.build/Objects-normal/arm64/Auth.abi.json /Users/ryankanfer/Library/Developer/Xcode/DerivedData/HOMEY_Clean-gafualdnzupkfseuistvwtqbnpqd/Build/Products/Debug-iphoneos/Auth.swiftmodule/arm64-apple-ios.abi.json

Copy /Users/ryankanfer/Library/Developer/Xcode/DerivedData/HOMEY_Clean-gafualdnzupkfseuistvwtqbnpqd/Build/Products/Debug-iphoneos/Auth.swiftmodule/Project/arm64-apple-ios.swiftsourceinfo /Users/ryankanfer/Library/Developer/Xcode/DerivedData/HOMEY_Clean-gafualdnzupkfseuistvwtqbnpqd/Build/Intermediates.noindex/Supabase.build/Debug-iphoneos/Auth.build/Objects-normal/arm64/Auth.swiftsourceinfo (in target 'Auth' from project 'Supabase')
    cd /Users/ryankanfer/Library/Developer/Xcode/DerivedData/HOMEY_Clean-gafualdnzupkfseuistvwtqbnpqd/SourcePackages/checkouts/supabase-swift
    builtin-copy -exclude .DS_Store -exclude CVS -exclude .svn -exclude .git -exclude .hg -resolve-src-symlinks -rename /Users/ryankanfer/Library/Developer/Xcode/DerivedData/HOMEY_Clean-gafualdnzupkfseuistvwtqbnpqd/Build/Intermediates.noindex/Supabase.build/Debug-iphoneos/Auth.build/Objects-normal/arm64/Auth.swiftsourceinfo /Users/ryankanfer/Library/Developer/Xcode/DerivedData/HOMEY_Clean-gafualdnzupkfseuistvwtqbnpqd/Build/Products/Debug-iphoneos/Auth.swiftmodule/Project/arm64-apple-ios.swiftsourceinfo

SwiftCompile normal arm64 Compiling\ PostgrestTransformBuilder.swift /Users/ryankanfer/Library/Developer/Xcode/DerivedData/HOMEY_Clean-gafualdnzupkfseuistvwtqbnpqd/SourcePackages/checkouts/supabase-swift/Sources/PostgREST/PostgrestTransformBuilder.swift (in target 'PostgREST' from project 'Supabase')

SwiftCompile normal arm64 /Users/ryankanfer/Library/Developer/Xcode/DerivedData/HOMEY_Clean-gafualdnzupkfseuistvwtqbnpqd/SourcePackages/checkouts/supabase-swift/Sources/PostgREST/PostgrestTransformBuilder.swift (in target 'PostgREST' from project 'Supabase')
    cd /Users/ryankanfer/Documents/Developer/HOMEY\ Clean/HOMEY\ Clean.xcodeproj
    

SwiftCompile normal arm64 Compiling\ PostgrestFilterValue.swift /Users/ryankanfer/Library/Developer/Xcode/DerivedData/HOMEY_Clean-gafualdnzupkfseuistvwtqbnpqd/SourcePackages/checkouts/supabase-swift/Sources/PostgREST/PostgrestFilterValue.swift (in target 'PostgREST' from project 'Supabase')

SwiftCompile normal arm64 /Users/ryankanfer/Library/Developer/Xcode/DerivedData/HOMEY_Clean-gafualdnzupkfseuistvwtqbnpqd/SourcePackages/checkouts/supabase-swift/Sources/PostgREST/PostgrestFilterValue.swift (in target 'PostgREST' from project 'Supabase')
    cd /Users/ryankanfer/Documents/Developer/HOMEY\ Clean/HOMEY\ Clean.xcodeproj
    

SwiftDriverJobDiscovery normal arm64 Compiling HeartbeatTimer.swift, PhoenixTransport.swift, Presence.swift, Push.swift (in target 'Realtime' from project 'Supabase')

SwiftCompile normal arm64 Compiling\ Types.swift /Users/ryankanfer/Library/Developer/Xcode/DerivedData/HOMEY_Clean-gafualdnzupkfseuistvwtqbnpqd/SourcePackages/checkouts/supabase-swift/Sources/PostgREST/Types.swift (in target 'PostgREST' from project 'Supabase')

SwiftCompile normal arm64 /Users/ryankanfer/Library/Developer/Xcode/DerivedData/HOMEY_Clean-gafualdnzupkfseuistvwtqbnpqd/SourcePackages/checkouts/supabase-swift/Sources/PostgREST/Types.swift (in target 'PostgREST' from project 'Supabase')
    cd /Users/ryankanfer/Documents/Developer/HOMEY\ Clean/HOMEY\ Clean.xcodeproj
    

SwiftDriverJobDiscovery normal arm64 Compiling RealtimeClientV2.swift, RealtimeError.swift, RealtimeJoinConfig.swift (in target 'Realtime' from project 'Supabase')

SwiftCompile normal arm64 Compiling\ PostgrestQueryBuilder.swift /Users/ryankanfer/Library/Developer/Xcode/DerivedData/HOMEY_Clean-gafualdnzupkfseuistvwtqbnpqd/SourcePackages/checkouts/supabase-swift/Sources/PostgREST/PostgrestQueryBuilder.swift (in target 'PostgREST' from project 'Supabase')

SwiftCompile normal arm64 /Users/ryankanfer/Library/Developer/Xcode/DerivedData/HOMEY_Clean-gafualdnzupkfseuistvwtqbnpqd/SourcePackages/checkouts/supabase-swift/Sources/PostgREST/PostgrestQueryBuilder.swift (in target 'PostgREST' from project 'Supabase')
    cd /Users/ryankanfer/Documents/Developer/HOMEY\ Clean/HOMEY\ Clean.xcodeproj
    

SwiftDriverJobDiscovery normal arm64 Compiling Exports.swift, PostgrestBuilder.swift (in target 'PostgREST' from project 'Supabase')

SwiftCompile normal arm64 Compiling\ PostgrestClient.swift /Users/ryankanfer/Library/Developer/Xcode/DerivedData/HOMEY_Clean-gafualdnzupkfseuistvwtqbnpqd/SourcePackages/checkouts/supabase-swift/Sources/PostgREST/PostgrestClient.swift (in target 'PostgREST' from project 'Supabase')

SwiftCompile normal arm64 /Users/ryankanfer/Library/Developer/Xcode/DerivedData/HOMEY_Clean-gafualdnzupkfseuistvwtqbnpqd/SourcePackages/checkouts/supabase-swift/Sources/PostgREST/PostgrestClient.swift (in target 'PostgREST' from project 'Supabase')
    cd /Users/ryankanfer/Documents/Developer/HOMEY\ Clean/HOMEY\ Clean.xcodeproj
    

SwiftDriverJobDiscovery normal arm64 Compiling PostgrestFilterValue.swift (in target 'PostgREST' from project 'Supabase')

SwiftDriverJobDiscovery normal arm64 Compiling PostgrestTransformBuilder.swift (in target 'PostgREST' from project 'Supabase')

SwiftCompile normal arm64 Compiling\ FunctionsClient.swift /Users/ryankanfer/Library/Developer/Xcode/DerivedData/HOMEY_Clean-gafualdnzupkfseuistvwtqbnpqd/SourcePackages/checkouts/supabase-swift/Sources/Functions/FunctionsClient.swift (in target 'Functions' from project 'Supabase')

SwiftCompile normal arm64 /Users/ryankanfer/Library/Developer/Xcode/DerivedData/HOMEY_Clean-gafualdnzupkfseuistvwtqbnpqd/SourcePackages/checkouts/supabase-swift/Sources/Functions/FunctionsClient.swift (in target 'Functions' from project 'Supabase')
    cd /Users/ryankanfer/Documents/Developer/HOMEY\ Clean/HOMEY\ Clean.xcodeproj
    

SwiftDriverJobDiscovery normal arm64 Compiling PostgrestFilterBuilder.swift (in target 'PostgREST' from project 'Supabase')

SwiftCompile normal arm64 Compiling\ Exports.swift /Users/ryankanfer/Library/Developer/Xcode/DerivedData/HOMEY_Clean-gafualdnzupkfseuistvwtqbnpqd/SourcePackages/checkouts/supabase-swift/Sources/Functions/Exports.swift (in target 'Functions' from project 'Supabase')

SwiftCompile normal arm64 /Users/ryankanfer/Library/Developer/Xcode/DerivedData/HOMEY_Clean-gafualdnzupkfseuistvwtqbnpqd/SourcePackages/checkouts/supabase-swift/Sources/Functions/Exports.swift (in target 'Functions' from project 'Supabase')
    cd /Users/ryankanfer/Documents/Developer/HOMEY\ Clean/HOMEY\ Clean.xcodeproj
    

SwiftDriverJobDiscovery normal arm64 Compiling Exports.swift (in target 'Functions' from project 'Supabase')

SwiftCompile normal arm64 Compiling\ Types.swift /Users/ryankanfer/Library/Developer/Xcode/DerivedData/HOMEY_Clean-gafualdnzupkfseuistvwtqbnpqd/SourcePackages/checkouts/supabase-swift/Sources/Functions/Types.swift (in target 'Functions' from project 'Supabase')

SwiftCompile normal arm64 /Users/ryankanfer/Library/Developer/Xcode/DerivedData/HOMEY_Clean-gafualdnzupkfseuistvwtqbnpqd/SourcePackages/checkouts/supabase-swift/Sources/Functions/Types.swift (in target 'Functions' from project 'Supabase')
    cd /Users/ryankanfer/Documents/Developer/HOMEY\ Clean/HOMEY\ Clean.xcodeproj
    

SwiftDriverJobDiscovery normal arm64 Compiling Types.swift, URLSessionWebSocket.swift, WebSocket.swift (in target 'Realtime' from project 'Supabase')

SwiftCompile normal arm64 Compiling\ SessionStorage.swift,\ URLOpener.swift,\ AuthLocalStorage.swift /Users/ryankanfer/Library/Developer/Xcode/DerivedData/HOMEY_Clean-gafualdnzupkfseuistvwtqbnpqd/SourcePackages/checkouts/supabase-swift/Sources/Auth/Internal/SessionStorage.swift /Users/ryankanfer/Library/Developer/Xcode/DerivedData/HOMEY_Clean-gafualdnzupkfseuistvwtqbnpqd/SourcePackages/checkouts/supabase-swift/Sources/Auth/Internal/URLOpener.swift /Users/ryankanfer/Library/Developer/Xcode/DerivedData/HOMEY_Clean-gafualdnzupkfseuistvwtqbnpqd/SourcePackages/checkouts/supabase-swift/Sources/Auth/Storage/AuthLocalStorage.swift (in target 'Auth' from project 'Supabase')

SwiftCompile normal arm64 /Users/ryankanfer/Library/Developer/Xcode/DerivedData/HOMEY_Clean-gafualdnzupkfseuistvwtqbnpqd/SourcePackages/checkouts/supabase-swift/Sources/Auth/Internal/SessionStorage.swift (in target 'Auth' from project 'Supabase')
    cd /Users/ryankanfer/Documents/Developer/HOMEY\ Clean/HOMEY\ Clean.xcodeproj
    

SwiftCompile normal arm64 /Users/ryankanfer/Library/Developer/Xcode/DerivedData/HOMEY_Clean-gafualdnzupkfseuistvwtqbnpqd/SourcePackages/checkouts/supabase-swift/Sources/Auth/Internal/URLOpener.swift (in target 'Auth' from project 'Supabase')
    cd /Users/ryankanfer/Documents/Developer/HOMEY\ Clean/HOMEY\ Clean.xcodeproj
    

SwiftCompile normal arm64 /Users/ryankanfer/Library/Developer/Xcode/DerivedData/HOMEY_Clean-gafualdnzupkfseuistvwtqbnpqd/SourcePackages/checkouts/supabase-swift/Sources/Auth/Storage/AuthLocalStorage.swift (in target 'Auth' from project 'Supabase')
    cd /Users/ryankanfer/Documents/Developer/HOMEY\ Clean/HOMEY\ Clean.xcodeproj
    

SwiftDriverJobDiscovery normal arm64 Compiling Types.swift (in target 'PostgREST' from project 'Supabase')

SwiftCompile normal arm64 Compiling\ Deprecated.swift,\ Exports.swift,\ APIClient.swift /Users/ryankanfer/Library/Developer/Xcode/DerivedData/HOMEY_Clean-gafualdnzupkfseuistvwtqbnpqd/SourcePackages/checkouts/supabase-swift/Sources/Auth/Deprecated.swift /Users/ryankanfer/Library/Developer/Xcode/DerivedData/HOMEY_Clean-gafualdnzupkfseuistvwtqbnpqd/SourcePackages/checkouts/supabase-swift/Sources/Auth/Exports.swift /Users/ryankanfer/Library/Developer/Xcode/DerivedData/HOMEY_Clean-gafualdnzupkfseuistvwtqbnpqd/SourcePackages/checkouts/supabase-swift/Sources/Auth/Internal/APIClient.swift (in target 'Auth' from project 'Supabase')

SwiftCompile normal arm64 /Users/ryankanfer/Library/Developer/Xcode/DerivedData/HOMEY_Clean-gafualdnzupkfseuistvwtqbnpqd/SourcePackages/checkouts/supabase-swift/Sources/Auth/Deprecated.swift (in target 'Auth' from project 'Supabase')
    cd /Users/ryankanfer/Documents/Developer/HOMEY\ Clean/HOMEY\ Clean.xcodeproj
    

SwiftCompile normal arm64 /Users/ryankanfer/Library/Developer/Xcode/DerivedData/HOMEY_Clean-gafualdnzupkfseuistvwtqbnpqd/SourcePackages/checkouts/supabase-swift/Sources/Auth/Exports.swift (in target 'Auth' from project 'Supabase')
    cd /Users/ryankanfer/Documents/Developer/HOMEY\ Clean/HOMEY\ Clean.xcodeproj
    

SwiftCompile normal arm64 /Users/ryankanfer/Library/Developer/Xcode/DerivedData/HOMEY_Clean-gafualdnzupkfseuistvwtqbnpqd/SourcePackages/checkouts/supabase-swift/Sources/Auth/Internal/APIClient.swift (in target 'Auth' from project 'Supabase')
    cd /Users/ryankanfer/Documents/Developer/HOMEY\ Clean/HOMEY\ Clean.xcodeproj
    

SwiftDriverJobDiscovery normal arm64 Compiling PushV2.swift, RealtimeChannel+AsyncAwait.swift, RealtimeChannelV2.swift (in target 'Realtime' from project 'Supabase')

SwiftCompile normal arm64 Compiling\ AuthAdmin.swift,\ AuthClient.swift,\ AuthClientConfiguration.swift,\ AuthError.swift /Users/ryankanfer/Library/Developer/Xcode/DerivedData/HOMEY_Clean-gafualdnzupkfseuistvwtqbnpqd/SourcePackages/checkouts/supabase-swift/Sources/Auth/AuthAdmin.swift /Users/ryankanfer/Library/Developer/Xcode/DerivedData/HOMEY_Clean-gafualdnzupkfseuistvwtqbnpqd/SourcePackages/checkouts/supabase-swift/Sources/Auth/AuthClient.swift /Users/ryankanfer/Library/Developer/Xcode/DerivedData/HOMEY_Clean-gafualdnzupkfseuistvwtqbnpqd/SourcePackages/checkouts/supabase-swift/Sources/Auth/AuthClientConfiguration.swift /Users/ryankanfer/Library/Developer/Xcode/DerivedData/HOMEY_Clean-gafualdnzupkfseuistvwtqbnpqd/SourcePackages/checkouts/supabase-swift/Sources/Auth/AuthError.swift (in target 'Auth' from project 'Supabase')
SwiftCompile normal arm64 /Users/ryankanfer/Library/Developer/Xcode/DerivedData/HOMEY_Clean-gafualdnzupkfseuistvwtqbnpqd/SourcePackages/checkouts/supabase-swift/Sources/Auth/AuthAdmin.swift (in target 'Auth' from project 'Supabase')
    cd /Users/ryankanfer/Documents/Developer/HOMEY\ Clean/HOMEY\ Clean.xcodeproj
    

SwiftCompile normal arm64 /Users/ryankanfer/Library/Developer/Xcode/DerivedData/HOMEY_Clean-gafualdnzupkfseuistvwtqbnpqd/SourcePackages/checkouts/supabase-swift/Sources/Auth/AuthClient.swift (in target 'Auth' from project 'Supabase')
    cd /Users/ryankanfer/Documents/Developer/HOMEY\ Clean/HOMEY\ Clean.xcodeproj
    

SwiftCompile normal arm64 /Users/ryankanfer/Library/Developer/Xcode/DerivedData/HOMEY_Clean-gafualdnzupkfseuistvwtqbnpqd/SourcePackages/checkouts/supabase-swift/Sources/Auth/AuthClientConfiguration.swift (in target 'Auth' from project 'Supabase')
    cd /Users/ryankanfer/Documents/Developer/HOMEY\ Clean/HOMEY\ Clean.xcodeproj
    

SwiftCompile normal arm64 /Users/ryankanfer/Library/Developer/Xcode/DerivedData/HOMEY_Clean-gafualdnzupkfseuistvwtqbnpqd/SourcePackages/checkouts/supabase-swift/Sources/Auth/AuthError.swift (in target 'Auth' from project 'Supabase')
    cd /Users/ryankanfer/Documents/Developer/HOMEY\ Clean/HOMEY\ Clean.xcodeproj
    

SwiftCompile normal arm64 Compiling\ CodeVerifierStorage.swift,\ Constants.swift,\ Dependencies.swift /Users/ryankanfer/Library/Developer/Xcode/DerivedData/HOMEY_Clean-gafualdnzupkfseuistvwtqbnpqd/SourcePackages/checkouts/supabase-swift/Sources/Auth/Internal/CodeVerifierStorage.swift /Users/ryankanfer/Library/Developer/Xcode/DerivedData/HOMEY_Clean-gafualdnzupkfseuistvwtqbnpqd/SourcePackages/checkouts/supabase-swift/Sources/Auth/Internal/Constants.swift /Users/ryankanfer/Library/Developer/Xcode/DerivedData/HOMEY_Clean-gafualdnzupkfseuistvwtqbnpqd/SourcePackages/checkouts/supabase-swift/Sources/Auth/Internal/Dependencies.swift (in target 'Auth' from project 'Supabase')

SwiftCompile normal arm64 /Users/ryankanfer/Library/Developer/Xcode/DerivedData/HOMEY_Clean-gafualdnzupkfseuistvwtqbnpqd/SourcePackages/checkouts/supabase-swift/Sources/Auth/Internal/CodeVerifierStorage.swift (in target 'Auth' from project 'Supabase')
    cd /Users/ryankanfer/Documents/Developer/HOMEY\ Clean/HOMEY\ Clean.xcodeproj
    

SwiftCompile normal arm64 /Users/ryankanfer/Library/Developer/Xcode/DerivedData/HOMEY_Clean-gafualdnzupkfseuistvwtqbnpqd/SourcePackages/checkouts/supabase-swift/Sources/Auth/Internal/Constants.swift (in target 'Auth' from project 'Supabase')
    cd /Users/ryankanfer/Documents/Developer/HOMEY\ Clean/HOMEY\ Clean.xcodeproj
    

SwiftCompile normal arm64 /Users/ryankanfer/Library/Developer/Xcode/DerivedData/HOMEY_Clean-gafualdnzupkfseuistvwtqbnpqd/SourcePackages/checkouts/supabase-swift/Sources/Auth/Internal/Dependencies.swift (in target 'Auth' from project 'Supabase')
    cd /Users/ryankanfer/Documents/Developer/HOMEY\ Clean/HOMEY\ Clean.xcodeproj
    

SwiftDriverJobDiscovery normal arm64 Compiling PostgrestQueryBuilder.swift (in target 'PostgREST' from project 'Supabase')

SwiftCompile normal arm64 Compiling\ KeychainLocalStorage.swift,\ WinCredLocalStorage.swift,\ Types.swift /Users/ryankanfer/Library/Developer/Xcode/DerivedData/HOMEY_Clean-gafualdnzupkfseuistvwtqbnpqd/SourcePackages/checkouts/supabase-swift/Sources/Auth/Storage/KeychainLocalStorage.swift /Users/ryankanfer/Library/Developer/Xcode/DerivedData/HOMEY_Clean-gafualdnzupkfseuistvwtqbnpqd/SourcePackages/checkouts/supabase-swift/Sources/Auth/Storage/WinCredLocalStorage.swift /Users/ryankanfer/Library/Developer/Xcode/DerivedData/HOMEY_Clean-gafualdnzupkfseuistvwtqbnpqd/SourcePackages/checkouts/supabase-swift/Sources/Auth/Types.swift (in target 'Auth' from project 'Supabase')
SwiftCompile normal arm64 /Users/ryankanfer/Library/Developer/Xcode/DerivedData/HOMEY_Clean-gafualdnzupkfseuistvwtqbnpqd/SourcePackages/checkouts/supabase-swift/Sources/Auth/Storage/KeychainLocalStorage.swift (in target 'Auth' from project 'Supabase')
    cd /Users/ryankanfer/Documents/Developer/HOMEY\ Clean/HOMEY\ Clean.xcodeproj
    
/Users/ryankanfer/Library/Developer/Xcode/DerivedData/HOMEY_Clean-gafualdnzupkfseuistvwtqbnpqd/Build/Intermediates.noindex/HOMEY Clean.build/Debug-iphoneos/HOMEY Clean.build/DerivedSources/GeneratedAssetSymbols.swift:30:14: warning: The "AccentColor" color asset name resolves to the symbol "accent" which already exists. Try renaming the asset.
    #warning("The \"AccentColor\" color asset name resolves to the symbol \"accent\" which already exists. Try renaming the asset.")
             ^~~~~~~~~~~~~~~~~~~~~~~~~~~~~~~~~~~~~~~~~~~~~~~~~~~~~~~~~~~~~~~~~~~~~~~~~~~~~~~~~~~~~~~~~~~~~~~~~~~~~~~~~~~~~~~~~~~~~~
/Users/ryankanfer/Library/Developer/Xcode/DerivedData/HOMEY_Clean-gafualdnzupkfseuistvwtqbnpqd/Build/Intermediates.noindex/HOMEY Clean.build/Debug-iphoneos/HOMEY Clean.build/DerivedSources/GeneratedAssetSymbols.swift:672:14: warning: The "Primary" color asset name resolves to a conflicting Color symbol "primary". Try renaming the asset.
    #warning("The \"Primary\" color asset name resolves to a conflicting Color symbol \"primary\". Try renaming the asset.")
             ^~~~~~~~~~~~~~~~~~~~~~~~~~~~~~~~~~~~~~~~~~~~~~~~~~~~~~~~~~~~~~~~~~~~~~~~~~~~~~~~~~~~~~~~~~~~~~~~~~~~~~~~~~~~~~

SwiftCompile normal arm64 /Users/ryankanfer/Library/Developer/Xcode/DerivedData/HOMEY_Clean-gafualdnzupkfseuistvwtqbnpqd/SourcePackages/checkouts/supabase-swift/Sources/Auth/Storage/WinCredLocalStorage.swift (in target 'Auth' from project 'Supabase')
    cd /Users/ryankanfer/Documents/Developer/HOMEY\ Clean/HOMEY\ Clean.xcodeproj
    

SwiftCompile normal arm64 /Users/ryankanfer/Library/Developer/Xcode/DerivedData/HOMEY_Clean-gafualdnzupkfseuistvwtqbnpqd/SourcePackages/checkouts/supabase-swift/Sources/Auth/Types.swift (in target 'Auth' from project 'Supabase')
    cd /Users/ryankanfer/Documents/Developer/HOMEY\ Clean/HOMEY\ Clean.xcodeproj
    

SwiftDriverJobDiscovery normal arm64 Compiling PostgrestClient.swift (in target 'PostgREST' from project 'Supabase')

SwiftDriver\ Compilation PostgREST normal arm64 com.apple.xcode.tools.swift.compiler (in target 'PostgREST' from project 'Supabase')
    cd /Users/ryankanfer/Documents/Developer/HOMEY\ Clean/HOMEY\ Clean.xcodeproj
    builtin-Swift-Compilation -- /Applications/Xcode.app/Contents/Developer/Toolchains/XcodeDefault.xctoolchain/usr/bin/swiftc -module-name PostgREST -Onone -enforce-exclusivity\=checked @/Users/ryankanfer/Library/Developer/Xcode/DerivedData/HOMEY_Clean-gafualdnzupkfseuistvwtqbnpqd/Build/Intermediates.noindex/Supabase.build/Debug-iphoneos/PostgREST.build/Objects-normal/arm64/PostgREST.SwiftFileList -DSWIFT_PACKAGE -DDEBUG -DSWIFT_MODULE_RESOURCE_BUNDLE_UNAVAILABLE -DXcode -enable-upcoming-feature ExistentialAny -enable-experimental-feature StrictConcurrency -plugin-path /Applications/Xcode.app/Contents/Developer/Toolchains/XcodeDefault.xctoolchain/usr/lib/swift/host/plugins/testing -enable-experimental-feature DebugDescriptionMacro -sdk /Applications/Xcode.app/Contents/Developer/Platforms/iPhoneOS.platform/Developer/SDKs/iPhoneOS26.0.sdk -target arm64-apple-ios13.0 -g -module-cache-path /Users/ryankanfer/Library/Developer/Xcode/DerivedData/ModuleCache.noindex -Xfrontend -serialize-debugging-options -profile-coverage-mapping -profile-generate -enable-testing -suppress-warnings -index-store-path /Users/ryankanfer/Library/Developer/Xcode/DerivedData/HOMEY_Clean-gafualdnzupkfseuistvwtqbnpqd/Index.noindex/DataStore -Xcc -D_LIBCPP_HARDENING_MODE\=_LIBCPP_HARDENING_MODE_DEBUG -swift-version 5 -I /Users/ryankanfer/Library/Developer/Xcode/DerivedData/HOMEY_Clean-gafualdnzupkfseuistvwtqbnpqd/Build/Products/Debug-iphoneos -Isystem /Applications/Xcode.app/Contents/Developer/Platforms/iPhoneOS.platform/Developer/usr/lib -F /Users/ryankanfer/Library/Developer/Xcode/DerivedData/HOMEY_Clean-gafualdnzupkfseuistvwtqbnpqd/Build/Products/Debug-iphoneos/PackageFrameworks -F /Users/ryankanfer/Library/Developer/Xcode/DerivedData/HOMEY_Clean-gafualdnzupkfseuistvwtqbnpqd/Build/Products/Debug-iphoneos/PackageFrameworks -F /Users/ryankanfer/Library/Developer/Xcode/DerivedData/HOMEY_Clean-gafualdnzupkfseuistvwtqbnpqd/Build/Products/Debug-iphoneos/PackageFrameworks -F /Users/ryankanfer/Library/Developer/Xcode/DerivedData/HOMEY_Clean-gafualdnzupkfseuistvwtqbnpqd/Build/Products/Debug-iphoneos/PackageFrameworks -F /Users/ryankanfer/Library/Developer/Xcode/DerivedData/HOMEY_Clean-gafualdnzupkfseuistvwtqbnpqd/Build/Products/Debug-iphoneos/PackageFrameworks -F /Users/ryankanfer/Library/Developer/Xcode/DerivedData/HOMEY_Clean-gafualdnzupkfseuistvwtqbnpqd/Build/Products/Debug-iphoneos/PackageFrameworks -F /Users/ryankanfer/Library/Developer/Xcode/DerivedData/HOMEY_Clean-gafualdnzupkfseuistvwtqbnpqd/Build/Products/Debug-iphoneos/PackageFrameworks -F /Users/ryankanfer/Library/Developer/Xcode/DerivedData/HOMEY_Clean-gafualdnzupkfseuistvwtqbnpqd/Build/Products/Debug-iphoneos -F /Applications/Xcode.app/Contents/Developer/Platforms/iPhoneOS.platform/Developer/Library/Frameworks -F /Applications/Xcode.app/Contents/Developer/Platforms/iPhoneOS.platform/Developer/SDKs/iPhoneOS26.0.sdk/Developer/Library/Frameworks -c -j8 -enable-batch-mode -incremental -Xcc -ivfsstatcache -Xcc /Users/ryankanfer/Library/Developer/Xcode/DerivedData/SDKStatCaches.noindex/iphoneos26.0-23A339-81ce72e5b06c9602b9d30b56f2eed08a.sdkstatcache -output-file-map /Users/ryankanfer/Library/Developer/Xcode/DerivedData/HOMEY_Clean-gafualdnzupkfseuistvwtqbnpqd/Build/Intermediates.noindex/Supabase.build/Debug-iphoneos/PostgREST.build/Objects-normal/arm64/PostgREST-OutputFileMap.json -use-frontend-parseable-output -save-temps -no-color-diagnostics -explicit-module-build -module-cache-path /Users/ryankanfer/Library/Developer/Xcode/DerivedData/HOMEY_Clean-gafualdnzupkfseuistvwtqbnpqd/Build/Intermediates.noindex/SwiftExplicitPrecompiledModules -clang-scanner-module-cache-path /Users/ryankanfer/Library/Developer/Xcode/DerivedData/ModuleCache.noindex -sdk-module-cache-path /Users/ryankanfer/Library/Developer/Xcode/DerivedData/ModuleCache.noindex -serialize-diagnostics -emit-dependencies -emit-module -emit-module-path /Users/ryankanfer/Library/Developer/Xcode/DerivedData/HOMEY_Clean-gafualdnzupkfseuistvwtqbnpqd/Build/Intermediates.noindex/Supabase.build/Debug-iphoneos/PostgREST.build/Objects-normal/arm64/PostgREST.swiftmodule -validate-clang-modules-once -clang-build-session-file /Users/ryankanfer/Library/Developer/Xcode/DerivedData/ModuleCache.noindex/Session.modulevalidation -package-name supabase_swift -Xcc -I/Users/ryankanfer/Library/Developer/Xcode/DerivedData/HOMEY_Clean-gafualdnzupkfseuistvwtqbnpqd/Build/Intermediates.noindex/Supabase.build/Debug-iphoneos/PostgREST.build/swift-overrides.hmap -emit-const-values -Xfrontend -const-gather-protocols-file -Xfrontend /Users/ryankanfer/Library/Developer/Xcode/DerivedData/HOMEY_Clean-gafualdnzupkfseuistvwtqbnpqd/Build/Intermediates.noindex/Supabase.build/Debug-iphoneos/PostgREST.build/Objects-normal/arm64/PostgREST_const_extract_protocols.json -Xcc -I/Users/ryankanfer/Library/Developer/Xcode/DerivedData/HOMEY_Clean-gafualdnzupkfseuistvwtqbnpqd/Build/Products/Debug-iphoneos/include -Xcc -I/Users/ryankanfer/Library/Developer/Xcode/DerivedData/HOMEY_Clean-gafualdnzupkfseuistvwtqbnpqd/Build/Intermediates.noindex/Supabase.build/Debug-iphoneos/PostgREST.build/DerivedSources-normal/arm64 -Xcc -I/Users/ryankanfer/Library/Developer/Xcode/DerivedData/HOMEY_Clean-gafualdnzupkfseuistvwtqbnpqd/Build/Intermediates.noindex/Supabase.build/Debug-iphoneos/PostgREST.build/DerivedSources/arm64 -Xcc -I/Users/ryankanfer/Library/Developer/Xcode/DerivedData/HOMEY_Clean-gafualdnzupkfseuistvwtqbnpqd/Build/Intermediates.noindex/Supabase.build/Debug-iphoneos/PostgREST.build/DerivedSources -Xcc -DSWIFT_PACKAGE -Xcc -DDEBUG\=1 -emit-objc-header -emit-objc-header-path /Users/ryankanfer/Library/Developer/Xcode/DerivedData/HOMEY_Clean-gafualdnzupkfseuistvwtqbnpqd/Build/Intermediates.noindex/Supabase.build/Debug-iphoneos/PostgREST.build/Objects-normal/arm64/PostgREST-Swift.h -working-directory /Users/ryankanfer/Documents/Developer/HOMEY\ Clean/HOMEY\ Clean.xcodeproj -experimental-emit-module-separately -disable-cmo

SwiftDriverJobDiscovery normal arm64 Compiling Types.swift (in target 'Functions' from project 'Supabase')

SwiftCompile normal arm64 Compiling\ EventEmitter.swift,\ FixedWidthInteger+Random.swift,\ Helpers.swift /Users/ryankanfer/Library/Developer/Xcode/DerivedData/HOMEY_Clean-gafualdnzupkfseuistvwtqbnpqd/SourcePackages/checkouts/supabase-swift/Sources/Auth/Internal/EventEmitter.swift /Users/ryankanfer/Library/Developer/Xcode/DerivedData/HOMEY_Clean-gafualdnzupkfseuistvwtqbnpqd/SourcePackages/checkouts/supabase-swift/Sources/Auth/Internal/FixedWidthInteger+Random.swift /Users/ryankanfer/Library/Developer/Xcode/DerivedData/HOMEY_Clean-gafualdnzupkfseuistvwtqbnpqd/SourcePackages/checkouts/supabase-swift/Sources/Auth/Internal/Helpers.swift (in target 'Auth' from project 'Supabase')

SwiftCompile normal arm64 /Users/ryankanfer/Library/Developer/Xcode/DerivedData/HOMEY_Clean-gafualdnzupkfseuistvwtqbnpqd/SourcePackages/checkouts/supabase-swift/Sources/Auth/Internal/EventEmitter.swift (in target 'Auth' from project 'Supabase')
    cd /Users/ryankanfer/Documents/Developer/HOMEY\ Clean/HOMEY\ Clean.xcodeproj
    

SwiftCompile normal arm64 /Users/ryankanfer/Library/Developer/Xcode/DerivedData/HOMEY_Clean-gafualdnzupkfseuistvwtqbnpqd/SourcePackages/checkouts/supabase-swift/Sources/Auth/Internal/FixedWidthInteger+Random.swift (in target 'Auth' from project 'Supabase')
    cd /Users/ryankanfer/Documents/Developer/HOMEY\ Clean/HOMEY\ Clean.xcodeproj
    

SwiftCompile normal arm64 /Users/ryankanfer/Library/Developer/Xcode/DerivedData/HOMEY_Clean-gafualdnzupkfseuistvwtqbnpqd/SourcePackages/checkouts/supabase-swift/Sources/Auth/Internal/Helpers.swift (in target 'Auth' from project 'Supabase')
    cd /Users/ryankanfer/Documents/Developer/HOMEY\ Clean/HOMEY\ Clean.xcodeproj
    

SwiftCompile normal arm64 Compiling\ Keychain.swift,\ PKCE.swift,\ SessionManager.swift /Users/ryankanfer/Library/Developer/Xcode/DerivedData/HOMEY_Clean-gafualdnzupkfseuistvwtqbnpqd/SourcePackages/checkouts/supabase-swift/Sources/Auth/Internal/Keychain.swift /Users/ryankanfer/Library/Developer/Xcode/DerivedData/HOMEY_Clean-gafualdnzupkfseuistvwtqbnpqd/SourcePackages/checkouts/supabase-swift/Sources/Auth/Internal/PKCE.swift /Users/ryankanfer/Library/Developer/Xcode/DerivedData/HOMEY_Clean-gafualdnzupkfseuistvwtqbnpqd/SourcePackages/checkouts/supabase-swift/Sources/Auth/Internal/SessionManager.swift (in target 'Auth' from project 'Supabase')

SwiftCompile normal arm64 /Users/ryankanfer/Library/Developer/Xcode/DerivedData/HOMEY_Clean-gafualdnzupkfseuistvwtqbnpqd/SourcePackages/checkouts/supabase-swift/Sources/Auth/Internal/Keychain.swift (in target 'Auth' from project 'Supabase')
    cd /Users/ryankanfer/Documents/Developer/HOMEY\ Clean/HOMEY\ Clean.xcodeproj
    

SwiftCompile normal arm64 /Users/ryankanfer/Library/Developer/Xcode/DerivedData/HOMEY_Clean-gafualdnzupkfseuistvwtqbnpqd/SourcePackages/checkouts/supabase-swift/Sources/Auth/Internal/PKCE.swift (in target 'Auth' from project 'Supabase')
    cd /Users/ryankanfer/Documents/Developer/HOMEY\ Clean/HOMEY\ Clean.xcodeproj
    

SwiftCompile normal arm64 /Users/ryankanfer/Library/Developer/Xcode/DerivedData/HOMEY_Clean-gafualdnzupkfseuistvwtqbnpqd/SourcePackages/checkouts/supabase-swift/Sources/Auth/Internal/SessionManager.swift (in target 'Auth' from project 'Supabase')
    cd /Users/ryankanfer/Documents/Developer/HOMEY\ Clean/HOMEY\ Clean.xcodeproj
    

SwiftDriverJobDiscovery normal arm64 Compiling FunctionsClient.swift (in target 'Functions' from project 'Supabase')

SwiftDriverJobDiscovery normal arm64 Compiling EventEmitter.swift, FixedWidthInteger+Random.swift, Helpers.swift (in target 'Auth' from project 'Supabase')

SwiftDriver\ Compilation Functions normal arm64 com.apple.xcode.tools.swift.compiler (in target 'Functions' from project 'Supabase')
    cd /Users/ryankanfer/Documents/Developer/HOMEY\ Clean/HOMEY\ Clean.xcodeproj
    builtin-Swift-Compilation -- /Applications/Xcode.app/Contents/Developer/Toolchains/XcodeDefault.xctoolchain/usr/bin/swiftc -module-name Functions -Onone -enforce-exclusivity\=checked @/Users/ryankanfer/Library/Developer/Xcode/DerivedData/HOMEY_Clean-gafualdnzupkfseuistvwtqbnpqd/Build/Intermediates.noindex/Supabase.build/Debug-iphoneos/Functions.build/Objects-normal/arm64/Functions.SwiftFileList -DSWIFT_PACKAGE -DDEBUG -DSWIFT_MODULE_RESOURCE_BUNDLE_UNAVAILABLE -DXcode -enable-upcoming-feature ExistentialAny -enable-experimental-feature StrictConcurrency -plugin-path /Applications/Xcode.app/Contents/Developer/Toolchains/XcodeDefault.xctoolchain/usr/lib/swift/host/plugins/testing -enable-experimental-feature DebugDescriptionMacro -sdk /Applications/Xcode.app/Contents/Developer/Platforms/iPhoneOS.platform/Developer/SDKs/iPhoneOS26.0.sdk -target arm64-apple-ios13.0 -g -module-cache-path /Users/ryankanfer/Library/Developer/Xcode/DerivedData/ModuleCache.noindex -Xfrontend -serialize-debugging-options -profile-coverage-mapping -profile-generate -enable-testing -suppress-warnings -index-store-path /Users/ryankanfer/Library/Developer/Xcode/DerivedData/HOMEY_Clean-gafualdnzupkfseuistvwtqbnpqd/Index.noindex/DataStore -Xcc -D_LIBCPP_HARDENING_MODE\=_LIBCPP_HARDENING_MODE_DEBUG -swift-version 5 -I /Users/ryankanfer/Library/Developer/Xcode/DerivedData/HOMEY_Clean-gafualdnzupkfseuistvwtqbnpqd/Build/Products/Debug-iphoneos -Isystem /Applications/Xcode.app/Contents/Developer/Platforms/iPhoneOS.platform/Developer/usr/lib -F /Users/ryankanfer/Library/Developer/Xcode/DerivedData/HOMEY_Clean-gafualdnzupkfseuistvwtqbnpqd/Build/Products/Debug-iphoneos/PackageFrameworks -F /Users/ryankanfer/Library/Developer/Xcode/DerivedData/HOMEY_Clean-gafualdnzupkfseuistvwtqbnpqd/Build/Products/Debug-iphoneos/PackageFrameworks -F /Users/ryankanfer/Library/Developer/Xcode/DerivedData/HOMEY_Clean-gafualdnzupkfseuistvwtqbnpqd/Build/Products/Debug-iphoneos/PackageFrameworks -F /Users/ryankanfer/Library/Developer/Xcode/DerivedData/HOMEY_Clean-gafualdnzupkfseuistvwtqbnpqd/Build/Products/Debug-iphoneos/PackageFrameworks -F /Users/ryankanfer/Library/Developer/Xcode/DerivedData/HOMEY_Clean-gafualdnzupkfseuistvwtqbnpqd/Build/Products/Debug-iphoneos/PackageFrameworks -F /Users/ryankanfer/Library/Developer/Xcode/DerivedData/HOMEY_Clean-gafualdnzupkfseuistvwtqbnpqd/Build/Products/Debug-iphoneos/PackageFrameworks -F /Users/ryankanfer/Library/Developer/Xcode/DerivedData/HOMEY_Clean-gafualdnzupkfseuistvwtqbnpqd/Build/Products/Debug-iphoneos/PackageFrameworks -F /Users/ryankanfer/Library/Developer/Xcode/DerivedData/HOMEY_Clean-gafualdnzupkfseuistvwtqbnpqd/Build/Products/Debug-iphoneos -F /Applications/Xcode.app/Contents/Developer/Platforms/iPhoneOS.platform/Developer/Library/Frameworks -F /Applications/Xcode.app/Contents/Developer/Platforms/iPhoneOS.platform/Developer/SDKs/iPhoneOS26.0.sdk/Developer/Library/Frameworks -c -j8 -enable-batch-mode -incremental -Xcc -ivfsstatcache -Xcc /Users/ryankanfer/Library/Developer/Xcode/DerivedData/SDKStatCaches.noindex/iphoneos26.0-23A339-81ce72e5b06c9602b9d30b56f2eed08a.sdkstatcache -output-file-map /Users/ryankanfer/Library/Developer/Xcode/DerivedData/HOMEY_Clean-gafualdnzupkfseuistvwtqbnpqd/Build/Intermediates.noindex/Supabase.build/Debug-iphoneos/Functions.build/Objects-normal/arm64/Functions-OutputFileMap.json -use-frontend-parseable-output -save-temps -no-color-diagnostics -explicit-module-build -module-cache-path /Users/ryankanfer/Library/Developer/Xcode/DerivedData/HOMEY_Clean-gafualdnzupkfseuistvwtqbnpqd/Build/Intermediates.noindex/SwiftExplicitPrecompiledModules -clang-scanner-module-cache-path /Users/ryankanfer/Library/Developer/Xcode/DerivedData/ModuleCache.noindex -sdk-module-cache-path /Users/ryankanfer/Library/Developer/Xcode/DerivedData/ModuleCache.noindex -serialize-diagnostics -emit-dependencies -emit-module -emit-module-path /Users/ryankanfer/Library/Developer/Xcode/DerivedData/HOMEY_Clean-gafualdnzupkfseuistvwtqbnpqd/Build/Intermediates.noindex/Supabase.build/Debug-iphoneos/Functions.build/Objects-normal/arm64/Functions.swiftmodule -validate-clang-modules-once -clang-build-session-file /Users/ryankanfer/Library/Developer/Xcode/DerivedData/ModuleCache.noindex/Session.modulevalidation -package-name supabase_swift -Xcc -I/Users/ryankanfer/Library/Developer/Xcode/DerivedData/HOMEY_Clean-gafualdnzupkfseuistvwtqbnpqd/Build/Intermediates.noindex/Supabase.build/Debug-iphoneos/Functions.build/swift-overrides.hmap -emit-const-values -Xfrontend -const-gather-protocols-file -Xfrontend /Users/ryankanfer/Library/Developer/Xcode/DerivedData/HOMEY_Clean-gafualdnzupkfseuistvwtqbnpqd/Build/Intermediates.noindex/Supabase.build/Debug-iphoneos/Functions.build/Objects-normal/arm64/Functions_const_extract_protocols.json -Xcc -I/Users/ryankanfer/Library/Developer/Xcode/DerivedData/HOMEY_Clean-gafualdnzupkfseuistvwtqbnpqd/Build/Products/Debug-iphoneos/include -Xcc -I/Users/ryankanfer/Library/Developer/Xcode/DerivedData/HOMEY_Clean-gafualdnzupkfseuistvwtqbnpqd/Build/Intermediates.noindex/Supabase.build/Debug-iphoneos/Functions.build/DerivedSources-normal/arm64 -Xcc -I/Users/ryankanfer/Library/Developer/Xcode/DerivedData/HOMEY_Clean-gafualdnzupkfseuistvwtqbnpqd/Build/Intermediates.noindex/Supabase.build/Debug-iphoneos/Functions.build/DerivedSources/arm64 -Xcc -I/Users/ryankanfer/Library/Developer/Xcode/DerivedData/HOMEY_Clean-gafualdnzupkfseuistvwtqbnpqd/Build/Intermediates.noindex/Supabase.build/Debug-iphoneos/Functions.build/DerivedSources -Xcc -DSWIFT_PACKAGE -Xcc -DDEBUG\=1 -emit-objc-header -emit-objc-header-path /Users/ryankanfer/Library/Developer/Xcode/DerivedData/HOMEY_Clean-gafualdnzupkfseuistvwtqbnpqd/Build/Intermediates.noindex/Supabase.build/Debug-iphoneos/Functions.build/Objects-normal/arm64/Functions-Swift.h -working-directory /Users/ryankanfer/Documents/Developer/HOMEY\ Clean/HOMEY\ Clean.xcodeproj -experimental-emit-module-separately -disable-cmo

SwiftCompile normal arm64 Compiling\ AuthMFA.swift,\ AuthStateChangeListener.swift,\ Defaults.swift /Users/ryankanfer/Library/Developer/Xcode/DerivedData/HOMEY_Clean-gafualdnzupkfseuistvwtqbnpqd/SourcePackages/checkouts/supabase-swift/Sources/Auth/AuthMFA.swift /Users/ryankanfer/Library/Developer/Xcode/DerivedData/HOMEY_Clean-gafualdnzupkfseuistvwtqbnpqd/SourcePackages/checkouts/supabase-swift/Sources/Auth/AuthStateChangeListener.swift /Users/ryankanfer/Library/Developer/Xcode/DerivedData/HOMEY_Clean-gafualdnzupkfseuistvwtqbnpqd/SourcePackages/checkouts/supabase-swift/Sources/Auth/Defaults.swift (in target 'Auth' from project 'Supabase')

SwiftCompile normal arm64 /Users/ryankanfer/Library/Developer/Xcode/DerivedData/HOMEY_Clean-gafualdnzupkfseuistvwtqbnpqd/SourcePackages/checkouts/supabase-swift/Sources/Auth/AuthMFA.swift (in target 'Auth' from project 'Supabase')
    cd /Users/ryankanfer/Documents/Developer/HOMEY\ Clean/HOMEY\ Clean.xcodeproj
    

SwiftCompile normal arm64 /Users/ryankanfer/Library/Developer/Xcode/DerivedData/HOMEY_Clean-gafualdnzupkfseuistvwtqbnpqd/SourcePackages/checkouts/supabase-swift/Sources/Auth/AuthStateChangeListener.swift (in target 'Auth' from project 'Supabase')
    cd /Users/ryankanfer/Documents/Developer/HOMEY\ Clean/HOMEY\ Clean.xcodeproj
    

SwiftCompile normal arm64 /Users/ryankanfer/Library/Developer/Xcode/DerivedData/HOMEY_Clean-gafualdnzupkfseuistvwtqbnpqd/SourcePackages/checkouts/supabase-swift/Sources/Auth/Defaults.swift (in target 'Auth' from project 'Supabase')
    cd /Users/ryankanfer/Documents/Developer/HOMEY\ Clean/HOMEY\ Clean.xcodeproj
    

SwiftDriverJobDiscovery normal arm64 Compiling SessionStorage.swift, URLOpener.swift, AuthLocalStorage.swift (in target 'Auth' from project 'Supabase')

ExtractAppIntentsMetadata (in target 'Helpers' from project 'Supabase')
    cd /Users/ryankanfer/Library/Developer/Xcode/DerivedData/HOMEY_Clean-gafualdnzupkfseuistvwtqbnpqd/SourcePackages/checkouts/supabase-swift
    /Applications/Xcode.app/Contents/Developer/Toolchains/XcodeDefault.xctoolchain/usr/bin/appintentsmetadataprocessor --toolchain-dir /Applications/Xcode.app/Contents/Developer/Toolchains/XcodeDefault.xctoolchain --module-name Helpers --sdk-root /Applications/Xcode.app/Contents/Developer/Platforms/iPhoneOS.platform/Developer/SDKs/iPhoneOS26.0.sdk --xcode-version 17A324 --platform-family iOS --deployment-target 13.0 --bundle-identifier supabase-swift.Helpers --output /Users/ryankanfer/Library/Developer/Xcode/DerivedData/HOMEY_Clean-gafualdnzupkfseuistvwtqbnpqd/Build/Products/Debug-iphoneos/Helpers.appintents --target-triple arm64-apple-ios13.0 --binary-file /Users/ryankanfer/Library/Developer/Xcode/DerivedData/HOMEY_Clean-gafualdnzupkfseuistvwtqbnpqd/Build/Products/Debug-iphoneos/Helpers.o --dependency-file /Users/ryankanfer/Library/Developer/Xcode/DerivedData/HOMEY_Clean-gafualdnzupkfseuistvwtqbnpqd/Build/Intermediates.noindex/Supabase.build/Debug-iphoneos/Helpers.build/Objects-normal/arm64/Helpers_dependency_info.dat --stringsdata-file /Users/ryankanfer/Library/Developer/Xcode/DerivedData/HOMEY_Clean-gafualdnzupkfseuistvwtqbnpqd/Build/Intermediates.noindex/Supabase.build/Debug-iphoneos/Helpers.build/Objects-normal/arm64/ExtractedAppShortcutsMetadata.stringsdata --source-file-list /Users/ryankanfer/Library/Developer/Xcode/DerivedData/HOMEY_Clean-gafualdnzupkfseuistvwtqbnpqd/Build/Intermediates.noindex/Supabase.build/Debug-iphoneos/Helpers.build/Objects-normal/arm64/Helpers.SwiftFileList --metadata-file-list /Users/ryankanfer/Library/Developer/Xcode/DerivedData/HOMEY_Clean-gafualdnzupkfseuistvwtqbnpqd/Build/Intermediates.noindex/Supabase.build/Debug-iphoneos/Helpers.build/Helpers.DependencyMetadataFileList --static-metadata-file-list /Users/ryankanfer/Library/Developer/Xcode/DerivedData/HOMEY_Clean-gafualdnzupkfseuistvwtqbnpqd/Build/Intermediates.noindex/Supabase.build/Debug-iphoneos/Helpers.build/Helpers.DependencyStaticMetadataFileList --swift-const-vals-list /Users/ryankanfer/Library/Developer/Xcode/DerivedData/HOMEY_Clean-gafualdnzupkfseuistvwtqbnpqd/Build/Intermediates.noindex/Supabase.build/Debug-iphoneos/Helpers.build/Objects-normal/arm64/Helpers.SwiftConstValuesFileList --force --compile-time-extraction --deployment-aware-processing --validate-assistant-intents --no-app-shortcuts-localization
2025-09-22 23:19:09.691 appintentsmetadataprocessor[47818:12257264] Starting appintentsmetadataprocessor export
2025-09-22 23:19:09.965 appintentsmetadataprocessor[47818:12257264] Extracted no relevant App Intents symbols, skipping writing output

SwiftDriverJobDiscovery normal arm64 Compiling Deprecated.swift, Exports.swift, APIClient.swift (in target 'Auth' from project 'Supabase')

SwiftDriverJobDiscovery normal arm64 Compiling CodeVerifierStorage.swift, Constants.swift, Dependencies.swift (in target 'Auth' from project 'Supabase')

SwiftDriver Supabase normal arm64 com.apple.xcode.tools.swift.compiler (in target 'Supabase' from project 'Supabase')
    cd /Users/ryankanfer/Documents/Developer/HOMEY\ Clean/HOMEY\ Clean.xcodeproj
    builtin-SwiftDriver -- /Applications/Xcode.app/Contents/Developer/Toolchains/XcodeDefault.xctoolchain/usr/bin/swiftc -module-name Supabase -Onone -enforce-exclusivity\=checked @/Users/ryankanfer/Library/Developer/Xcode/DerivedData/HOMEY_Clean-gafualdnzupkfseuistvwtqbnpqd/Build/Intermediates.noindex/Supabase.build/Debug-iphoneos/Supabase.build/Objects-normal/arm64/Supabase.SwiftFileList -DSWIFT_PACKAGE -DDEBUG -DSWIFT_MODULE_RESOURCE_BUNDLE_UNAVAILABLE -DXcode -enable-upcoming-feature ExistentialAny -enable-experimental-feature StrictConcurrency -plugin-path /Applications/Xcode.app/Contents/Developer/Toolchains/XcodeDefault.xctoolchain/usr/lib/swift/host/plugins/testing -enable-experimental-feature DebugDescriptionMacro -sdk /Applications/Xcode.app/Contents/Developer/Platforms/iPhoneOS.platform/Developer/SDKs/iPhoneOS26.0.sdk -target arm64-apple-ios13.0 -g -module-cache-path /Users/ryankanfer/Library/Developer/Xcode/DerivedData/ModuleCache.noindex -Xfrontend -serialize-debugging-options -profile-coverage-mapping -profile-generate -enable-testing -suppress-warnings -index-store-path /Users/ryankanfer/Library/Developer/Xcode/DerivedData/HOMEY_Clean-gafualdnzupkfseuistvwtqbnpqd/Index.noindex/DataStore -Xcc -D_LIBCPP_HARDENING_MODE\=_LIBCPP_HARDENING_MODE_DEBUG -swift-version 5 -I /Users/ryankanfer/Library/Developer/Xcode/DerivedData/HOMEY_Clean-gafualdnzupkfseuistvwtqbnpqd/Build/Products/Debug-iphoneos -Isystem /Applications/Xcode.app/Contents/Developer/Platforms/iPhoneOS.platform/Developer/usr/lib -F /Users/ryankanfer/Library/Developer/Xcode/DerivedData/HOMEY_Clean-gafualdnzupkfseuistvwtqbnpqd/Build/Products/Debug-iphoneos/PackageFrameworks -F /Users/ryankanfer/Library/Developer/Xcode/DerivedData/HOMEY_Clean-gafualdnzupkfseuistvwtqbnpqd/Build/Products/Debug-iphoneos/PackageFrameworks -F /Users/ryankanfer/Library/Developer/Xcode/DerivedData/HOMEY_Clean-gafualdnzupkfseuistvwtqbnpqd/Build/Products/Debug-iphoneos/PackageFrameworks -F /Users/ryankanfer/Library/Developer/Xcode/DerivedData/HOMEY_Clean-gafualdnzupkfseuistvwtqbnpqd/Build/Products/Debug-iphoneos/PackageFrameworks -F /Users/ryankanfer/Library/Developer/Xcode/DerivedData/HOMEY_Clean-gafualdnzupkfseuistvwtqbnpqd/Build/Products/Debug-iphoneos/PackageFrameworks -F /Users/ryankanfer/Library/Developer/Xcode/DerivedData/HOMEY_Clean-gafualdnzupkfseuistvwtqbnpqd/Build/Products/Debug-iphoneos/PackageFrameworks -F /Users/ryankanfer/Library/Developer/Xcode/DerivedData/HOMEY_Clean-gafualdnzupkfseuistvwtqbnpqd/Build/Products/Debug-iphoneos/PackageFrameworks -F /Users/ryankanfer/Library/Developer/Xcode/DerivedData/HOMEY_Clean-gafualdnzupkfseuistvwtqbnpqd/Build/Products/Debug-iphoneos/PackageFrameworks -F /Users/ryankanfer/Library/Developer/Xcode/DerivedData/HOMEY_Clean-gafualdnzupkfseuistvwtqbnpqd/Build/Products/Debug-iphoneos/PackageFrameworks -F /Users/ryankanfer/Library/Developer/Xcode/DerivedData/HOMEY_Clean-gafualdnzupkfseuistvwtqbnpqd/Build/Products/Debug-iphoneos/PackageFrameworks -F /Users/ryankanfer/Library/Developer/Xcode/DerivedData/HOMEY_Clean-gafualdnzupkfseuistvwtqbnpqd/Build/Products/Debug-iphoneos/PackageFrameworks -F /Users/ryankanfer/Library/Developer/Xcode/DerivedData/HOMEY_Clean-gafualdnzupkfseuistvwtqbnpqd/Build/Products/Debug-iphoneos/PackageFrameworks -F /Users/ryankanfer/Library/Developer/Xcode/DerivedData/HOMEY_Clean-gafualdnzupkfseuistvwtqbnpqd/Build/Products/Debug-iphoneos/PackageFrameworks -F /Users/ryankanfer/Library/Developer/Xcode/DerivedData/HOMEY_Clean-gafualdnzupkfseuistvwtqbnpqd/Build/Products/Debug-iphoneos -F /Applications/Xcode.app/Contents/Developer/Platforms/iPhoneOS.platform/Developer/Library/Frameworks -F /Applications/Xcode.app/Contents/Developer/Platforms/iPhoneOS.platform/Developer/SDKs/iPhoneOS26.0.sdk/Developer/Library/Frameworks -c -j8 -enable-batch-mode -incremental -Xcc -ivfsstatcache -Xcc /Users/ryankanfer/Library/Developer/Xcode/DerivedData/SDKStatCaches.noindex/iphoneos26.0-23A339-81ce72e5b06c9602b9d30b56f2eed08a.sdkstatcache -output-file-map /Users/ryankanfer/Library/Developer/Xcode/DerivedData/HOMEY_Clean-gafualdnzupkfseuistvwtqbnpqd/Build/Intermediates.noindex/Supabase.build/Debug-iphoneos/Supabase.build/Objects-normal/arm64/Supabase-OutputFileMap.json -use-frontend-parseable-output -save-temps -no-color-diagnostics -explicit-module-build -module-cache-path /Users/ryankanfer/Library/Developer/Xcode/DerivedData/HOMEY_Clean-gafualdnzupkfseuistvwtqbnpqd/Build/Intermediates.noindex/SwiftExplicitPrecompiledModules -clang-scanner-module-cache-path /Users/ryankanfer/Library/Developer/Xcode/DerivedData/ModuleCache.noindex -sdk-module-cache-path /Users/ryankanfer/Library/Developer/Xcode/DerivedData/ModuleCache.noindex -serialize-diagnostics -emit-dependencies -emit-module -emit-module-path /Users/ryankanfer/Library/Developer/Xcode/DerivedData/HOMEY_Clean-gafualdnzupkfseuistvwtqbnpqd/Build/Intermediates.noindex/Supabase.build/Debug-iphoneos/Supabase.build/Objects-normal/arm64/Supabase.swiftmodule -validate-clang-modules-once -clang-build-session-file /Users/ryankanfer/Library/Developer/Xcode/DerivedData/ModuleCache.noindex/Session.modulevalidation -package-name supabase_swift -Xcc -I/Users/ryankanfer/Library/Developer/Xcode/DerivedData/HOMEY_Clean-gafualdnzupkfseuistvwtqbnpqd/Build/Intermediates.noindex/Supabase.build/Debug-iphoneos/Supabase.build/swift-overrides.hmap -emit-const-values -Xfrontend -const-gather-protocols-file -Xfrontend /Users/ryankanfer/Library/Developer/Xcode/DerivedData/HOMEY_Clean-gafualdnzupkfseuistvwtqbnpqd/Build/Intermediates.noindex/Supabase.build/Debug-iphoneos/Supabase.build/Objects-normal/arm64/Supabase_const_extract_protocols.json -Xcc -I/Users/ryankanfer/Library/Developer/Xcode/DerivedData/HOMEY_Clean-gafualdnzupkfseuistvwtqbnpqd/Build/Products/Debug-iphoneos/include -Xcc -I/Users/ryankanfer/Library/Developer/Xcode/DerivedData/HOMEY_Clean-gafualdnzupkfseuistvwtqbnpqd/Build/Intermediates.noindex/Supabase.build/Debug-iphoneos/Supabase.build/DerivedSources-normal/arm64 -Xcc -I/Users/ryankanfer/Library/Developer/Xcode/DerivedData/HOMEY_Clean-gafualdnzupkfseuistvwtqbnpqd/Build/Intermediates.noindex/Supabase.build/Debug-iphoneos/Supabase.build/DerivedSources/arm64 -Xcc -I/Users/ryankanfer/Library/Developer/Xcode/DerivedData/HOMEY_Clean-gafualdnzupkfseuistvwtqbnpqd/Build/Intermediates.noindex/Supabase.build/Debug-iphoneos/Supabase.build/DerivedSources -Xcc -DSWIFT_PACKAGE -Xcc -DDEBUG\=1 -emit-objc-header -emit-objc-header-path /Users/ryankanfer/Library/Developer/Xcode/DerivedData/HOMEY_Clean-gafualdnzupkfseuistvwtqbnpqd/Build/Intermediates.noindex/Supabase.build/Debug-iphoneos/Supabase.build/Objects-normal/arm64/Supabase-Swift.h -working-directory /Users/ryankanfer/Documents/Developer/HOMEY\ Clean/HOMEY\ Clean.xcodeproj -experimental-emit-module-separately -disable-cmo

RegisterExecutionPolicyException /Users/ryankanfer/Library/Developer/Xcode/DerivedData/HOMEY_Clean-gafualdnzupkfseuistvwtqbnpqd/Build/Products/Debug-iphoneos/Helpers.o (in target 'Helpers' from project 'Supabase')
    cd /Users/ryankanfer/Library/Developer/Xcode/DerivedData/HOMEY_Clean-gafualdnzupkfseuistvwtqbnpqd/SourcePackages/checkouts/supabase-swift
    builtin-RegisterExecutionPolicyException /Users/ryankanfer/Library/Developer/Xcode/DerivedData/HOMEY_Clean-gafualdnzupkfseuistvwtqbnpqd/Build/Products/Debug-iphoneos/Helpers.o

Ld /Users/ryankanfer/Library/Developer/Xcode/DerivedData/HOMEY_Clean-gafualdnzupkfseuistvwtqbnpqd/Build/Products/Debug-iphoneos/Storage.o normal (in target 'Storage' from project 'Supabase')
    cd /Users/ryankanfer/Library/Developer/Xcode/DerivedData/HOMEY_Clean-gafualdnzupkfseuistvwtqbnpqd/SourcePackages/checkouts/supabase-swift
    /Applications/Xcode.app/Contents/Developer/Toolchains/XcodeDefault.xctoolchain/usr/bin/clang -Xlinker -reproducible -target arm64-apple-ios13.0 -r -isysroot /Applications/Xcode.app/Contents/Developer/Platforms/iPhoneOS.platform/Developer/SDKs/iPhoneOS26.0.sdk -O0 -w -L/Users/ryankanfer/Library/Developer/Xcode/DerivedData/HOMEY_Clean-gafualdnzupkfseuistvwtqbnpqd/Build/Intermediates.noindex/EagerLinkingTBDs/Debug-iphoneos -L/Users/ryankanfer/Library/Developer/Xcode/DerivedData/HOMEY_Clean-gafualdnzupkfseuistvwtqbnpqd/Build/Products/Debug-iphoneos -L/Applications/Xcode.app/Contents/Developer/Platforms/iPhoneOS.platform/Developer/usr/lib -F/Users/ryankanfer/Library/Developer/Xcode/DerivedData/HOMEY_Clean-gafualdnzupkfseuistvwtqbnpqd/Build/Intermediates.noindex/EagerLinkingTBDs/Debug-iphoneos -F/Users/ryankanfer/Library/Developer/Xcode/DerivedData/HOMEY_Clean-gafualdnzupkfseuistvwtqbnpqd/Build/Products/Debug-iphoneos/PackageFrameworks -F/Users/ryankanfer/Library/Developer/Xcode/DerivedData/HOMEY_Clean-gafualdnzupkfseuistvwtqbnpqd/Build/Products/Debug-iphoneos/PackageFrameworks -F/Users/ryankanfer/Library/Developer/Xcode/DerivedData/HOMEY_Clean-gafualdnzupkfseuistvwtqbnpqd/Build/Products/Debug-iphoneos/PackageFrameworks -F/Users/ryankanfer/Library/Developer/Xcode/DerivedData/HOMEY_Clean-gafualdnzupkfseuistvwtqbnpqd/Build/Products/Debug-iphoneos/PackageFrameworks -F/Users/ryankanfer/Library/Developer/Xcode/DerivedData/HOMEY_Clean-gafualdnzupkfseuistvwtqbnpqd/Build/Products/Debug-iphoneos/PackageFrameworks -F/Users/ryankanfer/Library/Developer/Xcode/DerivedData/HOMEY_Clean-gafualdnzupkfseuistvwtqbnpqd/Build/Products/Debug-iphoneos/PackageFrameworks -F/Users/ryankanfer/Library/Developer/Xcode/DerivedData/HOMEY_Clean-gafualdnzupkfseuistvwtqbnpqd/Build/Products/Debug-iphoneos/PackageFrameworks -F/Users/ryankanfer/Library/Developer/Xcode/DerivedData/HOMEY_Clean-gafualdnzupkfseuistvwtqbnpqd/Build/Products/Debug-iphoneos -iframework /Applications/Xcode.app/Contents/Developer/Platforms/iPhoneOS.platform/Developer/Library/Frameworks -iframework /Applications/Xcode.app/Contents/Developer/Platforms/iPhoneOS.platform/Developer/SDKs/iPhoneOS26.0.sdk/Developer/Library/Frameworks -filelist /Users/ryankanfer/Library/Developer/Xcode/DerivedData/HOMEY_Clean-gafualdnzupkfseuistvwtqbnpqd/Build/Intermediates.noindex/Supabase.build/Debug-iphoneos/Storage.build/Objects-normal/arm64/Storage.LinkFileList -nostdlib -Xlinker -object_path_lto -Xlinker /Users/ryankanfer/Library/Developer/Xcode/DerivedData/HOMEY_Clean-gafualdnzupkfseuistvwtqbnpqd/Build/Intermediates.noindex/Supabase.build/Debug-iphoneos/Storage.build/Objects-normal/arm64/Storage_lto.o -rdynamic -Xlinker -no_deduplicate -Xlinker -debug_variant -Xlinker -dependency_info -Xlinker /Users/ryankanfer/Library/Developer/Xcode/DerivedData/HOMEY_Clean-gafualdnzupkfseuistvwtqbnpqd/Build/Intermediates.noindex/Supabase.build/Debug-iphoneos/Storage.build/Objects-normal/arm64/Storage_dependency_info.dat -fobjc-link-runtime -L/Applications/Xcode.app/Contents/Developer/Toolchains/XcodeDefault.xctoolchain/usr/lib/swift/iphoneos -L/usr/lib/swift -Xlinker -add_ast_path -Xlinker /Users/ryankanfer/Library/Developer/Xcode/DerivedData/HOMEY_Clean-gafualdnzupkfseuistvwtqbnpqd/Build/Intermediates.noindex/Supabase.build/Debug-iphoneos/Storage.build/Objects-normal/arm64/Storage.swiftmodule @/Users/ryankanfer/Library/Developer/Xcode/DerivedData/HOMEY_Clean-gafualdnzupkfseuistvwtqbnpqd/Build/Intermediates.noindex/Supabase.build/Debug-iphoneos/Storage.build/Objects-normal/arm64/Storage-linker-args.resp -o /Users/ryankanfer/Library/Developer/Xcode/DerivedData/HOMEY_Clean-gafualdnzupkfseuistvwtqbnpqd/Build/Products/Debug-iphoneos/Storage.o

Ld /Users/ryankanfer/Library/Developer/Xcode/DerivedData/HOMEY_Clean-gafualdnzupkfseuistvwtqbnpqd/Build/Products/Debug-iphoneos/PostgREST.o normal (in target 'PostgREST' from project 'Supabase')
    cd /Users/ryankanfer/Library/Developer/Xcode/DerivedData/HOMEY_Clean-gafualdnzupkfseuistvwtqbnpqd/SourcePackages/checkouts/supabase-swift
    /Applications/Xcode.app/Contents/Developer/Toolchains/XcodeDefault.xctoolchain/usr/bin/clang -Xlinker -reproducible -target arm64-apple-ios13.0 -r -isysroot /Applications/Xcode.app/Contents/Developer/Platforms/iPhoneOS.platform/Developer/SDKs/iPhoneOS26.0.sdk -O0 -w -L/Users/ryankanfer/Library/Developer/Xcode/DerivedData/HOMEY_Clean-gafualdnzupkfseuistvwtqbnpqd/Build/Intermediates.noindex/EagerLinkingTBDs/Debug-iphoneos -L/Users/ryankanfer/Library/Developer/Xcode/DerivedData/HOMEY_Clean-gafualdnzupkfseuistvwtqbnpqd/Build/Products/Debug-iphoneos -L/Applications/Xcode.app/Contents/Developer/Platforms/iPhoneOS.platform/Developer/usr/lib -F/Users/ryankanfer/Library/Developer/Xcode/DerivedData/HOMEY_Clean-gafualdnzupkfseuistvwtqbnpqd/Build/Intermediates.noindex/EagerLinkingTBDs/Debug-iphoneos -F/Users/ryankanfer/Library/Developer/Xcode/DerivedData/HOMEY_Clean-gafualdnzupkfseuistvwtqbnpqd/Build/Products/Debug-iphoneos/PackageFrameworks -F/Users/ryankanfer/Library/Developer/Xcode/DerivedData/HOMEY_Clean-gafualdnzupkfseuistvwtqbnpqd/Build/Products/Debug-iphoneos/PackageFrameworks -F/Users/ryankanfer/Library/Developer/Xcode/DerivedData/HOMEY_Clean-gafualdnzupkfseuistvwtqbnpqd/Build/Products/Debug-iphoneos/PackageFrameworks -F/Users/ryankanfer/Library/Developer/Xcode/DerivedData/HOMEY_Clean-gafualdnzupkfseuistvwtqbnpqd/Build/Products/Debug-iphoneos/PackageFrameworks -F/Users/ryankanfer/Library/Developer/Xcode/DerivedData/HOMEY_Clean-gafualdnzupkfseuistvwtqbnpqd/Build/Products/Debug-iphoneos/PackageFrameworks -F/Users/ryankanfer/Library/Developer/Xcode/DerivedData/HOMEY_Clean-gafualdnzupkfseuistvwtqbnpqd/Build/Products/Debug-iphoneos/PackageFrameworks -F/Users/ryankanfer/Library/Developer/Xcode/DerivedData/HOMEY_Clean-gafualdnzupkfseuistvwtqbnpqd/Build/Products/Debug-iphoneos/PackageFrameworks -F/Users/ryankanfer/Library/Developer/Xcode/DerivedData/HOMEY_Clean-gafualdnzupkfseuistvwtqbnpqd/Build/Products/Debug-iphoneos -iframework /Applications/Xcode.app/Contents/Developer/Platforms/iPhoneOS.platform/Developer/Library/Frameworks -iframework /Applications/Xcode.app/Contents/Developer/Platforms/iPhoneOS.platform/Developer/SDKs/iPhoneOS26.0.sdk/Developer/Library/Frameworks -filelist /Users/ryankanfer/Library/Developer/Xcode/DerivedData/HOMEY_Clean-gafualdnzupkfseuistvwtqbnpqd/Build/Intermediates.noindex/Supabase.build/Debug-iphoneos/PostgREST.build/Objects-normal/arm64/PostgREST.LinkFileList -nostdlib -Xlinker -object_path_lto -Xlinker /Users/ryankanfer/Library/Developer/Xcode/DerivedData/HOMEY_Clean-gafualdnzupkfseuistvwtqbnpqd/Build/Intermediates.noindex/Supabase.build/Debug-iphoneos/PostgREST.build/Objects-normal/arm64/PostgREST_lto.o -rdynamic -Xlinker -no_deduplicate -Xlinker -debug_variant -Xlinker -dependency_info -Xlinker /Users/ryankanfer/Library/Developer/Xcode/DerivedData/HOMEY_Clean-gafualdnzupkfseuistvwtqbnpqd/Build/Intermediates.noindex/Supabase.build/Debug-iphoneos/PostgREST.build/Objects-normal/arm64/PostgREST_dependency_info.dat -fobjc-link-runtime -L/Applications/Xcode.app/Contents/Developer/Toolchains/XcodeDefault.xctoolchain/usr/lib/swift/iphoneos -L/usr/lib/swift -Xlinker -add_ast_path -Xlinker /Users/ryankanfer/Library/Developer/Xcode/DerivedData/HOMEY_Clean-gafualdnzupkfseuistvwtqbnpqd/Build/Intermediates.noindex/Supabase.build/Debug-iphoneos/PostgREST.build/Objects-normal/arm64/PostgREST.swiftmodule @/Users/ryankanfer/Library/Developer/Xcode/DerivedData/HOMEY_Clean-gafualdnzupkfseuistvwtqbnpqd/Build/Intermediates.noindex/Supabase.build/Debug-iphoneos/PostgREST.build/Objects-normal/arm64/PostgREST-linker-args.resp -o /Users/ryankanfer/Library/Developer/Xcode/DerivedData/HOMEY_Clean-gafualdnzupkfseuistvwtqbnpqd/Build/Products/Debug-iphoneos/PostgREST.o

SwiftDriverJobDiscovery normal arm64 Compiling RealtimeChannel.swift, RealtimeClient.swift, RealtimeMessage.swift, TimeoutTimer.swift (in target 'Realtime' from project 'Supabase')

Ld /Users/ryankanfer/Library/Developer/Xcode/DerivedData/HOMEY_Clean-gafualdnzupkfseuistvwtqbnpqd/Build/Products/Debug-iphoneos/Functions.o normal (in target 'Functions' from project 'Supabase')
    cd /Users/ryankanfer/Library/Developer/Xcode/DerivedData/HOMEY_Clean-gafualdnzupkfseuistvwtqbnpqd/SourcePackages/checkouts/supabase-swift
    /Applications/Xcode.app/Contents/Developer/Toolchains/XcodeDefault.xctoolchain/usr/bin/clang -Xlinker -reproducible -target arm64-apple-ios13.0 -r -isysroot /Applications/Xcode.app/Contents/Developer/Platforms/iPhoneOS.platform/Developer/SDKs/iPhoneOS26.0.sdk -O0 -w -L/Users/ryankanfer/Library/Developer/Xcode/DerivedData/HOMEY_Clean-gafualdnzupkfseuistvwtqbnpqd/Build/Intermediates.noindex/EagerLinkingTBDs/Debug-iphoneos -L/Users/ryankanfer/Library/Developer/Xcode/DerivedData/HOMEY_Clean-gafualdnzupkfseuistvwtqbnpqd/Build/Products/Debug-iphoneos -L/Applications/Xcode.app/Contents/Developer/Platforms/iPhoneOS.platform/Developer/usr/lib -F/Users/ryankanfer/Library/Developer/Xcode/DerivedData/HOMEY_Clean-gafualdnzupkfseuistvwtqbnpqd/Build/Intermediates.noindex/EagerLinkingTBDs/Debug-iphoneos -F/Users/ryankanfer/Library/Developer/Xcode/DerivedData/HOMEY_Clean-gafualdnzupkfseuistvwtqbnpqd/Build/Products/Debug-iphoneos/PackageFrameworks -F/Users/ryankanfer/Library/Developer/Xcode/DerivedData/HOMEY_Clean-gafualdnzupkfseuistvwtqbnpqd/Build/Products/Debug-iphoneos/PackageFrameworks -F/Users/ryankanfer/Library/Developer/Xcode/DerivedData/HOMEY_Clean-gafualdnzupkfseuistvwtqbnpqd/Build/Products/Debug-iphoneos/PackageFrameworks -F/Users/ryankanfer/Library/Developer/Xcode/DerivedData/HOMEY_Clean-gafualdnzupkfseuistvwtqbnpqd/Build/Products/Debug-iphoneos/PackageFrameworks -F/Users/ryankanfer/Library/Developer/Xcode/DerivedData/HOMEY_Clean-gafualdnzupkfseuistvwtqbnpqd/Build/Products/Debug-iphoneos/PackageFrameworks -F/Users/ryankanfer/Library/Developer/Xcode/DerivedData/HOMEY_Clean-gafualdnzupkfseuistvwtqbnpqd/Build/Products/Debug-iphoneos/PackageFrameworks -F/Users/ryankanfer/Library/Developer/Xcode/DerivedData/HOMEY_Clean-gafualdnzupkfseuistvwtqbnpqd/Build/Products/Debug-iphoneos/PackageFrameworks -F/Users/ryankanfer/Library/Developer/Xcode/DerivedData/HOMEY_Clean-gafualdnzupkfseuistvwtqbnpqd/Build/Products/Debug-iphoneos -iframework /Applications/Xcode.app/Contents/Developer/Platforms/iPhoneOS.platform/Developer/Library/Frameworks -iframework /Applications/Xcode.app/Contents/Developer/Platforms/iPhoneOS.platform/Developer/SDKs/iPhoneOS26.0.sdk/Developer/Library/Frameworks -filelist /Users/ryankanfer/Library/Developer/Xcode/DerivedData/HOMEY_Clean-gafualdnzupkfseuistvwtqbnpqd/Build/Intermediates.noindex/Supabase.build/Debug-iphoneos/Functions.build/Objects-normal/arm64/Functions.LinkFileList -nostdlib -Xlinker -object_path_lto -Xlinker /Users/ryankanfer/Library/Developer/Xcode/DerivedData/HOMEY_Clean-gafualdnzupkfseuistvwtqbnpqd/Build/Intermediates.noindex/Supabase.build/Debug-iphoneos/Functions.build/Objects-normal/arm64/Functions_lto.o -rdynamic -Xlinker -no_deduplicate -Xlinker -debug_variant -Xlinker -dependency_info -Xlinker /Users/ryankanfer/Library/Developer/Xcode/DerivedData/HOMEY_Clean-gafualdnzupkfseuistvwtqbnpqd/Build/Intermediates.noindex/Supabase.build/Debug-iphoneos/Functions.build/Objects-normal/arm64/Functions_dependency_info.dat -fobjc-link-runtime -L/Applications/Xcode.app/Contents/Developer/Toolchains/XcodeDefault.xctoolchain/usr/lib/swift/iphoneos -L/usr/lib/swift -Xlinker -add_ast_path -Xlinker /Users/ryankanfer/Library/Developer/Xcode/DerivedData/HOMEY_Clean-gafualdnzupkfseuistvwtqbnpqd/Build/Intermediates.noindex/Supabase.build/Debug-iphoneos/Functions.build/Objects-normal/arm64/Functions.swiftmodule @/Users/ryankanfer/Library/Developer/Xcode/DerivedData/HOMEY_Clean-gafualdnzupkfseuistvwtqbnpqd/Build/Intermediates.noindex/Supabase.build/Debug-iphoneos/Functions.build/Objects-normal/arm64/Functions-linker-args.resp -o /Users/ryankanfer/Library/Developer/Xcode/DerivedData/HOMEY_Clean-gafualdnzupkfseuistvwtqbnpqd/Build/Products/Debug-iphoneos/Functions.o

SwiftDriver\ Compilation Realtime normal arm64 com.apple.xcode.tools.swift.compiler (in target 'Realtime' from project 'Supabase')
    cd /Users/ryankanfer/Documents/Developer/HOMEY\ Clean/HOMEY\ Clean.xcodeproj
    builtin-Swift-Compilation -- /Applications/Xcode.app/Contents/Developer/Toolchains/XcodeDefault.xctoolchain/usr/bin/swiftc -module-name Realtime -Onone -enforce-exclusivity\=checked @/Users/ryankanfer/Library/Developer/Xcode/DerivedData/HOMEY_Clean-gafualdnzupkfseuistvwtqbnpqd/Build/Intermediates.noindex/Supabase.build/Debug-iphoneos/Realtime.build/Objects-normal/arm64/Realtime.SwiftFileList -DSWIFT_PACKAGE -DDEBUG -DSWIFT_MODULE_RESOURCE_BUNDLE_UNAVAILABLE -DXcode -enable-upcoming-feature ExistentialAny -enable-experimental-feature StrictConcurrency -plugin-path /Applications/Xcode.app/Contents/Developer/Toolchains/XcodeDefault.xctoolchain/usr/lib/swift/host/plugins/testing -enable-experimental-feature DebugDescriptionMacro -sdk /Applications/Xcode.app/Contents/Developer/Platforms/iPhoneOS.platform/Developer/SDKs/iPhoneOS26.0.sdk -target arm64-apple-ios13.0 -g -module-cache-path /Users/ryankanfer/Library/Developer/Xcode/DerivedData/ModuleCache.noindex -Xfrontend -serialize-debugging-options -profile-coverage-mapping -profile-generate -enable-testing -suppress-warnings -index-store-path /Users/ryankanfer/Library/Developer/Xcode/DerivedData/HOMEY_Clean-gafualdnzupkfseuistvwtqbnpqd/Index.noindex/DataStore -Xcc -D_LIBCPP_HARDENING_MODE\=_LIBCPP_HARDENING_MODE_DEBUG -swift-version 5 -I /Users/ryankanfer/Library/Developer/Xcode/DerivedData/HOMEY_Clean-gafualdnzupkfseuistvwtqbnpqd/Build/Products/Debug-iphoneos -Isystem /Applications/Xcode.app/Contents/Developer/Platforms/iPhoneOS.platform/Developer/usr/lib -F /Users/ryankanfer/Library/Developer/Xcode/DerivedData/HOMEY_Clean-gafualdnzupkfseuistvwtqbnpqd/Build/Products/Debug-iphoneos/PackageFrameworks -F /Users/ryankanfer/Library/Developer/Xcode/DerivedData/HOMEY_Clean-gafualdnzupkfseuistvwtqbnpqd/Build/Products/Debug-iphoneos/PackageFrameworks -F /Users/ryankanfer/Library/Developer/Xcode/DerivedData/HOMEY_Clean-gafualdnzupkfseuistvwtqbnpqd/Build/Products/Debug-iphoneos/PackageFrameworks -F /Users/ryankanfer/Library/Developer/Xcode/DerivedData/HOMEY_Clean-gafualdnzupkfseuistvwtqbnpqd/Build/Products/Debug-iphoneos/PackageFrameworks -F /Users/ryankanfer/Library/Developer/Xcode/DerivedData/HOMEY_Clean-gafualdnzupkfseuistvwtqbnpqd/Build/Products/Debug-iphoneos/PackageFrameworks -F /Users/ryankanfer/Library/Developer/Xcode/DerivedData/HOMEY_Clean-gafualdnzupkfseuistvwtqbnpqd/Build/Products/Debug-iphoneos/PackageFrameworks -F /Users/ryankanfer/Library/Developer/Xcode/DerivedData/HOMEY_Clean-gafualdnzupkfseuistvwtqbnpqd/Build/Products/Debug-iphoneos/PackageFrameworks -F /Users/ryankanfer/Library/Developer/Xcode/DerivedData/HOMEY_Clean-gafualdnzupkfseuistvwtqbnpqd/Build/Products/Debug-iphoneos -F /Applications/Xcode.app/Contents/Developer/Platforms/iPhoneOS.platform/Developer/Library/Frameworks -F /Applications/Xcode.app/Contents/Developer/Platforms/iPhoneOS.platform/Developer/SDKs/iPhoneOS26.0.sdk/Developer/Library/Frameworks -c -j8 -enable-batch-mode -incremental -Xcc -ivfsstatcache -Xcc /Users/ryankanfer/Library/Developer/Xcode/DerivedData/SDKStatCaches.noindex/iphoneos26.0-23A339-81ce72e5b06c9602b9d30b56f2eed08a.sdkstatcache -output-file-map /Users/ryankanfer/Library/Developer/Xcode/DerivedData/HOMEY_Clean-gafualdnzupkfseuistvwtqbnpqd/Build/Intermediates.noindex/Supabase.build/Debug-iphoneos/Realtime.build/Objects-normal/arm64/Realtime-OutputFileMap.json -use-frontend-parseable-output -save-temps -no-color-diagnostics -explicit-module-build -module-cache-path /Users/ryankanfer/Library/Developer/Xcode/DerivedData/HOMEY_Clean-gafualdnzupkfseuistvwtqbnpqd/Build/Intermediates.noindex/SwiftExplicitPrecompiledModules -clang-scanner-module-cache-path /Users/ryankanfer/Library/Developer/Xcode/DerivedData/ModuleCache.noindex -sdk-module-cache-path /Users/ryankanfer/Library/Developer/Xcode/DerivedData/ModuleCache.noindex -serialize-diagnostics -emit-dependencies -emit-module -emit-module-path /Users/ryankanfer/Library/Developer/Xcode/DerivedData/HOMEY_Clean-gafualdnzupkfseuistvwtqbnpqd/Build/Intermediates.noindex/Supabase.build/Debug-iphoneos/Realtime.build/Objects-normal/arm64/Realtime.swiftmodule -validate-clang-modules-once -clang-build-session-file /Users/ryankanfer/Library/Developer/Xcode/DerivedData/ModuleCache.noindex/Session.modulevalidation -package-name supabase_swift -Xcc -I/Users/ryankanfer/Library/Developer/Xcode/DerivedData/HOMEY_Clean-gafualdnzupkfseuistvwtqbnpqd/Build/Intermediates.noindex/Supabase.build/Debug-iphoneos/Realtime.build/swift-overrides.hmap -emit-const-values -Xfrontend -const-gather-protocols-file -Xfrontend /Users/ryankanfer/Library/Developer/Xcode/DerivedData/HOMEY_Clean-gafualdnzupkfseuistvwtqbnpqd/Build/Intermediates.noindex/Supabase.build/Debug-iphoneos/Realtime.build/Objects-normal/arm64/Realtime_const_extract_protocols.json -Xcc -I/Users/ryankanfer/Library/Developer/Xcode/DerivedData/HOMEY_Clean-gafualdnzupkfseuistvwtqbnpqd/Build/Products/Debug-iphoneos/include -Xcc -I/Users/ryankanfer/Library/Developer/Xcode/DerivedData/HOMEY_Clean-gafualdnzupkfseuistvwtqbnpqd/Build/Intermediates.noindex/Supabase.build/Debug-iphoneos/Realtime.build/DerivedSources-normal/arm64 -Xcc -I/Users/ryankanfer/Library/Developer/Xcode/DerivedData/HOMEY_Clean-gafualdnzupkfseuistvwtqbnpqd/Build/Intermediates.noindex/Supabase.build/Debug-iphoneos/Realtime.build/DerivedSources/arm64 -Xcc -I/Users/ryankanfer/Library/Developer/Xcode/DerivedData/HOMEY_Clean-gafualdnzupkfseuistvwtqbnpqd/Build/Intermediates.noindex/Supabase.build/Debug-iphoneos/Realtime.build/DerivedSources -Xcc -DSWIFT_PACKAGE -Xcc -DDEBUG\=1 -emit-objc-header -emit-objc-header-path /Users/ryankanfer/Library/Developer/Xcode/DerivedData/HOMEY_Clean-gafualdnzupkfseuistvwtqbnpqd/Build/Intermediates.noindex/Supabase.build/Debug-iphoneos/Realtime.build/Objects-normal/arm64/Realtime-Swift.h -working-directory /Users/ryankanfer/Documents/Developer/HOMEY\ Clean/HOMEY\ Clean.xcodeproj -experimental-emit-module-separately -disable-cmo

Ld /Users/ryankanfer/Library/Developer/Xcode/DerivedData/HOMEY_Clean-gafualdnzupkfseuistvwtqbnpqd/Build/Products/Debug-iphoneos/Realtime.o normal (in target 'Realtime' from project 'Supabase')
    cd /Users/ryankanfer/Library/Developer/Xcode/DerivedData/HOMEY_Clean-gafualdnzupkfseuistvwtqbnpqd/SourcePackages/checkouts/supabase-swift
    /Applications/Xcode.app/Contents/Developer/Toolchains/XcodeDefault.xctoolchain/usr/bin/clang -Xlinker -reproducible -target arm64-apple-ios13.0 -r -isysroot /Applications/Xcode.app/Contents/Developer/Platforms/iPhoneOS.platform/Developer/SDKs/iPhoneOS26.0.sdk -O0 -w -L/Users/ryankanfer/Library/Developer/Xcode/DerivedData/HOMEY_Clean-gafualdnzupkfseuistvwtqbnpqd/Build/Intermediates.noindex/EagerLinkingTBDs/Debug-iphoneos -L/Users/ryankanfer/Library/Developer/Xcode/DerivedData/HOMEY_Clean-gafualdnzupkfseuistvwtqbnpqd/Build/Products/Debug-iphoneos -L/Applications/Xcode.app/Contents/Developer/Platforms/iPhoneOS.platform/Developer/usr/lib -F/Users/ryankanfer/Library/Developer/Xcode/DerivedData/HOMEY_Clean-gafualdnzupkfseuistvwtqbnpqd/Build/Intermediates.noindex/EagerLinkingTBDs/Debug-iphoneos -F/Users/ryankanfer/Library/Developer/Xcode/DerivedData/HOMEY_Clean-gafualdnzupkfseuistvwtqbnpqd/Build/Products/Debug-iphoneos/PackageFrameworks -F/Users/ryankanfer/Library/Developer/Xcode/DerivedData/HOMEY_Clean-gafualdnzupkfseuistvwtqbnpqd/Build/Products/Debug-iphoneos/PackageFrameworks -F/Users/ryankanfer/Library/Developer/Xcode/DerivedData/HOMEY_Clean-gafualdnzupkfseuistvwtqbnpqd/Build/Products/Debug-iphoneos/PackageFrameworks -F/Users/ryankanfer/Library/Developer/Xcode/DerivedData/HOMEY_Clean-gafualdnzupkfseuistvwtqbnpqd/Build/Products/Debug-iphoneos/PackageFrameworks -F/Users/ryankanfer/Library/Developer/Xcode/DerivedData/HOMEY_Clean-gafualdnzupkfseuistvwtqbnpqd/Build/Products/Debug-iphoneos/PackageFrameworks -F/Users/ryankanfer/Library/Developer/Xcode/DerivedData/HOMEY_Clean-gafualdnzupkfseuistvwtqbnpqd/Build/Products/Debug-iphoneos/PackageFrameworks -F/Users/ryankanfer/Library/Developer/Xcode/DerivedData/HOMEY_Clean-gafualdnzupkfseuistvwtqbnpqd/Build/Products/Debug-iphoneos/PackageFrameworks -F/Users/ryankanfer/Library/Developer/Xcode/DerivedData/HOMEY_Clean-gafualdnzupkfseuistvwtqbnpqd/Build/Products/Debug-iphoneos -iframework /Applications/Xcode.app/Contents/Developer/Platforms/iPhoneOS.platform/Developer/Library/Frameworks -iframework /Applications/Xcode.app/Contents/Developer/Platforms/iPhoneOS.platform/Developer/SDKs/iPhoneOS26.0.sdk/Developer/Library/Frameworks -filelist /Users/ryankanfer/Library/Developer/Xcode/DerivedData/HOMEY_Clean-gafualdnzupkfseuistvwtqbnpqd/Build/Intermediates.noindex/Supabase.build/Debug-iphoneos/Realtime.build/Objects-normal/arm64/Realtime.LinkFileList -nostdlib -Xlinker -object_path_lto -Xlinker /Users/ryankanfer/Library/Developer/Xcode/DerivedData/HOMEY_Clean-gafualdnzupkfseuistvwtqbnpqd/Build/Intermediates.noindex/Supabase.build/Debug-iphoneos/Realtime.build/Objects-normal/arm64/Realtime_lto.o -rdynamic -Xlinker -no_deduplicate -Xlinker -debug_variant -Xlinker -dependency_info -Xlinker /Users/ryankanfer/Library/Developer/Xcode/DerivedData/HOMEY_Clean-gafualdnzupkfseuistvwtqbnpqd/Build/Intermediates.noindex/Supabase.build/Debug-iphoneos/Realtime.build/Objects-normal/arm64/Realtime_dependency_info.dat -fobjc-link-runtime -L/Applications/Xcode.app/Contents/Developer/Toolchains/XcodeDefault.xctoolchain/usr/lib/swift/iphoneos -L/usr/lib/swift -Xlinker -add_ast_path -Xlinker /Users/ryankanfer/Library/Developer/Xcode/DerivedData/HOMEY_Clean-gafualdnzupkfseuistvwtqbnpqd/Build/Intermediates.noindex/Supabase.build/Debug-iphoneos/Realtime.build/Objects-normal/arm64/Realtime.swiftmodule @/Users/ryankanfer/Library/Developer/Xcode/DerivedData/HOMEY_Clean-gafualdnzupkfseuistvwtqbnpqd/Build/Intermediates.noindex/Supabase.build/Debug-iphoneos/Realtime.build/Objects-normal/arm64/Realtime-linker-args.resp -o /Users/ryankanfer/Library/Developer/Xcode/DerivedData/HOMEY_Clean-gafualdnzupkfseuistvwtqbnpqd/Build/Products/Debug-iphoneos/Realtime.o

ExtractAppIntentsMetadata (in target 'PostgREST' from project 'Supabase')
    cd /Users/ryankanfer/Library/Developer/Xcode/DerivedData/HOMEY_Clean-gafualdnzupkfseuistvwtqbnpqd/SourcePackages/checkouts/supabase-swift
    /Applications/Xcode.app/Contents/Developer/Toolchains/XcodeDefault.xctoolchain/usr/bin/appintentsmetadataprocessor --toolchain-dir /Applications/Xcode.app/Contents/Developer/Toolchains/XcodeDefault.xctoolchain --module-name PostgREST --sdk-root /Applications/Xcode.app/Contents/Developer/Platforms/iPhoneOS.platform/Developer/SDKs/iPhoneOS26.0.sdk --xcode-version 17A324 --platform-family iOS --deployment-target 13.0 --bundle-identifier supabase-swift.PostgREST --output /Users/ryankanfer/Library/Developer/Xcode/DerivedData/HOMEY_Clean-gafualdnzupkfseuistvwtqbnpqd/Build/Products/Debug-iphoneos/PostgREST.appintents --target-triple arm64-apple-ios13.0 --binary-file /Users/ryankanfer/Library/Developer/Xcode/DerivedData/HOMEY_Clean-gafualdnzupkfseuistvwtqbnpqd/Build/Products/Debug-iphoneos/PostgREST.o --dependency-file /Users/ryankanfer/Library/Developer/Xcode/DerivedData/HOMEY_Clean-gafualdnzupkfseuistvwtqbnpqd/Build/Intermediates.noindex/Supabase.build/Debug-iphoneos/PostgREST.build/Objects-normal/arm64/PostgREST_dependency_info.dat --stringsdata-file /Users/ryankanfer/Library/Developer/Xcode/DerivedData/HOMEY_Clean-gafualdnzupkfseuistvwtqbnpqd/Build/Intermediates.noindex/Supabase.build/Debug-iphoneos/PostgREST.build/Objects-normal/arm64/ExtractedAppShortcutsMetadata.stringsdata --source-file-list /Users/ryankanfer/Library/Developer/Xcode/DerivedData/HOMEY_Clean-gafualdnzupkfseuistvwtqbnpqd/Build/Intermediates.noindex/Supabase.build/Debug-iphoneos/PostgREST.build/Objects-normal/arm64/PostgREST.SwiftFileList --metadata-file-list /Users/ryankanfer/Library/Developer/Xcode/DerivedData/HOMEY_Clean-gafualdnzupkfseuistvwtqbnpqd/Build/Intermediates.noindex/Supabase.build/Debug-iphoneos/PostgREST.build/PostgREST.DependencyMetadataFileList --static-metadata-file-list /Users/ryankanfer/Library/Developer/Xcode/DerivedData/HOMEY_Clean-gafualdnzupkfseuistvwtqbnpqd/Build/Intermediates.noindex/Supabase.build/Debug-iphoneos/PostgREST.build/PostgREST.DependencyStaticMetadataFileList --swift-const-vals-list /Users/ryankanfer/Library/Developer/Xcode/DerivedData/HOMEY_Clean-gafualdnzupkfseuistvwtqbnpqd/Build/Intermediates.noindex/Supabase.build/Debug-iphoneos/PostgREST.build/Objects-normal/arm64/PostgREST.SwiftConstValuesFileList --force --compile-time-extraction --deployment-aware-processing --validate-assistant-intents --no-app-shortcuts-localization
2025-09-22 23:19:10.095 appintentsmetadataprocessor[47825:12257313] Starting appintentsmetadataprocessor export
2025-09-22 23:19:10.276 appintentsmetadataprocessor[47825:12257313] Extracted no relevant App Intents symbols, skipping writing output

ExtractAppIntentsMetadata (in target 'Storage' from project 'Supabase')
    cd /Users/ryankanfer/Library/Developer/Xcode/DerivedData/HOMEY_Clean-gafualdnzupkfseuistvwtqbnpqd/SourcePackages/checkouts/supabase-swift
    /Applications/Xcode.app/Contents/Developer/Toolchains/XcodeDefault.xctoolchain/usr/bin/appintentsmetadataprocessor --toolchain-dir /Applications/Xcode.app/Contents/Developer/Toolchains/XcodeDefault.xctoolchain --module-name Storage --sdk-root /Applications/Xcode.app/Contents/Developer/Platforms/iPhoneOS.platform/Developer/SDKs/iPhoneOS26.0.sdk --xcode-version 17A324 --platform-family iOS --deployment-target 13.0 --bundle-identifier supabase-swift.Storage --output /Users/ryankanfer/Library/Developer/Xcode/DerivedData/HOMEY_Clean-gafualdnzupkfseuistvwtqbnpqd/Build/Products/Debug-iphoneos/Storage.appintents --target-triple arm64-apple-ios13.0 --binary-file /Users/ryankanfer/Library/Developer/Xcode/DerivedData/HOMEY_Clean-gafualdnzupkfseuistvwtqbnpqd/Build/Products/Debug-iphoneos/Storage.o --dependency-file /Users/ryankanfer/Library/Developer/Xcode/DerivedData/HOMEY_Clean-gafualdnzupkfseuistvwtqbnpqd/Build/Intermediates.noindex/Supabase.build/Debug-iphoneos/Storage.build/Objects-normal/arm64/Storage_dependency_info.dat --stringsdata-file /Users/ryankanfer/Library/Developer/Xcode/DerivedData/HOMEY_Clean-gafualdnzupkfseuistvwtqbnpqd/Build/Intermediates.noindex/Supabase.build/Debug-iphoneos/Storage.build/Objects-normal/arm64/ExtractedAppShortcutsMetadata.stringsdata --source-file-list /Users/ryankanfer/Library/Developer/Xcode/DerivedData/HOMEY_Clean-gafualdnzupkfseuistvwtqbnpqd/Build/Intermediates.noindex/Supabase.build/Debug-iphoneos/Storage.build/Objects-normal/arm64/Storage.SwiftFileList --metadata-file-list /Users/ryankanfer/Library/Developer/Xcode/DerivedData/HOMEY_Clean-gafualdnzupkfseuistvwtqbnpqd/Build/Intermediates.noindex/Supabase.build/Debug-iphoneos/Storage.build/Storage.DependencyMetadataFileList --static-metadata-file-list /Users/ryankanfer/Library/Developer/Xcode/DerivedData/HOMEY_Clean-gafualdnzupkfseuistvwtqbnpqd/Build/Intermediates.noindex/Supabase.build/Debug-iphoneos/Storage.build/Storage.DependencyStaticMetadataFileList --swift-const-vals-list /Users/ryankanfer/Library/Developer/Xcode/DerivedData/HOMEY_Clean-gafualdnzupkfseuistvwtqbnpqd/Build/Intermediates.noindex/Supabase.build/Debug-iphoneos/Storage.build/Objects-normal/arm64/Storage.SwiftConstValuesFileList --force --compile-time-extraction --deployment-aware-processing --validate-assistant-intents --no-app-shortcuts-localization
2025-09-22 23:19:10.126 appintentsmetadataprocessor[47828:12257338] Starting appintentsmetadataprocessor export
2025-09-22 23:19:10.298 appintentsmetadataprocessor[47828:12257338] Extracted no relevant App Intents symbols, skipping writing output

ExtractAppIntentsMetadata (in target 'Realtime' from project 'Supabase')
    cd /Users/ryankanfer/Library/Developer/Xcode/DerivedData/HOMEY_Clean-gafualdnzupkfseuistvwtqbnpqd/SourcePackages/checkouts/supabase-swift
    /Applications/Xcode.app/Contents/Developer/Toolchains/XcodeDefault.xctoolchain/usr/bin/appintentsmetadataprocessor --toolchain-dir /Applications/Xcode.app/Contents/Developer/Toolchains/XcodeDefault.xctoolchain --module-name Realtime --sdk-root /Applications/Xcode.app/Contents/Developer/Platforms/iPhoneOS.platform/Developer/SDKs/iPhoneOS26.0.sdk --xcode-version 17A324 --platform-family iOS --deployment-target 13.0 --bundle-identifier supabase-swift.Realtime --output /Users/ryankanfer/Library/Developer/Xcode/DerivedData/HOMEY_Clean-gafualdnzupkfseuistvwtqbnpqd/Build/Products/Debug-iphoneos/Realtime.appintents --target-triple arm64-apple-ios13.0 --binary-file /Users/ryankanfer/Library/Developer/Xcode/DerivedData/HOMEY_Clean-gafualdnzupkfseuistvwtqbnpqd/Build/Products/Debug-iphoneos/Realtime.o --dependency-file /Users/ryankanfer/Library/Developer/Xcode/DerivedData/HOMEY_Clean-gafualdnzupkfseuistvwtqbnpqd/Build/Intermediates.noindex/Supabase.build/Debug-iphoneos/Realtime.build/Objects-normal/arm64/Realtime_dependency_info.dat --stringsdata-file /Users/ryankanfer/Library/Developer/Xcode/DerivedData/HOMEY_Clean-gafualdnzupkfseuistvwtqbnpqd/Build/Intermediates.noindex/Supabase.build/Debug-iphoneos/Realtime.build/Objects-normal/arm64/ExtractedAppShortcutsMetadata.stringsdata --source-file-list /Users/ryankanfer/Library/Developer/Xcode/DerivedData/HOMEY_Clean-gafualdnzupkfseuistvwtqbnpqd/Build/Intermediates.noindex/Supabase.build/Debug-iphoneos/Realtime.build/Objects-normal/arm64/Realtime.SwiftFileList --metadata-file-list /Users/ryankanfer/Library/Developer/Xcode/DerivedData/HOMEY_Clean-gafualdnzupkfseuistvwtqbnpqd/Build/Intermediates.noindex/Supabase.build/Debug-iphoneos/Realtime.build/Realtime.DependencyMetadataFileList --static-metadata-file-list /Users/ryankanfer/Library/Developer/Xcode/DerivedData/HOMEY_Clean-gafualdnzupkfseuistvwtqbnpqd/Build/Intermediates.noindex/Supabase.build/Debug-iphoneos/Realtime.build/Realtime.DependencyStaticMetadataFileList --swift-const-vals-list /Users/ryankanfer/Library/Developer/Xcode/DerivedData/HOMEY_Clean-gafualdnzupkfseuistvwtqbnpqd/Build/Intermediates.noindex/Supabase.build/Debug-iphoneos/Realtime.build/Objects-normal/arm64/Realtime.SwiftConstValuesFileList --force --compile-time-extraction --deployment-aware-processing --validate-assistant-intents --no-app-shortcuts-localization
2025-09-22 23:19:10.156 appintentsmetadataprocessor[47830:12257342] Starting appintentsmetadataprocessor export
2025-09-22 23:19:10.336 appintentsmetadataprocessor[47830:12257342] Extracted no relevant App Intents symbols, skipping writing output

SwiftEmitModule normal arm64 Emitting\ module\ for\ Supabase (in target 'Supabase' from project 'Supabase')

EmitSwiftModule normal arm64 (in target 'Supabase' from project 'Supabase')
    cd /Users/ryankanfer/Documents/Developer/HOMEY\ Clean/HOMEY\ Clean.xcodeproj
    

SwiftCompile normal arm64 Compiling\ Constants.swift /Users/ryankanfer/Library/Developer/Xcode/DerivedData/HOMEY_Clean-gafualdnzupkfseuistvwtqbnpqd/SourcePackages/checkouts/supabase-swift/Sources/Supabase/Constants.swift (in target 'Supabase' from project 'Supabase')

SwiftCompile normal arm64 /Users/ryankanfer/Library/Developer/Xcode/DerivedData/HOMEY_Clean-gafualdnzupkfseuistvwtqbnpqd/SourcePackages/checkouts/supabase-swift/Sources/Supabase/Constants.swift (in target 'Supabase' from project 'Supabase')
    cd /Users/ryankanfer/Documents/Developer/HOMEY\ Clean/HOMEY\ Clean.xcodeproj
    

SwiftDriverJobDiscovery normal arm64 Compiling AuthMFA.swift, AuthStateChangeListener.swift, Defaults.swift (in target 'Auth' from project 'Supabase')

SwiftCompile normal arm64 Compiling\ Exports.swift /Users/ryankanfer/Library/Developer/Xcode/DerivedData/HOMEY_Clean-gafualdnzupkfseuistvwtqbnpqd/SourcePackages/checkouts/supabase-swift/Sources/Supabase/Exports.swift (in target 'Supabase' from project 'Supabase')

SwiftCompile normal arm64 /Users/ryankanfer/Library/Developer/Xcode/DerivedData/HOMEY_Clean-gafualdnzupkfseuistvwtqbnpqd/SourcePackages/checkouts/supabase-swift/Sources/Supabase/Exports.swift (in target 'Supabase' from project 'Supabase')
    cd /Users/ryankanfer/Documents/Developer/HOMEY\ Clean/HOMEY\ Clean.xcodeproj
    

SwiftDriverJobDiscovery normal arm64 Compiling Keychain.swift, PKCE.swift, SessionManager.swift (in target 'Auth' from project 'Supabase')

SwiftCompile normal arm64 Compiling\ Deprecated.swift /Users/ryankanfer/Library/Developer/Xcode/DerivedData/HOMEY_Clean-gafualdnzupkfseuistvwtqbnpqd/SourcePackages/checkouts/supabase-swift/Sources/Supabase/Deprecated.swift (in target 'Supabase' from project 'Supabase')

SwiftCompile normal arm64 /Users/ryankanfer/Library/Developer/Xcode/DerivedData/HOMEY_Clean-gafualdnzupkfseuistvwtqbnpqd/SourcePackages/checkouts/supabase-swift/Sources/Supabase/Deprecated.swift (in target 'Supabase' from project 'Supabase')
    cd /Users/ryankanfer/Documents/Developer/HOMEY\ Clean/HOMEY\ Clean.xcodeproj
    

SwiftCompile normal arm64 Compiling\ Types.swift /Users/ryankanfer/Library/Developer/Xcode/DerivedData/HOMEY_Clean-gafualdnzupkfseuistvwtqbnpqd/SourcePackages/checkouts/supabase-swift/Sources/Supabase/Types.swift (in target 'Supabase' from project 'Supabase')

SwiftCompile normal arm64 /Users/ryankanfer/Library/Developer/Xcode/DerivedData/HOMEY_Clean-gafualdnzupkfseuistvwtqbnpqd/SourcePackages/checkouts/supabase-swift/Sources/Supabase/Types.swift (in target 'Supabase' from project 'Supabase')
    cd /Users/ryankanfer/Documents/Developer/HOMEY\ Clean/HOMEY\ Clean.xcodeproj
    

SwiftCompile normal arm64 Compiling\ SupabaseClient.swift /Users/ryankanfer/Library/Developer/Xcode/DerivedData/HOMEY_Clean-gafualdnzupkfseuistvwtqbnpqd/SourcePackages/checkouts/supabase-swift/Sources/Supabase/SupabaseClient.swift (in target 'Supabase' from project 'Supabase')

SwiftCompile normal arm64 /Users/ryankanfer/Library/Developer/Xcode/DerivedData/HOMEY_Clean-gafualdnzupkfseuistvwtqbnpqd/SourcePackages/checkouts/supabase-swift/Sources/Supabase/SupabaseClient.swift (in target 'Supabase' from project 'Supabase')
    cd /Users/ryankanfer/Documents/Developer/HOMEY\ Clean/HOMEY\ Clean.xcodeproj
    

SwiftDriverJobDiscovery normal arm64 Compiling Exports.swift (in target 'Supabase' from project 'Supabase')

SwiftDriverJobDiscovery normal arm64 Compiling Constants.swift (in target 'Supabase' from project 'Supabase')

ExtractAppIntentsMetadata (in target 'Functions' from project 'Supabase')
    cd /Users/ryankanfer/Library/Developer/Xcode/DerivedData/HOMEY_Clean-gafualdnzupkfseuistvwtqbnpqd/SourcePackages/checkouts/supabase-swift
    /Applications/Xcode.app/Contents/Developer/Toolchains/XcodeDefault.xctoolchain/usr/bin/appintentsmetadataprocessor --toolchain-dir /Applications/Xcode.app/Contents/Developer/Toolchains/XcodeDefault.xctoolchain --module-name Functions --sdk-root /Applications/Xcode.app/Contents/Developer/Platforms/iPhoneOS.platform/Developer/SDKs/iPhoneOS26.0.sdk --xcode-version 17A324 --platform-family iOS --deployment-target 13.0 --bundle-identifier supabase-swift.Functions --output /Users/ryankanfer/Library/Developer/Xcode/DerivedData/HOMEY_Clean-gafualdnzupkfseuistvwtqbnpqd/Build/Products/Debug-iphoneos/Functions.appintents --target-triple arm64-apple-ios13.0 --binary-file /Users/ryankanfer/Library/Developer/Xcode/DerivedData/HOMEY_Clean-gafualdnzupkfseuistvwtqbnpqd/Build/Products/Debug-iphoneos/Functions.o --dependency-file /Users/ryankanfer/Library/Developer/Xcode/DerivedData/HOMEY_Clean-gafualdnzupkfseuistvwtqbnpqd/Build/Intermediates.noindex/Supabase.build/Debug-iphoneos/Functions.build/Objects-normal/arm64/Functions_dependency_info.dat --stringsdata-file /Users/ryankanfer/Library/Developer/Xcode/DerivedData/HOMEY_Clean-gafualdnzupkfseuistvwtqbnpqd/Build/Intermediates.noindex/Supabase.build/Debug-iphoneos/Functions.build/Objects-normal/arm64/ExtractedAppShortcutsMetadata.stringsdata --source-file-list /Users/ryankanfer/Library/Developer/Xcode/DerivedData/HOMEY_Clean-gafualdnzupkfseuistvwtqbnpqd/Build/Intermediates.noindex/Supabase.build/Debug-iphoneos/Functions.build/Objects-normal/arm64/Functions.SwiftFileList --metadata-file-list /Users/ryankanfer/Library/Developer/Xcode/DerivedData/HOMEY_Clean-gafualdnzupkfseuistvwtqbnpqd/Build/Intermediates.noindex/Supabase.build/Debug-iphoneos/Functions.build/Functions.DependencyMetadataFileList --static-metadata-file-list /Users/ryankanfer/Library/Developer/Xcode/DerivedData/HOMEY_Clean-gafualdnzupkfseuistvwtqbnpqd/Build/Intermediates.noindex/Supabase.build/Debug-iphoneos/Functions.build/Functions.DependencyStaticMetadataFileList --swift-const-vals-list /Users/ryankanfer/Library/Developer/Xcode/DerivedData/HOMEY_Clean-gafualdnzupkfseuistvwtqbnpqd/Build/Intermediates.noindex/Supabase.build/Debug-iphoneos/Functions.build/Objects-normal/arm64/Functions.SwiftConstValuesFileList --force --compile-time-extraction --deployment-aware-processing --validate-assistant-intents --no-app-shortcuts-localization
2025-09-22 23:19:10.405 appintentsmetadataprocessor[47838:12257375] Starting appintentsmetadataprocessor export
2025-09-22 23:19:10.540 appintentsmetadataprocessor[47838:12257375] Extracted no relevant App Intents symbols, skipping writing output

RegisterExecutionPolicyException /Users/ryankanfer/Library/Developer/Xcode/DerivedData/HOMEY_Clean-gafualdnzupkfseuistvwtqbnpqd/Build/Products/Debug-iphoneos/Storage.o (in target 'Storage' from project 'Supabase')
    cd /Users/ryankanfer/Library/Developer/Xcode/DerivedData/HOMEY_Clean-gafualdnzupkfseuistvwtqbnpqd/SourcePackages/checkouts/supabase-swift
    builtin-RegisterExecutionPolicyException /Users/ryankanfer/Library/Developer/Xcode/DerivedData/HOMEY_Clean-gafualdnzupkfseuistvwtqbnpqd/Build/Products/Debug-iphoneos/Storage.o

RegisterExecutionPolicyException /Users/ryankanfer/Library/Developer/Xcode/DerivedData/HOMEY_Clean-gafualdnzupkfseuistvwtqbnpqd/Build/Products/Debug-iphoneos/Realtime.o (in target 'Realtime' from project 'Supabase')
    cd /Users/ryankanfer/Library/Developer/Xcode/DerivedData/HOMEY_Clean-gafualdnzupkfseuistvwtqbnpqd/SourcePackages/checkouts/supabase-swift
    builtin-RegisterExecutionPolicyException /Users/ryankanfer/Library/Developer/Xcode/DerivedData/HOMEY_Clean-gafualdnzupkfseuistvwtqbnpqd/Build/Products/Debug-iphoneos/Realtime.o

RegisterExecutionPolicyException /Users/ryankanfer/Library/Developer/Xcode/DerivedData/HOMEY_Clean-gafualdnzupkfseuistvwtqbnpqd/Build/Products/Debug-iphoneos/PostgREST.o (in target 'PostgREST' from project 'Supabase')
    cd /Users/ryankanfer/Library/Developer/Xcode/DerivedData/HOMEY_Clean-gafualdnzupkfseuistvwtqbnpqd/SourcePackages/checkouts/supabase-swift
    builtin-RegisterExecutionPolicyException /Users/ryankanfer/Library/Developer/Xcode/DerivedData/HOMEY_Clean-gafualdnzupkfseuistvwtqbnpqd/Build/Products/Debug-iphoneos/PostgREST.o

SwiftDriverJobDiscovery normal arm64 Compiling Deprecated.swift (in target 'Supabase' from project 'Supabase')

SwiftDriverJobDiscovery normal arm64 Emitting module for Supabase (in target 'Supabase' from project 'Supabase')

SwiftDriver\ Compilation\ Requirements Supabase normal arm64 com.apple.xcode.tools.swift.compiler (in target 'Supabase' from project 'Supabase')
    cd /Users/ryankanfer/Documents/Developer/HOMEY\ Clean/HOMEY\ Clean.xcodeproj
    builtin-Swift-Compilation-Requirements -- /Applications/Xcode.app/Contents/Developer/Toolchains/XcodeDefault.xctoolchain/usr/bin/swiftc -module-name Supabase -Onone -enforce-exclusivity\=checked @/Users/ryankanfer/Library/Developer/Xcode/DerivedData/HOMEY_Clean-gafualdnzupkfseuistvwtqbnpqd/Build/Intermediates.noindex/Supabase.build/Debug-iphoneos/Supabase.build/Objects-normal/arm64/Supabase.SwiftFileList -DSWIFT_PACKAGE -DDEBUG -DSWIFT_MODULE_RESOURCE_BUNDLE_UNAVAILABLE -DXcode -enable-upcoming-feature ExistentialAny -enable-experimental-feature StrictConcurrency -plugin-path /Applications/Xcode.app/Contents/Developer/Toolchains/XcodeDefault.xctoolchain/usr/lib/swift/host/plugins/testing -enable-experimental-feature DebugDescriptionMacro -sdk /Applications/Xcode.app/Contents/Developer/Platforms/iPhoneOS.platform/Developer/SDKs/iPhoneOS26.0.sdk -target arm64-apple-ios13.0 -g -module-cache-path /Users/ryankanfer/Library/Developer/Xcode/DerivedData/ModuleCache.noindex -Xfrontend -serialize-debugging-options -profile-coverage-mapping -profile-generate -enable-testing -suppress-warnings -index-store-path /Users/ryankanfer/Library/Developer/Xcode/DerivedData/HOMEY_Clean-gafualdnzupkfseuistvwtqbnpqd/Index.noindex/DataStore -Xcc -D_LIBCPP_HARDENING_MODE\=_LIBCPP_HARDENING_MODE_DEBUG -swift-version 5 -I /Users/ryankanfer/Library/Developer/Xcode/DerivedData/HOMEY_Clean-gafualdnzupkfseuistvwtqbnpqd/Build/Products/Debug-iphoneos -Isystem /Applications/Xcode.app/Contents/Developer/Platforms/iPhoneOS.platform/Developer/usr/lib -F /Users/ryankanfer/Library/Developer/Xcode/DerivedData/HOMEY_Clean-gafualdnzupkfseuistvwtqbnpqd/Build/Products/Debug-iphoneos/PackageFrameworks -F /Users/ryankanfer/Library/Developer/Xcode/DerivedData/HOMEY_Clean-gafualdnzupkfseuistvwtqbnpqd/Build/Products/Debug-iphoneos/PackageFrameworks -F /Users/ryankanfer/Library/Developer/Xcode/DerivedData/HOMEY_Clean-gafualdnzupkfseuistvwtqbnpqd/Build/Products/Debug-iphoneos/PackageFrameworks -F /Users/ryankanfer/Library/Developer/Xcode/DerivedData/HOMEY_Clean-gafualdnzupkfseuistvwtqbnpqd/Build/Products/Debug-iphoneos/PackageFrameworks -F /Users/ryankanfer/Library/Developer/Xcode/DerivedData/HOMEY_Clean-gafualdnzupkfseuistvwtqbnpqd/Build/Products/Debug-iphoneos/PackageFrameworks -F /Users/ryankanfer/Library/Developer/Xcode/DerivedData/HOMEY_Clean-gafualdnzupkfseuistvwtqbnpqd/Build/Products/Debug-iphoneos/PackageFrameworks -F /Users/ryankanfer/Library/Developer/Xcode/DerivedData/HOMEY_Clean-gafualdnzupkfseuistvwtqbnpqd/Build/Products/Debug-iphoneos/PackageFrameworks -F /Users/ryankanfer/Library/Developer/Xcode/DerivedData/HOMEY_Clean-gafualdnzupkfseuistvwtqbnpqd/Build/Products/Debug-iphoneos/PackageFrameworks -F /Users/ryankanfer/Library/Developer/Xcode/DerivedData/HOMEY_Clean-gafualdnzupkfseuistvwtqbnpqd/Build/Products/Debug-iphoneos/PackageFrameworks -F /Users/ryankanfer/Library/Developer/Xcode/DerivedData/HOMEY_Clean-gafualdnzupkfseuistvwtqbnpqd/Build/Products/Debug-iphoneos/PackageFrameworks -F /Users/ryankanfer/Library/Developer/Xcode/DerivedData/HOMEY_Clean-gafualdnzupkfseuistvwtqbnpqd/Build/Products/Debug-iphoneos/PackageFrameworks -F /Users/ryankanfer/Library/Developer/Xcode/DerivedData/HOMEY_Clean-gafualdnzupkfseuistvwtqbnpqd/Build/Products/Debug-iphoneos/PackageFrameworks -F /Users/ryankanfer/Library/Developer/Xcode/DerivedData/HOMEY_Clean-gafualdnzupkfseuistvwtqbnpqd/Build/Products/Debug-iphoneos/PackageFrameworks -F /Users/ryankanfer/Library/Developer/Xcode/DerivedData/HOMEY_Clean-gafualdnzupkfseuistvwtqbnpqd/Build/Products/Debug-iphoneos -F /Applications/Xcode.app/Contents/Developer/Platforms/iPhoneOS.platform/Developer/Library/Frameworks -F /Applications/Xcode.app/Contents/Developer/Platforms/iPhoneOS.platform/Developer/SDKs/iPhoneOS26.0.sdk/Developer/Library/Frameworks -c -j8 -enable-batch-mode -incremental -Xcc -ivfsstatcache -Xcc /Users/ryankanfer/Library/Developer/Xcode/DerivedData/SDKStatCaches.noindex/iphoneos26.0-23A339-81ce72e5b06c9602b9d30b56f2eed08a.sdkstatcache -output-file-map /Users/ryankanfer/Library/Developer/Xcode/DerivedData/HOMEY_Clean-gafualdnzupkfseuistvwtqbnpqd/Build/Intermediates.noindex/Supabase.build/Debug-iphoneos/Supabase.build/Objects-normal/arm64/Supabase-OutputFileMap.json -use-frontend-parseable-output -save-temps -no-color-diagnostics -explicit-module-build -module-cache-path /Users/ryankanfer/Library/Developer/Xcode/DerivedData/HOMEY_Clean-gafualdnzupkfseuistvwtqbnpqd/Build/Intermediates.noindex/SwiftExplicitPrecompiledModules -clang-scanner-module-cache-path /Users/ryankanfer/Library/Developer/Xcode/DerivedData/ModuleCache.noindex -sdk-module-cache-path /Users/ryankanfer/Library/Developer/Xcode/DerivedData/ModuleCache.noindex -serialize-diagnostics -emit-dependencies -emit-module -emit-module-path /Users/ryankanfer/Library/Developer/Xcode/DerivedData/HOMEY_Clean-gafualdnzupkfseuistvwtqbnpqd/Build/Intermediates.noindex/Supabase.build/Debug-iphoneos/Supabase.build/Objects-normal/arm64/Supabase.swiftmodule -validate-clang-modules-once -clang-build-session-file /Users/ryankanfer/Library/Developer/Xcode/DerivedData/ModuleCache.noindex/Session.modulevalidation -package-name supabase_swift -Xcc -I/Users/ryankanfer/Library/Developer/Xcode/DerivedData/HOMEY_Clean-gafualdnzupkfseuistvwtqbnpqd/Build/Intermediates.noindex/Supabase.build/Debug-iphoneos/Supabase.build/swift-overrides.hmap -emit-const-values -Xfrontend -const-gather-protocols-file -Xfrontend /Users/ryankanfer/Library/Developer/Xcode/DerivedData/HOMEY_Clean-gafualdnzupkfseuistvwtqbnpqd/Build/Intermediates.noindex/Supabase.build/Debug-iphoneos/Supabase.build/Objects-normal/arm64/Supabase_const_extract_protocols.json -Xcc -I/Users/ryankanfer/Library/Developer/Xcode/DerivedData/HOMEY_Clean-gafualdnzupkfseuistvwtqbnpqd/Build/Products/Debug-iphoneos/include -Xcc -I/Users/ryankanfer/Library/Developer/Xcode/DerivedData/HOMEY_Clean-gafualdnzupkfseuistvwtqbnpqd/Build/Intermediates.noindex/Supabase.build/Debug-iphoneos/Supabase.build/DerivedSources-normal/arm64 -Xcc -I/Users/ryankanfer/Library/Developer/Xcode/DerivedData/HOMEY_Clean-gafualdnzupkfseuistvwtqbnpqd/Build/Intermediates.noindex/Supabase.build/Debug-iphoneos/Supabase.build/DerivedSources/arm64 -Xcc -I/Users/ryankanfer/Library/Developer/Xcode/DerivedData/HOMEY_Clean-gafualdnzupkfseuistvwtqbnpqd/Build/Intermediates.noindex/Supabase.build/Debug-iphoneos/Supabase.build/DerivedSources -Xcc -DSWIFT_PACKAGE -Xcc -DDEBUG\=1 -emit-objc-header -emit-objc-header-path /Users/ryankanfer/Library/Developer/Xcode/DerivedData/HOMEY_Clean-gafualdnzupkfseuistvwtqbnpqd/Build/Intermediates.noindex/Supabase.build/Debug-iphoneos/Supabase.build/Objects-normal/arm64/Supabase-Swift.h -working-directory /Users/ryankanfer/Documents/Developer/HOMEY\ Clean/HOMEY\ Clean.xcodeproj -experimental-emit-module-separately -disable-cmo

SwiftMergeGeneratedHeaders /Users/ryankanfer/Library/Developer/Xcode/DerivedData/HOMEY_Clean-gafualdnzupkfseuistvwtqbnpqd/Build/Intermediates.noindex/GeneratedModuleMaps-iphoneos/Supabase-Swift.h /Users/ryankanfer/Library/Developer/Xcode/DerivedData/HOMEY_Clean-gafualdnzupkfseuistvwtqbnpqd/Build/Intermediates.noindex/Supabase.build/Debug-iphoneos/Supabase.build/Objects-normal/arm64/Supabase-Swift.h (in target 'Supabase' from project 'Supabase')
    cd /Users/ryankanfer/Library/Developer/Xcode/DerivedData/HOMEY_Clean-gafualdnzupkfseuistvwtqbnpqd/SourcePackages/checkouts/supabase-swift
    builtin-swiftHeaderTool -arch arm64 /Users/ryankanfer/Library/Developer/Xcode/DerivedData/HOMEY_Clean-gafualdnzupkfseuistvwtqbnpqd/Build/Intermediates.noindex/Supabase.build/Debug-iphoneos/Supabase.build/Objects-normal/arm64/Supabase-Swift.h -o /Users/ryankanfer/Library/Developer/Xcode/DerivedData/HOMEY_Clean-gafualdnzupkfseuistvwtqbnpqd/Build/Intermediates.noindex/GeneratedModuleMaps-iphoneos/Supabase-Swift.h

Copy /Users/ryankanfer/Library/Developer/Xcode/DerivedData/HOMEY_Clean-gafualdnzupkfseuistvwtqbnpqd/Build/Products/Debug-iphoneos/Supabase.swiftmodule/arm64-apple-ios.swiftdoc /Users/ryankanfer/Library/Developer/Xcode/DerivedData/HOMEY_Clean-gafualdnzupkfseuistvwtqbnpqd/Build/Intermediates.noindex/Supabase.build/Debug-iphoneos/Supabase.build/Objects-normal/arm64/Supabase.swiftdoc (in target 'Supabase' from project 'Supabase')
    cd /Users/ryankanfer/Library/Developer/Xcode/DerivedData/HOMEY_Clean-gafualdnzupkfseuistvwtqbnpqd/SourcePackages/checkouts/supabase-swift
    builtin-copy -exclude .DS_Store -exclude CVS -exclude .svn -exclude .git -exclude .hg -resolve-src-symlinks -rename /Users/ryankanfer/Library/Developer/Xcode/DerivedData/HOMEY_Clean-gafualdnzupkfseuistvwtqbnpqd/Build/Intermediates.noindex/Supabase.build/Debug-iphoneos/Supabase.build/Objects-normal/arm64/Supabase.swiftdoc /Users/ryankanfer/Library/Developer/Xcode/DerivedData/HOMEY_Clean-gafualdnzupkfseuistvwtqbnpqd/Build/Products/Debug-iphoneos/Supabase.swiftmodule/arm64-apple-ios.swiftdoc

Copy /Users/ryankanfer/Library/Developer/Xcode/DerivedData/HOMEY_Clean-gafualdnzupkfseuistvwtqbnpqd/Build/Products/Debug-iphoneos/Supabase.swiftmodule/arm64-apple-ios.swiftmodule /Users/ryankanfer/Library/Developer/Xcode/DerivedData/HOMEY_Clean-gafualdnzupkfseuistvwtqbnpqd/Build/Intermediates.noindex/Supabase.build/Debug-iphoneos/Supabase.build/Objects-normal/arm64/Supabase.swiftmodule (in target 'Supabase' from project 'Supabase')
    cd /Users/ryankanfer/Library/Developer/Xcode/DerivedData/HOMEY_Clean-gafualdnzupkfseuistvwtqbnpqd/SourcePackages/checkouts/supabase-swift
    builtin-copy -exclude .DS_Store -exclude CVS -exclude .svn -exclude .git -exclude .hg -resolve-src-symlinks -rename /Users/ryankanfer/Library/Developer/Xcode/DerivedData/HOMEY_Clean-gafualdnzupkfseuistvwtqbnpqd/Build/Intermediates.noindex/Supabase.build/Debug-iphoneos/Supabase.build/Objects-normal/arm64/Supabase.swiftmodule /Users/ryankanfer/Library/Developer/Xcode/DerivedData/HOMEY_Clean-gafualdnzupkfseuistvwtqbnpqd/Build/Products/Debug-iphoneos/Supabase.swiftmodule/arm64-apple-ios.swiftmodule

Copy /Users/ryankanfer/Library/Developer/Xcode/DerivedData/HOMEY_Clean-gafualdnzupkfseuistvwtqbnpqd/Build/Products/Debug-iphoneos/Supabase.swiftmodule/arm64-apple-ios.abi.json /Users/ryankanfer/Library/Developer/Xcode/DerivedData/HOMEY_Clean-gafualdnzupkfseuistvwtqbnpqd/Build/Intermediates.noindex/Supabase.build/Debug-iphoneos/Supabase.build/Objects-normal/arm64/Supabase.abi.json (in target 'Supabase' from project 'Supabase')
    cd /Users/ryankanfer/Library/Developer/Xcode/DerivedData/HOMEY_Clean-gafualdnzupkfseuistvwtqbnpqd/SourcePackages/checkouts/supabase-swift
    builtin-copy -exclude .DS_Store -exclude CVS -exclude .svn -exclude .git -exclude .hg -resolve-src-symlinks -rename /Users/ryankanfer/Library/Developer/Xcode/DerivedData/HOMEY_Clean-gafualdnzupkfseuistvwtqbnpqd/Build/Intermediates.noindex/Supabase.build/Debug-iphoneos/Supabase.build/Objects-normal/arm64/Supabase.abi.json /Users/ryankanfer/Library/Developer/Xcode/DerivedData/HOMEY_Clean-gafualdnzupkfseuistvwtqbnpqd/Build/Products/Debug-iphoneos/Supabase.swiftmodule/arm64-apple-ios.abi.json

Copy /Users/ryankanfer/Library/Developer/Xcode/DerivedData/HOMEY_Clean-gafualdnzupkfseuistvwtqbnpqd/Build/Products/Debug-iphoneos/Supabase.swiftmodule/Project/arm64-apple-ios.swiftsourceinfo /Users/ryankanfer/Library/Developer/Xcode/DerivedData/HOMEY_Clean-gafualdnzupkfseuistvwtqbnpqd/Build/Intermediates.noindex/Supabase.build/Debug-iphoneos/Supabase.build/Objects-normal/arm64/Supabase.swiftsourceinfo (in target 'Supabase' from project 'Supabase')
    cd /Users/ryankanfer/Library/Developer/Xcode/DerivedData/HOMEY_Clean-gafualdnzupkfseuistvwtqbnpqd/SourcePackages/checkouts/supabase-swift
    builtin-copy -exclude .DS_Store -exclude CVS -exclude .svn -exclude .git -exclude .hg -resolve-src-symlinks -rename /Users/ryankanfer/Library/Developer/Xcode/DerivedData/HOMEY_Clean-gafualdnzupkfseuistvwtqbnpqd/Build/Intermediates.noindex/Supabase.build/Debug-iphoneos/Supabase.build/Objects-normal/arm64/Supabase.swiftsourceinfo /Users/ryankanfer/Library/Developer/Xcode/DerivedData/HOMEY_Clean-gafualdnzupkfseuistvwtqbnpqd/Build/Products/Debug-iphoneos/Supabase.swiftmodule/Project/arm64-apple-ios.swiftsourceinfo

ProcessProductPackaging /Users/ryankanfer/Library/Developer/Xcode/UserData/Provisioning\ Profiles/955dbd23-37e2-4411-816d-57047f8e6b87.mobileprovision /Users/ryankanfer/Library/Developer/Xcode/DerivedData/HOMEY_Clean-gafualdnzupkfseuistvwtqbnpqd/Build/Products/Debug-iphoneos/HOMEY\ Clean.app/embedded.mobileprovision (in target 'HOMEY Clean' from project 'HOMEY Clean')
    cd /Users/ryankanfer/Documents/Developer/HOMEY\ Clean
    builtin-productPackagingUtility /Users/ryankanfer/Library/Developer/Xcode/UserData/Provisioning\ Profiles/955dbd23-37e2-4411-816d-57047f8e6b87.mobileprovision -o /Users/ryankanfer/Library/Developer/Xcode/DerivedData/HOMEY_Clean-gafualdnzupkfseuistvwtqbnpqd/Build/Products/Debug-iphoneos/HOMEY\ Clean.app/embedded.mobileprovision

ProcessProductPackaging /Users/ryankanfer/Documents/Developer/HOMEY\ Clean/HOMEY\ Clean/HOMEY_Clean.entitlements /Users/ryankanfer/Library/Developer/Xcode/DerivedData/HOMEY_Clean-gafualdnzupkfseuistvwtqbnpqd/Build/Intermediates.noindex/HOMEY\ Clean.build/Debug-iphoneos/HOMEY\ Clean.build/HOMEY\ Clean.app.xcent (in target 'HOMEY Clean' from project 'HOMEY Clean')
    cd /Users/ryankanfer/Documents/Developer/HOMEY\ Clean
    
    Entitlements:
    
    {
    "application-identifier" = "2F28BDAM56.com.ryankanfer.homeyclean";
    "aps-environment" = development;
    "com.apple.developer.icloud-container-identifiers" =     (
    );
    "com.apple.developer.icloud-services" =     (
        CloudKit
    );
    "com.apple.developer.team-identifier" = 2F28BDAM56;
    "get-task-allow" = 1;
}
    
    builtin-productPackagingUtility /Users/ryankanfer/Documents/Developer/HOMEY\ Clean/HOMEY\ Clean/HOMEY_Clean.entitlements -entitlements -format xml -o /Users/ryankanfer/Library/Developer/Xcode/DerivedData/HOMEY_Clean-gafualdnzupkfseuistvwtqbnpqd/Build/Intermediates.noindex/HOMEY\ Clean.build/Debug-iphoneos/HOMEY\ Clean.build/HOMEY\ Clean.app.xcent

ProcessProductPackagingDER /Users/ryankanfer/Library/Developer/Xcode/DerivedData/HOMEY_Clean-gafualdnzupkfseuistvwtqbnpqd/Build/Intermediates.noindex/HOMEY\ Clean.build/Debug-iphoneos/HOMEY\ Clean.build/HOMEY\ Clean.app.xcent /Users/ryankanfer/Library/Developer/Xcode/DerivedData/HOMEY_Clean-gafualdnzupkfseuistvwtqbnpqd/Build/Intermediates.noindex/HOMEY\ Clean.build/Debug-iphoneos/HOMEY\ Clean.build/HOMEY\ Clean.app.xcent.der (in target 'HOMEY Clean' from project 'HOMEY Clean')
    cd /Users/ryankanfer/Documents/Developer/HOMEY\ Clean
    /usr/bin/derq query -f xml -i /Users/ryankanfer/Library/Developer/Xcode/DerivedData/HOMEY_Clean-gafualdnzupkfseuistvwtqbnpqd/Build/Intermediates.noindex/HOMEY\ Clean.build/Debug-iphoneos/HOMEY\ Clean.build/HOMEY\ Clean.app.xcent -o /Users/ryankanfer/Library/Developer/Xcode/DerivedData/HOMEY_Clean-gafualdnzupkfseuistvwtqbnpqd/Build/Intermediates.noindex/HOMEY\ Clean.build/Debug-iphoneos/HOMEY\ Clean.build/HOMEY\ Clean.app.xcent.der --raw

MkDir /Users/ryankanfer/Library/Developer/Xcode/DerivedData/HOMEY_Clean-gafualdnzupkfseuistvwtqbnpqd/Build/Intermediates.noindex/HOMEY\ Clean.build/Debug-iphoneos/HOMEY\ Clean.build/assetcatalog_output/thinned (in target 'HOMEY Clean' from project 'HOMEY Clean')
    cd /Users/ryankanfer/Documents/Developer/HOMEY\ Clean
    /bin/mkdir -p /Users/ryankanfer/Library/Developer/Xcode/DerivedData/HOMEY_Clean-gafualdnzupkfseuistvwtqbnpqd/Build/Intermediates.noindex/HOMEY\ Clean.build/Debug-iphoneos/HOMEY\ Clean.build/assetcatalog_output/thinned

MkDir /Users/ryankanfer/Library/Developer/Xcode/DerivedData/HOMEY_Clean-gafualdnzupkfseuistvwtqbnpqd/Build/Intermediates.noindex/HOMEY\ Clean.build/Debug-iphoneos/HOMEY\ Clean.build/assetcatalog_output/unthinned (in target 'HOMEY Clean' from project 'HOMEY Clean')
    cd /Users/ryankanfer/Documents/Developer/HOMEY\ Clean
    /bin/mkdir -p /Users/ryankanfer/Library/Developer/Xcode/DerivedData/HOMEY_Clean-gafualdnzupkfseuistvwtqbnpqd/Build/Intermediates.noindex/HOMEY\ Clean.build/Debug-iphoneos/HOMEY\ Clean.build/assetcatalog_output/unthinned

GenerateAssetSymbols /Users/ryankanfer/Documents/Developer/HOMEY\ Clean/HOMEY\ Clean/Assets.xcassets (in target 'HOMEY Clean' from project 'HOMEY Clean')
    cd /Users/ryankanfer/Documents/Developer/HOMEY\ Clean
    /Applications/Xcode.app/Contents/Developer/usr/bin/actool /Users/ryankanfer/Documents/Developer/HOMEY\ Clean/HOMEY\ Clean/Assets.xcassets --compile /Users/ryankanfer/Library/Developer/Xcode/DerivedData/HOMEY_Clean-gafualdnzupkfseuistvwtqbnpqd/Build/Products/Debug-iphoneos/HOMEY\ Clean.app --output-format human-readable-text --notices --warnings --export-dependency-info /Users/ryankanfer/Library/Developer/Xcode/DerivedData/HOMEY_Clean-gafualdnzupkfseuistvwtqbnpqd/Build/Intermediates.noindex/HOMEY\ Clean.build/Debug-iphoneos/HOMEY\ Clean.build/assetcatalog_dependencies --output-partial-info-plist /Users/ryankanfer/Library/Developer/Xcode/DerivedData/HOMEY_Clean-gafualdnzupkfseuistvwtqbnpqd/Build/Intermediates.noindex/HOMEY\ Clean.build/Debug-iphoneos/HOMEY\ Clean.build/assetcatalog_generated_info.plist --app-icon AppIcon --accent-color AccentColor --compress-pngs --enable-on-demand-resources YES --development-region en --target-device iphone --target-device ipad --minimum-deployment-target 18.5 --platform iphoneos --bundle-identifier com.ryankanfer.homeyclean --generate-swift-asset-symbols /Users/ryankanfer/Library/Developer/Xcode/DerivedData/HOMEY_Clean-gafualdnzupkfseuistvwtqbnpqd/Build/Intermediates.noindex/HOMEY\ Clean.build/Debug-iphoneos/HOMEY\ Clean.build/DerivedSources/GeneratedAssetSymbols.swift --generate-objc-asset-symbols /Users/ryankanfer/Library/Developer/Xcode/DerivedData/HOMEY_Clean-gafualdnzupkfseuistvwtqbnpqd/Build/Intermediates.noindex/HOMEY\ Clean.build/Debug-iphoneos/HOMEY\ Clean.build/DerivedSources/GeneratedAssetSymbols.h --generate-asset-symbol-index /Users/ryankanfer/Library/Developer/Xcode/DerivedData/HOMEY_Clean-gafualdnzupkfseuistvwtqbnpqd/Build/Intermediates.noindex/HOMEY\ Clean.build/Debug-iphoneos/HOMEY\ Clean.build/DerivedSources/GeneratedAssetSymbols-Index.plist
/* com.apple.actool.compilation-results */
/Users/ryankanfer/Library/Developer/Xcode/DerivedData/HOMEY_Clean-gafualdnzupkfseuistvwtqbnpqd/Build/Intermediates.noindex/HOMEY Clean.build/Debug-iphoneos/HOMEY Clean.build/DerivedSources/GeneratedAssetSymbols-Index.plist
/Users/ryankanfer/Library/Developer/Xcode/DerivedData/HOMEY_Clean-gafualdnzupkfseuistvwtqbnpqd/Build/Intermediates.noindex/HOMEY Clean.build/Debug-iphoneos/HOMEY Clean.build/DerivedSources/GeneratedAssetSymbols.h
/Users/ryankanfer/Library/Developer/Xcode/DerivedData/HOMEY_Clean-gafualdnzupkfseuistvwtqbnpqd/Build/Intermediates.noindex/HOMEY Clean.build/Debug-iphoneos/HOMEY Clean.build/DerivedSources/GeneratedAssetSymbols.swift


CompileAssetCatalogVariant thinned /Users/ryankanfer/Library/Developer/Xcode/DerivedData/HOMEY_Clean-gafualdnzupkfseuistvwtqbnpqd/Build/Products/Debug-iphoneos/HOMEY\ Clean.app /Users/ryankanfer/Documents/Developer/HOMEY\ Clean/HOMEY\ Clean/Assets.xcassets (in target 'HOMEY Clean' from project 'HOMEY Clean')
    cd /Users/ryankanfer/Documents/Developer/HOMEY\ Clean
    /Applications/Xcode.app/Contents/Developer/usr/bin/actool /Users/ryankanfer/Documents/Developer/HOMEY\ Clean/HOMEY\ Clean/Assets.xcassets --compile /Users/ryankanfer/Library/Developer/Xcode/DerivedData/HOMEY_Clean-gafualdnzupkfseuistvwtqbnpqd/Build/Intermediates.noindex/HOMEY\ Clean.build/Debug-iphoneos/HOMEY\ Clean.build/assetcatalog_output/thinned --output-format human-readable-text --notices --warnings --export-dependency-info /Users/ryankanfer/Library/Developer/Xcode/DerivedData/HOMEY_Clean-gafualdnzupkfseuistvwtqbnpqd/Build/Intermediates.noindex/HOMEY\ Clean.build/Debug-iphoneos/HOMEY\ Clean.build/assetcatalog_dependencies_thinned --output-partial-info-plist /Users/ryankanfer/Library/Developer/Xcode/DerivedData/HOMEY_Clean-gafualdnzupkfseuistvwtqbnpqd/Build/Intermediates.noindex/HOMEY\ Clean.build/Debug-iphoneos/HOMEY\ Clean.build/assetcatalog_generated_info.plist_thinned --app-icon AppIcon --accent-color AccentColor --compress-pngs --enable-on-demand-resources YES --filter-for-thinning-device-configuration MacFamily20,1 --filter-for-device-os-version 26.0 --development-region en --target-device iphone --target-device ipad --minimum-deployment-target 18.5 --platform iphoneos

SwiftDriverJobDiscovery normal arm64 Compiling Types.swift (in target 'Supabase' from project 'Supabase')

RegisterExecutionPolicyException /Users/ryankanfer/Library/Developer/Xcode/DerivedData/HOMEY_Clean-gafualdnzupkfseuistvwtqbnpqd/Build/Products/Debug-iphoneos/Functions.o (in target 'Functions' from project 'Supabase')
    cd /Users/ryankanfer/Library/Developer/Xcode/DerivedData/HOMEY_Clean-gafualdnzupkfseuistvwtqbnpqd/SourcePackages/checkouts/supabase-swift
    builtin-RegisterExecutionPolicyException /Users/ryankanfer/Library/Developer/Xcode/DerivedData/HOMEY_Clean-gafualdnzupkfseuistvwtqbnpqd/Build/Products/Debug-iphoneos/Functions.o

SwiftDriverJobDiscovery normal arm64 Compiling SupabaseClient.swift (in target 'Supabase' from project 'Supabase')

SwiftDriver\ Compilation Supabase normal arm64 com.apple.xcode.tools.swift.compiler (in target 'Supabase' from project 'Supabase')
    cd /Users/ryankanfer/Documents/Developer/HOMEY\ Clean/HOMEY\ Clean.xcodeproj
    builtin-Swift-Compilation -- /Applications/Xcode.app/Contents/Developer/Toolchains/XcodeDefault.xctoolchain/usr/bin/swiftc -module-name Supabase -Onone -enforce-exclusivity\=checked @/Users/ryankanfer/Library/Developer/Xcode/DerivedData/HOMEY_Clean-gafualdnzupkfseuistvwtqbnpqd/Build/Intermediates.noindex/Supabase.build/Debug-iphoneos/Supabase.build/Objects-normal/arm64/Supabase.SwiftFileList -DSWIFT_PACKAGE -DDEBUG -DSWIFT_MODULE_RESOURCE_BUNDLE_UNAVAILABLE -DXcode -enable-upcoming-feature ExistentialAny -enable-experimental-feature StrictConcurrency -plugin-path /Applications/Xcode.app/Contents/Developer/Toolchains/XcodeDefault.xctoolchain/usr/lib/swift/host/plugins/testing -enable-experimental-feature DebugDescriptionMacro -sdk /Applications/Xcode.app/Contents/Developer/Platforms/iPhoneOS.platform/Developer/SDKs/iPhoneOS26.0.sdk -target arm64-apple-ios13.0 -g -module-cache-path /Users/ryankanfer/Library/Developer/Xcode/DerivedData/ModuleCache.noindex -Xfrontend -serialize-debugging-options -profile-coverage-mapping -profile-generate -enable-testing -suppress-warnings -index-store-path /Users/ryankanfer/Library/Developer/Xcode/DerivedData/HOMEY_Clean-gafualdnzupkfseuistvwtqbnpqd/Index.noindex/DataStore -Xcc -D_LIBCPP_HARDENING_MODE\=_LIBCPP_HARDENING_MODE_DEBUG -swift-version 5 -I /Users/ryankanfer/Library/Developer/Xcode/DerivedData/HOMEY_Clean-gafualdnzupkfseuistvwtqbnpqd/Build/Products/Debug-iphoneos -Isystem /Applications/Xcode.app/Contents/Developer/Platforms/iPhoneOS.platform/Developer/usr/lib -F /Users/ryankanfer/Library/Developer/Xcode/DerivedData/HOMEY_Clean-gafualdnzupkfseuistvwtqbnpqd/Build/Products/Debug-iphoneos/PackageFrameworks -F /Users/ryankanfer/Library/Developer/Xcode/DerivedData/HOMEY_Clean-gafualdnzupkfseuistvwtqbnpqd/Build/Products/Debug-iphoneos/PackageFrameworks -F /Users/ryankanfer/Library/Developer/Xcode/DerivedData/HOMEY_Clean-gafualdnzupkfseuistvwtqbnpqd/Build/Products/Debug-iphoneos/PackageFrameworks -F /Users/ryankanfer/Library/Developer/Xcode/DerivedData/HOMEY_Clean-gafualdnzupkfseuistvwtqbnpqd/Build/Products/Debug-iphoneos/PackageFrameworks -F /Users/ryankanfer/Library/Developer/Xcode/DerivedData/HOMEY_Clean-gafualdnzupkfseuistvwtqbnpqd/Build/Products/Debug-iphoneos/PackageFrameworks -F /Users/ryankanfer/Library/Developer/Xcode/DerivedData/HOMEY_Clean-gafualdnzupkfseuistvwtqbnpqd/Build/Products/Debug-iphoneos/PackageFrameworks -F /Users/ryankanfer/Library/Developer/Xcode/DerivedData/HOMEY_Clean-gafualdnzupkfseuistvwtqbnpqd/Build/Products/Debug-iphoneos/PackageFrameworks -F /Users/ryankanfer/Library/Developer/Xcode/DerivedData/HOMEY_Clean-gafualdnzupkfseuistvwtqbnpqd/Build/Products/Debug-iphoneos/PackageFrameworks -F /Users/ryankanfer/Library/Developer/Xcode/DerivedData/HOMEY_Clean-gafualdnzupkfseuistvwtqbnpqd/Build/Products/Debug-iphoneos/PackageFrameworks -F /Users/ryankanfer/Library/Developer/Xcode/DerivedData/HOMEY_Clean-gafualdnzupkfseuistvwtqbnpqd/Build/Products/Debug-iphoneos/PackageFrameworks -F /Users/ryankanfer/Library/Developer/Xcode/DerivedData/HOMEY_Clean-gafualdnzupkfseuistvwtqbnpqd/Build/Products/Debug-iphoneos/PackageFrameworks -F /Users/ryankanfer/Library/Developer/Xcode/DerivedData/HOMEY_Clean-gafualdnzupkfseuistvwtqbnpqd/Build/Products/Debug-iphoneos/PackageFrameworks -F /Users/ryankanfer/Library/Developer/Xcode/DerivedData/HOMEY_Clean-gafualdnzupkfseuistvwtqbnpqd/Build/Products/Debug-iphoneos/PackageFrameworks -F /Users/ryankanfer/Library/Developer/Xcode/DerivedData/HOMEY_Clean-gafualdnzupkfseuistvwtqbnpqd/Build/Products/Debug-iphoneos -F /Applications/Xcode.app/Contents/Developer/Platforms/iPhoneOS.platform/Developer/Library/Frameworks -F /Applications/Xcode.app/Contents/Developer/Platforms/iPhoneOS.platform/Developer/SDKs/iPhoneOS26.0.sdk/Developer/Library/Frameworks -c -j8 -enable-batch-mode -incremental -Xcc -ivfsstatcache -Xcc /Users/ryankanfer/Library/Developer/Xcode/DerivedData/SDKStatCaches.noindex/iphoneos26.0-23A339-81ce72e5b06c9602b9d30b56f2eed08a.sdkstatcache -output-file-map /Users/ryankanfer/Library/Developer/Xcode/DerivedData/HOMEY_Clean-gafualdnzupkfseuistvwtqbnpqd/Build/Intermediates.noindex/Supabase.build/Debug-iphoneos/Supabase.build/Objects-normal/arm64/Supabase-OutputFileMap.json -use-frontend-parseable-output -save-temps -no-color-diagnostics -explicit-module-build -module-cache-path /Users/ryankanfer/Library/Developer/Xcode/DerivedData/HOMEY_Clean-gafualdnzupkfseuistvwtqbnpqd/Build/Intermediates.noindex/SwiftExplicitPrecompiledModules -clang-scanner-module-cache-path /Users/ryankanfer/Library/Developer/Xcode/DerivedData/ModuleCache.noindex -sdk-module-cache-path /Users/ryankanfer/Library/Developer/Xcode/DerivedData/ModuleCache.noindex -serialize-diagnostics -emit-dependencies -emit-module -emit-module-path /Users/ryankanfer/Library/Developer/Xcode/DerivedData/HOMEY_Clean-gafualdnzupkfseuistvwtqbnpqd/Build/Intermediates.noindex/Supabase.build/Debug-iphoneos/Supabase.build/Objects-normal/arm64/Supabase.swiftmodule -validate-clang-modules-once -clang-build-session-file /Users/ryankanfer/Library/Developer/Xcode/DerivedData/ModuleCache.noindex/Session.modulevalidation -package-name supabase_swift -Xcc -I/Users/ryankanfer/Library/Developer/Xcode/DerivedData/HOMEY_Clean-gafualdnzupkfseuistvwtqbnpqd/Build/Intermediates.noindex/Supabase.build/Debug-iphoneos/Supabase.build/swift-overrides.hmap -emit-const-values -Xfrontend -const-gather-protocols-file -Xfrontend /Users/ryankanfer/Library/Developer/Xcode/DerivedData/HOMEY_Clean-gafualdnzupkfseuistvwtqbnpqd/Build/Intermediates.noindex/Supabase.build/Debug-iphoneos/Supabase.build/Objects-normal/arm64/Supabase_const_extract_protocols.json -Xcc -I/Users/ryankanfer/Library/Developer/Xcode/DerivedData/HOMEY_Clean-gafualdnzupkfseuistvwtqbnpqd/Build/Products/Debug-iphoneos/include -Xcc -I/Users/ryankanfer/Library/Developer/Xcode/DerivedData/HOMEY_Clean-gafualdnzupkfseuistvwtqbnpqd/Build/Intermediates.noindex/Supabase.build/Debug-iphoneos/Supabase.build/DerivedSources-normal/arm64 -Xcc -I/Users/ryankanfer/Library/Developer/Xcode/DerivedData/HOMEY_Clean-gafualdnzupkfseuistvwtqbnpqd/Build/Intermediates.noindex/Supabase.build/Debug-iphoneos/Supabase.build/DerivedSources/arm64 -Xcc -I/Users/ryankanfer/Library/Developer/Xcode/DerivedData/HOMEY_Clean-gafualdnzupkfseuistvwtqbnpqd/Build/Intermediates.noindex/Supabase.build/Debug-iphoneos/Supabase.build/DerivedSources -Xcc -DSWIFT_PACKAGE -Xcc -DDEBUG\=1 -emit-objc-header -emit-objc-header-path /Users/ryankanfer/Library/Developer/Xcode/DerivedData/HOMEY_Clean-gafualdnzupkfseuistvwtqbnpqd/Build/Intermediates.noindex/Supabase.build/Debug-iphoneos/Supabase.build/Objects-normal/arm64/Supabase-Swift.h -working-directory /Users/ryankanfer/Documents/Developer/HOMEY\ Clean/HOMEY\ Clean.xcodeproj -experimental-emit-module-separately -disable-cmo

SwiftDriver HOMEY\ Clean normal arm64 com.apple.xcode.tools.swift.compiler (in target 'HOMEY Clean' from project 'HOMEY Clean')
    cd /Users/ryankanfer/Documents/Developer/HOMEY\ Clean
    builtin-SwiftDriver -- /Applications/Xcode.app/Contents/Developer/Toolchains/XcodeDefault.xctoolchain/usr/bin/swiftc -module-name HOMEY_Clean -Onone -enforce-exclusivity\=checked @/Users/ryankanfer/Library/Developer/Xcode/DerivedData/HOMEY_Clean-gafualdnzupkfseuistvwtqbnpqd/Build/Intermediates.noindex/HOMEY\ Clean.build/Debug-iphoneos/HOMEY\ Clean.build/Objects-normal/arm64/HOMEY\ Clean.SwiftFileList -DDEBUG -enable-bare-slash-regex -enable-experimental-feature DebugDescriptionMacro -sdk /Applications/Xcode.app/Contents/Developer/Platforms/iPhoneOS.platform/Developer/SDKs/iPhoneOS26.0.sdk -target arm64-apple-ios18.5 -g -module-cache-path /Users/ryankanfer/Library/Developer/Xcode/DerivedData/ModuleCache.noindex -Xfrontend -serialize-debugging-options -profile-coverage-mapping -profile-generate -enable-testing -index-store-path /Users/ryankanfer/Library/Developer/Xcode/DerivedData/HOMEY_Clean-gafualdnzupkfseuistvwtqbnpqd/Index.noindex/DataStore -Xcc -D_LIBCPP_HARDENING_MODE\=_LIBCPP_HARDENING_MODE_DEBUG -swift-version 5 -I /Users/ryankanfer/Library/Developer/Xcode/DerivedData/HOMEY_Clean-gafualdnzupkfseuistvwtqbnpqd/Build/Products/Debug-iphoneos -F /Users/ryankanfer/Library/Developer/Xcode/DerivedData/HOMEY_Clean-gafualdnzupkfseuistvwtqbnpqd/Build/Products/Debug-iphoneos/PackageFrameworks -F /Users/ryankanfer/Library/Developer/Xcode/DerivedData/HOMEY_Clean-gafualdnzupkfseuistvwtqbnpqd/Build/Products/Debug-iphoneos/PackageFrameworks -F /Users/ryankanfer/Library/Developer/Xcode/DerivedData/HOMEY_Clean-gafualdnzupkfseuistvwtqbnpqd/Build/Products/Debug-iphoneos/PackageFrameworks -F /Users/ryankanfer/Library/Developer/Xcode/DerivedData/HOMEY_Clean-gafualdnzupkfseuistvwtqbnpqd/Build/Products/Debug-iphoneos/PackageFrameworks -F /Users/ryankanfer/Library/Developer/Xcode/DerivedData/HOMEY_Clean-gafualdnzupkfseuistvwtqbnpqd/Build/Products/Debug-iphoneos/PackageFrameworks -F /Users/ryankanfer/Library/Developer/Xcode/DerivedData/HOMEY_Clean-gafualdnzupkfseuistvwtqbnpqd/Build/Products/Debug-iphoneos/PackageFrameworks -F /Users/ryankanfer/Library/Developer/Xcode/DerivedData/HOMEY_Clean-gafualdnzupkfseuistvwtqbnpqd/Build/Products/Debug-iphoneos/PackageFrameworks -F /Users/ryankanfer/Library/Developer/Xcode/DerivedData/HOMEY_Clean-gafualdnzupkfseuistvwtqbnpqd/Build/Products/Debug-iphoneos/PackageFrameworks -F /Users/ryankanfer/Library/Developer/Xcode/DerivedData/HOMEY_Clean-gafualdnzupkfseuistvwtqbnpqd/Build/Products/Debug-iphoneos/PackageFrameworks -F /Users/ryankanfer/Library/Developer/Xcode/DerivedData/HOMEY_Clean-gafualdnzupkfseuistvwtqbnpqd/Build/Products/Debug-iphoneos/PackageFrameworks -F /Users/ryankanfer/Library/Developer/Xcode/DerivedData/HOMEY_Clean-gafualdnzupkfseuistvwtqbnpqd/Build/Products/Debug-iphoneos/PackageFrameworks -F /Users/ryankanfer/Library/Developer/Xcode/DerivedData/HOMEY_Clean-gafualdnzupkfseuistvwtqbnpqd/Build/Products/Debug-iphoneos/PackageFrameworks -F /Users/ryankanfer/Library/Developer/Xcode/DerivedData/HOMEY_Clean-gafualdnzupkfseuistvwtqbnpqd/Build/Products/Debug-iphoneos/PackageFrameworks -F /Users/ryankanfer/Library/Developer/Xcode/DerivedData/HOMEY_Clean-gafualdnzupkfseuistvwtqbnpqd/Build/Products/Debug-iphoneos/PackageFrameworks -F /Users/ryankanfer/Library/Developer/Xcode/DerivedData/HOMEY_Clean-gafualdnzupkfseuistvwtqbnpqd/Build/Products/Debug-iphoneos -emit-localized-strings -emit-localized-strings-path /Users/ryankanfer/Library/Developer/Xcode/DerivedData/HOMEY_Clean-gafualdnzupkfseuistvwtqbnpqd/Build/Intermediates.noindex/HOMEY\ Clean.build/Debug-iphoneos/HOMEY\ Clean.build/Objects-normal/arm64 -c -j8 -enable-batch-mode -incremental -Xcc -ivfsstatcache -Xcc /Users/ryankanfer/Library/Developer/Xcode/DerivedData/SDKStatCaches.noindex/iphoneos26.0-23A339-81ce72e5b06c9602b9d30b56f2eed08a.sdkstatcache -output-file-map /Users/ryankanfer/Library/Developer/Xcode/DerivedData/HOMEY_Clean-gafualdnzupkfseuistvwtqbnpqd/Build/Intermediates.noindex/HOMEY\ Clean.build/Debug-iphoneos/HOMEY\ Clean.build/Objects-normal/arm64/HOMEY\ Clean-OutputFileMap.json -use-frontend-parseable-output -save-temps -no-color-diagnostics -explicit-module-build -module-cache-path /Users/ryankanfer/Library/Developer/Xcode/DerivedData/HOMEY_Clean-gafualdnzupkfseuistvwtqbnpqd/Build/Intermediates.noindex/SwiftExplicitPrecompiledModules -clang-scanner-module-cache-path /Users/ryankanfer/Library/Developer/Xcode/DerivedData/ModuleCache.noindex -sdk-module-cache-path /Users/ryankanfer/Library/Developer/Xcode/DerivedData/ModuleCache.noindex -serialize-diagnostics -emit-dependencies -emit-module -emit-module-path /Users/ryankanfer/Library/Developer/Xcode/DerivedData/HOMEY_Clean-gafualdnzupkfseuistvwtqbnpqd/Build/Intermediates.noindex/HOMEY\ Clean.build/Debug-iphoneos/HOMEY\ Clean.build/Objects-normal/arm64/HOMEY_Clean.swiftmodule -validate-clang-modules-once -clang-build-session-file /Users/ryankanfer/Library/Developer/Xcode/DerivedData/ModuleCache.noindex/Session.modulevalidation -Xcc -I/Users/ryankanfer/Library/Developer/Xcode/DerivedData/HOMEY_Clean-gafualdnzupkfseuistvwtqbnpqd/Build/Intermediates.noindex/HOMEY\ Clean.build/Debug-iphoneos/HOMEY\ Clean.build/swift-overrides.hmap -emit-const-values -Xfrontend -const-gather-protocols-file -Xfrontend /Users/ryankanfer/Library/Developer/Xcode/DerivedData/HOMEY_Clean-gafualdnzupkfseuistvwtqbnpqd/Build/Intermediates.noindex/HOMEY\ Clean.build/Debug-iphoneos/HOMEY\ Clean.build/Objects-normal/arm64/HOMEY\ Clean_const_extract_protocols.json -Xcc -iquote -Xcc /Users/ryankanfer/Library/Developer/Xcode/DerivedData/HOMEY_Clean-gafualdnzupkfseuistvwtqbnpqd/Build/Intermediates.noindex/HOMEY\ Clean.build/Debug-iphoneos/HOMEY\ Clean.build/HOMEY\ Clean-generated-files.hmap -Xcc -I/Users/ryankanfer/Library/Developer/Xcode/DerivedData/HOMEY_Clean-gafualdnzupkfseuistvwtqbnpqd/Build/Intermediates.noindex/HOMEY\ Clean.build/Debug-iphoneos/HOMEY\ Clean.build/HOMEY\ Clean-own-target-headers.hmap -Xcc -I/Users/ryankanfer/Library/Developer/Xcode/DerivedData/HOMEY_Clean-gafualdnzupkfseuistvwtqbnpqd/Build/Intermediates.noindex/HOMEY\ Clean.build/Debug-iphoneos/HOMEY\ Clean.build/HOMEY\ Clean-all-non-framework-target-headers.hmap -Xcc -ivfsoverlay -Xcc /Users/ryankanfer/Library/Developer/Xcode/DerivedData/HOMEY_Clean-gafualdnzupkfseuistvwtqbnpqd/Build/Intermediates.noindex/HOMEY\ Clean.build/Debug-iphoneos/HOMEY\ Clean-0f55fb2587d36a9d6da7defd35999c5a-VFS-iphoneos/all-product-headers.yaml -Xcc -iquote -Xcc /Users/ryankanfer/Library/Developer/Xcode/DerivedData/HOMEY_Clean-gafualdnzupkfseuistvwtqbnpqd/Build/Intermediates.noindex/HOMEY\ Clean.build/Debug-iphoneos/HOMEY\ Clean.build/HOMEY\ Clean-project-headers.hmap -Xcc -I/Users/ryankanfer/Library/Developer/Xcode/DerivedData/HOMEY_Clean-gafualdnzupkfseuistvwtqbnpqd/Build/Products/Debug-iphoneos/include -Xcc -I/Users/ryankanfer/Library/Developer/Xcode/DerivedData/HOMEY_Clean-gafualdnzupkfseuistvwtqbnpqd/Build/Intermediates.noindex/HOMEY\ Clean.build/Debug-iphoneos/HOMEY\ Clean.build/DerivedSources-normal/arm64 -Xcc -I/Users/ryankanfer/Library/Developer/Xcode/DerivedData/HOMEY_Clean-gafualdnzupkfseuistvwtqbnpqd/Build/Intermediates.noindex/HOMEY\ Clean.build/Debug-iphoneos/HOMEY\ Clean.build/DerivedSources/arm64 -Xcc -I/Users/ryankanfer/Library/Developer/Xcode/DerivedData/HOMEY_Clean-gafualdnzupkfseuistvwtqbnpqd/Build/Intermediates.noindex/HOMEY\ Clean.build/Debug-iphoneos/HOMEY\ Clean.build/DerivedSources -Xcc -DDEBUG\=1 -emit-objc-header -emit-objc-header-path /Users/ryankanfer/Library/Developer/Xcode/DerivedData/HOMEY_Clean-gafualdnzupkfseuistvwtqbnpqd/Build/Intermediates.noindex/HOMEY\ Clean.build/Debug-iphoneos/HOMEY\ Clean.build/Objects-normal/arm64/HOMEY_Clean-Swift.h -working-directory /Users/ryankanfer/Documents/Developer/HOMEY\ Clean -experimental-emit-module-separately -disable-cmo
/Users/ryankanfer/Library/Developer/Xcode/DerivedData/HOMEY_Clean-gafualdnzupkfseuistvwtqbnpqd/Build/Intermediates.noindex/HOMEY Clean.build/Debug-iphoneos/HOMEY Clean.build/DerivedSources/GeneratedAssetSymbols.swift:30:14: warning: The "AccentColor" color asset name resolves to the symbol "accent" which already exists. Try renaming the asset.
    #warning("The \"AccentColor\" color asset name resolves to the symbol \"accent\" which already exists. Try renaming the asset.")
             ^~~~~~~~~~~~~~~~~~~~~~~~~~~~~~~~~~~~~~~~~~~~~~~~~~~~~~~~~~~~~~~~~~~~~~~~~~~~~~~~~~~~~~~~~~~~~~~~~~~~~~~~~~~~~~~~~~~~~~ (in target 'HOMEY Clean' from project 'HOMEY Clean')
/Users/ryankanfer/Library/Developer/Xcode/DerivedData/HOMEY_Clean-gafualdnzupkfseuistvwtqbnpqd/Build/Intermediates.noindex/HOMEY Clean.build/Debug-iphoneos/HOMEY Clean.build/DerivedSources/GeneratedAssetSymbols.swift:672:14: warning: The "Primary" color asset name resolves to a conflicting Color symbol "primary". Try renaming the asset.
    #warning("The \"Primary\" color asset name resolves to a conflicting Color symbol \"primary\". Try renaming the asset.")
             ^~~~~~~~~~~~~~~~~~~~~~~~~~~~~~~~~~~~~~~~~~~~~~~~~~~~~~~~~~~~~~~~~~~~~~~~~~~~~~~~~~~~~~~~~~~~~~~~~~~~~~~~~~~~~~ (in target 'HOMEY Clean' from project 'HOMEY Clean')

SwiftDriverJobDiscovery normal arm64 Compiling AuthAdmin.swift, AuthClient.swift, AuthClientConfiguration.swift, AuthError.swift (in target 'Auth' from project 'Supabase')

SwiftCompile normal arm64 Compiling\ CategoryCard.swift,\ CategoryDetailModal.swift,\ PaigeDashboardView.swift,\ PaigeDocumentVault.swift,\ PaigeMicroInteractions.swift,\ QuickActionsRow.swift,\ UploadDocumentFlow.swift,\ TasteStore.swift,\ ScoutDashboardView.swift,\ CatalogImage.swift,\ VizaDashboardView.swift,\ ClientDashboardView.swift,\ SignatureSceneHomepage.swift,\ SignatureSceneIntegration.swift,\ AnimatedHeroBackground.swift,\ CharlieDashboard.swift,\ DashboardPlaceholder.swift,\ AuthRepository.swift,\ DocumentsRepository.swift,\ EventsRepository.swift,\ MessagesRepository.swift,\ PreferencesRepository.swift,\ ProfilesRepository.swift,\ AppTabRoot.swift /Users/ryankanfer/Documents/Developer/HOMEY\ Clean/HOMEY\ Clean/Dashboards/Clients/Pages/Paige/CategoryCard.swift /Users/ryankanfer/Documents/Developer/HOMEY\ Clean/HOMEY\ Clean/Dashboards/Clients/Pages/Paige/CategoryDetailModal.swift /Users/ryankanfer/Documents/Developer/HOMEY\ Clean/HOMEY\ Clean/Dashboards/Clients/Pages/Paige/PaigeDashboardView.swift /Users/ryankanfer/Documents/Developer/HOMEY\ Clean/HOMEY\ Clean/Dashboards/Clients/Pages/Paige/PaigeDocumentVault.swift /Users/ryankanfer/Documents/Developer/HOMEY\ Clean/HOMEY\ Clean/Dashboards/Clients/Pages/Paige/PaigeMicroInteractions.swift /Users/ryankanfer/Documents/Developer/HOMEY\ Clean/HOMEY\ Clean/Dashboards/Clients/Pages/Paige/QuickActionsRow.swift /Users/ryankanfer/Documents/Developer/HOMEY\ Clean/HOMEY\ Clean/Dashboards/Clients/Pages/Paige/UploadDocumentFlow.swift /Users/ryankanfer/Documents/Developer/HOMEY\ Clean/HOMEY\ Clean/Dashboards/Clients/Pages/Scout/Stores/TasteStore.swift /Users/ryankanfer/Documents/Developer/HOMEY\ Clean/HOMEY\ Clean/Dashboards/Clients/Pages/Scout/ScoutDashboardView.swift /Users/ryankanfer/Documents/Developer/HOMEY\ Clean/HOMEY\ Clean/Dashboards/Clients/Pages/Viza/CatalogImage.swift /Users/ryankanfer/Documents/Developer/HOMEY\ Clean/HOMEY\ Clean/Dashboards/Clients/Pages/Viza/VizaDashboardView.swift /Users/ryankanfer/Documents/Developer/HOMEY\ Clean/HOMEY\ Clean/Dashboards/Clients/ClientDashboardView.swift /Users/ryankanfer/Documents/Developer/HOMEY\ Clean/HOMEY\ Clean/Dashboards/Clients/SignatureSceneHomepage.swift /Users/ryankanfer/Documents/Developer/HOMEY\ Clean/HOMEY\ Clean/Dashboards/Clients/SignatureSceneIntegration.swift /Users/ryankanfer/Documents/Developer/HOMEY\ Clean/HOMEY\ Clean/Dashboards/Dashboard\ UIs/AnimatedHeroBackground.swift /Users/ryankanfer/Documents/Developer/HOMEY\ Clean/HOMEY\ Clean/Dashboards/CharlieDashboard.swift /Users/ryankanfer/Documents/Developer/HOMEY\ Clean/HOMEY\ Clean/Dashboards/DashboardPlaceholder.swift /Users/ryankanfer/Documents/Developer/HOMEY\ Clean/HOMEY\ Clean/Data/Repositories/AuthRepository.swift /Users/ryankanfer/Documents/Developer/HOMEY\ Clean/HOMEY\ Clean/Data/Repositories/DocumentsRepository.swift /Users/ryankanfer/Documents/Developer/HOMEY\ Clean/HOMEY\ Clean/Data/Repositories/EventsRepository.swift /Users/ryankanfer/Documents/Developer/HOMEY\ Clean/HOMEY\ Clean/Data/Repositories/MessagesRepository.swift /Users/ryankanfer/Documents/Developer/HOMEY\ Clean/HOMEY\ Clean/Data/Repositories/PreferencesRepository.swift /Users/ryankanfer/Documents/Developer/HOMEY\ Clean/HOMEY\ Clean/Data/Repositories/ProfilesRepository.swift /Users/ryankanfer/Documents/Developer/HOMEY\ Clean/HOMEY\ Clean/Features/Documents/AppTabRoot.swift (in target 'HOMEY Clean' from project 'HOMEY Clean')
SwiftCompile normal arm64 /Users/ryankanfer/Documents/Developer/HOMEY\ Clean/HOMEY\ Clean/Dashboards/Clients/Pages/Paige/CategoryCard.swift (in target 'HOMEY Clean' from project 'HOMEY Clean')
    cd /Users/ryankanfer/Documents/Developer/HOMEY\ Clean
    

SwiftCompile normal arm64 /Users/ryankanfer/Documents/Developer/HOMEY\ Clean/HOMEY\ Clean/Dashboards/Clients/Pages/Paige/CategoryDetailModal.swift (in target 'HOMEY Clean' from project 'HOMEY Clean')
    cd /Users/ryankanfer/Documents/Developer/HOMEY\ Clean
    

SwiftCompile normal arm64 /Users/ryankanfer/Documents/Developer/HOMEY\ Clean/HOMEY\ Clean/Dashboards/Clients/Pages/Paige/PaigeDashboardView.swift (in target 'HOMEY Clean' from project 'HOMEY Clean')
    cd /Users/ryankanfer/Documents/Developer/HOMEY\ Clean
    

SwiftCompile normal arm64 /Users/ryankanfer/Documents/Developer/HOMEY\ Clean/HOMEY\ Clean/Dashboards/Clients/Pages/Paige/PaigeDocumentVault.swift (in target 'HOMEY Clean' from project 'HOMEY Clean')
    cd /Users/ryankanfer/Documents/Developer/HOMEY\ Clean
    

SwiftCompile normal arm64 /Users/ryankanfer/Documents/Developer/HOMEY\ Clean/HOMEY\ Clean/Dashboards/Clients/Pages/Paige/PaigeMicroInteractions.swift (in target 'HOMEY Clean' from project 'HOMEY Clean')
    cd /Users/ryankanfer/Documents/Developer/HOMEY\ Clean
    

SwiftCompile normal arm64 /Users/ryankanfer/Documents/Developer/HOMEY\ Clean/HOMEY\ Clean/Dashboards/Clients/Pages/Paige/QuickActionsRow.swift (in target 'HOMEY Clean' from project 'HOMEY Clean')
    cd /Users/ryankanfer/Documents/Developer/HOMEY\ Clean
    

SwiftCompile normal arm64 /Users/ryankanfer/Documents/Developer/HOMEY\ Clean/HOMEY\ Clean/Dashboards/Clients/Pages/Paige/UploadDocumentFlow.swift (in target 'HOMEY Clean' from project 'HOMEY Clean')
    cd /Users/ryankanfer/Documents/Developer/HOMEY\ Clean
    

SwiftCompile normal arm64 /Users/ryankanfer/Documents/Developer/HOMEY\ Clean/HOMEY\ Clean/Dashboards/Clients/Pages/Scout/Stores/TasteStore.swift (in target 'HOMEY Clean' from project 'HOMEY Clean')
    cd /Users/ryankanfer/Documents/Developer/HOMEY\ Clean
    

SwiftCompile normal arm64 /Users/ryankanfer/Documents/Developer/HOMEY\ Clean/HOMEY\ Clean/Dashboards/Clients/Pages/Scout/ScoutDashboardView.swift (in target 'HOMEY Clean' from project 'HOMEY Clean')
    cd /Users/ryankanfer/Documents/Developer/HOMEY\ Clean
    

SwiftCompile normal arm64 /Users/ryankanfer/Documents/Developer/HOMEY\ Clean/HOMEY\ Clean/Dashboards/Clients/Pages/Viza/CatalogImage.swift (in target 'HOMEY Clean' from project 'HOMEY Clean')
    cd /Users/ryankanfer/Documents/Developer/HOMEY\ Clean
    

SwiftCompile normal arm64 /Users/ryankanfer/Documents/Developer/HOMEY\ Clean/HOMEY\ Clean/Dashboards/Clients/Pages/Viza/VizaDashboardView.swift (in target 'HOMEY Clean' from project 'HOMEY Clean')
    cd /Users/ryankanfer/Documents/Developer/HOMEY\ Clean
    

SwiftCompile normal arm64 /Users/ryankanfer/Documents/Developer/HOMEY\ Clean/HOMEY\ Clean/Dashboards/Clients/ClientDashboardView.swift (in target 'HOMEY Clean' from project 'HOMEY Clean')
    cd /Users/ryankanfer/Documents/Developer/HOMEY\ Clean
    

SwiftCompile normal arm64 /Users/ryankanfer/Documents/Developer/HOMEY\ Clean/HOMEY\ Clean/Dashboards/Clients/SignatureSceneHomepage.swift (in target 'HOMEY Clean' from project 'HOMEY Clean')
    cd /Users/ryankanfer/Documents/Developer/HOMEY\ Clean
    

SwiftCompile normal arm64 /Users/ryankanfer/Documents/Developer/HOMEY\ Clean/HOMEY\ Clean/Dashboards/Clients/SignatureSceneIntegration.swift (in target 'HOMEY Clean' from project 'HOMEY Clean')
    cd /Users/ryankanfer/Documents/Developer/HOMEY\ Clean
    

SwiftCompile normal arm64 /Users/ryankanfer/Documents/Developer/HOMEY\ Clean/HOMEY\ Clean/Dashboards/Dashboard\ UIs/AnimatedHeroBackground.swift (in target 'HOMEY Clean' from project 'HOMEY Clean')
    cd /Users/ryankanfer/Documents/Developer/HOMEY\ Clean
    

SwiftCompile normal arm64 /Users/ryankanfer/Documents/Developer/HOMEY\ Clean/HOMEY\ Clean/Dashboards/CharlieDashboard.swift (in target 'HOMEY Clean' from project 'HOMEY Clean')
    cd /Users/ryankanfer/Documents/Developer/HOMEY\ Clean
    

SwiftCompile normal arm64 /Users/ryankanfer/Documents/Developer/HOMEY\ Clean/HOMEY\ Clean/Dashboards/DashboardPlaceholder.swift (in target 'HOMEY Clean' from project 'HOMEY Clean')
    cd /Users/ryankanfer/Documents/Developer/HOMEY\ Clean
    

SwiftCompile normal arm64 /Users/ryankanfer/Documents/Developer/HOMEY\ Clean/HOMEY\ Clean/Data/Repositories/AuthRepository.swift (in target 'HOMEY Clean' from project 'HOMEY Clean')
    cd /Users/ryankanfer/Documents/Developer/HOMEY\ Clean
    

SwiftCompile normal arm64 /Users/ryankanfer/Documents/Developer/HOMEY\ Clean/HOMEY\ Clean/Data/Repositories/DocumentsRepository.swift (in target 'HOMEY Clean' from project 'HOMEY Clean')
    cd /Users/ryankanfer/Documents/Developer/HOMEY\ Clean
    

SwiftCompile normal arm64 /Users/ryankanfer/Documents/Developer/HOMEY\ Clean/HOMEY\ Clean/Data/Repositories/EventsRepository.swift (in target 'HOMEY Clean' from project 'HOMEY Clean')
    cd /Users/ryankanfer/Documents/Developer/HOMEY\ Clean
    

SwiftCompile normal arm64 /Users/ryankanfer/Documents/Developer/HOMEY\ Clean/HOMEY\ Clean/Data/Repositories/MessagesRepository.swift (in target 'HOMEY Clean' from project 'HOMEY Clean')
    cd /Users/ryankanfer/Documents/Developer/HOMEY\ Clean
    

SwiftCompile normal arm64 /Users/ryankanfer/Documents/Developer/HOMEY\ Clean/HOMEY\ Clean/Data/Repositories/PreferencesRepository.swift (in target 'HOMEY Clean' from project 'HOMEY Clean')
    cd /Users/ryankanfer/Documents/Developer/HOMEY\ Clean
    

SwiftCompile normal arm64 /Users/ryankanfer/Documents/Developer/HOMEY\ Clean/HOMEY\ Clean/Data/Repositories/ProfilesRepository.swift (in target 'HOMEY Clean' from project 'HOMEY Clean')
    cd /Users/ryankanfer/Documents/Developer/HOMEY\ Clean
    

SwiftCompile normal arm64 /Users/ryankanfer/Documents/Developer/HOMEY\ Clean/HOMEY\ Clean/Features/Documents/AppTabRoot.swift (in target 'HOMEY Clean' from project 'HOMEY Clean')
    cd /Users/ryankanfer/Documents/Developer/HOMEY\ Clean
    

SwiftEmitModule normal arm64 Emitting\ module\ for\ HOMEY_Clean (in target 'HOMEY Clean' from project 'HOMEY Clean')
EmitSwiftModule normal arm64 (in target 'HOMEY Clean' from project 'HOMEY Clean')
    cd /Users/ryankanfer/Documents/Developer/HOMEY\ Clean
    

SwiftCompile normal arm64 Compiling\ TRAEHapticFeedback.swift,\ TRAEMicroInteractions.swift,\ TRAEMotionSystem.swift,\ TRAEPageTransitions.swift,\ TRAEProgressAnimations.swift,\ TRAEProgressiveDisclosure.swift,\ TRAESearchAnimations.swift,\ TRAESwipeGestures.swift,\ TRAEUploadAnimations.swift,\ TRAEVisualAssets.swift,\ TypographySystem.swift,\ AppLogger.swift,\ ResourceManager.swift,\ AgentChatView.swift,\ AIAvatarSystem.swift,\ AllDrawerComponents.swift,\ AnimationConstants.swift,\ AnimationManager.swift,\ APIClient.swift,\ AppRouter.swift,\ AppSessionManager.swift,\ AppState.swift,\ AuthManager.swift,\ CacheManager.swift /Users/ryankanfer/Documents/Developer/HOMEY\ Clean/HOMEY\ Clean/Core/Design/TRAEHapticFeedback.swift /Users/ryankanfer/Documents/Developer/HOMEY\ Clean/HOMEY\ Clean/Core/Design/TRAEMicroInteractions.swift /Users/ryankanfer/Documents/Developer/HOMEY\ Clean/HOMEY\ Clean/Core/Design/TRAEMotionSystem.swift /Users/ryankanfer/Documents/Developer/HOMEY\ Clean/HOMEY\ Clean/Core/Design/TRAEPageTransitions.swift /Users/ryankanfer/Documents/Developer/HOMEY\ Clean/HOMEY\ Clean/Core/Design/TRAEProgressAnimations.swift /Users/ryankanfer/Documents/Developer/HOMEY\ Clean/HOMEY\ Clean/Core/Design/TRAEProgressiveDisclosure.swift /Users/ryankanfer/Documents/Developer/HOMEY\ Clean/HOMEY\ Clean/Core/Design/TRAESearchAnimations.swift /Users/ryankanfer/Documents/Developer/HOMEY\ Clean/HOMEY\ Clean/Core/Design/TRAESwipeGestures.swift /Users/ryankanfer/Documents/Developer/HOMEY\ Clean/HOMEY\ Clean/Core/Design/TRAEUploadAnimations.swift /Users/ryankanfer/Documents/Developer/HOMEY\ Clean/HOMEY\ Clean/Core/Design/TRAEVisualAssets.swift /Users/ryankanfer/Documents/Developer/HOMEY\ Clean/HOMEY\ Clean/Core/Design/TypographySystem.swift /Users/ryankanfer/Documents/Developer/HOMEY\ Clean/HOMEY\ Clean/Core/Logging/AppLogger.swift /Users/ryankanfer/Documents/Developer/HOMEY\ Clean/HOMEY\ Clean/Core/Utilities/ResourceManager.swift /Users/ryankanfer/Documents/Developer/HOMEY\ Clean/HOMEY\ Clean/Core/AgentChatView.swift /Users/ryankanfer/Documents/Developer/HOMEY\ Clean/HOMEY\ Clean/Core/AIAvatarSystem.swift /Users/ryankanfer/Documents/Developer/HOMEY\ Clean/HOMEY\ Clean/Core/AllDrawerComponents.swift /Users/ryankanfer/Documents/Developer/HOMEY\ Clean/HOMEY\ Clean/Core/AnimationConstants.swift /Users/ryankanfer/Documents/Developer/HOMEY\ Clean/HOMEY\ Clean/Core/AnimationManager.swift /Users/ryankanfer/Documents/Developer/HOMEY\ Clean/HOMEY\ Clean/Core/APIClient.swift /Users/ryankanfer/Documents/Developer/HOMEY\ Clean/HOMEY\ Clean/Core/AppRouter.swift /Users/ryankanfer/Documents/Developer/HOMEY\ Clean/HOMEY\ Clean/Core/AppSessionManager.swift /Users/ryankanfer/Documents/Developer/HOMEY\ Clean/HOMEY\ Clean/Core/AppState.swift /Users/ryankanfer/Documents/Developer/HOMEY\ Clean/HOMEY\ Clean/Core/AuthManager.swift /Users/ryankanfer/Documents/Developer/HOMEY\ Clean/HOMEY\ Clean/Core/CacheManager.swift (in target 'HOMEY Clean' from project 'HOMEY Clean')
SwiftCompile normal arm64 /Users/ryankanfer/Documents/Developer/HOMEY\ Clean/HOMEY\ Clean/Core/Design/TRAEHapticFeedback.swift (in target 'HOMEY Clean' from project 'HOMEY Clean')
    cd /Users/ryankanfer/Documents/Developer/HOMEY\ Clean
    

SwiftCompile normal arm64 /Users/ryankanfer/Documents/Developer/HOMEY\ Clean/HOMEY\ Clean/Core/Design/TRAEMicroInteractions.swift (in target 'HOMEY Clean' from project 'HOMEY Clean')
    cd /Users/ryankanfer/Documents/Developer/HOMEY\ Clean
    

SwiftCompile normal arm64 /Users/ryankanfer/Documents/Developer/HOMEY\ Clean/HOMEY\ Clean/Core/Design/TRAEMotionSystem.swift (in target 'HOMEY Clean' from project 'HOMEY Clean')
    cd /Users/ryankanfer/Documents/Developer/HOMEY\ Clean
    

SwiftCompile normal arm64 /Users/ryankanfer/Documents/Developer/HOMEY\ Clean/HOMEY\ Clean/Core/Design/TRAEPageTransitions.swift (in target 'HOMEY Clean' from project 'HOMEY Clean')
    cd /Users/ryankanfer/Documents/Developer/HOMEY\ Clean
    

SwiftCompile normal arm64 /Users/ryankanfer/Documents/Developer/HOMEY\ Clean/HOMEY\ Clean/Core/Design/TRAEProgressAnimations.swift (in target 'HOMEY Clean' from project 'HOMEY Clean')
    cd /Users/ryankanfer/Documents/Developer/HOMEY\ Clean
    

SwiftCompile normal arm64 /Users/ryankanfer/Documents/Developer/HOMEY\ Clean/HOMEY\ Clean/Core/Design/TRAEProgressiveDisclosure.swift (in target 'HOMEY Clean' from project 'HOMEY Clean')
    cd /Users/ryankanfer/Documents/Developer/HOMEY\ Clean
    

SwiftCompile normal arm64 /Users/ryankanfer/Documents/Developer/HOMEY\ Clean/HOMEY\ Clean/Core/Design/TRAESearchAnimations.swift (in target 'HOMEY Clean' from project 'HOMEY Clean')
    cd /Users/ryankanfer/Documents/Developer/HOMEY\ Clean
    

SwiftCompile normal arm64 /Users/ryankanfer/Documents/Developer/HOMEY\ Clean/HOMEY\ Clean/Core/Design/TRAESwipeGestures.swift (in target 'HOMEY Clean' from project 'HOMEY Clean')
    cd /Users/ryankanfer/Documents/Developer/HOMEY\ Clean
    

SwiftCompile normal arm64 /Users/ryankanfer/Documents/Developer/HOMEY\ Clean/HOMEY\ Clean/Core/Design/TRAEUploadAnimations.swift (in target 'HOMEY Clean' from project 'HOMEY Clean')
    cd /Users/ryankanfer/Documents/Developer/HOMEY\ Clean
    

SwiftCompile normal arm64 /Users/ryankanfer/Documents/Developer/HOMEY\ Clean/HOMEY\ Clean/Core/Design/TRAEVisualAssets.swift (in target 'HOMEY Clean' from project 'HOMEY Clean')
    cd /Users/ryankanfer/Documents/Developer/HOMEY\ Clean
    

SwiftCompile normal arm64 /Users/ryankanfer/Documents/Developer/HOMEY\ Clean/HOMEY\ Clean/Core/Design/TypographySystem.swift (in target 'HOMEY Clean' from project 'HOMEY Clean')
    cd /Users/ryankanfer/Documents/Developer/HOMEY\ Clean
    

SwiftCompile normal arm64 /Users/ryankanfer/Documents/Developer/HOMEY\ Clean/HOMEY\ Clean/Core/Logging/AppLogger.swift (in target 'HOMEY Clean' from project 'HOMEY Clean')
    cd /Users/ryankanfer/Documents/Developer/HOMEY\ Clean
    

SwiftCompile normal arm64 /Users/ryankanfer/Documents/Developer/HOMEY\ Clean/HOMEY\ Clean/Core/Utilities/ResourceManager.swift (in target 'HOMEY Clean' from project 'HOMEY Clean')
    cd /Users/ryankanfer/Documents/Developer/HOMEY\ Clean
    

SwiftCompile normal arm64 /Users/ryankanfer/Documents/Developer/HOMEY\ Clean/HOMEY\ Clean/Core/AgentChatView.swift (in target 'HOMEY Clean' from project 'HOMEY Clean')
    cd /Users/ryankanfer/Documents/Developer/HOMEY\ Clean
    

SwiftCompile normal arm64 /Users/ryankanfer/Documents/Developer/HOMEY\ Clean/HOMEY\ Clean/Core/AIAvatarSystem.swift (in target 'HOMEY Clean' from project 'HOMEY Clean')
    cd /Users/ryankanfer/Documents/Developer/HOMEY\ Clean
    

SwiftCompile normal arm64 /Users/ryankanfer/Documents/Developer/HOMEY\ Clean/HOMEY\ Clean/Core/AllDrawerComponents.swift (in target 'HOMEY Clean' from project 'HOMEY Clean')
    cd /Users/ryankanfer/Documents/Developer/HOMEY\ Clean
    

SwiftCompile normal arm64 /Users/ryankanfer/Documents/Developer/HOMEY\ Clean/HOMEY\ Clean/Core/AnimationConstants.swift (in target 'HOMEY Clean' from project 'HOMEY Clean')
    cd /Users/ryankanfer/Documents/Developer/HOMEY\ Clean
    

SwiftCompile normal arm64 /Users/ryankanfer/Documents/Developer/HOMEY\ Clean/HOMEY\ Clean/Core/AnimationManager.swift (in target 'HOMEY Clean' from project 'HOMEY Clean')
    cd /Users/ryankanfer/Documents/Developer/HOMEY\ Clean
    

SwiftCompile normal arm64 /Users/ryankanfer/Documents/Developer/HOMEY\ Clean/HOMEY\ Clean/Core/APIClient.swift (in target 'HOMEY Clean' from project 'HOMEY Clean')
    cd /Users/ryankanfer/Documents/Developer/HOMEY\ Clean
    

SwiftCompile normal arm64 /Users/ryankanfer/Documents/Developer/HOMEY\ Clean/HOMEY\ Clean/Core/AppRouter.swift (in target 'HOMEY Clean' from project 'HOMEY Clean')
    cd /Users/ryankanfer/Documents/Developer/HOMEY\ Clean
    

SwiftCompile normal arm64 /Users/ryankanfer/Documents/Developer/HOMEY\ Clean/HOMEY\ Clean/Core/AppSessionManager.swift (in target 'HOMEY Clean' from project 'HOMEY Clean')
    cd /Users/ryankanfer/Documents/Developer/HOMEY\ Clean
    

SwiftCompile normal arm64 /Users/ryankanfer/Documents/Developer/HOMEY\ Clean/HOMEY\ Clean/Core/AppState.swift (in target 'HOMEY Clean' from project 'HOMEY Clean')
    cd /Users/ryankanfer/Documents/Developer/HOMEY\ Clean
    

SwiftCompile normal arm64 /Users/ryankanfer/Documents/Developer/HOMEY\ Clean/HOMEY\ Clean/Core/AuthManager.swift (in target 'HOMEY Clean' from project 'HOMEY Clean')
    cd /Users/ryankanfer/Documents/Developer/HOMEY\ Clean
    

SwiftCompile normal arm64 /Users/ryankanfer/Documents/Developer/HOMEY\ Clean/HOMEY\ Clean/Core/CacheManager.swift (in target 'HOMEY Clean' from project 'HOMEY Clean')
    cd /Users/ryankanfer/Documents/Developer/HOMEY\ Clean
    

SwiftCompile normal arm64 Compiling\ ContinuousOnboardingManager.swift,\ OnboardingComponents.swift,\ ARFeatureIntegration.swift,\ ARPropertyVisualization.swift,\ CameraNeighborhoodContext.swift,\ CircularMask.swift,\ ListingDetailSheet.swift,\ PropertyBuildingCard.swift,\ ScoutFilterTray.swift,\ ScoutSearchBar.swift,\ ScoutShortlistRail.swift,\ SwipeablePropertyCard.swift,\ SwipeablePropertyStack.swift,\ AnalyticsEvent.swift,\ Lens.swift,\ Listing.swift,\ OverlayLayer.swift,\ ProgressState.swift,\ PropertyListing.swift,\ PropertySearchParams.swift,\ ShortlistEntry.swift,\ AccessibilityService.swift,\ LocationManager.swift /Users/ryankanfer/Documents/Developer/HOMEY\ Clean/HOMEY\ Clean/Features/Onboarding/ContinuousOnboardingManager.swift /Users/ryankanfer/Documents/Developer/HOMEY\ Clean/HOMEY\ Clean/Features/Onboarding/OnboardingComponents.swift /Users/ryankanfer/Documents/Developer/HOMEY\ Clean/HOMEY\ Clean/Features/Scout/Components/ARFeatureIntegration.swift /Users/ryankanfer/Documents/Developer/HOMEY\ Clean/HOMEY\ Clean/Features/Scout/Components/ARPropertyVisualization.swift /Users/ryankanfer/Documents/Developer/HOMEY\ Clean/HOMEY\ Clean/Features/Scout/Components/CameraNeighborhoodContext.swift /Users/ryankanfer/Documents/Developer/HOMEY\ Clean/HOMEY\ Clean/Features/Scout/Components/CircularMask.swift /Users/ryankanfer/Documents/Developer/HOMEY\ Clean/HOMEY\ Clean/Features/Scout/Components/ListingDetailSheet.swift /Users/ryankanfer/Documents/Developer/HOMEY\ Clean/HOMEY\ Clean/Features/Scout/Components/PropertyBuildingCard.swift /Users/ryankanfer/Documents/Developer/HOMEY\ Clean/HOMEY\ Clean/Features/Scout/Components/ScoutFilterTray.swift /Users/ryankanfer/Documents/Developer/HOMEY\ Clean/HOMEY\ Clean/Features/Scout/Components/ScoutSearchBar.swift /Users/ryankanfer/Documents/Developer/HOMEY\ Clean/HOMEY\ Clean/Features/Scout/Components/ScoutShortlistRail.swift /Users/ryankanfer/Documents/Developer/HOMEY\ Clean/HOMEY\ Clean/Features/Scout/Components/SwipeablePropertyCard.swift /Users/ryankanfer/Documents/Developer/HOMEY\ Clean/HOMEY\ Clean/Features/Scout/Components/SwipeablePropertyStack.swift /Users/ryankanfer/Documents/Developer/HOMEY\ Clean/HOMEY\ Clean/Features/Scout/Models/AnalyticsEvent.swift /Users/ryankanfer/Documents/Developer/HOMEY\ Clean/HOMEY\ Clean/Features/Scout/Models/Lens.swift /Users/ryankanfer/Documents/Developer/HOMEY\ Clean/HOMEY\ Clean/Features/Scout/Models/Listing.swift /Users/ryankanfer/Documents/Developer/HOMEY\ Clean/HOMEY\ Clean/Features/Scout/Models/OverlayLayer.swift /Users/ryankanfer/Documents/Developer/HOMEY\ Clean/HOMEY\ Clean/Features/Scout/Models/ProgressState.swift /Users/ryankanfer/Documents/Developer/HOMEY\ Clean/HOMEY\ Clean/Features/Scout/Models/PropertyListing.swift /Users/ryankanfer/Documents/Developer/HOMEY\ Clean/HOMEY\ Clean/Features/Scout/Models/PropertySearchParams.swift /Users/ryankanfer/Documents/Developer/HOMEY\ Clean/HOMEY\ Clean/Features/Scout/Models/ShortlistEntry.swift /Users/ryankanfer/Documents/Developer/HOMEY\ Clean/HOMEY\ Clean/Features/Scout/Services/AccessibilityService.swift /Users/ryankanfer/Documents/Developer/HOMEY\ Clean/HOMEY\ Clean/Features/Scout/Services/LocationManager.swift (in target 'HOMEY Clean' from project 'HOMEY Clean')

SwiftCompile normal arm64 /Users/ryankanfer/Documents/Developer/HOMEY\ Clean/HOMEY\ Clean/Features/Onboarding/ContinuousOnboardingManager.swift (in target 'HOMEY Clean' from project 'HOMEY Clean')
    cd /Users/ryankanfer/Documents/Developer/HOMEY\ Clean
    

SwiftCompile normal arm64 /Users/ryankanfer/Documents/Developer/HOMEY\ Clean/HOMEY\ Clean/Features/Onboarding/OnboardingComponents.swift (in target 'HOMEY Clean' from project 'HOMEY Clean')
    cd /Users/ryankanfer/Documents/Developer/HOMEY\ Clean
    

SwiftCompile normal arm64 /Users/ryankanfer/Documents/Developer/HOMEY\ Clean/HOMEY\ Clean/Features/Scout/Components/ARFeatureIntegration.swift (in target 'HOMEY Clean' from project 'HOMEY Clean')
    cd /Users/ryankanfer/Documents/Developer/HOMEY\ Clean
    

SwiftCompile normal arm64 /Users/ryankanfer/Documents/Developer/HOMEY\ Clean/HOMEY\ Clean/Features/Scout/Components/ARPropertyVisualization.swift (in target 'HOMEY Clean' from project 'HOMEY Clean')
    cd /Users/ryankanfer/Documents/Developer/HOMEY\ Clean
    

SwiftCompile normal arm64 /Users/ryankanfer/Documents/Developer/HOMEY\ Clean/HOMEY\ Clean/Features/Scout/Components/CameraNeighborhoodContext.swift (in target 'HOMEY Clean' from project 'HOMEY Clean')
    cd /Users/ryankanfer/Documents/Developer/HOMEY\ Clean
    

SwiftCompile normal arm64 /Users/ryankanfer/Documents/Developer/HOMEY\ Clean/HOMEY\ Clean/Features/Scout/Components/CircularMask.swift (in target 'HOMEY Clean' from project 'HOMEY Clean')
    cd /Users/ryankanfer/Documents/Developer/HOMEY\ Clean
    

SwiftCompile normal arm64 /Users/ryankanfer/Documents/Developer/HOMEY\ Clean/HOMEY\ Clean/Features/Scout/Components/ListingDetailSheet.swift (in target 'HOMEY Clean' from project 'HOMEY Clean')
    cd /Users/ryankanfer/Documents/Developer/HOMEY\ Clean
    

SwiftCompile normal arm64 /Users/ryankanfer/Documents/Developer/HOMEY\ Clean/HOMEY\ Clean/Features/Scout/Components/PropertyBuildingCard.swift (in target 'HOMEY Clean' from project 'HOMEY Clean')
    cd /Users/ryankanfer/Documents/Developer/HOMEY\ Clean
    

SwiftCompile normal arm64 /Users/ryankanfer/Documents/Developer/HOMEY\ Clean/HOMEY\ Clean/Features/Scout/Components/ScoutFilterTray.swift (in target 'HOMEY Clean' from project 'HOMEY Clean')
    cd /Users/ryankanfer/Documents/Developer/HOMEY\ Clean
    

SwiftCompile normal arm64 /Users/ryankanfer/Documents/Developer/HOMEY\ Clean/HOMEY\ Clean/Features/Scout/Components/ScoutSearchBar.swift (in target 'HOMEY Clean' from project 'HOMEY Clean')
    cd /Users/ryankanfer/Documents/Developer/HOMEY\ Clean
    

SwiftCompile normal arm64 /Users/ryankanfer/Documents/Developer/HOMEY\ Clean/HOMEY\ Clean/Features/Scout/Components/ScoutShortlistRail.swift (in target 'HOMEY Clean' from project 'HOMEY Clean')
    cd /Users/ryankanfer/Documents/Developer/HOMEY\ Clean
    

SwiftCompile normal arm64 /Users/ryankanfer/Documents/Developer/HOMEY\ Clean/HOMEY\ Clean/Features/Scout/Components/SwipeablePropertyCard.swift (in target 'HOMEY Clean' from project 'HOMEY Clean')
    cd /Users/ryankanfer/Documents/Developer/HOMEY\ Clean
    

SwiftCompile normal arm64 /Users/ryankanfer/Documents/Developer/HOMEY\ Clean/HOMEY\ Clean/Features/Scout/Components/SwipeablePropertyStack.swift (in target 'HOMEY Clean' from project 'HOMEY Clean')
    cd /Users/ryankanfer/Documents/Developer/HOMEY\ Clean
    

SwiftCompile normal arm64 /Users/ryankanfer/Documents/Developer/HOMEY\ Clean/HOMEY\ Clean/Features/Scout/Models/AnalyticsEvent.swift (in target 'HOMEY Clean' from project 'HOMEY Clean')
    cd /Users/ryankanfer/Documents/Developer/HOMEY\ Clean
    

SwiftCompile normal arm64 /Users/ryankanfer/Documents/Developer/HOMEY\ Clean/HOMEY\ Clean/Features/Scout/Models/Lens.swift (in target 'HOMEY Clean' from project 'HOMEY Clean')
    cd /Users/ryankanfer/Documents/Developer/HOMEY\ Clean
    

SwiftCompile normal arm64 /Users/ryankanfer/Documents/Developer/HOMEY\ Clean/HOMEY\ Clean/Features/Scout/Models/Listing.swift (in target 'HOMEY Clean' from project 'HOMEY Clean')
    cd /Users/ryankanfer/Documents/Developer/HOMEY\ Clean
    

SwiftCompile normal arm64 /Users/ryankanfer/Documents/Developer/HOMEY\ Clean/HOMEY\ Clean/Features/Scout/Models/OverlayLayer.swift (in target 'HOMEY Clean' from project 'HOMEY Clean')
    cd /Users/ryankanfer/Documents/Developer/HOMEY\ Clean
    

SwiftCompile normal arm64 /Users/ryankanfer/Documents/Developer/HOMEY\ Clean/HOMEY\ Clean/Features/Scout/Models/ProgressState.swift (in target 'HOMEY Clean' from project 'HOMEY Clean')
    cd /Users/ryankanfer/Documents/Developer/HOMEY\ Clean
    

SwiftCompile normal arm64 /Users/ryankanfer/Documents/Developer/HOMEY\ Clean/HOMEY\ Clean/Features/Scout/Models/PropertyListing.swift (in target 'HOMEY Clean' from project 'HOMEY Clean')
    cd /Users/ryankanfer/Documents/Developer/HOMEY\ Clean
    

SwiftCompile normal arm64 /Users/ryankanfer/Documents/Developer/HOMEY\ Clean/HOMEY\ Clean/Features/Scout/Models/PropertySearchParams.swift (in target 'HOMEY Clean' from project 'HOMEY Clean')
    cd /Users/ryankanfer/Documents/Developer/HOMEY\ Clean
    

SwiftCompile normal arm64 /Users/ryankanfer/Documents/Developer/HOMEY\ Clean/HOMEY\ Clean/Features/Scout/Models/ShortlistEntry.swift (in target 'HOMEY Clean' from project 'HOMEY Clean')
    cd /Users/ryankanfer/Documents/Developer/HOMEY\ Clean
    

SwiftCompile normal arm64 /Users/ryankanfer/Documents/Developer/HOMEY\ Clean/HOMEY\ Clean/Features/Scout/Services/AccessibilityService.swift (in target 'HOMEY Clean' from project 'HOMEY Clean')
    cd /Users/ryankanfer/Documents/Developer/HOMEY\ Clean
    

SwiftCompile normal arm64 /Users/ryankanfer/Documents/Developer/HOMEY\ Clean/HOMEY\ Clean/Features/Scout/Services/LocationManager.swift (in target 'HOMEY Clean' from project 'HOMEY Clean')
    cd /Users/ryankanfer/Documents/Developer/HOMEY\ Clean
    

SwiftCompile normal arm64 Compiling\ InteractionEvent.swift,\ InteractionLogger.swift,\ CrossScreenContext.swift,\ FrequencyController.swift,\ SpeedometerView.swift,\ SuggestionEngine.swift,\ SuggestionModels.swift,\ SuggestionViews.swift,\ AppConfig.swift,\ CharlieRoomModels.swift,\ CompanionModule.swift,\ DocumentVault.swift,\ HomepageCustomization.swift,\ JourneyEpisode.swift,\ JourneyStage.swift,\ CharacterCarousel.swift,\ CharacterTilesGrid.swift,\ LaunchGate.swift,\ LaunchView.swift,\ TeamTile.swift,\ UnifiedWelcomeView.swift,\ WelcomePagerView.swift,\ WelcomeStoryboardView.swift /Users/ryankanfer/Documents/Developer/HOMEY\ Clean/HOMEY\ Clean/Intelligence/Models/InteractionEvent.swift /Users/ryankanfer/Documents/Developer/HOMEY\ Clean/HOMEY\ Clean/Intelligence/Services/InteractionLogger.swift /Users/ryankanfer/Documents/Developer/HOMEY\ Clean/HOMEY\ Clean/Intelligence/Stores/CrossScreenContext.swift /Users/ryankanfer/Documents/Developer/HOMEY\ Clean/HOMEY\ Clean/Intelligence/Suggestions/FrequencyController.swift /Users/ryankanfer/Documents/Developer/HOMEY\ Clean/HOMEY\ Clean/Intelligence/Suggestions/SpeedometerView.swift /Users/ryankanfer/Documents/Developer/HOMEY\ Clean/HOMEY\ Clean/Intelligence/Suggestions/SuggestionEngine.swift /Users/ryankanfer/Documents/Developer/HOMEY\ Clean/HOMEY\ Clean/Intelligence/Suggestions/SuggestionModels.swift /Users/ryankanfer/Documents/Developer/HOMEY\ Clean/HOMEY\ Clean/Intelligence/Suggestions/SuggestionViews.swift /Users/ryankanfer/Documents/Developer/HOMEY\ Clean/HOMEY\ Clean/ios/Shared/Config/AppConfig.swift /Users/ryankanfer/Documents/Developer/HOMEY\ Clean/HOMEY\ Clean/Models/CharlieRoomModels.swift /Users/ryankanfer/Documents/Developer/HOMEY\ Clean/HOMEY\ Clean/Models/CompanionModule.swift /Users/ryankanfer/Documents/Developer/HOMEY\ Clean/HOMEY\ Clean/Models/DocumentVault.swift /Users/ryankanfer/Documents/Developer/HOMEY\ Clean/HOMEY\ Clean/Models/HomepageCustomization.swift /Users/ryankanfer/Documents/Developer/HOMEY\ Clean/HOMEY\ Clean/Models/JourneyEpisode.swift /Users/ryankanfer/Documents/Developer/HOMEY\ Clean/HOMEY\ Clean/Models/JourneyStage.swift /Users/ryankanfer/Documents/Developer/HOMEY\ Clean/HOMEY\ Clean/Opening/CharacterCarousel.swift /Users/ryankanfer/Documents/Developer/HOMEY\ Clean/HOMEY\ Clean/Opening/CharacterTilesGrid.swift /Users/ryankanfer/Documents/Developer/HOMEY\ Clean/HOMEY\ Clean/Opening/LaunchGate.swift /Users/ryankanfer/Documents/Developer/HOMEY\ Clean/HOMEY\ Clean/Opening/LaunchView.swift /Users/ryankanfer/Documents/Developer/HOMEY\ Clean/HOMEY\ Clean/Opening/TeamTile.swift /Users/ryankanfer/Documents/Developer/HOMEY\ Clean/HOMEY\ Clean/Opening/UnifiedWelcomeView.swift /Users/ryankanfer/Documents/Developer/HOMEY\ Clean/HOMEY\ Clean/Opening/WelcomePagerView.swift /Users/ryankanfer/Documents/Developer/HOMEY\ Clean/HOMEY\ Clean/Opening/WelcomeStoryboardView.swift (in target 'HOMEY Clean' from project 'HOMEY Clean')
Failed frontend command:
/Applications/Xcode.app/Contents/Developer/Toolchains/XcodeDefault.xctoolchain/usr/bin/swift-frontend -frontend -c -filelist /Users/ryankanfer/Library/Developer/Xcode/DerivedData/HOMEY_Clean-gafualdnzupkfseuistvwtqbnpqd/Build/Intermediates.noindex/HOMEY\ Clean.build/Debug-iphoneos/HOMEY\ Clean.build/Objects-normal/arm64/sources-1 -primary-file /Users/ryankanfer/Documents/Developer/HOMEY\ Clean/HOMEY\ Clean/Intelligence/Models/InteractionEvent.swift -primary-file /Users/ryankanfer/Documents/Developer/HOMEY\ Clean/HOMEY\ Clean/Intelligence/Services/InteractionLogger.swift -primary-file /Users/ryankanfer/Documents/Developer/HOMEY\ Clean/HOMEY\ Clean/Intelligence/Stores/CrossScreenContext.swift -primary-file /Users/ryankanfer/Documents/Developer/HOMEY\ Clean/HOMEY\ Clean/Intelligence/Suggestions/FrequencyController.swift -primary-file /Users/ryankanfer/Documents/Developer/HOMEY\ Clean/HOMEY\ Clean/Intelligence/Suggestions/SpeedometerView.swift -primary-file /Users/ryankanfer/Documents/Developer/HOMEY\ Clean/HOMEY\ Clean/Intelligence/Suggestions/SuggestionEngine.swift -primary-file /Users/ryankanfer/Documents/Developer/HOMEY\ Clean/HOMEY\ Clean/Intelligence/Suggestions/SuggestionModels.swift -primary-file /Users/ryankanfer/Documents/Developer/HOMEY\ Clean/HOMEY\ Clean/Intelligence/Suggestions/SuggestionViews.swift -primary-file /Users/ryankanfer/Documents/Developer/HOMEY\ Clean/HOMEY\ Clean/ios/Shared/Config/AppConfig.swift -primary-file /Users/ryankanfer/Documents/Developer/HOMEY\ Clean/HOMEY\ Clean/Models/CharlieRoomModels.swift -primary-file /Users/ryankanfer/Documents/Developer/HOMEY\ Clean/HOMEY\ Clean/Models/CompanionModule.swift -primary-file /Users/ryankanfer/Documents/Developer/HOMEY\ Clean/HOMEY\ Clean/Models/DocumentVault.swift -primary-file /Users/ryankanfer/Documents/Developer/HOMEY\ Clean/HOMEY\ Clean/Models/HomepageCustomization.swift -primary-file /Users/ryankanfer/Documents/Developer/HOMEY\ Clean/HOMEY\ Clean/Models/JourneyEpisode.swift -primary-file /Users/ryankanfer/Documents/Developer/HOMEY\ Clean/HOMEY\ Clean/Models/JourneyStage.swift -primary-file /Users/ryankanfer/Documents/Developer/HOMEY\ Clean/HOMEY\ Clean/Opening/CharacterCarousel.swift -primary-file /Users/ryankanfer/Documents/Developer/HOMEY\ Clean/HOMEY\ Clean/Opening/CharacterTilesGrid.swift -primary-file /Users/ryankanfer/Documents/Developer/HOMEY\ Clean/HOMEY\ Clean/Opening/LaunchGate.swift -primary-file /Users/ryankanfer/Documents/Developer/HOMEY\ Clean/HOMEY\ Clean/Opening/LaunchView.swift -primary-file /Users/ryankanfer/Documents/Developer/HOMEY\ Clean/HOMEY\ Clean/Opening/TeamTile.swift -primary-file /Users/ryankanfer/Documents/Developer/HOMEY\ Clean/HOMEY\ Clean/Opening/UnifiedWelcomeView.swift -primary-file /Users/ryankanfer/Documents/Developer/HOMEY\ Clean/HOMEY\ Clean/Opening/WelcomePagerView.swift -primary-file /Users/ryankanfer/Documents/Developer/HOMEY\ Clean/HOMEY\ Clean/Opening/WelcomeStoryboardView.swift -supplementary-output-file-map /Users/ryankanfer/Library/Developer/Xcode/DerivedData/HOMEY_Clean-gafualdnzupkfseuistvwtqbnpqd/Build/Intermediates.noindex/HOMEY\ Clean.build/Debug-iphoneos/HOMEY\ Clean.build/Objects-normal/arm64/supplementaryOutputs-47 -emit-localized-strings -emit-localized-strings-path /Users/ryankanfer/Library/Developer/Xcode/DerivedData/HOMEY_Clean-gafualdnzupkfseuistvwtqbnpqd/Build/Intermediates.noindex/HOMEY\ Clean.build/Debug-iphoneos/HOMEY\ Clean.build/Objects-normal/arm64 -target arm64-apple-ios18.5 -module-can-import-version DeveloperToolsSupport 23.0.4 23.0.4 -module-can-import-version Foundation 4040.1 4040.1.0 -module-can-import Supabase -module-can-import-version SwiftUI 7.0.84.1 7.0.84 -module-can-import-version UIKit 9088.1.113 9088.1.113 -disable-cross-import-overlay-search -swift-module-cross-import AVKit /Applications/Xcode.app/Contents/Developer/Platforms/iPhoneOS.platform/Developer/SDKs/iPhoneOS.sdk/System/Library/Frameworks/AVKit.framework/Modules/AVKit.swiftcrossimport/SwiftUI.swiftoverlay -swift-module-cross-import AVKit /Applications/Xcode.app/Contents/Developer/Platforms/iPhoneOS.platform/Developer/SDKs/iPhoneOS26.0.sdk/System/Library/Frameworks/AVKit.framework/Modules/AVKit.swiftcrossimport/SwiftUI.swiftoverlay -swift-module-cross-import MapKit /Applications/Xcode.app/Contents/Developer/Platforms/iPhoneOS.platform/Developer/SDKs/iPhoneOS.sdk/System/Library/Frameworks/MapKit.framework/Modules/MapKit.swiftcrossimport/SwiftUI.swiftoverlay -swift-module-cross-import PhotosUI /Applications/Xcode.app/Contents/Developer/Platforms/iPhoneOS.platform/Developer/SDKs/iPhoneOS.sdk/System/Library/Frameworks/PhotosUI.framework/Modules/PhotosUI.swiftcrossimport/SwiftUI.swiftoverlay -swift-module-cross-import PhotosUI /Applications/Xcode.app/Contents/Developer/Platforms/iPhoneOS.platform/Developer/SDKs/iPhoneOS.sdk/System/Library/Frameworks/PhotosUI.framework/Modules/PhotosUI.swiftcrossimport/WidgetKit.swiftoverlay -swift-module-cross-import PhotosUI /Applications/Xcode.app/Contents/Developer/Platforms/iPhoneOS.platform/Developer/SDKs/iPhoneOS26.0.sdk/System/Library/Frameworks/PhotosUI.framework/Modules/PhotosUI.swiftcrossimport/SwiftUI.swiftoverlay -swift-module-cross-import PhotosUI /Applications/Xcode.app/Contents/Developer/Platforms/iPhoneOS.platform/Developer/SDKs/iPhoneOS26.0.sdk/System/Library/Frameworks/PhotosUI.framework/Modules/PhotosUI.swiftcrossimport/WidgetKit.swiftoverlay -swift-module-cross-import RealityKit /Applications/Xcode.app/Contents/Developer/Platforms/iPhoneOS.platform/Developer/SDKs/iPhoneOS26.0.sdk/System/Library/Frameworks/RealityKit.framework/Modules/RealityKit.swiftcrossimport/SwiftUI.swiftoverlay -swift-module-cross-import SceneKit /Applications/Xcode.app/Contents/Developer/Platforms/iPhoneOS.platform/Developer/SDKs/iPhoneOS.sdk/System/Library/Frameworks/SceneKit.framework/Modules/SceneKit.swiftcrossimport/SwiftUI.swiftoverlay -load-resolved-plugin /Applications/Xcode.app/Contents/Developer/Platforms/iPhoneOS.platform/Developer/usr/lib/swift/host/plugins/libFoundationMacros.dylib\#/Applications/Xcode.app/Contents/Developer/Platforms/iPhoneOS.platform/Developer/usr/bin/swift-plugin-server\#FoundationMacros -load-resolved-plugin /Applications/Xcode.app/Contents/Developer/Platforms/iPhoneOS.platform/Developer/usr/lib/swift/host/plugins/libObservationMacros.dylib\#/Applications/Xcode.app/Contents/Developer/Platforms/iPhoneOS.platform/Developer/usr/bin/swift-plugin-server\#ObservationMacros -load-resolved-plugin /Applications/Xcode.app/Contents/Developer/Platforms/iPhoneOS.platform/Developer/usr/lib/swift/host/plugins/libPreviewsMacros.dylib\#/Applications/Xcode.app/Contents/Developer/Platforms/iPhoneOS.platform/Developer/usr/bin/swift-plugin-server\#PreviewsMacros -load-resolved-plugin /Applications/Xcode.app/Contents/Developer/Platforms/iPhoneOS.platform/Developer/usr/lib/swift/host/plugins/libSwiftMacros.dylib\#/Applications/Xcode.app/Contents/Developer/Platforms/iPhoneOS.platform/Developer/usr/bin/swift-plugin-server\#SwiftMacros -load-resolved-plugin /Applications/Xcode.app/Contents/Developer/Platforms/iPhoneOS.platform/Developer/usr/lib/swift/host/plugins/libSwiftUIMacros.dylib\#/Applications/Xcode.app/Contents/Developer/Platforms/iPhoneOS.platform/Developer/usr/bin/swift-plugin-server\#SwiftUIMacros -load-resolved-plugin /Applications/Xcode.app/Contents/Developer/Platforms/iPhoneOS.platform/Developer/usr/lib/swift/host/plugins/libTipKitMacros.dylib\#/Applications/Xcode.app/Contents/Developer/Platforms/iPhoneOS.platform/Developer/usr/bin/swift-plugin-server\#TipKitMacros -disable-implicit-swift-modules -Xcc -fno-implicit-modules -Xcc -fno-implicit-module-maps -explicit-swift-module-map-file /Users/ryankanfer/Library/Developer/Xcode/DerivedData/HOMEY_Clean-gafualdnzupkfseuistvwtqbnpqd/Build/Intermediates.noindex/HOMEY\ Clean.build/Debug-iphoneos/HOMEY\ Clean.build/Objects-normal/arm64/HOMEY_Clean-dependencies-1.json -Xllvm -aarch64-use-tbi -enable-objc-interop -stack-check -sdk /Applications/Xcode.app/Contents/Developer/Platforms/iPhoneOS.platform/Developer/SDKs/iPhoneOS26.0.sdk -I /Users/ryankanfer/Library/Developer/Xcode/DerivedData/HOMEY_Clean-gafualdnzupkfseuistvwtqbnpqd/Build/Products/Debug-iphoneos -F /Users/ryankanfer/Library/Developer/Xcode/DerivedData/HOMEY_Clean-gafualdnzupkfseuistvwtqbnpqd/Build/Products/Debug-iphoneos/PackageFrameworks -F /Users/ryankanfer/Library/Developer/Xcode/DerivedData/HOMEY_Clean-gafualdnzupkfseuistvwtqbnpqd/Build/Products/Debug-iphoneos/PackageFrameworks -F /Users/ryankanfer/Library/Developer/Xcode/DerivedData/HOMEY_Clean-gafualdnzupkfseuistvwtqbnpqd/Build/Products/Debug-iphoneos/PackageFrameworks -F /Users/ryankanfer/Library/Developer/Xcode/DerivedData/HOMEY_Clean-gafualdnzupkfseuistvwtqbnpqd/Build/Products/Debug-iphoneos/PackageFrameworks -F /Users/ryankanfer/Library/Developer/Xcode/DerivedData/HOMEY_Clean-gafualdnzupkfseuistvwtqbnpqd/Build/Products/Debug-iphoneos/PackageFrameworks -F /Users/ryankanfer/Library/Developer/Xcode/DerivedData/HOMEY_Clean-gafualdnzupkfseuistvwtqbnpqd/Build/Products/Debug-iphoneos/PackageFrameworks -F /Users/ryankanfer/Library/Developer/Xcode/DerivedData/HOMEY_Clean-gafualdnzupkfseuistvwtqbnpqd/Build/Products/Debug-iphoneos/PackageFrameworks -F /Users/ryankanfer/Library/Developer/Xcode/DerivedData/HOMEY_Clean-gafualdnzupkfseuistvwtqbnpqd/Build/Products/Debug-iphoneos/PackageFrameworks -F /Users/ryankanfer/Library/Developer/Xcode/DerivedData/HOMEY_Clean-gafualdnzupkfseuistvwtqbnpqd/Build/Products/Debug-iphoneos/PackageFrameworks -F /Users/ryankanfer/Library/Developer/Xcode/DerivedData/HOMEY_Clean-gafualdnzupkfseuistvwtqbnpqd/Build/Products/Debug-iphoneos/PackageFrameworks -F /Users/ryankanfer/Library/Developer/Xcode/DerivedData/HOMEY_Clean-gafualdnzupkfseuistvwtqbnpqd/Build/Products/Debug-iphoneos/PackageFrameworks -F /Users/ryankanfer/Library/Developer/Xcode/DerivedData/HOMEY_Clean-gafualdnzupkfseuistvwtqbnpqd/Build/Products/Debug-iphoneos/PackageFrameworks -F /Users/ryankanfer/Library/Developer/Xcode/DerivedData/HOMEY_Clean-gafualdnzupkfseuistvwtqbnpqd/Build/Products/Debug-iphoneos/PackageFrameworks -F /Users/ryankanfer/Library/Developer/Xcode/DerivedData/HOMEY_Clean-gafualdnzupkfseuistvwtqbnpqd/Build/Products/Debug-iphoneos/PackageFrameworks -F /Users/ryankanfer/Library/Developer/Xcode/DerivedData/HOMEY_Clean-gafualdnzupkfseuistvwtqbnpqd/Build/Products/Debug-iphoneos -no-color-diagnostics -Xcc -fno-color-diagnostics -enable-testing -g -debug-info-format\=dwarf -dwarf-version\=5 -module-cache-path /Users/ryankanfer/Library/Developer/Xcode/DerivedData/HOMEY_Clean-gafualdnzupkfseuistvwtqbnpqd/Build/Intermediates.noindex/SwiftExplicitPrecompiledModules -profile-generate -profile-coverage-mapping -swift-version 5 -enforce-exclusivity\=checked -Onone -D DEBUG -serialize-debugging-options -const-gather-protocols-file /Users/ryankanfer/Library/Developer/Xcode/DerivedData/HOMEY_Clean-gafualdnzupkfseuistvwtqbnpqd/Build/Intermediates.noindex/HOMEY\ Clean.build/Debug-iphoneos/HOMEY\ Clean.build/Objects-normal/arm64/HOMEY\ Clean_const_extract_protocols.json -enable-experimental-feature DebugDescriptionMacro -enable-bare-slash-regex -empty-abi-descriptor -validate-clang-modules-once -clang-build-session-file /Users/ryankanfer/Library/Developer/Xcode/DerivedData/ModuleCache.noindex/Session.modulevalidation -Xcc -working-directory -Xcc /Users/ryankanfer/Documents/Developer/HOMEY\ Clean -enable-anonymous-context-mangled-names -file-compilation-dir /Users/ryankanfer/Documents/Developer/HOMEY\ Clean -Xcc -D_LIBCPP_HARDENING_MODE\=_LIBCPP_HARDENING_MODE_DEBUG -Xcc -ivfsstatcache -Xcc /Users/ryankanfer/Library/Developer/Xcode/DerivedData/SDKStatCaches.noindex/iphoneos26.0-23A339-81ce72e5b06c9602b9d30b56f2eed08a.sdkstatcache -Xcc -I/Users/ryankanfer/Library/Developer/Xcode/DerivedData/HOMEY_Clean-gafualdnzupkfseuistvwtqbnpqd/Build/Intermediates.noindex/HOMEY\ Clean.build/Debug-iphoneos/HOMEY\ Clean.build/swift-overrides.hmap -Xcc -iquote -Xcc /Users/ryankanfer/Library/Developer/Xcode/DerivedData/HOMEY_Clean-gafualdnzupkfseuistvwtqbnpqd/Build/Intermediates.noindex/HOMEY\ Clean.build/Debug-iphoneos/HOMEY\ Clean.build/HOMEY\ Clean-generated-files.hmap -Xcc -I/Users/ryankanfer/Library/Developer/Xcode/DerivedData/HOMEY_Clean-gafualdnzupkfseuistvwtqbnpqd/Build/Intermediates.noindex/HOMEY\ Clean.build/Debug-iphoneos/HOMEY\ Clean.build/HOMEY\ Clean-own-target-headers.hmap -Xcc -I/Users/ryankanfer/Library/Developer/Xcode/DerivedData/HOMEY_Clean-gafualdnzupkfseuistvwtqbnpqd/Build/Intermediates.noindex/HOMEY\ Clean.build/Debug-iphoneos/HOMEY\ Clean.build/HOMEY\ Clean-all-non-framework-target-headers.hmap -Xcc -ivfsoverlay -Xcc /Users/ryankanfer/Library/Developer/Xcode/DerivedData/HOMEY_Clean-gafualdnzupkfseuistvwtqbnpqd/Build/Intermediates.noindex/HOMEY\ Clean.build/Debug-iphoneos/HOMEY\ Clean-0f55fb2587d36a9d6da7defd35999c5a-VFS-iphoneos/all-product-headers.yaml -Xcc -iquote -Xcc /Users/ryankanfer/Library/Developer/Xcode/DerivedData/HOMEY_Clean-gafualdnzupkfseuistvwtqbnpqd/Build/Intermediates.noindex/HOMEY\ Clean.build/Debug-iphoneos/HOMEY\ Clean.build/HOMEY\ Clean-project-headers.hmap -Xcc -I/Users/ryankanfer/Library/Developer/Xcode/DerivedData/HOMEY_Clean-gafualdnzupkfseuistvwtqbnpqd/Build/Products/Debug-iphoneos/include -Xcc -I/Users/ryankanfer/Library/Developer/Xcode/DerivedData/HOMEY_Clean-gafualdnzupkfseuistvwtqbnpqd/Build/Intermediates.noindex/HOMEY\ Clean.build/Debug-iphoneos/HOMEY\ Clean.build/DerivedSources-normal/arm64 -Xcc -I/Users/ryankanfer/Library/Developer/Xcode/DerivedData/HOMEY_Clean-gafualdnzupkfseuistvwtqbnpqd/Build/Intermediates.noindex/HOMEY\ Clean.build/Debug-iphoneos/HOMEY\ Clean.build/DerivedSources/arm64 -Xcc -I/Users/ryankanfer/Library/Developer/Xcode/DerivedData/HOMEY_Clean-gafualdnzupkfseuistvwtqbnpqd/Build/Intermediates.noindex/HOMEY\ Clean.build/Debug-iphoneos/HOMEY\ Clean.build/DerivedSources -Xcc -DDEBUG\=1 -no-auto-bridging-header-chaining -module-name HOMEY_Clean -frontend-parseable-output -disable-clang-spi -target-sdk-version 26.0 -target-sdk-name iphoneos26.0 -clang-target arm64-apple-ios26.0 -in-process-plugin-server-path /Applications/Xcode.app/Contents/Developer/Toolchains/XcodeDefault.xctoolchain/usr/lib/swift/host/libSwiftInProcPluginServer.dylib -o /Users/ryankanfer/Library/Developer/Xcode/DerivedData/HOMEY_Clean-gafualdnzupkfseuistvwtqbnpqd/Build/Intermediates.noindex/HOMEY\ Clean.build/Debug-iphoneos/HOMEY\ Clean.build/Objects-normal/arm64/InteractionEvent.o -o /Users/ryankanfer/Library/Developer/Xcode/DerivedData/HOMEY_Clean-gafualdnzupkfseuistvwtqbnpqd/Build/Intermediates.noindex/HOMEY\ Clean.build/Debug-iphoneos/HOMEY\ Clean.build/Objects-normal/arm64/InteractionLogger.o -o /Users/ryankanfer/Library/Developer/Xcode/DerivedData/HOMEY_Clean-gafualdnzupkfseuistvwtqbnpqd/Build/Intermediates.noindex/HOMEY\ Clean.build/Debug-iphoneos/HOMEY\ Clean.build/Objects-normal/arm64/CrossScreenContext.o -o /Users/ryankanfer/Library/Developer/Xcode/DerivedData/HOMEY_Clean-gafualdnzupkfseuistvwtqbnpqd/Build/Intermediates.noindex/HOMEY\ Clean.build/Debug-iphoneos/HOMEY\ Clean.build/Objects-normal/arm64/FrequencyController.o -o /Users/ryankanfer/Library/Developer/Xcode/DerivedData/HOMEY_Clean-gafualdnzupkfseuistvwtqbnpqd/Build/Intermediates.noindex/HOMEY\ Clean.build/Debug-iphoneos/HOMEY\ Clean.build/Objects-normal/arm64/SpeedometerView.o -o /Users/ryankanfer/Library/Developer/Xcode/DerivedData/HOMEY_Clean-gafualdnzupkfseuistvwtqbnpqd/Build/Intermediates.noindex/HOMEY\ Clean.build/Debug-iphoneos/HOMEY\ Clean.build/Objects-normal/arm64/SuggestionEngine.o -o /Users/ryankanfer/Library/Developer/Xcode/DerivedData/HOMEY_Clean-gafualdnzupkfseuistvwtqbnpqd/Build/Intermediates.noindex/HOMEY\ Clean.build/Debug-iphoneos/HOMEY\ Clean.build/Objects-normal/arm64/SuggestionModels.o -o /Users/ryankanfer/Library/Developer/Xcode/DerivedData/HOMEY_Clean-gafualdnzupkfseuistvwtqbnpqd/Build/Intermediates.noindex/HOMEY\ Clean.build/Debug-iphoneos/HOMEY\ Clean.build/Objects-normal/arm64/SuggestionViews.o -o /Users/ryankanfer/Library/Developer/Xcode/DerivedData/HOMEY_Clean-gafualdnzupkfseuistvwtqbnpqd/Build/Intermediates.noindex/HOMEY\ Clean.build/Debug-iphoneos/HOMEY\ Clean.build/Objects-normal/arm64/AppConfig.o -o /Users/ryankanfer/Library/Developer/Xcode/DerivedData/HOMEY_Clean-gafualdnzupkfseuistvwtqbnpqd/Build/Intermediates.noindex/HOMEY\ Clean.build/Debug-iphoneos/HOMEY\ Clean.build/Objects-normal/arm64/CharlieRoomModels.o -o /Users/ryankanfer/Library/Developer/Xcode/DerivedData/HOMEY_Clean-gafualdnzupkfseuistvwtqbnpqd/Build/Intermediates.noindex/HOMEY\ Clean.build/Debug-iphoneos/HOMEY\ Clean.build/Objects-normal/arm64/CompanionModule.o -o /Users/ryankanfer/Library/Developer/Xcode/DerivedData/HOMEY_Clean-gafualdnzupkfseuistvwtqbnpqd/Build/Intermediates.noindex/HOMEY\ Clean.build/Debug-iphoneos/HOMEY\ Clean.build/Objects-normal/arm64/DocumentVault.o -o /Users/ryankanfer/Library/Developer/Xcode/DerivedData/HOMEY_Clean-gafualdnzupkfseuistvwtqbnpqd/Build/Intermediates.noindex/HOMEY\ Clean.build/Debug-iphoneos/HOMEY\ Clean.build/Objects-normal/arm64/HomepageCustomization.o -o /Users/ryankanfer/Library/Developer/Xcode/DerivedData/HOMEY_Clean-gafualdnzupkfseuistvwtqbnpqd/Build/Intermediates.noindex/HOMEY\ Clean.build/Debug-iphoneos/HOMEY\ Clean.build/Objects-normal/arm64/JourneyEpisode.o -o /Users/ryankanfer/Library/Developer/Xcode/DerivedData/HOMEY_Clean-gafualdnzupkfseuistvwtqbnpqd/Build/Intermediates.noindex/HOMEY\ Clean.build/Debug-iphoneos/HOMEY\ Clean.build/Objects-normal/arm64/JourneyStage.o -o /Users/ryankanfer/Library/Developer/Xcode/DerivedData/HOMEY_Clean-gafualdnzupkfseuistvwtqbnpqd/Build/Intermediates.noindex/HOMEY\ Clean.build/Debug-iphoneos/HOMEY\ Clean.build/Objects-normal/arm64/CharacterCarousel.o -o /Users/ryankanfer/Library/Developer/Xcode/DerivedData/HOMEY_Clean-gafualdnzupkfseuistvwtqbnpqd/Build/Intermediates.noindex/HOMEY\ Clean.build/Debug-iphoneos/HOMEY\ Clean.build/Objects-normal/arm64/CharacterTilesGrid.o -o /Users/ryankanfer/Library/Developer/Xcode/DerivedData/HOMEY_Clean-gafualdnzupkfseuistvwtqbnpqd/Build/Intermediates.noindex/HOMEY\ Clean.build/Debug-iphoneos/HOMEY\ Clean.build/Objects-normal/arm64/LaunchGate.o -o /Users/ryankanfer/Library/Developer/Xcode/DerivedData/HOMEY_Clean-gafualdnzupkfseuistvwtqbnpqd/Build/Intermediates.noindex/HOMEY\ Clean.build/Debug-iphoneos/HOMEY\ Clean.build/Objects-normal/arm64/LaunchView.o -o /Users/ryankanfer/Library/Developer/Xcode/DerivedData/HOMEY_Clean-gafualdnzupkfseuistvwtqbnpqd/Build/Intermediates.noindex/HOMEY\ Clean.build/Debug-iphoneos/HOMEY\ Clean.build/Objects-normal/arm64/TeamTile.o -o /Users/ryankanfer/Library/Developer/Xcode/DerivedData/HOMEY_Clean-gafualdnzupkfseuistvwtqbnpqd/Build/Intermediates.noindex/HOMEY\ Clean.build/Debug-iphoneos/HOMEY\ Clean.build/Objects-normal/arm64/UnifiedWelcomeView.o -o /Users/ryankanfer/Library/Developer/Xcode/DerivedData/HOMEY_Clean-gafualdnzupkfseuistvwtqbnpqd/Build/Intermediates.noindex/HOMEY\ Clean.build/Debug-iphoneos/HOMEY\ Clean.build/Objects-normal/arm64/WelcomePagerView.o -o /Users/ryankanfer/Library/Developer/Xcode/DerivedData/HOMEY_Clean-gafualdnzupkfseuistvwtqbnpqd/Build/Intermediates.noindex/HOMEY\ Clean.build/Debug-iphoneos/HOMEY\ Clean.build/Objects-normal/arm64/WelcomeStoryboardView.o -index-unit-output-path /HOMEY\ Clean.build/Debug-iphoneos/HOMEY\ Clean.build/Objects-normal/arm64/InteractionEvent.o -index-unit-output-path /HOMEY\ Clean.build/Debug-iphoneos/HOMEY\ Clean.build/Objects-normal/arm64/InteractionLogger.o -index-unit-output-path /HOMEY\ Clean.build/Debug-iphoneos/HOMEY\ Clean.build/Objects-normal/arm64/CrossScreenContext.o -index-unit-output-path /HOMEY\ Clean.build/Debug-iphoneos/HOMEY\ Clean.build/Objects-normal/arm64/FrequencyController.o -index-unit-output-path /HOMEY\ Clean.build/Debug-iphoneos/HOMEY\ Clean.build/Objects-normal/arm64/SpeedometerView.o -index-unit-output-path /HOMEY\ Clean.build/Debug-iphoneos/HOMEY\ Clean.build/Objects-normal/arm64/SuggestionEngine.o -index-unit-output-path /HOMEY\ Clean.build/Debug-iphoneos/HOMEY\ Clean.build/Objects-normal/arm64/SuggestionModels.o -index-unit-output-path /HOMEY\ Clean.build/Debug-iphoneos/HOMEY\ Clean.build/Objects-normal/arm64/SuggestionViews.o -index-unit-output-path /HOMEY\ Clean.build/Debug-iphoneos/HOMEY\ Clean.build/Objects-normal/arm64/AppConfig.o -index-unit-output-path /HOMEY\ Clean.build/Debug-iphoneos/HOMEY\ Clean.build/Objects-normal/arm64/CharlieRoomModels.o -index-unit-output-path /HOMEY\ Clean.build/Debug-iphoneos/HOMEY\ Clean.build/Objects-normal/arm64/CompanionModule.o -index-unit-output-path /HOMEY\ Clean.build/Debug-iphoneos/HOMEY\ Clean.build/Objects-normal/arm64/DocumentVault.o -index-unit-output-path /HOMEY\ Clean.build/Debug-iphoneos/HOMEY\ Clean.build/Objects-normal/arm64/HomepageCustomization.o -index-unit-output-path /HOMEY\ Clean.build/Debug-iphoneos/HOMEY\ Clean.build/Objects-normal/arm64/JourneyEpisode.o -index-unit-output-path /HOMEY\ Clean.build/Debug-iphoneos/HOMEY\ Clean.build/Objects-normal/arm64/JourneyStage.o -index-unit-output-path /HOMEY\ Clean.build/Debug-iphoneos/HOMEY\ Clean.build/Objects-normal/arm64/CharacterCarousel.o -index-unit-output-path /HOMEY\ Clean.build/Debug-iphoneos/HOMEY\ Clean.build/Objects-normal/arm64/CharacterTilesGrid.o -index-unit-output-path /HOMEY\ Clean.build/Debug-iphoneos/HOMEY\ Clean.build/Objects-normal/arm64/LaunchGate.o -index-unit-output-path /HOMEY\ Clean.build/Debug-iphoneos/HOMEY\ Clean.build/Objects-normal/arm64/LaunchView.o -index-unit-output-path /HOMEY\ Clean.build/Debug-iphoneos/HOMEY\ Clean.build/Objects-normal/arm64/TeamTile.o -index-unit-output-path /HOMEY\ Clean.build/Debug-iphoneos/HOMEY\ Clean.build/Objects-normal/arm64/UnifiedWelcomeView.o -index-unit-output-path /HOMEY\ Clean.build/Debug-iphoneos/HOMEY\ Clean.build/Objects-normal/arm64/WelcomePagerView.o -index-unit-output-path /HOMEY\ Clean.build/Debug-iphoneos/HOMEY\ Clean.build/Objects-normal/arm64/WelcomeStoryboardView.o -index-store-path /Users/ryankanfer/Library/Developer/Xcode/DerivedData/HOMEY_Clean-gafualdnzupkfseuistvwtqbnpqd/Index.noindex/DataStore -index-system-modules

SwiftCompile normal arm64 /Users/ryankanfer/Documents/Developer/HOMEY\ Clean/HOMEY\ Clean/Intelligence/Models/InteractionEvent.swift (in target 'HOMEY Clean' from project 'HOMEY Clean')
    cd /Users/ryankanfer/Documents/Developer/HOMEY\ Clean
    

SwiftCompile normal arm64 /Users/ryankanfer/Documents/Developer/HOMEY\ Clean/HOMEY\ Clean/Intelligence/Services/InteractionLogger.swift (in target 'HOMEY Clean' from project 'HOMEY Clean')
    cd /Users/ryankanfer/Documents/Developer/HOMEY\ Clean
    
/Users/ryankanfer/Documents/Developer/HOMEY Clean/HOMEY Clean/Intelligence/Services/InteractionLogger.swift:24:9: warning: actor-isolated instance method 'load()' can not be referenced from a nonisolated context; this is an error in the Swift 6 language mode
        load()
        ^
/Users/ryankanfer/Documents/Developer/HOMEY Clean/HOMEY Clean/Intelligence/Services/InteractionLogger.swift:161:18: note: calls to instance method 'load()' from outside of its actor context are implicitly asynchronous
    private func load() {
                 ^

SwiftCompile normal arm64 /Users/ryankanfer/Documents/Developer/HOMEY\ Clean/HOMEY\ Clean/Intelligence/Stores/CrossScreenContext.swift (in target 'HOMEY Clean' from project 'HOMEY Clean')
    cd /Users/ryankanfer/Documents/Developer/HOMEY\ Clean
    
/Users/ryankanfer/Documents/Developer/HOMEY Clean/HOMEY Clean/Intelligence/Stores/CrossScreenContext.swift:104:31: error: 'UserContext' is ambiguous for type lookup in this context
    private init(userContext: UserContext = UserContext(), state: CrossScreenState = CrossScreenState()) {
                              ^~~~~~~~~~~
/Users/ryankanfer/Documents/Developer/HOMEY Clean/HOMEY Clean/Intelligence/Engine/QuantumUIEngine.swift:624:6: note: found this candidate
enum UserContext {
     ^
/Users/ryankanfer/Documents/Developer/HOMEY Clean/HOMEY Clean/Intelligence/Stores/CrossScreenContext.swift:53:15: note: found this candidate
public struct UserContext: Codable, Hashable {
              ^
/Users/ryankanfer/Documents/Developer/HOMEY Clean/HOMEY Clean/Intelligence/Stores/CrossScreenContext.swift:53:15: error: invalid redeclaration of 'UserContext'
public struct UserContext: Codable, Hashable {
              ^
/Users/ryankanfer/Documents/Developer/HOMEY Clean/HOMEY Clean/Intelligence/Engine/QuantumUIEngine.swift:624:6: note: 'UserContext' previously declared here
enum UserContext {
     ^
/Users/ryankanfer/Documents/Developer/HOMEY Clean/HOMEY Clean/Intelligence/Engine/QuantumUIEngine.swift:624:6: note: 'UserContext' previously declared here
enum UserContext {
     ^
/Users/ryankanfer/Documents/Developer/HOMEY Clean/HOMEY Clean/Intelligence/Stores/CrossScreenContext.swift:99:53: error: 'UserContext' is ambiguous for type lookup in this context
    @Published public private(set) var userContext: UserContext
                                                    ^~~~~~~~~~~
/Users/ryankanfer/Documents/Developer/HOMEY Clean/HOMEY Clean/Intelligence/Engine/QuantumUIEngine.swift:624:6: note: found this candidate
enum UserContext {
     ^
/Users/ryankanfer/Documents/Developer/HOMEY Clean/HOMEY Clean/Intelligence/Stores/CrossScreenContext.swift:53:15: note: found this candidate
public struct UserContext: Codable, Hashable {
              ^
/Users/ryankanfer/Documents/Developer/HOMEY Clean/HOMEY Clean/Intelligence/Stores/CrossScreenContext.swift:185:26: error: 'UserContext' is ambiguous for type lookup in this context
        let userContext: UserContext
                         ^~~~~~~~~~~
/Users/ryankanfer/Documents/Developer/HOMEY Clean/HOMEY Clean/Intelligence/Engine/QuantumUIEngine.swift:624:6: note: found this candidate
enum UserContext {
     ^
/Users/ryankanfer/Documents/Developer/HOMEY Clean/HOMEY Clean/Intelligence/Stores/CrossScreenContext.swift:53:15: note: found this candidate
public struct UserContext: Codable, Hashable {
              ^
/Users/ryankanfer/Documents/Developer/HOMEY Clean/HOMEY Clean/Intelligence/Stores/CrossScreenContext.swift:184:20: error: type 'CrossScreenContext.Snapshot' does not conform to protocol 'Decodable'
    private struct Snapshot: Codable {
                   ^
Swift.Decodable.init:2:1: note: protocol requires initializer 'init(from:)' with type 'Decodable'
init(from decoder: any Decoder) throws}
^
/Users/ryankanfer/Documents/Developer/HOMEY Clean/HOMEY Clean/Intelligence/Stores/CrossScreenContext.swift:185:13: note: cannot automatically synthesize 'Decodable' because 'UserContext' does not conform to 'Decodable'
        let userContext: UserContext
            ^
/Users/ryankanfer/Documents/Developer/HOMEY Clean/HOMEY Clean/Intelligence/Stores/CrossScreenContext.swift:184:20: error: type 'CrossScreenContext.Snapshot' does not conform to protocol 'Encodable'
    private struct Snapshot: Codable {
                   ^
Swift.Encodable.encode:2:6: note: protocol requires function 'encode(to:)' with type 'Encodable'
func encode(to encoder: any Encoder) throws}
     ^
/Users/ryankanfer/Documents/Developer/HOMEY Clean/HOMEY Clean/Intelligence/Stores/CrossScreenContext.swift:185:13: note: cannot automatically synthesize 'Encodable' because 'UserContext' does not conform to 'Encodable'
        let userContext: UserContext
            ^
/Users/ryankanfer/Documents/Developer/HOMEY Clean/HOMEY Clean/Intelligence/Stores/CrossScreenContext.swift:131:55: error: cannot infer contextual base in reference to member 'fastResponder'
                userContext.inferredBehaviors.insert(.fastResponder)
                                                     ~^~~~~~~~~~~~~
/Users/ryankanfer/Documents/Developer/HOMEY Clean/HOMEY Clean/Intelligence/Stores/CrossScreenContext.swift:140:55: error: cannot infer contextual base in reference to member 'documentationFocused'
                userContext.inferredBehaviors.insert(.documentationFocused)
                                                     ~^~~~~~~~~~~~~~~~~~~~
/Users/ryankanfer/Documents/Developer/HOMEY Clean/HOMEY Clean/Intelligence/Stores/CrossScreenContext.swift:184:20: error: type 'CrossScreenContext.Snapshot' does not conform to protocol 'Decodable'
    private struct Snapshot: Codable {
                   ^
Swift.Decodable.init:2:1: note: protocol requires initializer 'init(from:)' with type 'Decodable'
init(from decoder: any Decoder) throws}
^
/Users/ryankanfer/Documents/Developer/HOMEY Clean/HOMEY Clean/Intelligence/Stores/CrossScreenContext.swift:185:13: note: cannot automatically synthesize 'Decodable' because 'UserContext' does not conform to 'Decodable'
        let userContext: UserContext
            ^

SwiftCompile normal arm64 /Users/ryankanfer/Documents/Developer/HOMEY\ Clean/HOMEY\ Clean/Intelligence/Suggestions/FrequencyController.swift (in target 'HOMEY Clean' from project 'HOMEY Clean')
    cd /Users/ryankanfer/Documents/Developer/HOMEY\ Clean
    

SwiftCompile normal arm64 /Users/ryankanfer/Documents/Developer/HOMEY\ Clean/HOMEY\ Clean/Intelligence/Suggestions/SpeedometerView.swift (in target 'HOMEY Clean' from project 'HOMEY Clean')
    cd /Users/ryankanfer/Documents/Developer/HOMEY\ Clean
    
/Users/ryankanfer/Library/Developer/Xcode/DerivedData/HOMEY_Clean-gafualdnzupkfseuistvwtqbnpqd/Build/Intermediates.noindex/HOMEY Clean.build/Debug-iphoneos/HOMEY Clean.build/DerivedSources/GeneratedAssetSymbols.swift:672:14: warning: The "Primary" color asset name resolves to a conflicting Color symbol "primary". Try renaming the asset.
    #warning("The \"Primary\" color asset name resolves to a conflicting Color symbol \"primary\". Try renaming the asset.")
             ^~~~~~~~~~~~~~~~~~~~~~~~~~~~~~~~~~~~~~~~~~~~~~~~~~~~~~~~~~~~~~~~~~~~~~~~~~~~~~~~~~~~~~~~~~~~~~~~~~~~~~~~~~~~~~

SwiftCompile normal arm64 /Users/ryankanfer/Documents/Developer/HOMEY\ Clean/HOMEY\ Clean/Intelligence/Suggestions/SuggestionEngine.swift (in target 'HOMEY Clean' from project 'HOMEY Clean')
    cd /Users/ryankanfer/Documents/Developer/HOMEY\ Clean
    
/Users/ryankanfer/Library/Developer/Xcode/DerivedData/HOMEY_Clean-gafualdnzupkfseuistvwtqbnpqd/Build/Intermediates.noindex/HOMEY Clean.build/Debug-iphoneos/HOMEY Clean.build/DerivedSources/GeneratedAssetSymbols.swift:30:14: warning: The "AccentColor" color asset name resolves to the symbol "accent" which already exists. Try renaming the asset.
    #warning("The \"AccentColor\" color asset name resolves to the symbol \"accent\" which already exists. Try renaming the asset.")
             ^~~~~~~~~~~~~~~~~~~~~~~~~~~~~~~~~~~~~~~~~~~~~~~~~~~~~~~~~~~~~~~~~~~~~~~~~~~~~~~~~~~~~~~~~~~~~~~~~~~~~~~~~~~~~~~~~~~~~~
/Users/ryankanfer/Documents/Developer/HOMEY Clean/HOMEY Clean/Intelligence/Suggestions/SuggestionEngine.swift:46:41: error: cannot infer contextual base in reference to member 'exploring'
           userContext.journeyStage == .exploring || userContext.journeyStage == .researching {
                                       ~^~~~~~~~~
/Users/ryankanfer/Documents/Developer/HOMEY Clean/HOMEY Clean/Intelligence/Suggestions/SuggestionEngine.swift:46:83: error: cannot infer contextual base in reference to member 'researching'
           userContext.journeyStage == .exploring || userContext.journeyStage == .researching {
                                                                                 ~^~~~~~~~~~~
/Users/ryankanfer/Documents/Developer/HOMEY Clean/HOMEY Clean/Intelligence/Suggestions/SuggestionEngine.swift:224:41: error: cannot infer contextual base in reference to member 'closing'
        if userContext.journeyStage == .closing {
                                       ~^~~~~~~
/Users/ryankanfer/Documents/Developer/HOMEY Clean/HOMEY Clean/Intelligence/Suggestions/SuggestionEngine.swift:238:41: error: cannot infer contextual base in reference to member 'researching'
        if userContext.journeyStage == .researching {
                                       ~^~~~~~~~~~~
/Users/ryankanfer/Documents/Developer/HOMEY Clean/HOMEY Clean/Intelligence/Suggestions/SuggestionEngine.swift:252:41: error: cannot infer contextual base in reference to member 'viewing'
        if userContext.journeyStage == .viewing {
                                       ~^~~~~~~

SwiftCompile normal arm64 /Users/ryankanfer/Documents/Developer/HOMEY\ Clean/HOMEY\ Clean/Intelligence/Suggestions/SuggestionModels.swift (in target 'HOMEY Clean' from project 'HOMEY Clean')
    cd /Users/ryankanfer/Documents/Developer/HOMEY\ Clean
    

SwiftCompile normal arm64 /Users/ryankanfer/Documents/Developer/HOMEY\ Clean/HOMEY\ Clean/Intelligence/Suggestions/SuggestionViews.swift (in target 'HOMEY Clean' from project 'HOMEY Clean')
    cd /Users/ryankanfer/Documents/Developer/HOMEY\ Clean
    

SwiftCompile normal arm64 /Users/ryankanfer/Documents/Developer/HOMEY\ Clean/HOMEY\ Clean/ios/Shared/Config/AppConfig.swift (in target 'HOMEY Clean' from project 'HOMEY Clean')
    cd /Users/ryankanfer/Documents/Developer/HOMEY\ Clean
    

SwiftCompile normal arm64 /Users/ryankanfer/Documents/Developer/HOMEY\ Clean/HOMEY\ Clean/Models/CharlieRoomModels.swift (in target 'HOMEY Clean' from project 'HOMEY Clean')
    cd /Users/ryankanfer/Documents/Developer/HOMEY\ Clean
    

SwiftCompile normal arm64 /Users/ryankanfer/Documents/Developer/HOMEY\ Clean/HOMEY\ Clean/Models/CompanionModule.swift (in target 'HOMEY Clean' from project 'HOMEY Clean')
    cd /Users/ryankanfer/Documents/Developer/HOMEY\ Clean
    

SwiftCompile normal arm64 /Users/ryankanfer/Documents/Developer/HOMEY\ Clean/HOMEY\ Clean/Models/DocumentVault.swift (in target 'HOMEY Clean' from project 'HOMEY Clean')
    cd /Users/ryankanfer/Documents/Developer/HOMEY\ Clean
    

SwiftCompile normal arm64 /Users/ryankanfer/Documents/Developer/HOMEY\ Clean/HOMEY\ Clean/Models/HomepageCustomization.swift (in target 'HOMEY Clean' from project 'HOMEY Clean')
    cd /Users/ryankanfer/Documents/Developer/HOMEY\ Clean
    

SwiftCompile normal arm64 /Users/ryankanfer/Documents/Developer/HOMEY\ Clean/HOMEY\ Clean/Models/JourneyEpisode.swift (in target 'HOMEY Clean' from project 'HOMEY Clean')
    cd /Users/ryankanfer/Documents/Developer/HOMEY\ Clean
    

SwiftCompile normal arm64 /Users/ryankanfer/Documents/Developer/HOMEY\ Clean/HOMEY\ Clean/Models/JourneyStage.swift (in target 'HOMEY Clean' from project 'HOMEY Clean')
    cd /Users/ryankanfer/Documents/Developer/HOMEY\ Clean
    

SwiftCompile normal arm64 /Users/ryankanfer/Documents/Developer/HOMEY\ Clean/HOMEY\ Clean/Opening/CharacterCarousel.swift (in target 'HOMEY Clean' from project 'HOMEY Clean')
    cd /Users/ryankanfer/Documents/Developer/HOMEY\ Clean
    

SwiftCompile normal arm64 /Users/ryankanfer/Documents/Developer/HOMEY\ Clean/HOMEY\ Clean/Opening/CharacterTilesGrid.swift (in target 'HOMEY Clean' from project 'HOMEY Clean')
    cd /Users/ryankanfer/Documents/Developer/HOMEY\ Clean
    

SwiftCompile normal arm64 /Users/ryankanfer/Documents/Developer/HOMEY\ Clean/HOMEY\ Clean/Opening/LaunchGate.swift (in target 'HOMEY Clean' from project 'HOMEY Clean')
    cd /Users/ryankanfer/Documents/Developer/HOMEY\ Clean
    

SwiftCompile normal arm64 /Users/ryankanfer/Documents/Developer/HOMEY\ Clean/HOMEY\ Clean/Opening/LaunchView.swift (in target 'HOMEY Clean' from project 'HOMEY Clean')
    cd /Users/ryankanfer/Documents/Developer/HOMEY\ Clean
    

SwiftCompile normal arm64 /Users/ryankanfer/Documents/Developer/HOMEY\ Clean/HOMEY\ Clean/Opening/TeamTile.swift (in target 'HOMEY Clean' from project 'HOMEY Clean')
    cd /Users/ryankanfer/Documents/Developer/HOMEY\ Clean
    

SwiftCompile normal arm64 /Users/ryankanfer/Documents/Developer/HOMEY\ Clean/HOMEY\ Clean/Opening/UnifiedWelcomeView.swift (in target 'HOMEY Clean' from project 'HOMEY Clean')
    cd /Users/ryankanfer/Documents/Developer/HOMEY\ Clean
    

SwiftCompile normal arm64 /Users/ryankanfer/Documents/Developer/HOMEY\ Clean/HOMEY\ Clean/Opening/WelcomePagerView.swift (in target 'HOMEY Clean' from project 'HOMEY Clean')
    cd /Users/ryankanfer/Documents/Developer/HOMEY\ Clean
    

SwiftCompile normal arm64 /Users/ryankanfer/Documents/Developer/HOMEY\ Clean/HOMEY\ Clean/Opening/WelcomeStoryboardView.swift (in target 'HOMEY Clean' from project 'HOMEY Clean')
    cd /Users/ryankanfer/Documents/Developer/HOMEY\ Clean
    

SwiftCompile normal arm64 Compiling\ HolographicAREngine.swift,\ SpatialComputingEngine.swift,\ ColorPaletteRow.swift,\ FurnitureToolbar.swift,\ ProgressionSystem.swift,\ ProjectionDome.swift,\ SaveExportSheet.swift,\ ScenePresetsBar.swift,\ VizaVisionModels.swift,\ SaveExportManager.swift,\ VizaVisionViewModel.swift,\ VizaVisionView.swift,\ IntelligenceAPI.swift,\ BlockchainIdentityEngine.swift,\ FourDimensionalVisualizationEngine.swift,\ IntelligenceHub.swift,\ LearningLoop.swift,\ QuantumUIEngine.swift,\ RecommendationEngineWriter.swift,\ StageDetector.swift,\ TemporalPredictionEngine.swift,\ GovernanceCenter.swift,\ MetricsTracker.swift /Users/ryankanfer/Documents/Developer/HOMEY\ Clean/HOMEY\ Clean/Features/SpatialComputing/HolographicAREngine.swift /Users/ryankanfer/Documents/Developer/HOMEY\ Clean/HOMEY\ Clean/Features/SpatialComputing/SpatialComputingEngine.swift /Users/ryankanfer/Documents/Developer/HOMEY\ Clean/HOMEY\ Clean/Features/Viza/Components/ColorPaletteRow.swift /Users/ryankanfer/Documents/Developer/HOMEY\ Clean/HOMEY\ Clean/Features/Viza/Components/FurnitureToolbar.swift /Users/ryankanfer/Documents/Developer/HOMEY\ Clean/HOMEY\ Clean/Features/Viza/Components/ProgressionSystem.swift /Users/ryankanfer/Documents/Developer/HOMEY\ Clean/HOMEY\ Clean/Features/Viza/Components/ProjectionDome.swift /Users/ryankanfer/Documents/Developer/HOMEY\ Clean/HOMEY\ Clean/Features/Viza/Components/SaveExportSheet.swift /Users/ryankanfer/Documents/Developer/HOMEY\ Clean/HOMEY\ Clean/Features/Viza/Components/ScenePresetsBar.swift /Users/ryankanfer/Documents/Developer/HOMEY\ Clean/HOMEY\ Clean/Features/Viza/Models/VizaVisionModels.swift /Users/ryankanfer/Documents/Developer/HOMEY\ Clean/HOMEY\ Clean/Features/Viza/Services/SaveExportManager.swift /Users/ryankanfer/Documents/Developer/HOMEY\ Clean/HOMEY\ Clean/Features/Viza/ViewModels/VizaVisionViewModel.swift /Users/ryankanfer/Documents/Developer/HOMEY\ Clean/HOMEY\ Clean/Features/Viza/Views/VizaVisionView.swift /Users/ryankanfer/Documents/Developer/HOMEY\ Clean/HOMEY\ Clean/Intelligence/API/IntelligenceAPI.swift /Users/ryankanfer/Documents/Developer/HOMEY\ Clean/HOMEY\ Clean/Intelligence/Engine/BlockchainIdentityEngine.swift /Users/ryankanfer/Documents/Developer/HOMEY\ Clean/HOMEY\ Clean/Intelligence/Engine/FourDimensionalVisualizationEngine.swift /Users/ryankanfer/Documents/Developer/HOMEY\ Clean/HOMEY\ Clean/Intelligence/Engine/IntelligenceHub.swift /Users/ryankanfer/Documents/Developer/HOMEY\ Clean/HOMEY\ Clean/Intelligence/Engine/LearningLoop.swift /Users/ryankanfer/Documents/Developer/HOMEY\ Clean/HOMEY\ Clean/Intelligence/Engine/QuantumUIEngine.swift /Users/ryankanfer/Documents/Developer/HOMEY\ Clean/HOMEY\ Clean/Intelligence/Engine/RecommendationEngineWriter.swift /Users/ryankanfer/Documents/Developer/HOMEY\ Clean/HOMEY\ Clean/Intelligence/Engine/StageDetector.swift /Users/ryankanfer/Documents/Developer/HOMEY\ Clean/HOMEY\ Clean/Intelligence/Engine/TemporalPredictionEngine.swift /Users/ryankanfer/Documents/Developer/HOMEY\ Clean/HOMEY\ Clean/Intelligence/Governance/GovernanceCenter.swift /Users/ryankanfer/Documents/Developer/HOMEY\ Clean/HOMEY\ Clean/Intelligence/Metrics/MetricsTracker.swift (in target 'HOMEY Clean' from project 'HOMEY Clean')

SwiftCompile normal arm64 /Users/ryankanfer/Documents/Developer/HOMEY\ Clean/HOMEY\ Clean/Features/SpatialComputing/HolographicAREngine.swift (in target 'HOMEY Clean' from project 'HOMEY Clean')
    cd /Users/ryankanfer/Documents/Developer/HOMEY\ Clean
    

SwiftCompile normal arm64 /Users/ryankanfer/Documents/Developer/HOMEY\ Clean/HOMEY\ Clean/Features/SpatialComputing/SpatialComputingEngine.swift (in target 'HOMEY Clean' from project 'HOMEY Clean')
    cd /Users/ryankanfer/Documents/Developer/HOMEY\ Clean
    

SwiftCompile normal arm64 /Users/ryankanfer/Documents/Developer/HOMEY\ Clean/HOMEY\ Clean/Features/Viza/Components/ColorPaletteRow.swift (in target 'HOMEY Clean' from project 'HOMEY Clean')
    cd /Users/ryankanfer/Documents/Developer/HOMEY\ Clean
    

SwiftCompile normal arm64 /Users/ryankanfer/Documents/Developer/HOMEY\ Clean/HOMEY\ Clean/Features/Viza/Components/FurnitureToolbar.swift (in target 'HOMEY Clean' from project 'HOMEY Clean')
    cd /Users/ryankanfer/Documents/Developer/HOMEY\ Clean
    

SwiftCompile normal arm64 /Users/ryankanfer/Documents/Developer/HOMEY\ Clean/HOMEY\ Clean/Features/Viza/Components/ProgressionSystem.swift (in target 'HOMEY Clean' from project 'HOMEY Clean')
    cd /Users/ryankanfer/Documents/Developer/HOMEY\ Clean
    

SwiftCompile normal arm64 /Users/ryankanfer/Documents/Developer/HOMEY\ Clean/HOMEY\ Clean/Features/Viza/Components/ProjectionDome.swift (in target 'HOMEY Clean' from project 'HOMEY Clean')
    cd /Users/ryankanfer/Documents/Developer/HOMEY\ Clean
    

SwiftCompile normal arm64 /Users/ryankanfer/Documents/Developer/HOMEY\ Clean/HOMEY\ Clean/Features/Viza/Components/SaveExportSheet.swift (in target 'HOMEY Clean' from project 'HOMEY Clean')
    cd /Users/ryankanfer/Documents/Developer/HOMEY\ Clean
    

SwiftCompile normal arm64 /Users/ryankanfer/Documents/Developer/HOMEY\ Clean/HOMEY\ Clean/Features/Viza/Components/ScenePresetsBar.swift (in target 'HOMEY Clean' from project 'HOMEY Clean')
    cd /Users/ryankanfer/Documents/Developer/HOMEY\ Clean
    

SwiftCompile normal arm64 /Users/ryankanfer/Documents/Developer/HOMEY\ Clean/HOMEY\ Clean/Features/Viza/Models/VizaVisionModels.swift (in target 'HOMEY Clean' from project 'HOMEY Clean')
    cd /Users/ryankanfer/Documents/Developer/HOMEY\ Clean
    

SwiftCompile normal arm64 /Users/ryankanfer/Documents/Developer/HOMEY\ Clean/HOMEY\ Clean/Features/Viza/Services/SaveExportManager.swift (in target 'HOMEY Clean' from project 'HOMEY Clean')
    cd /Users/ryankanfer/Documents/Developer/HOMEY\ Clean
    

SwiftCompile normal arm64 /Users/ryankanfer/Documents/Developer/HOMEY\ Clean/HOMEY\ Clean/Features/Viza/ViewModels/VizaVisionViewModel.swift (in target 'HOMEY Clean' from project 'HOMEY Clean')
    cd /Users/ryankanfer/Documents/Developer/HOMEY\ Clean
    

SwiftCompile normal arm64 /Users/ryankanfer/Documents/Developer/HOMEY\ Clean/HOMEY\ Clean/Features/Viza/Views/VizaVisionView.swift (in target 'HOMEY Clean' from project 'HOMEY Clean')
    cd /Users/ryankanfer/Documents/Developer/HOMEY\ Clean
    

SwiftCompile normal arm64 /Users/ryankanfer/Documents/Developer/HOMEY\ Clean/HOMEY\ Clean/Intelligence/API/IntelligenceAPI.swift (in target 'HOMEY Clean' from project 'HOMEY Clean')
    cd /Users/ryankanfer/Documents/Developer/HOMEY\ Clean
    

SwiftCompile normal arm64 /Users/ryankanfer/Documents/Developer/HOMEY\ Clean/HOMEY\ Clean/Intelligence/Engine/BlockchainIdentityEngine.swift (in target 'HOMEY Clean' from project 'HOMEY Clean')
    cd /Users/ryankanfer/Documents/Developer/HOMEY\ Clean
    

SwiftCompile normal arm64 /Users/ryankanfer/Documents/Developer/HOMEY\ Clean/HOMEY\ Clean/Intelligence/Engine/FourDimensionalVisualizationEngine.swift (in target 'HOMEY Clean' from project 'HOMEY Clean')
    cd /Users/ryankanfer/Documents/Developer/HOMEY\ Clean
    

SwiftCompile normal arm64 /Users/ryankanfer/Documents/Developer/HOMEY\ Clean/HOMEY\ Clean/Intelligence/Engine/IntelligenceHub.swift (in target 'HOMEY Clean' from project 'HOMEY Clean')
    cd /Users/ryankanfer/Documents/Developer/HOMEY\ Clean
    

SwiftCompile normal arm64 /Users/ryankanfer/Documents/Developer/HOMEY\ Clean/HOMEY\ Clean/Intelligence/Engine/LearningLoop.swift (in target 'HOMEY Clean' from project 'HOMEY Clean')
    cd /Users/ryankanfer/Documents/Developer/HOMEY\ Clean
    

SwiftCompile normal arm64 /Users/ryankanfer/Documents/Developer/HOMEY\ Clean/HOMEY\ Clean/Intelligence/Engine/QuantumUIEngine.swift (in target 'HOMEY Clean' from project 'HOMEY Clean')
    cd /Users/ryankanfer/Documents/Developer/HOMEY\ Clean
    

SwiftCompile normal arm64 /Users/ryankanfer/Documents/Developer/HOMEY\ Clean/HOMEY\ Clean/Intelligence/Engine/RecommendationEngineWriter.swift (in target 'HOMEY Clean' from project 'HOMEY Clean')
    cd /Users/ryankanfer/Documents/Developer/HOMEY\ Clean
    

SwiftCompile normal arm64 /Users/ryankanfer/Documents/Developer/HOMEY\ Clean/HOMEY\ Clean/Intelligence/Engine/StageDetector.swift (in target 'HOMEY Clean' from project 'HOMEY Clean')
    cd /Users/ryankanfer/Documents/Developer/HOMEY\ Clean
    

SwiftCompile normal arm64 /Users/ryankanfer/Documents/Developer/HOMEY\ Clean/HOMEY\ Clean/Intelligence/Engine/TemporalPredictionEngine.swift (in target 'HOMEY Clean' from project 'HOMEY Clean')
    cd /Users/ryankanfer/Documents/Developer/HOMEY\ Clean
    

SwiftCompile normal arm64 /Users/ryankanfer/Documents/Developer/HOMEY\ Clean/HOMEY\ Clean/Intelligence/Governance/GovernanceCenter.swift (in target 'HOMEY Clean' from project 'HOMEY Clean')
    cd /Users/ryankanfer/Documents/Developer/HOMEY\ Clean
    

SwiftCompile normal arm64 /Users/ryankanfer/Documents/Developer/HOMEY\ Clean/HOMEY\ Clean/Intelligence/Metrics/MetricsTracker.swift (in target 'HOMEY Clean' from project 'HOMEY Clean')
    cd /Users/ryankanfer/Documents/Developer/HOMEY\ Clean
    

SwiftCompile normal arm64 Compiling\ ClientTabView.swift,\ DocumentsDashboardView.swift,\ DrawerComponents.swift,\ DrawerRouter.swift,\ EventsManager.swift,\ FeatureFlags.swift,\ Font+Fallback.swift,\ HapticsManager.swift,\ HOMEY_CleanApp.swift,\ HomeyAPI.swift,\ Models.swift,\ NavigationComponents.swift,\ OnboardingModalView.swift,\ PredictiveUIEngine.swift,\ PresentationController.swift,\ ProfilesService.swift,\ ProfileTabView.swift,\ ProfileViewModel.swift,\ RootView.swift,\ SearchComponents.swift,\ SessionManager+Role.swift,\ SettingsRoute.swift,\ SupabaseAuthManager.swift,\ SupabaseFunctionsService.swift /Users/ryankanfer/Documents/Developer/HOMEY\ Clean/HOMEY\ Clean/Core/ClientTabView.swift /Users/ryankanfer/Documents/Developer/HOMEY\ Clean/HOMEY\ Clean/Core/DocumentsDashboardView.swift /Users/ryankanfer/Documents/Developer/HOMEY\ Clean/HOMEY\ Clean/Core/DrawerComponents.swift /Users/ryankanfer/Documents/Developer/HOMEY\ Clean/HOMEY\ Clean/Core/DrawerRouter.swift /Users/ryankanfer/Documents/Developer/HOMEY\ Clean/HOMEY\ Clean/Core/EventsManager.swift /Users/ryankanfer/Documents/Developer/HOMEY\ Clean/HOMEY\ Clean/Core/FeatureFlags.swift /Users/ryankanfer/Documents/Developer/HOMEY\ Clean/HOMEY\ Clean/Core/Font+Fallback.swift /Users/ryankanfer/Documents/Developer/HOMEY\ Clean/HOMEY\ Clean/Core/HapticsManager.swift /Users/ryankanfer/Documents/Developer/HOMEY\ Clean/HOMEY\ Clean/Core/HOMEY_CleanApp.swift /Users/ryankanfer/Documents/Developer/HOMEY\ Clean/HOMEY\ Clean/Core/HomeyAPI.swift /Users/ryankanfer/Documents/Developer/HOMEY\ Clean/HOMEY\ Clean/Core/Models.swift /Users/ryankanfer/Documents/Developer/HOMEY\ Clean/HOMEY\ Clean/Core/NavigationComponents.swift /Users/ryankanfer/Documents/Developer/HOMEY\ Clean/HOMEY\ Clean/Core/OnboardingModalView.swift /Users/ryankanfer/Documents/Developer/HOMEY\ Clean/HOMEY\ Clean/Core/PredictiveUIEngine.swift /Users/ryankanfer/Documents/Developer/HOMEY\ Clean/HOMEY\ Clean/Core/PresentationController.swift /Users/ryankanfer/Documents/Developer/HOMEY\ Clean/HOMEY\ Clean/Core/ProfilesService.swift /Users/ryankanfer/Documents/Developer/HOMEY\ Clean/HOMEY\ Clean/Core/ProfileTabView.swift /Users/ryankanfer/Documents/Developer/HOMEY\ Clean/HOMEY\ Clean/Core/ProfileViewModel.swift /Users/ryankanfer/Documents/Developer/HOMEY\ Clean/HOMEY\ Clean/Core/RootView.swift /Users/ryankanfer/Documents/Developer/HOMEY\ Clean/HOMEY\ Clean/Core/SearchComponents.swift /Users/ryankanfer/Documents/Developer/HOMEY\ Clean/HOMEY\ Clean/Core/SessionManager+Role.swift /Users/ryankanfer/Documents/Developer/HOMEY\ Clean/HOMEY\ Clean/Core/SettingsRoute.swift /Users/ryankanfer/Documents/Developer/HOMEY\ Clean/HOMEY\ Clean/Core/SupabaseAuthManager.swift /Users/ryankanfer/Documents/Developer/HOMEY\ Clean/HOMEY\ Clean/Core/SupabaseFunctionsService.swift (in target 'HOMEY Clean' from project 'HOMEY Clean')

SwiftCompile normal arm64 /Users/ryankanfer/Documents/Developer/HOMEY\ Clean/HOMEY\ Clean/Core/ClientTabView.swift (in target 'HOMEY Clean' from project 'HOMEY Clean')
    cd /Users/ryankanfer/Documents/Developer/HOMEY\ Clean
    

SwiftCompile normal arm64 /Users/ryankanfer/Documents/Developer/HOMEY\ Clean/HOMEY\ Clean/Core/DocumentsDashboardView.swift (in target 'HOMEY Clean' from project 'HOMEY Clean')
    cd /Users/ryankanfer/Documents/Developer/HOMEY\ Clean
    

SwiftCompile normal arm64 /Users/ryankanfer/Documents/Developer/HOMEY\ Clean/HOMEY\ Clean/Core/DrawerComponents.swift (in target 'HOMEY Clean' from project 'HOMEY Clean')
    cd /Users/ryankanfer/Documents/Developer/HOMEY\ Clean
    

SwiftCompile normal arm64 /Users/ryankanfer/Documents/Developer/HOMEY\ Clean/HOMEY\ Clean/Core/DrawerRouter.swift (in target 'HOMEY Clean' from project 'HOMEY Clean')
    cd /Users/ryankanfer/Documents/Developer/HOMEY\ Clean
    

SwiftCompile normal arm64 /Users/ryankanfer/Documents/Developer/HOMEY\ Clean/HOMEY\ Clean/Core/EventsManager.swift (in target 'HOMEY Clean' from project 'HOMEY Clean')
    cd /Users/ryankanfer/Documents/Developer/HOMEY\ Clean
    

SwiftCompile normal arm64 /Users/ryankanfer/Documents/Developer/HOMEY\ Clean/HOMEY\ Clean/Core/FeatureFlags.swift (in target 'HOMEY Clean' from project 'HOMEY Clean')
    cd /Users/ryankanfer/Documents/Developer/HOMEY\ Clean
    

SwiftCompile normal arm64 /Users/ryankanfer/Documents/Developer/HOMEY\ Clean/HOMEY\ Clean/Core/Font+Fallback.swift (in target 'HOMEY Clean' from project 'HOMEY Clean')
    cd /Users/ryankanfer/Documents/Developer/HOMEY\ Clean
    

SwiftCompile normal arm64 /Users/ryankanfer/Documents/Developer/HOMEY\ Clean/HOMEY\ Clean/Core/HapticsManager.swift (in target 'HOMEY Clean' from project 'HOMEY Clean')
    cd /Users/ryankanfer/Documents/Developer/HOMEY\ Clean
    

SwiftCompile normal arm64 /Users/ryankanfer/Documents/Developer/HOMEY\ Clean/HOMEY\ Clean/Core/HOMEY_CleanApp.swift (in target 'HOMEY Clean' from project 'HOMEY Clean')
    cd /Users/ryankanfer/Documents/Developer/HOMEY\ Clean
    

SwiftCompile normal arm64 /Users/ryankanfer/Documents/Developer/HOMEY\ Clean/HOMEY\ Clean/Core/HomeyAPI.swift (in target 'HOMEY Clean' from project 'HOMEY Clean')
    cd /Users/ryankanfer/Documents/Developer/HOMEY\ Clean
    

SwiftCompile normal arm64 /Users/ryankanfer/Documents/Developer/HOMEY\ Clean/HOMEY\ Clean/Core/Models.swift (in target 'HOMEY Clean' from project 'HOMEY Clean')
    cd /Users/ryankanfer/Documents/Developer/HOMEY\ Clean
    

SwiftCompile normal arm64 /Users/ryankanfer/Documents/Developer/HOMEY\ Clean/HOMEY\ Clean/Core/NavigationComponents.swift (in target 'HOMEY Clean' from project 'HOMEY Clean')
    cd /Users/ryankanfer/Documents/Developer/HOMEY\ Clean
    

SwiftCompile normal arm64 /Users/ryankanfer/Documents/Developer/HOMEY\ Clean/HOMEY\ Clean/Core/OnboardingModalView.swift (in target 'HOMEY Clean' from project 'HOMEY Clean')
    cd /Users/ryankanfer/Documents/Developer/HOMEY\ Clean
    

SwiftCompile normal arm64 /Users/ryankanfer/Documents/Developer/HOMEY\ Clean/HOMEY\ Clean/Core/PredictiveUIEngine.swift (in target 'HOMEY Clean' from project 'HOMEY Clean')
    cd /Users/ryankanfer/Documents/Developer/HOMEY\ Clean
    

SwiftCompile normal arm64 /Users/ryankanfer/Documents/Developer/HOMEY\ Clean/HOMEY\ Clean/Core/PresentationController.swift (in target 'HOMEY Clean' from project 'HOMEY Clean')
    cd /Users/ryankanfer/Documents/Developer/HOMEY\ Clean
    

SwiftCompile normal arm64 /Users/ryankanfer/Documents/Developer/HOMEY\ Clean/HOMEY\ Clean/Core/ProfilesService.swift (in target 'HOMEY Clean' from project 'HOMEY Clean')
    cd /Users/ryankanfer/Documents/Developer/HOMEY\ Clean
    

SwiftCompile normal arm64 /Users/ryankanfer/Documents/Developer/HOMEY\ Clean/HOMEY\ Clean/Core/ProfileTabView.swift (in target 'HOMEY Clean' from project 'HOMEY Clean')
    cd /Users/ryankanfer/Documents/Developer/HOMEY\ Clean
    

SwiftCompile normal arm64 /Users/ryankanfer/Documents/Developer/HOMEY\ Clean/HOMEY\ Clean/Core/ProfileViewModel.swift (in target 'HOMEY Clean' from project 'HOMEY Clean')
    cd /Users/ryankanfer/Documents/Developer/HOMEY\ Clean
    

SwiftCompile normal arm64 /Users/ryankanfer/Documents/Developer/HOMEY\ Clean/HOMEY\ Clean/Core/RootView.swift (in target 'HOMEY Clean' from project 'HOMEY Clean')
    cd /Users/ryankanfer/Documents/Developer/HOMEY\ Clean
    

SwiftCompile normal arm64 /Users/ryankanfer/Documents/Developer/HOMEY\ Clean/HOMEY\ Clean/Core/SearchComponents.swift (in target 'HOMEY Clean' from project 'HOMEY Clean')
    cd /Users/ryankanfer/Documents/Developer/HOMEY\ Clean
    

SwiftCompile normal arm64 /Users/ryankanfer/Documents/Developer/HOMEY\ Clean/HOMEY\ Clean/Core/SessionManager+Role.swift (in target 'HOMEY Clean' from project 'HOMEY Clean')
    cd /Users/ryankanfer/Documents/Developer/HOMEY\ Clean
    

SwiftCompile normal arm64 /Users/ryankanfer/Documents/Developer/HOMEY\ Clean/HOMEY\ Clean/Core/SettingsRoute.swift (in target 'HOMEY Clean' from project 'HOMEY Clean')
    cd /Users/ryankanfer/Documents/Developer/HOMEY\ Clean
    

SwiftCompile normal arm64 /Users/ryankanfer/Documents/Developer/HOMEY\ Clean/HOMEY\ Clean/Core/SupabaseAuthManager.swift (in target 'HOMEY Clean' from project 'HOMEY Clean')
    cd /Users/ryankanfer/Documents/Developer/HOMEY\ Clean
    

SwiftCompile normal arm64 /Users/ryankanfer/Documents/Developer/HOMEY\ Clean/HOMEY\ Clean/Core/SupabaseFunctionsService.swift (in target 'HOMEY Clean' from project 'HOMEY Clean')
    cd /Users/ryankanfer/Documents/Developer/HOMEY\ Clean
    

SwiftDriverJobDiscovery normal arm64 Compiling KeychainLocalStorage.swift, WinCredLocalStorage.swift, Types.swift (in target 'Auth' from project 'Supabase')

SwiftCompile normal arm64 Compiling\ TabComponents.swift,\ UserProfileManager.swift,\ ViewportMargins.swift,\ AdminDashboardView.swift,\ BuildBadge.swift,\ DangerZone.swift,\ FlagsPanel.swift,\ ImpersonateBar.swift,\ LogTailView.swift,\ AgentDashboardView.swift,\ AgentEventsView.swift,\ AgentInviteButton.swift,\ NudgeService.swift,\ ClientHomeView.swift,\ ClientLiveContent.swift,\ CharlieDashboardView.swift,\ CharlieOnboardingView.swift,\ EducationCenterSection.swift,\ EducationCenterSectionView.swift,\ SubwayProgressView.swift,\ DrewDashboardView.swift,\ VendorsServiceType.swift,\ VendorsView.swift,\ IslaDashboardView.swift /Users/ryankanfer/Documents/Developer/HOMEY\ Clean/HOMEY\ Clean/Core/TabComponents.swift /Users/ryankanfer/Documents/Developer/HOMEY\ Clean/HOMEY\ Clean/Core/UserProfileManager.swift /Users/ryankanfer/Documents/Developer/HOMEY\ Clean/HOMEY\ Clean/Core/ViewportMargins.swift /Users/ryankanfer/Documents/Developer/HOMEY\ Clean/HOMEY\ Clean/Dashboards/Admin/AdminDashboardView.swift /Users/ryankanfer/Documents/Developer/HOMEY\ Clean/HOMEY\ Clean/Dashboards/Admin/BuildBadge.swift /Users/ryankanfer/Documents/Developer/HOMEY\ Clean/HOMEY\ Clean/Dashboards/Admin/DangerZone.swift /Users/ryankanfer/Documents/Developer/HOMEY\ Clean/HOMEY\ Clean/Dashboards/Admin/FlagsPanel.swift /Users/ryankanfer/Documents/Developer/HOMEY\ Clean/HOMEY\ Clean/Dashboards/Admin/ImpersonateBar.swift /Users/ryankanfer/Documents/Developer/HOMEY\ Clean/HOMEY\ Clean/Dashboards/Admin/LogTailView.swift /Users/ryankanfer/Documents/Developer/HOMEY\ Clean/HOMEY\ Clean/Dashboards/Agents/AgentDashboardView.swift /Users/ryankanfer/Documents/Developer/HOMEY\ Clean/HOMEY\ Clean/Dashboards/Agents/AgentEventsView.swift /Users/ryankanfer/Documents/Developer/HOMEY\ Clean/HOMEY\ Clean/Dashboards/Agents/AgentInviteButton.swift /Users/ryankanfer/Documents/Developer/HOMEY\ Clean/HOMEY\ Clean/Dashboards/Agents/NudgeService.swift /Users/ryankanfer/Documents/Developer/HOMEY\ Clean/HOMEY\ Clean/Dashboards/Clients/Legacy/ClientHomeView.swift /Users/ryankanfer/Documents/Developer/HOMEY\ Clean/HOMEY\ Clean/Dashboards/Clients/Legacy/ClientLiveContent.swift /Users/ryankanfer/Documents/Developer/HOMEY\ Clean/HOMEY\ Clean/Dashboards/Clients/Pages/Charlie/CharlieDashboardView.swift /Users/ryankanfer/Documents/Developer/HOMEY\ Clean/HOMEY\ Clean/Dashboards/Clients/Pages/Charlie/CharlieOnboardingView.swift /Users/ryankanfer/Documents/Developer/HOMEY\ Clean/HOMEY\ Clean/Dashboards/Clients/Pages/Charlie/EducationCenterSection.swift /Users/ryankanfer/Documents/Developer/HOMEY\ Clean/HOMEY\ Clean/Dashboards/Clients/Pages/Charlie/EducationCenterSectionView.swift /Users/ryankanfer/Documents/Developer/HOMEY\ Clean/HOMEY\ Clean/Dashboards/Clients/Pages/Charlie/SubwayProgressView.swift /Users/ryankanfer/Documents/Developer/HOMEY\ Clean/HOMEY\ Clean/Dashboards/Clients/Pages/Drew/DrewDashboardView.swift /Users/ryankanfer/Documents/Developer/HOMEY\ Clean/HOMEY\ Clean/Dashboards/Clients/Pages/Drew/VendorsServiceType.swift /Users/ryankanfer/Documents/Developer/HOMEY\ Clean/HOMEY\ Clean/Dashboards/Clients/Pages/Drew/VendorsView.swift /Users/ryankanfer/Documents/Developer/HOMEY\ Clean/HOMEY\ Clean/Dashboards/Clients/Pages/Isla/IslaDashboardView.swift (in target 'HOMEY Clean' from project 'HOMEY Clean')

note: Run script build phase 'Run Script' will be run during every build because the option to run the script phase "Based on dependency analysis" is unchecked. (in target 'HOMEY Clean' from project 'HOMEY Clean')
** BUILD FAILED **


The following build commands failed:
	SwiftCompile normal arm64 Compiling\ InteractionEvent.swift,\ InteractionLogger.swift,\ CrossScreenContext.swift,\ FrequencyController.swift,\ SpeedometerView.swift,\ SuggestionEngine.swift,\ SuggestionModels.swift,\ SuggestionViews.swift,\ AppConfig.swift,\ CharlieRoomModels.swift,\ CompanionModule.swift,\ DocumentVault.swift,\ HomepageCustomization.swift,\ JourneyEpisode.swift,\ JourneyStage.swift,\ CharacterCarousel.swift,\ CharacterTilesGrid.swift,\ LaunchGate.swift,\ LaunchView.swift,\ TeamTile.swift,\ UnifiedWelcomeView.swift,\ WelcomePagerView.swift,\ WelcomeStoryboardView.swift /Users/ryankanfer/Documents/Developer/HOMEY\ Clean/HOMEY\ Clean/Intelligence/Models/InteractionEvent.swift /Users/ryankanfer/Documents/Developer/HOMEY\ Clean/HOMEY\ Clean/Intelligence/Services/InteractionLogger.swift /Users/ryankanfer/Documents/Developer/HOMEY\ Clean/HOMEY\ Clean/Intelligence/Stores/CrossScreenContext.swift /Users/ryankanfer/Documents/Developer/HOMEY\ Clean/HOMEY\ Clean/Intelligence/Suggestions/FrequencyController.swift /Users/ryankanfer/Documents/Developer/HOMEY\ Clean/HOMEY\ Clean/Intelligence/Suggestions/SpeedometerView.swift /Users/ryankanfer/Documents/Developer/HOMEY\ Clean/HOMEY\ Clean/Intelligence/Suggestions/SuggestionEngine.swift /Users/ryankanfer/Documents/Developer/HOMEY\ Clean/HOMEY\ Clean/Intelligence/Suggestions/SuggestionModels.swift /Users/ryankanfer/Documents/Developer/HOMEY\ Clean/HOMEY\ Clean/Intelligence/Suggestions/SuggestionViews.swift /Users/ryankanfer/Documents/Developer/HOMEY\ Clean/HOMEY\ Clean/ios/Shared/Config/AppConfig.swift /Users/ryankanfer/Documents/Developer/HOMEY\ Clean/HOMEY\ Clean/Models/CharlieRoomModels.swift /Users/ryankanfer/Documents/Developer/HOMEY\ Clean/HOMEY\ Clean/Models/CompanionModule.swift /Users/ryankanfer/Documents/Developer/HOMEY\ Clean/HOMEY\ Clean/Models/DocumentVault.swift /Users/ryankanfer/Documents/Developer/HOMEY\ Clean/HOMEY\ Clean/Models/HomepageCustomization.swift /Users/ryankanfer/Documents/Developer/HOMEY\ Clean/HOMEY\ Clean/Models/JourneyEpisode.swift /Users/ryankanfer/Documents/Developer/HOMEY\ Clean/HOMEY\ Clean/Models/JourneyStage.swift /Users/ryankanfer/Documents/Developer/HOMEY\ Clean/HOMEY\ Clean/Opening/CharacterCarousel.swift /Users/ryankanfer/Documents/Developer/HOMEY\ Clean/HOMEY\ Clean/Opening/CharacterTilesGrid.swift /Users/ryankanfer/Documents/Developer/HOMEY\ Clean/HOMEY\ Clean/Opening/LaunchGate.swift /Users/ryankanfer/Documents/Developer/HOMEY\ Clean/HOMEY\ Clean/Opening/LaunchView.swift /Users/ryankanfer/Documents/Developer/HOMEY\ Clean/HOMEY\ Clean/Opening/TeamTile.swift /Users/ryankanfer/Documents/Developer/HOMEY\ Clean/HOMEY\ Clean/Opening/UnifiedWelcomeView.swift /Users/ryankanfer/Documents/Developer/HOMEY\ Clean/HOMEY\ Clean/Opening/WelcomePagerView.swift /Users/ryankanfer/Documents/Developer/HOMEY\ Clean/HOMEY\ Clean/Opening/WelcomeStoryboardView.swift (in target 'HOMEY Clean' from project 'HOMEY Clean')
	SwiftCompile normal arm64 /Users/ryankanfer/Documents/Developer/HOMEY\ Clean/HOMEY\ Clean/Intelligence/Stores/CrossScreenContext.swift (in target 'HOMEY Clean' from project 'HOMEY Clean')
	SwiftCompile normal arm64 /Users/ryankanfer/Documents/Developer/HOMEY\ Clean/HOMEY\ Clean/Intelligence/Suggestions/SuggestionEngine.swift (in target 'HOMEY Clean' from project 'HOMEY Clean')
	Building project HOMEY Clean with scheme HOMEY Clean
(4 failures)
