Command line invocation:
    /Applications/Xcode.app/Contents/Developer/usr/bin/xcodebuild -project "HOMEY Clean.xcodeproj" -scheme "HOMEY Clean" -destination "generic/platform=iOS Simulator" build

Resolve Package Graph


Resolved source packages:
  Supabase: https://github.com/supabase-community/supabase-swift @ 2.31.2
  swift-concurrency-extras: https://github.com/pointfreeco/swift-concurrency-extras @ 1.3.1
  swift-crypto: https://github.com/apple/swift-crypto.git @ 3.14.0
  swift-clocks: https://github.com/pointfreeco/swift-clocks @ 1.0.6
  swift-asn1: https://github.com/apple/swift-asn1.git @ 1.4.0
  xctest-dynamic-overlay: https://github.com/pointfreeco/xctest-dynamic-overlay @ 1.6.1
  swift-http-types: https://github.com/apple/swift-http-types.git @ 1.4.0

2025-09-19 21:37:35.322 xcodebuild[74458:4374495] [MT] IDERunDestination: Supported platforms for the buildables in the current scheme is empty.
ComputePackagePrebuildTargetDependencyGraph

Prepare packages

CreateBuildRequest

SendProjectDescription

CreateBuildOperation

ComputeTargetDependencyGraph
note: Building targets in dependency order
note: Target dependency graph (28 targets)
    Target 'HOMEY Clean' in project 'HOMEY Clean'
        ➜ Explicit dependency on target 'PostgREST' in project 'Supabase'
        ➜ Explicit dependency on target 'Functions' in project 'Supabase'
        ➜ Explicit dependency on target 'Supabase' in project 'Supabase'
        ➜ Explicit dependency on target 'Auth' in project 'Supabase'
        ➜ Explicit dependency on target 'Storage' in project 'Supabase'
        ➜ Explicit dependency on target 'Realtime' in project 'Supabase'
    Target 'Realtime' in project 'Supabase'
        ➜ Explicit dependency on target 'Realtime' in project 'Supabase'
        ➜ Explicit dependency on target 'Helpers' in project 'Supabase'
        ➜ Explicit dependency on target 'ConcurrencyExtras' in project 'swift-concurrency-extras'
        ➜ Explicit dependency on target 'HTTPTypes' in project 'swift-http-types'
        ➜ Explicit dependency on target 'Clocks' in project 'swift-clocks'
        ➜ Explicit dependency on target 'XCTestDynamicOverlay' in project 'xctest-dynamic-overlay'
        ➜ Explicit dependency on target 'IssueReporting' in project 'xctest-dynamic-overlay'
    Target 'Storage' in project 'Supabase'
        ➜ Explicit dependency on target 'Storage' in project 'Supabase'
        ➜ Explicit dependency on target 'Helpers' in project 'Supabase'
        ➜ Explicit dependency on target 'ConcurrencyExtras' in project 'swift-concurrency-extras'
        ➜ Explicit dependency on target 'HTTPTypes' in project 'swift-http-types'
        ➜ Explicit dependency on target 'Clocks' in project 'swift-clocks'
        ➜ Explicit dependency on target 'XCTestDynamicOverlay' in project 'xctest-dynamic-overlay'
    Target 'Auth' in project 'Supabase'
        ➜ Explicit dependency on target 'Auth' in project 'Supabase'
        ➜ Explicit dependency on target 'Helpers' in project 'Supabase'
        ➜ Explicit dependency on target 'ConcurrencyExtras' in project 'swift-concurrency-extras'
        ➜ Explicit dependency on target 'HTTPTypes' in project 'swift-http-types'
        ➜ Explicit dependency on target 'Clocks' in project 'swift-clocks'
        ➜ Explicit dependency on target 'XCTestDynamicOverlay' in project 'xctest-dynamic-overlay'
        ➜ Explicit dependency on target 'Crypto' in project 'swift-crypto'
    Target 'Supabase' in project 'Supabase'
        ➜ Explicit dependency on target 'Supabase' in project 'Supabase'
        ➜ Explicit dependency on target 'Functions' in project 'Supabase'
        ➜ Explicit dependency on target 'PostgREST' in project 'Supabase'
        ➜ Explicit dependency on target 'Auth' in project 'Supabase'
        ➜ Explicit dependency on target 'Realtime' in project 'Supabase'
        ➜ Explicit dependency on target 'Storage' in project 'Supabase'
        ➜ Explicit dependency on target 'Helpers' in project 'Supabase'
        ➜ Explicit dependency on target 'ConcurrencyExtras' in project 'swift-concurrency-extras'
        ➜ Explicit dependency on target 'HTTPTypes' in project 'swift-http-types'
        ➜ Explicit dependency on target 'Clocks' in project 'swift-clocks'
        ➜ Explicit dependency on target 'XCTestDynamicOverlay' in project 'xctest-dynamic-overlay'
        ➜ Explicit dependency on target 'Crypto' in project 'swift-crypto'
        ➜ Explicit dependency on target 'IssueReporting' in project 'xctest-dynamic-overlay'
    Target 'Supabase' in project 'Supabase'
        ➜ Explicit dependency on target 'Helpers' in project 'Supabase'
        ➜ Explicit dependency on target 'Auth' in project 'Supabase'
        ➜ Explicit dependency on target 'Functions' in project 'Supabase'
        ➜ Explicit dependency on target 'PostgREST' in project 'Supabase'
        ➜ Explicit dependency on target 'Realtime' in project 'Supabase'
        ➜ Explicit dependency on target 'Storage' in project 'Supabase'
        ➜ Explicit dependency on target 'ConcurrencyExtras' in project 'swift-concurrency-extras'
        ➜ Explicit dependency on target 'HTTPTypes' in project 'swift-http-types'
        ➜ Explicit dependency on target 'Clocks' in project 'swift-clocks'
        ➜ Explicit dependency on target 'XCTestDynamicOverlay' in project 'xctest-dynamic-overlay'
        ➜ Explicit dependency on target 'Crypto' in project 'swift-crypto'
        ➜ Explicit dependency on target 'IssueReporting' in project 'xctest-dynamic-overlay'
    Target 'Storage' in project 'Supabase'
        ➜ Explicit dependency on target 'Helpers' in project 'Supabase'
        ➜ Explicit dependency on target 'ConcurrencyExtras' in project 'swift-concurrency-extras'
        ➜ Explicit dependency on target 'HTTPTypes' in project 'swift-http-types'
        ➜ Explicit dependency on target 'Clocks' in project 'swift-clocks'
        ➜ Explicit dependency on target 'XCTestDynamicOverlay' in project 'xctest-dynamic-overlay'
    Target 'Realtime' in project 'Supabase'
        ➜ Explicit dependency on target 'Helpers' in project 'Supabase'
        ➜ Explicit dependency on target 'ConcurrencyExtras' in project 'swift-concurrency-extras'
        ➜ Explicit dependency on target 'HTTPTypes' in project 'swift-http-types'
        ➜ Explicit dependency on target 'Clocks' in project 'swift-clocks'
        ➜ Explicit dependency on target 'XCTestDynamicOverlay' in project 'xctest-dynamic-overlay'
        ➜ Explicit dependency on target 'IssueReporting' in project 'xctest-dynamic-overlay'
    Target 'Auth' in project 'Supabase'
        ➜ Explicit dependency on target 'Helpers' in project 'Supabase'
        ➜ Explicit dependency on target 'ConcurrencyExtras' in project 'swift-concurrency-extras'
        ➜ Explicit dependency on target 'HTTPTypes' in project 'swift-http-types'
        ➜ Explicit dependency on target 'Clocks' in project 'swift-clocks'
        ➜ Explicit dependency on target 'XCTestDynamicOverlay' in project 'xctest-dynamic-overlay'
        ➜ Explicit dependency on target 'Crypto' in project 'swift-crypto'
    Target 'Crypto' in project 'swift-crypto'
        ➜ Explicit dependency on target 'Crypto' in project 'swift-crypto'
        ➜ Explicit dependency on target 'swift-crypto_Crypto' in project 'swift-crypto'
    Target 'Crypto' in project 'swift-crypto'
        ➜ Explicit dependency on target 'swift-crypto_Crypto' in project 'swift-crypto'
    Target 'swift-crypto_Crypto' in project 'swift-crypto' (no dependencies)
    Target 'Functions' in project 'Supabase'
        ➜ Explicit dependency on target 'Functions' in project 'Supabase'
        ➜ Explicit dependency on target 'Helpers' in project 'Supabase'
        ➜ Explicit dependency on target 'ConcurrencyExtras' in project 'swift-concurrency-extras'
        ➜ Explicit dependency on target 'HTTPTypes' in project 'swift-http-types'
        ➜ Explicit dependency on target 'Clocks' in project 'swift-clocks'
        ➜ Explicit dependency on target 'XCTestDynamicOverlay' in project 'xctest-dynamic-overlay'
    Target 'Functions' in project 'Supabase'
        ➜ Explicit dependency on target 'Helpers' in project 'Supabase'
        ➜ Explicit dependency on target 'ConcurrencyExtras' in project 'swift-concurrency-extras'
        ➜ Explicit dependency on target 'HTTPTypes' in project 'swift-http-types'
        ➜ Explicit dependency on target 'Clocks' in project 'swift-clocks'
        ➜ Explicit dependency on target 'XCTestDynamicOverlay' in project 'xctest-dynamic-overlay'
    Target 'PostgREST' in project 'Supabase'
        ➜ Explicit dependency on target 'PostgREST' in project 'Supabase'
        ➜ Explicit dependency on target 'Helpers' in project 'Supabase'
        ➜ Explicit dependency on target 'ConcurrencyExtras' in project 'swift-concurrency-extras'
        ➜ Explicit dependency on target 'HTTPTypes' in project 'swift-http-types'
        ➜ Explicit dependency on target 'Clocks' in project 'swift-clocks'
        ➜ Explicit dependency on target 'XCTestDynamicOverlay' in project 'xctest-dynamic-overlay'
    Target 'PostgREST' in project 'Supabase'
        ➜ Explicit dependency on target 'Helpers' in project 'Supabase'
        ➜ Explicit dependency on target 'ConcurrencyExtras' in project 'swift-concurrency-extras'
        ➜ Explicit dependency on target 'HTTPTypes' in project 'swift-http-types'
        ➜ Explicit dependency on target 'Clocks' in project 'swift-clocks'
        ➜ Explicit dependency on target 'XCTestDynamicOverlay' in project 'xctest-dynamic-overlay'
    Target 'Helpers' in project 'Supabase'
        ➜ Explicit dependency on target 'ConcurrencyExtras' in project 'swift-concurrency-extras'
        ➜ Explicit dependency on target 'HTTPTypes' in project 'swift-http-types'
        ➜ Explicit dependency on target 'Clocks' in project 'swift-clocks'
        ➜ Explicit dependency on target 'XCTestDynamicOverlay' in project 'xctest-dynamic-overlay'
    Target 'XCTestDynamicOverlay' in project 'xctest-dynamic-overlay'
        ➜ Explicit dependency on target 'XCTestDynamicOverlay' in project 'xctest-dynamic-overlay'
        ➜ Explicit dependency on target 'IssueReportingPackageSupport' in project 'xctest-dynamic-overlay'
        ➜ Explicit dependency on target 'IssueReporting' in project 'xctest-dynamic-overlay'
    Target 'XCTestDynamicOverlay' in project 'xctest-dynamic-overlay'
        ➜ Explicit dependency on target 'IssueReportingPackageSupport' in project 'xctest-dynamic-overlay'
        ➜ Explicit dependency on target 'IssueReporting' in project 'xctest-dynamic-overlay'
    Target 'Clocks' in project 'swift-clocks'
        ➜ Explicit dependency on target 'Clocks' in project 'swift-clocks'
        ➜ Explicit dependency on target 'ConcurrencyExtras' in project 'swift-concurrency-extras'
        ➜ Explicit dependency on target 'IssueReporting' in project 'xctest-dynamic-overlay'
    Target 'Clocks' in project 'swift-clocks'
        ➜ Explicit dependency on target 'ConcurrencyExtras' in project 'swift-concurrency-extras'
        ➜ Explicit dependency on target 'IssueReporting' in project 'xctest-dynamic-overlay'
    Target 'IssueReporting' in project 'xctest-dynamic-overlay'
        ➜ Explicit dependency on target 'IssueReporting' in project 'xctest-dynamic-overlay'
        ➜ Explicit dependency on target 'IssueReportingPackageSupport' in project 'xctest-dynamic-overlay'
    Target 'IssueReporting' in project 'xctest-dynamic-overlay'
        ➜ Explicit dependency on target 'IssueReportingPackageSupport' in project 'xctest-dynamic-overlay'
    Target 'IssueReportingPackageSupport' in project 'xctest-dynamic-overlay' (no dependencies)
    Target 'HTTPTypes' in project 'swift-http-types'
        ➜ Explicit dependency on target 'HTTPTypes' in project 'swift-http-types'
    Target 'HTTPTypes' in project 'swift-http-types' (no dependencies)
    Target 'ConcurrencyExtras' in project 'swift-concurrency-extras'
        ➜ Explicit dependency on target 'ConcurrencyExtras' in project 'swift-concurrency-extras'
    Target 'ConcurrencyExtras' in project 'swift-concurrency-extras' (no dependencies)

GatherProvisioningInputs

CreateBuildDescription

ExecuteExternalTool /Applications/Xcode.app/Contents/Developer/Toolchains/XcodeDefault.xctoolchain/usr/bin/swiftc --version

ExecuteExternalTool /Applications/Xcode.app/Contents/Developer/Toolchains/XcodeDefault.xctoolchain/usr/bin/clang -v -E -dM -isysroot /Applications/Xcode.app/Contents/Developer/Platforms/iPhoneSimulator.platform/Developer/SDKs/iPhoneSimulator26.0.sdk -x c -c /dev/null

ExecuteExternalTool /Applications/Xcode.app/Contents/Developer/usr/bin/actool --print-asset-tag-combinations --output-format xml1 /Users/ryankanfer/Documents/Developer/HOMEY Clean/HOMEY Clean/Assets.xcassets

ExecuteExternalTool /Applications/Xcode.app/Contents/Developer/usr/bin/actool --version --output-format xml1

ExecuteExternalTool /Applications/Xcode.app/Contents/Developer/Toolchains/XcodeDefault.xctoolchain/usr/bin/ld -version_details

ReadFileContents /Applications/Xcode.app/Contents/Developer/Toolchains/XcodeDefault.xctoolchain/usr/share/docc/features.json

Build description signature: c8ae386b859705253114d3f8b26b5a81
Build description path: /Users/ryankanfer/Library/Developer/Xcode/DerivedData/HOMEY_Clean-gafualdnzupkfseuistvwtqbnpqd/Build/Intermediates.noindex/XCBuildData/c8ae386b859705253114d3f8b26b5a81.xcbuilddata
ClangStatCache /Applications/Xcode.app/Contents/Developer/Toolchains/XcodeDefault.xctoolchain/usr/bin/clang-stat-cache /Applications/Xcode.app/Contents/Developer/Platforms/iPhoneSimulator.platform/Developer/SDKs/iPhoneSimulator26.0.sdk /Users/ryankanfer/Library/Developer/Xcode/DerivedData/SDKStatCaches.noindex/iphonesimulator26.0-23A339-26257891a6c027eb51374368541b8346.sdkstatcache
    cd /Users/ryankanfer/Documents/Developer/HOMEY\ Clean/HOMEY\ Clean.xcodeproj
    /Applications/Xcode.app/Contents/Developer/Toolchains/XcodeDefault.xctoolchain/usr/bin/clang-stat-cache /Applications/Xcode.app/Contents/Developer/Platforms/iPhoneSimulator.platform/Developer/SDKs/iPhoneSimulator26.0.sdk -o /Users/ryankanfer/Library/Developer/Xcode/DerivedData/SDKStatCaches.noindex/iphonesimulator26.0-23A339-26257891a6c027eb51374368541b8346.sdkstatcache

ProcessInfoPlistFile /Users/ryankanfer/Library/Developer/Xcode/DerivedData/HOMEY_Clean-gafualdnzupkfseuistvwtqbnpqd/Build/Products/Debug-iphonesimulator/swift-crypto_Crypto.bundle/Info.plist /Users/ryankanfer/Library/Developer/Xcode/DerivedData/HOMEY_Clean-gafualdnzupkfseuistvwtqbnpqd/Build/Intermediates.noindex/swift-crypto.build/Debug-iphonesimulator/swift-crypto_Crypto.build/empty-swift-crypto_Crypto.plist (in target 'swift-crypto_Crypto' from project 'swift-crypto')
    cd /Users/ryankanfer/Library/Developer/Xcode/DerivedData/HOMEY_Clean-gafualdnzupkfseuistvwtqbnpqd/SourcePackages/checkouts/swift-crypto
    builtin-infoPlistUtility /Users/ryankanfer/Library/Developer/Xcode/DerivedData/HOMEY_Clean-gafualdnzupkfseuistvwtqbnpqd/Build/Intermediates.noindex/swift-crypto.build/Debug-iphonesimulator/swift-crypto_Crypto.build/empty-swift-crypto_Crypto.plist -producttype com.apple.product-type.bundle -expandbuildsettings -format binary -platform iphonesimulator -o /Users/ryankanfer/Library/Developer/Xcode/DerivedData/HOMEY_Clean-gafualdnzupkfseuistvwtqbnpqd/Build/Products/Debug-iphonesimulator/swift-crypto_Crypto.bundle/Info.plist

note: Run script build phase 'Run Script' will be run during every build because the option to run the script phase "Based on dependency analysis" is unchecked. (in target 'HOMEY Clean' from project 'HOMEY Clean')
ProcessProductPackaging /Users/ryankanfer/Documents/Developer/HOMEY\ Clean/HOMEY\ Clean/HOMEY_Clean.entitlements /Users/ryankanfer/Library/Developer/Xcode/DerivedData/HOMEY_Clean-gafualdnzupkfseuistvwtqbnpqd/Build/Intermediates.noindex/HOMEY\ Clean.build/Debug-iphonesimulator/HOMEY\ Clean.build/HOMEY\ Clean.app.xcent (in target 'HOMEY Clean' from project 'HOMEY Clean')
    cd /Users/ryankanfer/Documents/Developer/HOMEY\ Clean
    
    Entitlements:
    
    {
}
    
    builtin-productPackagingUtility /Users/ryankanfer/Documents/Developer/HOMEY\ Clean/HOMEY\ Clean/HOMEY_Clean.entitlements -entitlements -format xml -o /Users/ryankanfer/Library/Developer/Xcode/DerivedData/HOMEY_Clean-gafualdnzupkfseuistvwtqbnpqd/Build/Intermediates.noindex/HOMEY\ Clean.build/Debug-iphonesimulator/HOMEY\ Clean.build/HOMEY\ Clean.app.xcent

ProcessProductPackaging /Users/ryankanfer/Documents/Developer/HOMEY\ Clean/HOMEY\ Clean/HOMEY_Clean.entitlements /Users/ryankanfer/Library/Developer/Xcode/DerivedData/HOMEY_Clean-gafualdnzupkfseuistvwtqbnpqd/Build/Intermediates.noindex/HOMEY\ Clean.build/Debug-iphonesimulator/HOMEY\ Clean.build/HOMEY\ Clean.app-Simulated.xcent (in target 'HOMEY Clean' from project 'HOMEY Clean')
    cd /Users/ryankanfer/Documents/Developer/HOMEY\ Clean
    
    Entitlements:
    
    {
    "application-identifier" = "2F28BDAM56.com.ryankanfer.homeyclean";
    "aps-environment" = development;
    "com.apple.developer.icloud-container-identifiers" =     (
    );
    "com.apple.developer.icloud-services" =     (
        CloudKit
    );
}
    
    builtin-productPackagingUtility /Users/ryankanfer/Documents/Developer/HOMEY\ Clean/HOMEY\ Clean/HOMEY_Clean.entitlements -entitlements -format xml -o /Users/ryankanfer/Library/Developer/Xcode/DerivedData/HOMEY_Clean-gafualdnzupkfseuistvwtqbnpqd/Build/Intermediates.noindex/HOMEY\ Clean.build/Debug-iphonesimulator/HOMEY\ Clean.build/HOMEY\ Clean.app-Simulated.xcent

ProcessProductPackagingDER /Users/ryankanfer/Library/Developer/Xcode/DerivedData/HOMEY_Clean-gafualdnzupkfseuistvwtqbnpqd/Build/Intermediates.noindex/HOMEY\ Clean.build/Debug-iphonesimulator/HOMEY\ Clean.build/HOMEY\ Clean.app.xcent /Users/ryankanfer/Library/Developer/Xcode/DerivedData/HOMEY_Clean-gafualdnzupkfseuistvwtqbnpqd/Build/Intermediates.noindex/HOMEY\ Clean.build/Debug-iphonesimulator/HOMEY\ Clean.build/HOMEY\ Clean.app.xcent.der (in target 'HOMEY Clean' from project 'HOMEY Clean')
    cd /Users/ryankanfer/Documents/Developer/HOMEY\ Clean
    /usr/bin/derq query -f xml -i /Users/ryankanfer/Library/Developer/Xcode/DerivedData/HOMEY_Clean-gafualdnzupkfseuistvwtqbnpqd/Build/Intermediates.noindex/HOMEY\ Clean.build/Debug-iphonesimulator/HOMEY\ Clean.build/HOMEY\ Clean.app.xcent -o /Users/ryankanfer/Library/Developer/Xcode/DerivedData/HOMEY_Clean-gafualdnzupkfseuistvwtqbnpqd/Build/Intermediates.noindex/HOMEY\ Clean.build/Debug-iphonesimulator/HOMEY\ Clean.build/HOMEY\ Clean.app.xcent.der --raw

ProcessProductPackagingDER /Users/ryankanfer/Library/Developer/Xcode/DerivedData/HOMEY_Clean-gafualdnzupkfseuistvwtqbnpqd/Build/Intermediates.noindex/HOMEY\ Clean.build/Debug-iphonesimulator/HOMEY\ Clean.build/HOMEY\ Clean.app-Simulated.xcent /Users/ryankanfer/Library/Developer/Xcode/DerivedData/HOMEY_Clean-gafualdnzupkfseuistvwtqbnpqd/Build/Intermediates.noindex/HOMEY\ Clean.build/Debug-iphonesimulator/HOMEY\ Clean.build/HOMEY\ Clean.app-Simulated.xcent.der (in target 'HOMEY Clean' from project 'HOMEY Clean')
    cd /Users/ryankanfer/Documents/Developer/HOMEY\ Clean
    /usr/bin/derq query -f xml -i /Users/ryankanfer/Library/Developer/Xcode/DerivedData/HOMEY_Clean-gafualdnzupkfseuistvwtqbnpqd/Build/Intermediates.noindex/HOMEY\ Clean.build/Debug-iphonesimulator/HOMEY\ Clean.build/HOMEY\ Clean.app-Simulated.xcent -o /Users/ryankanfer/Library/Developer/Xcode/DerivedData/HOMEY_Clean-gafualdnzupkfseuistvwtqbnpqd/Build/Intermediates.noindex/HOMEY\ Clean.build/Debug-iphonesimulator/HOMEY\ Clean.build/HOMEY\ Clean.app-Simulated.xcent.der --raw

Copy /Users/ryankanfer/Library/Developer/Xcode/DerivedData/HOMEY_Clean-gafualdnzupkfseuistvwtqbnpqd/Build/Products/Debug-iphonesimulator/HOMEY\ Clean.app/swift-crypto_Crypto.bundle /Users/ryankanfer/Library/Developer/Xcode/DerivedData/HOMEY_Clean-gafualdnzupkfseuistvwtqbnpqd/Build/Products/Debug-iphonesimulator/swift-crypto_Crypto.bundle (in target 'HOMEY Clean' from project 'HOMEY Clean')
    cd /Users/ryankanfer/Documents/Developer/HOMEY\ Clean
    builtin-copy -exclude .DS_Store -exclude CVS -exclude .svn -exclude .git -exclude .hg -resolve-src-symlinks /Users/ryankanfer/Library/Developer/Xcode/DerivedData/HOMEY_Clean-gafualdnzupkfseuistvwtqbnpqd/Build/Products/Debug-iphonesimulator/swift-crypto_Crypto.bundle /Users/ryankanfer/Library/Developer/Xcode/DerivedData/HOMEY_Clean-gafualdnzupkfseuistvwtqbnpqd/Build/Products/Debug-iphonesimulator/HOMEY\ Clean.app

SwiftDriver HOMEY\ Clean normal x86_64 com.apple.xcode.tools.swift.compiler (in target 'HOMEY Clean' from project 'HOMEY Clean')
    cd /Users/ryankanfer/Documents/Developer/HOMEY\ Clean
    builtin-SwiftDriver -- /Applications/Xcode.app/Contents/Developer/Toolchains/XcodeDefault.xctoolchain/usr/bin/swiftc -module-name HOMEY_Clean -Onone -enforce-exclusivity\=checked @/Users/ryankanfer/Library/Developer/Xcode/DerivedData/HOMEY_Clean-gafualdnzupkfseuistvwtqbnpqd/Build/Intermediates.noindex/HOMEY\ Clean.build/Debug-iphonesimulator/HOMEY\ Clean.build/Objects-normal/x86_64/HOMEY\ Clean.SwiftFileList -DDEBUG -enable-bare-slash-regex -enable-experimental-feature DebugDescriptionMacro -sdk /Applications/Xcode.app/Contents/Developer/Platforms/iPhoneSimulator.platform/Developer/SDKs/iPhoneSimulator26.0.sdk -target x86_64-apple-ios18.5-simulator -g -module-cache-path /Users/ryankanfer/Library/Developer/Xcode/DerivedData/ModuleCache.noindex -Xfrontend -serialize-debugging-options -profile-coverage-mapping -profile-generate -enable-testing -index-store-path /Users/ryankanfer/Library/Developer/Xcode/DerivedData/HOMEY_Clean-gafualdnzupkfseuistvwtqbnpqd/Index.noindex/DataStore -Xcc -D_LIBCPP_HARDENING_MODE\=_LIBCPP_HARDENING_MODE_DEBUG -swift-version 5 -I /Users/ryankanfer/Library/Developer/Xcode/DerivedData/HOMEY_Clean-gafualdnzupkfseuistvwtqbnpqd/Build/Products/Debug-iphonesimulator -F /Users/ryankanfer/Library/Developer/Xcode/DerivedData/HOMEY_Clean-gafualdnzupkfseuistvwtqbnpqd/Build/Products/Debug-iphonesimulator/PackageFrameworks -F /Users/ryankanfer/Library/Developer/Xcode/DerivedData/HOMEY_Clean-gafualdnzupkfseuistvwtqbnpqd/Build/Products/Debug-iphonesimulator/PackageFrameworks -F /Users/ryankanfer/Library/Developer/Xcode/DerivedData/HOMEY_Clean-gafualdnzupkfseuistvwtqbnpqd/Build/Products/Debug-iphonesimulator/PackageFrameworks -F /Users/ryankanfer/Library/Developer/Xcode/DerivedData/HOMEY_Clean-gafualdnzupkfseuistvwtqbnpqd/Build/Products/Debug-iphonesimulator/PackageFrameworks -F /Users/ryankanfer/Library/Developer/Xcode/DerivedData/HOMEY_Clean-gafualdnzupkfseuistvwtqbnpqd/Build/Products/Debug-iphonesimulator/PackageFrameworks -F /Users/ryankanfer/Library/Developer/Xcode/DerivedData/HOMEY_Clean-gafualdnzupkfseuistvwtqbnpqd/Build/Products/Debug-iphonesimulator/PackageFrameworks -F /Users/ryankanfer/Library/Developer/Xcode/DerivedData/HOMEY_Clean-gafualdnzupkfseuistvwtqbnpqd/Build/Products/Debug-iphonesimulator/PackageFrameworks -F /Users/ryankanfer/Library/Developer/Xcode/DerivedData/HOMEY_Clean-gafualdnzupkfseuistvwtqbnpqd/Build/Products/Debug-iphonesimulator/PackageFrameworks -F /Users/ryankanfer/Library/Developer/Xcode/DerivedData/HOMEY_Clean-gafualdnzupkfseuistvwtqbnpqd/Build/Products/Debug-iphonesimulator/PackageFrameworks -F /Users/ryankanfer/Library/Developer/Xcode/DerivedData/HOMEY_Clean-gafualdnzupkfseuistvwtqbnpqd/Build/Products/Debug-iphonesimulator/PackageFrameworks -F /Users/ryankanfer/Library/Developer/Xcode/DerivedData/HOMEY_Clean-gafualdnzupkfseuistvwtqbnpqd/Build/Products/Debug-iphonesimulator/PackageFrameworks -F /Users/ryankanfer/Library/Developer/Xcode/DerivedData/HOMEY_Clean-gafualdnzupkfseuistvwtqbnpqd/Build/Products/Debug-iphonesimulator/PackageFrameworks -F /Users/ryankanfer/Library/Developer/Xcode/DerivedData/HOMEY_Clean-gafualdnzupkfseuistvwtqbnpqd/Build/Products/Debug-iphonesimulator/PackageFrameworks -F /Users/ryankanfer/Library/Developer/Xcode/DerivedData/HOMEY_Clean-gafualdnzupkfseuistvwtqbnpqd/Build/Products/Debug-iphonesimulator/PackageFrameworks -F /Users/ryankanfer/Library/Developer/Xcode/DerivedData/HOMEY_Clean-gafualdnzupkfseuistvwtqbnpqd/Build/Products/Debug-iphonesimulator -emit-localized-strings -emit-localized-strings-path /Users/ryankanfer/Library/Developer/Xcode/DerivedData/HOMEY_Clean-gafualdnzupkfseuistvwtqbnpqd/Build/Intermediates.noindex/HOMEY\ Clean.build/Debug-iphonesimulator/HOMEY\ Clean.build/Objects-normal/x86_64 -c -j8 -enable-batch-mode -incremental -Xcc -ivfsstatcache -Xcc /Users/ryankanfer/Library/Developer/Xcode/DerivedData/SDKStatCaches.noindex/iphonesimulator26.0-23A339-26257891a6c027eb51374368541b8346.sdkstatcache -output-file-map /Users/ryankanfer/Library/Developer/Xcode/DerivedData/HOMEY_Clean-gafualdnzupkfseuistvwtqbnpqd/Build/Intermediates.noindex/HOMEY\ Clean.build/Debug-iphonesimulator/HOMEY\ Clean.build/Objects-normal/x86_64/HOMEY\ Clean-OutputFileMap.json -use-frontend-parseable-output -save-temps -no-color-diagnostics -explicit-module-build -module-cache-path /Users/ryankanfer/Library/Developer/Xcode/DerivedData/HOMEY_Clean-gafualdnzupkfseuistvwtqbnpqd/Build/Intermediates.noindex/SwiftExplicitPrecompiledModules -clang-scanner-module-cache-path /Users/ryankanfer/Library/Developer/Xcode/DerivedData/ModuleCache.noindex -sdk-module-cache-path /Users/ryankanfer/Library/Developer/Xcode/DerivedData/ModuleCache.noindex -serialize-diagnostics -emit-dependencies -emit-module -emit-module-path /Users/ryankanfer/Library/Developer/Xcode/DerivedData/HOMEY_Clean-gafualdnzupkfseuistvwtqbnpqd/Build/Intermediates.noindex/HOMEY\ Clean.build/Debug-iphonesimulator/HOMEY\ Clean.build/Objects-normal/x86_64/HOMEY_Clean.swiftmodule -validate-clang-modules-once -clang-build-session-file /Users/ryankanfer/Library/Developer/Xcode/DerivedData/ModuleCache.noindex/Session.modulevalidation -Xcc -I/Users/ryankanfer/Library/Developer/Xcode/DerivedData/HOMEY_Clean-gafualdnzupkfseuistvwtqbnpqd/Build/Intermediates.noindex/HOMEY\ Clean.build/Debug-iphonesimulator/HOMEY\ Clean.build/swift-overrides.hmap -emit-const-values -Xfrontend -const-gather-protocols-file -Xfrontend /Users/ryankanfer/Library/Developer/Xcode/DerivedData/HOMEY_Clean-gafualdnzupkfseuistvwtqbnpqd/Build/Intermediates.noindex/HOMEY\ Clean.build/Debug-iphonesimulator/HOMEY\ Clean.build/Objects-normal/x86_64/HOMEY\ Clean_const_extract_protocols.json -Xcc -iquote -Xcc /Users/ryankanfer/Library/Developer/Xcode/DerivedData/HOMEY_Clean-gafualdnzupkfseuistvwtqbnpqd/Build/Intermediates.noindex/HOMEY\ Clean.build/Debug-iphonesimulator/HOMEY\ Clean.build/HOMEY\ Clean-generated-files.hmap -Xcc -I/Users/ryankanfer/Library/Developer/Xcode/DerivedData/HOMEY_Clean-gafualdnzupkfseuistvwtqbnpqd/Build/Intermediates.noindex/HOMEY\ Clean.build/Debug-iphonesimulator/HOMEY\ Clean.build/HOMEY\ Clean-own-target-headers.hmap -Xcc -I/Users/ryankanfer/Library/Developer/Xcode/DerivedData/HOMEY_Clean-gafualdnzupkfseuistvwtqbnpqd/Build/Intermediates.noindex/HOMEY\ Clean.build/Debug-iphonesimulator/HOMEY\ Clean.build/HOMEY\ Clean-all-non-framework-target-headers.hmap -Xcc -ivfsoverlay -Xcc /Users/ryankanfer/Library/Developer/Xcode/DerivedData/HOMEY_Clean-gafualdnzupkfseuistvwtqbnpqd/Build/Intermediates.noindex/HOMEY\ Clean.build/Debug-iphonesimulator/HOMEY\ Clean-0f55fb2587d36a9d6da7defd35999c5a-VFS-iphonesimulator/all-product-headers.yaml -Xcc -iquote -Xcc /Users/ryankanfer/Library/Developer/Xcode/DerivedData/HOMEY_Clean-gafualdnzupkfseuistvwtqbnpqd/Build/Intermediates.noindex/HOMEY\ Clean.build/Debug-iphonesimulator/HOMEY\ Clean.build/HOMEY\ Clean-project-headers.hmap -Xcc -I/Users/ryankanfer/Library/Developer/Xcode/DerivedData/HOMEY_Clean-gafualdnzupkfseuistvwtqbnpqd/Build/Products/Debug-iphonesimulator/include -Xcc -I/Users/ryankanfer/Library/Developer/Xcode/DerivedData/HOMEY_Clean-gafualdnzupkfseuistvwtqbnpqd/Build/Intermediates.noindex/HOMEY\ Clean.build/Debug-iphonesimulator/HOMEY\ Clean.build/DerivedSources-normal/x86_64 -Xcc -I/Users/ryankanfer/Library/Developer/Xcode/DerivedData/HOMEY_Clean-gafualdnzupkfseuistvwtqbnpqd/Build/Intermediates.noindex/HOMEY\ Clean.build/Debug-iphonesimulator/HOMEY\ Clean.build/DerivedSources/x86_64 -Xcc -I/Users/ryankanfer/Library/Developer/Xcode/DerivedData/HOMEY_Clean-gafualdnzupkfseuistvwtqbnpqd/Build/Intermediates.noindex/HOMEY\ Clean.build/Debug-iphonesimulator/HOMEY\ Clean.build/DerivedSources -Xcc -DDEBUG\=1 -emit-objc-header -emit-objc-header-path /Users/ryankanfer/Library/Developer/Xcode/DerivedData/HOMEY_Clean-gafualdnzupkfseuistvwtqbnpqd/Build/Intermediates.noindex/HOMEY\ Clean.build/Debug-iphonesimulator/HOMEY\ Clean.build/Objects-normal/x86_64/HOMEY_Clean-Swift.h -working-directory /Users/ryankanfer/Documents/Developer/HOMEY\ Clean -experimental-emit-module-separately -disable-cmo
/Users/ryankanfer/Library/Developer/Xcode/DerivedData/HOMEY_Clean-gafualdnzupkfseuistvwtqbnpqd/Build/Intermediates.noindex/HOMEY Clean.build/Debug-iphonesimulator/HOMEY Clean.build/DerivedSources/GeneratedAssetSymbols.swift:30:14: warning: The "AccentColor" color asset name resolves to the symbol "accent" which already exists. Try renaming the asset.
    #warning("The \"AccentColor\" color asset name resolves to the symbol \"accent\" which already exists. Try renaming the asset.")
             ^~~~~~~~~~~~~~~~~~~~~~~~~~~~~~~~~~~~~~~~~~~~~~~~~~~~~~~~~~~~~~~~~~~~~~~~~~~~~~~~~~~~~~~~~~~~~~~~~~~~~~~~~~~~~~~~~~~~~~
/Users/ryankanfer/Library/Developer/Xcode/DerivedData/HOMEY_Clean-gafualdnzupkfseuistvwtqbnpqd/Build/Intermediates.noindex/HOMEY Clean.build/Debug-iphonesimulator/HOMEY Clean.build/DerivedSources/GeneratedAssetSymbols.swift:663:14: warning: The "Primary" color asset name resolves to a conflicting Color symbol "primary". Try renaming the asset.
    #warning("The \"Primary\" color asset name resolves to a conflicting Color symbol \"primary\". Try renaming the asset.")
             ^~~~~~~~~~~~~~~~~~~~~~~~~~~~~~~~~~~~~~~~~~~~~~~~~~~~~~~~~~~~~~~~~~~~~~~~~~~~~~~~~~~~~~~~~~~~~~~~~~~~~~~~~~~~~~
/Users/ryankanfer/Library/Developer/Xcode/DerivedData/HOMEY_Clean-gafualdnzupkfseuistvwtqbnpqd/Build/Intermediates.noindex/HOMEY Clean.build/Debug-iphonesimulator/HOMEY Clean.build/DerivedSources/GeneratedAssetSymbols.swift:30:14: warning: The "AccentColor" color asset name resolves to the symbol "accent" which already exists. Try renaming the asset.
    #warning("The \"AccentColor\" color asset name resolves to the symbol \"accent\" which already exists. Try renaming the asset.")
             ^~~~~~~~~~~~~~~~~~~~~~~~~~~~~~~~~~~~~~~~~~~~~~~~~~~~~~~~~~~~~~~~~~~~~~~~~~~~~~~~~~~~~~~~~~~~~~~~~~~~~~~~~~~~~~~~~~~~~~
/Users/ryankanfer/Library/Developer/Xcode/DerivedData/HOMEY_Clean-gafualdnzupkfseuistvwtqbnpqd/Build/Intermediates.noindex/HOMEY Clean.build/Debug-iphonesimulator/HOMEY Clean.build/DerivedSources/GeneratedAssetSymbols.swift:663:14: warning: The "Primary" color asset name resolves to a conflicting Color symbol "primary". Try renaming the asset.
    #warning("The \"Primary\" color asset name resolves to a conflicting Color symbol \"primary\". Try renaming the asset.")
             ^~~~~~~~~~~~~~~~~~~~~~~~~~~~~~~~~~~~~~~~~~~~~~~~~~~~~~~~~~~~~~~~~~~~~~~~~~~~~~~~~~~~~~~~~~~~~~~~~~~~~~~~~~~~~~
/Users/ryankanfer/Library/Developer/Xcode/DerivedData/HOMEY_Clean-gafualdnzupkfseuistvwtqbnpqd/Build/Intermediates.noindex/HOMEY Clean.build/Debug-iphonesimulator/HOMEY Clean.build/DerivedSources/GeneratedAssetSymbols.swift:30:14: warning: The "AccentColor" color asset name resolves to the symbol "accent" which already exists. Try renaming the asset.
    #warning("The \"AccentColor\" color asset name resolves to the symbol \"accent\" which already exists. Try renaming the asset.")
             ^~~~~~~~~~~~~~~~~~~~~~~~~~~~~~~~~~~~~~~~~~~~~~~~~~~~~~~~~~~~~~~~~~~~~~~~~~~~~~~~~~~~~~~~~~~~~~~~~~~~~~~~~~~~~~~~~~~~~~ (in target 'HOMEY Clean' from project 'HOMEY Clean')
/Users/ryankanfer/Library/Developer/Xcode/DerivedData/HOMEY_Clean-gafualdnzupkfseuistvwtqbnpqd/Build/Intermediates.noindex/HOMEY Clean.build/Debug-iphonesimulator/HOMEY Clean.build/DerivedSources/GeneratedAssetSymbols.swift:663:14: warning: The "Primary" color asset name resolves to a conflicting Color symbol "primary". Try renaming the asset.
    #warning("The \"Primary\" color asset name resolves to a conflicting Color symbol \"primary\". Try renaming the asset.")
             ^~~~~~~~~~~~~~~~~~~~~~~~~~~~~~~~~~~~~~~~~~~~~~~~~~~~~~~~~~~~~~~~~~~~~~~~~~~~~~~~~~~~~~~~~~~~~~~~~~~~~~~~~~~~~~ (in target 'HOMEY Clean' from project 'HOMEY Clean')

SwiftDriver HOMEY\ Clean normal arm64 com.apple.xcode.tools.swift.compiler (in target 'HOMEY Clean' from project 'HOMEY Clean')
    cd /Users/ryankanfer/Documents/Developer/HOMEY\ Clean
    builtin-SwiftDriver -- /Applications/Xcode.app/Contents/Developer/Toolchains/XcodeDefault.xctoolchain/usr/bin/swiftc -module-name HOMEY_Clean -Onone -enforce-exclusivity\=checked @/Users/ryankanfer/Library/Developer/Xcode/DerivedData/HOMEY_Clean-gafualdnzupkfseuistvwtqbnpqd/Build/Intermediates.noindex/HOMEY\ Clean.build/Debug-iphonesimulator/HOMEY\ Clean.build/Objects-normal/arm64/HOMEY\ Clean.SwiftFileList -DDEBUG -enable-bare-slash-regex -enable-experimental-feature DebugDescriptionMacro -sdk /Applications/Xcode.app/Contents/Developer/Platforms/iPhoneSimulator.platform/Developer/SDKs/iPhoneSimulator26.0.sdk -target arm64-apple-ios18.5-simulator -g -module-cache-path /Users/ryankanfer/Library/Developer/Xcode/DerivedData/ModuleCache.noindex -Xfrontend -serialize-debugging-options -profile-coverage-mapping -profile-generate -enable-testing -index-store-path /Users/ryankanfer/Library/Developer/Xcode/DerivedData/HOMEY_Clean-gafualdnzupkfseuistvwtqbnpqd/Index.noindex/DataStore -Xcc -D_LIBCPP_HARDENING_MODE\=_LIBCPP_HARDENING_MODE_DEBUG -swift-version 5 -I /Users/ryankanfer/Library/Developer/Xcode/DerivedData/HOMEY_Clean-gafualdnzupkfseuistvwtqbnpqd/Build/Products/Debug-iphonesimulator -F /Users/ryankanfer/Library/Developer/Xcode/DerivedData/HOMEY_Clean-gafualdnzupkfseuistvwtqbnpqd/Build/Products/Debug-iphonesimulator/PackageFrameworks -F /Users/ryankanfer/Library/Developer/Xcode/DerivedData/HOMEY_Clean-gafualdnzupkfseuistvwtqbnpqd/Build/Products/Debug-iphonesimulator/PackageFrameworks -F /Users/ryankanfer/Library/Developer/Xcode/DerivedData/HOMEY_Clean-gafualdnzupkfseuistvwtqbnpqd/Build/Products/Debug-iphonesimulator/PackageFrameworks -F /Users/ryankanfer/Library/Developer/Xcode/DerivedData/HOMEY_Clean-gafualdnzupkfseuistvwtqbnpqd/Build/Products/Debug-iphonesimulator/PackageFrameworks -F /Users/ryankanfer/Library/Developer/Xcode/DerivedData/HOMEY_Clean-gafualdnzupkfseuistvwtqbnpqd/Build/Products/Debug-iphonesimulator/PackageFrameworks -F /Users/ryankanfer/Library/Developer/Xcode/DerivedData/HOMEY_Clean-gafualdnzupkfseuistvwtqbnpqd/Build/Products/Debug-iphonesimulator/PackageFrameworks -F /Users/ryankanfer/Library/Developer/Xcode/DerivedData/HOMEY_Clean-gafualdnzupkfseuistvwtqbnpqd/Build/Products/Debug-iphonesimulator/PackageFrameworks -F /Users/ryankanfer/Library/Developer/Xcode/DerivedData/HOMEY_Clean-gafualdnzupkfseuistvwtqbnpqd/Build/Products/Debug-iphonesimulator/PackageFrameworks -F /Users/ryankanfer/Library/Developer/Xcode/DerivedData/HOMEY_Clean-gafualdnzupkfseuistvwtqbnpqd/Build/Products/Debug-iphonesimulator/PackageFrameworks -F /Users/ryankanfer/Library/Developer/Xcode/DerivedData/HOMEY_Clean-gafualdnzupkfseuistvwtqbnpqd/Build/Products/Debug-iphonesimulator/PackageFrameworks -F /Users/ryankanfer/Library/Developer/Xcode/DerivedData/HOMEY_Clean-gafualdnzupkfseuistvwtqbnpqd/Build/Products/Debug-iphonesimulator/PackageFrameworks -F /Users/ryankanfer/Library/Developer/Xcode/DerivedData/HOMEY_Clean-gafualdnzupkfseuistvwtqbnpqd/Build/Products/Debug-iphonesimulator/PackageFrameworks -F /Users/ryankanfer/Library/Developer/Xcode/DerivedData/HOMEY_Clean-gafualdnzupkfseuistvwtqbnpqd/Build/Products/Debug-iphonesimulator/PackageFrameworks -F /Users/ryankanfer/Library/Developer/Xcode/DerivedData/HOMEY_Clean-gafualdnzupkfseuistvwtqbnpqd/Build/Products/Debug-iphonesimulator/PackageFrameworks -F /Users/ryankanfer/Library/Developer/Xcode/DerivedData/HOMEY_Clean-gafualdnzupkfseuistvwtqbnpqd/Build/Products/Debug-iphonesimulator -emit-localized-strings -emit-localized-strings-path /Users/ryankanfer/Library/Developer/Xcode/DerivedData/HOMEY_Clean-gafualdnzupkfseuistvwtqbnpqd/Build/Intermediates.noindex/HOMEY\ Clean.build/Debug-iphonesimulator/HOMEY\ Clean.build/Objects-normal/arm64 -c -j8 -enable-batch-mode -incremental -Xcc -ivfsstatcache -Xcc /Users/ryankanfer/Library/Developer/Xcode/DerivedData/SDKStatCaches.noindex/iphonesimulator26.0-23A339-26257891a6c027eb51374368541b8346.sdkstatcache -output-file-map /Users/ryankanfer/Library/Developer/Xcode/DerivedData/HOMEY_Clean-gafualdnzupkfseuistvwtqbnpqd/Build/Intermediates.noindex/HOMEY\ Clean.build/Debug-iphonesimulator/HOMEY\ Clean.build/Objects-normal/arm64/HOMEY\ Clean-OutputFileMap.json -use-frontend-parseable-output -save-temps -no-color-diagnostics -explicit-module-build -module-cache-path /Users/ryankanfer/Library/Developer/Xcode/DerivedData/HOMEY_Clean-gafualdnzupkfseuistvwtqbnpqd/Build/Intermediates.noindex/SwiftExplicitPrecompiledModules -clang-scanner-module-cache-path /Users/ryankanfer/Library/Developer/Xcode/DerivedData/ModuleCache.noindex -sdk-module-cache-path /Users/ryankanfer/Library/Developer/Xcode/DerivedData/ModuleCache.noindex -serialize-diagnostics -emit-dependencies -emit-module -emit-module-path /Users/ryankanfer/Library/Developer/Xcode/DerivedData/HOMEY_Clean-gafualdnzupkfseuistvwtqbnpqd/Build/Intermediates.noindex/HOMEY\ Clean.build/Debug-iphonesimulator/HOMEY\ Clean.build/Objects-normal/arm64/HOMEY_Clean.swiftmodule -validate-clang-modules-once -clang-build-session-file /Users/ryankanfer/Library/Developer/Xcode/DerivedData/ModuleCache.noindex/Session.modulevalidation -Xcc -I/Users/ryankanfer/Library/Developer/Xcode/DerivedData/HOMEY_Clean-gafualdnzupkfseuistvwtqbnpqd/Build/Intermediates.noindex/HOMEY\ Clean.build/Debug-iphonesimulator/HOMEY\ Clean.build/swift-overrides.hmap -emit-const-values -Xfrontend -const-gather-protocols-file -Xfrontend /Users/ryankanfer/Library/Developer/Xcode/DerivedData/HOMEY_Clean-gafualdnzupkfseuistvwtqbnpqd/Build/Intermediates.noindex/HOMEY\ Clean.build/Debug-iphonesimulator/HOMEY\ Clean.build/Objects-normal/arm64/HOMEY\ Clean_const_extract_protocols.json -Xcc -iquote -Xcc /Users/ryankanfer/Library/Developer/Xcode/DerivedData/HOMEY_Clean-gafualdnzupkfseuistvwtqbnpqd/Build/Intermediates.noindex/HOMEY\ Clean.build/Debug-iphonesimulator/HOMEY\ Clean.build/HOMEY\ Clean-generated-files.hmap -Xcc -I/Users/ryankanfer/Library/Developer/Xcode/DerivedData/HOMEY_Clean-gafualdnzupkfseuistvwtqbnpqd/Build/Intermediates.noindex/HOMEY\ Clean.build/Debug-iphonesimulator/HOMEY\ Clean.build/HOMEY\ Clean-own-target-headers.hmap -Xcc -I/Users/ryankanfer/Library/Developer/Xcode/DerivedData/HOMEY_Clean-gafualdnzupkfseuistvwtqbnpqd/Build/Intermediates.noindex/HOMEY\ Clean.build/Debug-iphonesimulator/HOMEY\ Clean.build/HOMEY\ Clean-all-non-framework-target-headers.hmap -Xcc -ivfsoverlay -Xcc /Users/ryankanfer/Library/Developer/Xcode/DerivedData/HOMEY_Clean-gafualdnzupkfseuistvwtqbnpqd/Build/Intermediates.noindex/HOMEY\ Clean.build/Debug-iphonesimulator/HOMEY\ Clean-0f55fb2587d36a9d6da7defd35999c5a-VFS-iphonesimulator/all-product-headers.yaml -Xcc -iquote -Xcc /Users/ryankanfer/Library/Developer/Xcode/DerivedData/HOMEY_Clean-gafualdnzupkfseuistvwtqbnpqd/Build/Intermediates.noindex/HOMEY\ Clean.build/Debug-iphonesimulator/HOMEY\ Clean.build/HOMEY\ Clean-project-headers.hmap -Xcc -I/Users/ryankanfer/Library/Developer/Xcode/DerivedData/HOMEY_Clean-gafualdnzupkfseuistvwtqbnpqd/Build/Products/Debug-iphonesimulator/include -Xcc -I/Users/ryankanfer/Library/Developer/Xcode/DerivedData/HOMEY_Clean-gafualdnzupkfseuistvwtqbnpqd/Build/Intermediates.noindex/HOMEY\ Clean.build/Debug-iphonesimulator/HOMEY\ Clean.build/DerivedSources-normal/arm64 -Xcc -I/Users/ryankanfer/Library/Developer/Xcode/DerivedData/HOMEY_Clean-gafualdnzupkfseuistvwtqbnpqd/Build/Intermediates.noindex/HOMEY\ Clean.build/Debug-iphonesimulator/HOMEY\ Clean.build/DerivedSources/arm64 -Xcc -I/Users/ryankanfer/Library/Developer/Xcode/DerivedData/HOMEY_Clean-gafualdnzupkfseuistvwtqbnpqd/Build/Intermediates.noindex/HOMEY\ Clean.build/Debug-iphonesimulator/HOMEY\ Clean.build/DerivedSources -Xcc -DDEBUG\=1 -emit-objc-header -emit-objc-header-path /Users/ryankanfer/Library/Developer/Xcode/DerivedData/HOMEY_Clean-gafualdnzupkfseuistvwtqbnpqd/Build/Intermediates.noindex/HOMEY\ Clean.build/Debug-iphonesimulator/HOMEY\ Clean.build/Objects-normal/arm64/HOMEY_Clean-Swift.h -working-directory /Users/ryankanfer/Documents/Developer/HOMEY\ Clean -experimental-emit-module-separately -disable-cmo
/Users/ryankanfer/Library/Developer/Xcode/DerivedData/HOMEY_Clean-gafualdnzupkfseuistvwtqbnpqd/Build/Intermediates.noindex/HOMEY Clean.build/Debug-iphonesimulator/HOMEY Clean.build/DerivedSources/GeneratedAssetSymbols.swift:30:14: warning: The "AccentColor" color asset name resolves to the symbol "accent" which already exists. Try renaming the asset.
    #warning("The \"AccentColor\" color asset name resolves to the symbol \"accent\" which already exists. Try renaming the asset.")
             ^~~~~~~~~~~~~~~~~~~~~~~~~~~~~~~~~~~~~~~~~~~~~~~~~~~~~~~~~~~~~~~~~~~~~~~~~~~~~~~~~~~~~~~~~~~~~~~~~~~~~~~~~~~~~~~~~~~~~~ (in target 'HOMEY Clean' from project 'HOMEY Clean')
/Users/ryankanfer/Library/Developer/Xcode/DerivedData/HOMEY_Clean-gafualdnzupkfseuistvwtqbnpqd/Build/Intermediates.noindex/HOMEY Clean.build/Debug-iphonesimulator/HOMEY Clean.build/DerivedSources/GeneratedAssetSymbols.swift:663:14: warning: The "Primary" color asset name resolves to a conflicting Color symbol "primary". Try renaming the asset.
    #warning("The \"Primary\" color asset name resolves to a conflicting Color symbol \"primary\". Try renaming the asset.")
             ^~~~~~~~~~~~~~~~~~~~~~~~~~~~~~~~~~~~~~~~~~~~~~~~~~~~~~~~~~~~~~~~~~~~~~~~~~~~~~~~~~~~~~~~~~~~~~~~~~~~~~~~~~~~~~ (in target 'HOMEY Clean' from project 'HOMEY Clean')

ProcessInfoPlistFile /Users/ryankanfer/Library/Developer/Xcode/DerivedData/HOMEY_Clean-gafualdnzupkfseuistvwtqbnpqd/Build/Products/Debug-iphonesimulator/HOMEY\ Clean.app/Info.plist /Users/ryankanfer/Library/Developer/Xcode/DerivedData/HOMEY_Clean-gafualdnzupkfseuistvwtqbnpqd/Build/Intermediates.noindex/HOMEY\ Clean.build/Debug-iphonesimulator/HOMEY\ Clean.build/empty-HOMEY\ Clean.plist (in target 'HOMEY Clean' from project 'HOMEY Clean')
    cd /Users/ryankanfer/Documents/Developer/HOMEY\ Clean
    builtin-infoPlistUtility /Users/ryankanfer/Library/Developer/Xcode/DerivedData/HOMEY_Clean-gafualdnzupkfseuistvwtqbnpqd/Build/Intermediates.noindex/HOMEY\ Clean.build/Debug-iphonesimulator/HOMEY\ Clean.build/empty-HOMEY\ Clean.plist -producttype com.apple.product-type.application -genpkginfo /Users/ryankanfer/Library/Developer/Xcode/DerivedData/HOMEY_Clean-gafualdnzupkfseuistvwtqbnpqd/Build/Products/Debug-iphonesimulator/HOMEY\ Clean.app/PkgInfo -expandbuildsettings -format binary -platform iphonesimulator -additionalcontentfile /Users/ryankanfer/Library/Developer/Xcode/DerivedData/HOMEY_Clean-gafualdnzupkfseuistvwtqbnpqd/Build/Intermediates.noindex/HOMEY\ Clean.build/Debug-iphonesimulator/HOMEY\ Clean.build/assetcatalog_generated_info.plist -scanforprivacyfile /Users/ryankanfer/Library/Developer/Xcode/DerivedData/HOMEY_Clean-gafualdnzupkfseuistvwtqbnpqd/Build/Products/Debug-iphonesimulator/HOMEY\ Clean.app/swift-crypto_Crypto.bundle -o /Users/ryankanfer/Library/Developer/Xcode/DerivedData/HOMEY_Clean-gafualdnzupkfseuistvwtqbnpqd/Build/Products/Debug-iphonesimulator/HOMEY\ Clean.app/Info.plist

SwiftCompile normal x86_64 Compiling\ VaultDetailSheet.swift,\ CustomizableHomepageGrid.swift,\ HomepageCustomizationSheet.swift,\ NextUpSmartCard.swift,\ AccountSettingsSection.swift,\ AdvancedSettingsHub.swift,\ AppearanceSettingsSection.swift,\ HelpSupportSettingsSection.swift,\ IntegrationsSettingsSection.swift,\ NotificationsSettingsSection.swift,\ PersonalizationSettingsSection.swift,\ PrivacySecuritySettingsSection.swift,\ ComprehensiveSettingsView.swift,\ HomeyLandingViewWithProfile.swift,\ NavigationDashboardView.swift,\ SettingsView.swift,\ ThemeSettingsView.swift,\ CharlieAct.swift,\ FontDebugView.swift,\ JourneyLoggingPlaceholder.swift,\ JourneyWatcher.swift,\ SupabaseEventsService.swift,\ GeneratedAssetSymbols.swift /Users/ryankanfer/Documents/Developer/HOMEY\ Clean/HOMEY\ Clean/Views/Dashboards/Clients/VaultDetailSheet.swift /Users/ryankanfer/Documents/Developer/HOMEY\ Clean/HOMEY\ Clean/Views/Homepage/CustomizableHomepageGrid.swift /Users/ryankanfer/Documents/Developer/HOMEY\ Clean/HOMEY\ Clean/Views/Homepage/HomepageCustomizationSheet.swift /Users/ryankanfer/Documents/Developer/HOMEY\ Clean/HOMEY\ Clean/Views/Homepage/NextUpSmartCard.swift /Users/ryankanfer/Documents/Developer/HOMEY\ Clean/HOMEY\ Clean/Views/Settings/AccountSettingsSection.swift /Users/ryankanfer/Documents/Developer/HOMEY\ Clean/HOMEY\ Clean/Views/Settings/AdvancedSettingsHub.swift /Users/ryankanfer/Documents/Developer/HOMEY\ Clean/HOMEY\ Clean/Views/Settings/AppearanceSettingsSection.swift /Users/ryankanfer/Documents/Developer/HOMEY\ Clean/HOMEY\ Clean/Views/Settings/HelpSupportSettingsSection.swift /Users/ryankanfer/Documents/Developer/HOMEY\ Clean/HOMEY\ Clean/Views/Settings/IntegrationsSettingsSection.swift /Users/ryankanfer/Documents/Developer/HOMEY\ Clean/HOMEY\ Clean/Views/Settings/NotificationsSettingsSection.swift /Users/ryankanfer/Documents/Developer/HOMEY\ Clean/HOMEY\ Clean/Views/Settings/PersonalizationSettingsSection.swift /Users/ryankanfer/Documents/Developer/HOMEY\ Clean/HOMEY\ Clean/Views/Settings/PrivacySecuritySettingsSection.swift /Users/ryankanfer/Documents/Developer/HOMEY\ Clean/HOMEY\ Clean/Views/ComprehensiveSettingsView.swift /Users/ryankanfer/Documents/Developer/HOMEY\ Clean/HOMEY\ Clean/Views/HomeyLandingViewWithProfile.swift /Users/ryankanfer/Documents/Developer/HOMEY\ Clean/HOMEY\ Clean/Views/NavigationDashboardView.swift /Users/ryankanfer/Documents/Developer/HOMEY\ Clean/HOMEY\ Clean/Views/SettingsView.swift /Users/ryankanfer/Documents/Developer/HOMEY\ Clean/HOMEY\ Clean/Views/ThemeSettingsView.swift /Users/ryankanfer/Documents/Developer/HOMEY\ Clean/HOMEY\ Clean/CharlieAct.swift /Users/ryankanfer/Documents/Developer/HOMEY\ Clean/HOMEY\ Clean/FontDebugView.swift /Users/ryankanfer/Documents/Developer/HOMEY\ Clean/HOMEY\ Clean/JourneyLoggingPlaceholder.swift /Users/ryankanfer/Documents/Developer/HOMEY\ Clean/HOMEY\ Clean/JourneyWatcher.swift /Users/ryankanfer/Documents/Developer/HOMEY\ Clean/HOMEY\ Clean/SupabaseEventsService.swift /Users/ryankanfer/Library/Developer/Xcode/DerivedData/HOMEY_Clean-gafualdnzupkfseuistvwtqbnpqd/Build/Intermediates.noindex/HOMEY\ Clean.build/Debug-iphonesimulator/HOMEY\ Clean.build/DerivedSources/GeneratedAssetSymbols.swift (in target 'HOMEY Clean' from project 'HOMEY Clean')
SwiftCompile normal x86_64 /Users/ryankanfer/Documents/Developer/HOMEY\ Clean/HOMEY\ Clean/Views/Dashboards/Clients/VaultDetailSheet.swift (in target 'HOMEY Clean' from project 'HOMEY Clean')
    cd /Users/ryankanfer/Documents/Developer/HOMEY\ Clean
    
@__swiftmacro_11HOMEY_Clean0023SettingsViewswift_elFCffMX220_0_33_990E028DF24F72B1A0B5E04BCBA093BALl7PreviewfMf_.swift:19:21: warning: initialization of immutable value 'client' was never used; consider replacing with assignment to '_' or removing it
                let client = SupabaseClient(
                    ^
/Users/ryankanfer/Documents/Developer/HOMEY Clean/HOMEY Clean/Views/SettingsView.swift:221:1: note: in expansion of macro 'Preview' here
#Preview {
^~~~~~~~~~
/Users/ryankanfer/Documents/Developer/HOMEY Clean/HOMEY Clean/Views/SettingsView.swift:221:1: note: in expansion of macro 'Preview' here
#Preview {
^~~~~~~~~~

SwiftCompile normal x86_64 /Users/ryankanfer/Documents/Developer/HOMEY\ Clean/HOMEY\ Clean/Views/Homepage/CustomizableHomepageGrid.swift (in target 'HOMEY Clean' from project 'HOMEY Clean')
    cd /Users/ryankanfer/Documents/Developer/HOMEY\ Clean
    
/Users/ryankanfer/Documents/Developer/HOMEY Clean/HOMEY Clean/Core/Design/TRAEMicroInteractions.swift:476:45: warning: backward matching of the unlabeled trailing closure is deprecated; label the argument with 'onLongPress' to suppress this warning
            .traeInteractive(type: .button) {
                                          ~ ^
                                          , onLongPress: 
/Users/ryankanfer/Documents/Developer/HOMEY Clean/HOMEY Clean/Core/Design/TRAEMicroInteractions.swift:440:10: note: 'traeInteractive(type:isEnabled:onTap:onLongPress:)' declared here
    func traeInteractive(
         ^
@__swiftmacro_11HOMEY_Clean0023SettingsViewswift_elFCffMX220_0_33_990E028DF24F72B1A0B5E04BCBA093BALl7PreviewfMf_.swift:19:21: warning: initialization of immutable value 'client' was never used; consider replacing with assignment to '_' or removing it
                let client = SupabaseClient(
                    ^
/Users/ryankanfer/Documents/Developer/HOMEY Clean/HOMEY Clean/Views/SettingsView.swift:221:1: note: in expansion of macro 'Preview' here
#Preview {
^~~~~~~~~~
/Users/ryankanfer/Documents/Developer/HOMEY Clean/HOMEY Clean/Views/SettingsView.swift:221:1: note: in expansion of macro 'Preview' here
#Preview {
^~~~~~~~~~

SwiftCompile normal x86_64 /Users/ryankanfer/Documents/Developer/HOMEY\ Clean/HOMEY\ Clean/Views/Homepage/HomepageCustomizationSheet.swift (in target 'HOMEY Clean' from project 'HOMEY Clean')
    cd /Users/ryankanfer/Documents/Developer/HOMEY\ Clean
    
/Users/ryankanfer/Documents/Developer/HOMEY Clean/HOMEY Clean/Views/Homepage/HomepageCustomizationSheet.swift:95:48: error: value of type 'UserProfileManager' has no dynamic member 'profile' using key path from root type 'UserProfileManager'
        let customization = userProfileManager.profile.preferences.homepageCustomization
                            ~~~~~~~~~~~~~~~~~~ ^~~~~~~
/Users/ryankanfer/Documents/Developer/HOMEY Clean/HOMEY Clean/Views/Homepage/HomepageCustomizationSheet.swift:95:29: error: referencing subscript 'subscript(dynamicMember:)' requires wrapper 'EnvironmentObject<UserProfileManager>.Wrapper'
        let customization = userProfileManager.profile.preferences.homepageCustomization
                            ^
                            $
/Users/ryankanfer/Documents/Developer/HOMEY Clean/HOMEY Clean/Views/Homepage/HomepageCustomizationSheet.swift:118:42: error: value of type 'UserProfileManager' has no dynamic member 'profile' using key path from root type 'UserProfileManager'
        var profile = userProfileManager.profile
                      ~~~~~~~~~~~~~~~~~~ ^~~~~~~
/Users/ryankanfer/Documents/Developer/HOMEY Clean/HOMEY Clean/Views/Homepage/HomepageCustomizationSheet.swift:118:23: error: referencing subscript 'subscript(dynamicMember:)' requires wrapper 'EnvironmentObject<UserProfileManager>.Wrapper'
        var profile = userProfileManager.profile
                      ^
                      $
@__swiftmacro_11HOMEY_Clean0023SettingsViewswift_elFCffMX220_0_33_990E028DF24F72B1A0B5E04BCBA093BALl7PreviewfMf_.swift:19:21: warning: initialization of immutable value 'client' was never used; consider replacing with assignment to '_' or removing it
                let client = SupabaseClient(
                    ^
/Users/ryankanfer/Documents/Developer/HOMEY Clean/HOMEY Clean/Views/SettingsView.swift:221:1: note: in expansion of macro 'Preview' here
#Preview {
^~~~~~~~~~
/Users/ryankanfer/Documents/Developer/HOMEY Clean/HOMEY Clean/Views/SettingsView.swift:221:1: note: in expansion of macro 'Preview' here
#Preview {
^~~~~~~~~~

SwiftCompile normal x86_64 /Users/ryankanfer/Documents/Developer/HOMEY\ Clean/HOMEY\ Clean/Views/Homepage/NextUpSmartCard.swift (in target 'HOMEY Clean' from project 'HOMEY Clean')
    cd /Users/ryankanfer/Documents/Developer/HOMEY\ Clean
    
@__swiftmacro_11HOMEY_Clean0023SettingsViewswift_elFCffMX220_0_33_990E028DF24F72B1A0B5E04BCBA093BALl7PreviewfMf_.swift:19:21: warning: initialization of immutable value 'client' was never used; consider replacing with assignment to '_' or removing it
                let client = SupabaseClient(
                    ^
/Users/ryankanfer/Documents/Developer/HOMEY Clean/HOMEY Clean/Views/SettingsView.swift:221:1: note: in expansion of macro 'Preview' here
#Preview {
^~~~~~~~~~
/Users/ryankanfer/Documents/Developer/HOMEY Clean/HOMEY Clean/Views/SettingsView.swift:221:1: note: in expansion of macro 'Preview' here
#Preview {
^~~~~~~~~~

SwiftCompile normal x86_64 /Users/ryankanfer/Documents/Developer/HOMEY\ Clean/HOMEY\ Clean/Views/Settings/AccountSettingsSection.swift (in target 'HOMEY Clean' from project 'HOMEY Clean')
    cd /Users/ryankanfer/Documents/Developer/HOMEY\ Clean
    
@__swiftmacro_11HOMEY_Clean0023SettingsViewswift_elFCffMX220_0_33_990E028DF24F72B1A0B5E04BCBA093BALl7PreviewfMf_.swift:19:21: warning: initialization of immutable value 'client' was never used; consider replacing with assignment to '_' or removing it
                let client = SupabaseClient(
                    ^
/Users/ryankanfer/Documents/Developer/HOMEY Clean/HOMEY Clean/Views/SettingsView.swift:221:1: note: in expansion of macro 'Preview' here
#Preview {
^~~~~~~~~~
/Users/ryankanfer/Documents/Developer/HOMEY Clean/HOMEY Clean/Views/SettingsView.swift:221:1: note: in expansion of macro 'Preview' here
#Preview {
^~~~~~~~~~

SwiftCompile normal x86_64 /Users/ryankanfer/Documents/Developer/HOMEY\ Clean/HOMEY\ Clean/Views/Settings/AdvancedSettingsHub.swift (in target 'HOMEY Clean' from project 'HOMEY Clean')
    cd /Users/ryankanfer/Documents/Developer/HOMEY\ Clean
    
@__swiftmacro_11HOMEY_Clean0023SettingsViewswift_elFCffMX220_0_33_990E028DF24F72B1A0B5E04BCBA093BALl7PreviewfMf_.swift:19:21: warning: initialization of immutable value 'client' was never used; consider replacing with assignment to '_' or removing it
                let client = SupabaseClient(
                    ^
/Users/ryankanfer/Documents/Developer/HOMEY Clean/HOMEY Clean/Views/SettingsView.swift:221:1: note: in expansion of macro 'Preview' here
#Preview {
^~~~~~~~~~
/Users/ryankanfer/Documents/Developer/HOMEY Clean/HOMEY Clean/Views/SettingsView.swift:221:1: note: in expansion of macro 'Preview' here
#Preview {
^~~~~~~~~~

SwiftCompile normal x86_64 /Users/ryankanfer/Documents/Developer/HOMEY\ Clean/HOMEY\ Clean/Views/Settings/AppearanceSettingsSection.swift (in target 'HOMEY Clean' from project 'HOMEY Clean')
    cd /Users/ryankanfer/Documents/Developer/HOMEY\ Clean
    
@__swiftmacro_11HOMEY_Clean0023SettingsViewswift_elFCffMX220_0_33_990E028DF24F72B1A0B5E04BCBA093BALl7PreviewfMf_.swift:19:21: warning: initialization of immutable value 'client' was never used; consider replacing with assignment to '_' or removing it
                let client = SupabaseClient(
                    ^
/Users/ryankanfer/Documents/Developer/HOMEY Clean/HOMEY Clean/Views/SettingsView.swift:221:1: note: in expansion of macro 'Preview' here
#Preview {
^~~~~~~~~~
/Users/ryankanfer/Documents/Developer/HOMEY Clean/HOMEY Clean/Views/SettingsView.swift:221:1: note: in expansion of macro 'Preview' here
#Preview {
^~~~~~~~~~

SwiftCompile normal x86_64 /Users/ryankanfer/Documents/Developer/HOMEY\ Clean/HOMEY\ Clean/Views/Settings/HelpSupportSettingsSection.swift (in target 'HOMEY Clean' from project 'HOMEY Clean')
    cd /Users/ryankanfer/Documents/Developer/HOMEY\ Clean
    
@__swiftmacro_11HOMEY_Clean0023SettingsViewswift_elFCffMX220_0_33_990E028DF24F72B1A0B5E04BCBA093BALl7PreviewfMf_.swift:19:21: warning: initialization of immutable value 'client' was never used; consider replacing with assignment to '_' or removing it
                let client = SupabaseClient(
                    ^
/Users/ryankanfer/Documents/Developer/HOMEY Clean/HOMEY Clean/Views/SettingsView.swift:221:1: note: in expansion of macro 'Preview' here
#Preview {
^~~~~~~~~~
/Users/ryankanfer/Documents/Developer/HOMEY Clean/HOMEY Clean/Views/SettingsView.swift:221:1: note: in expansion of macro 'Preview' here
#Preview {
^~~~~~~~~~

SwiftCompile normal x86_64 /Users/ryankanfer/Documents/Developer/HOMEY\ Clean/HOMEY\ Clean/Views/Settings/IntegrationsSettingsSection.swift (in target 'HOMEY Clean' from project 'HOMEY Clean')
    cd /Users/ryankanfer/Documents/Developer/HOMEY\ Clean
    
@__swiftmacro_11HOMEY_Clean0023SettingsViewswift_elFCffMX220_0_33_990E028DF24F72B1A0B5E04BCBA093BALl7PreviewfMf_.swift:19:21: warning: initialization of immutable value 'client' was never used; consider replacing with assignment to '_' or removing it
                let client = SupabaseClient(
                    ^
/Users/ryankanfer/Documents/Developer/HOMEY Clean/HOMEY Clean/Views/SettingsView.swift:221:1: note: in expansion of macro 'Preview' here
#Preview {
^~~~~~~~~~
/Users/ryankanfer/Documents/Developer/HOMEY Clean/HOMEY Clean/Views/SettingsView.swift:221:1: note: in expansion of macro 'Preview' here
#Preview {
^~~~~~~~~~

SwiftCompile normal x86_64 /Users/ryankanfer/Documents/Developer/HOMEY\ Clean/HOMEY\ Clean/Views/Settings/NotificationsSettingsSection.swift (in target 'HOMEY Clean' from project 'HOMEY Clean')
    cd /Users/ryankanfer/Documents/Developer/HOMEY\ Clean
    
@__swiftmacro_11HOMEY_Clean0023SettingsViewswift_elFCffMX220_0_33_990E028DF24F72B1A0B5E04BCBA093BALl7PreviewfMf_.swift:19:21: warning: initialization of immutable value 'client' was never used; consider replacing with assignment to '_' or removing it
                let client = SupabaseClient(
                    ^
/Users/ryankanfer/Documents/Developer/HOMEY Clean/HOMEY Clean/Views/SettingsView.swift:221:1: note: in expansion of macro 'Preview' here
#Preview {
^~~~~~~~~~
/Users/ryankanfer/Documents/Developer/HOMEY Clean/HOMEY Clean/Views/SettingsView.swift:221:1: note: in expansion of macro 'Preview' here
#Preview {
^~~~~~~~~~

SwiftCompile normal x86_64 /Users/ryankanfer/Documents/Developer/HOMEY\ Clean/HOMEY\ Clean/Views/Settings/PersonalizationSettingsSection.swift (in target 'HOMEY Clean' from project 'HOMEY Clean')
    cd /Users/ryankanfer/Documents/Developer/HOMEY\ Clean
    
@__swiftmacro_11HOMEY_Clean0023SettingsViewswift_elFCffMX220_0_33_990E028DF24F72B1A0B5E04BCBA093BALl7PreviewfMf_.swift:19:21: warning: initialization of immutable value 'client' was never used; consider replacing with assignment to '_' or removing it
                let client = SupabaseClient(
                    ^
/Users/ryankanfer/Documents/Developer/HOMEY Clean/HOMEY Clean/Views/SettingsView.swift:221:1: note: in expansion of macro 'Preview' here
#Preview {
^~~~~~~~~~
/Users/ryankanfer/Documents/Developer/HOMEY Clean/HOMEY Clean/Views/SettingsView.swift:221:1: note: in expansion of macro 'Preview' here
#Preview {
^~~~~~~~~~

SwiftCompile normal x86_64 /Users/ryankanfer/Documents/Developer/HOMEY\ Clean/HOMEY\ Clean/Views/Settings/PrivacySecuritySettingsSection.swift (in target 'HOMEY Clean' from project 'HOMEY Clean')
    cd /Users/ryankanfer/Documents/Developer/HOMEY\ Clean
    
@__swiftmacro_11HOMEY_Clean0023SettingsViewswift_elFCffMX220_0_33_990E028DF24F72B1A0B5E04BCBA093BALl7PreviewfMf_.swift:19:21: warning: initialization of immutable value 'client' was never used; consider replacing with assignment to '_' or removing it
                let client = SupabaseClient(
                    ^
/Users/ryankanfer/Documents/Developer/HOMEY Clean/HOMEY Clean/Views/SettingsView.swift:221:1: note: in expansion of macro 'Preview' here
#Preview {
^~~~~~~~~~
/Users/ryankanfer/Documents/Developer/HOMEY Clean/HOMEY Clean/Views/SettingsView.swift:221:1: note: in expansion of macro 'Preview' here
#Preview {
^~~~~~~~~~

SwiftCompile normal x86_64 /Users/ryankanfer/Documents/Developer/HOMEY\ Clean/HOMEY\ Clean/Views/ComprehensiveSettingsView.swift (in target 'HOMEY Clean' from project 'HOMEY Clean')
    cd /Users/ryankanfer/Documents/Developer/HOMEY\ Clean
    
@__swiftmacro_11HOMEY_Clean0023SettingsViewswift_elFCffMX220_0_33_990E028DF24F72B1A0B5E04BCBA093BALl7PreviewfMf_.swift:19:21: warning: initialization of immutable value 'client' was never used; consider replacing with assignment to '_' or removing it
                let client = SupabaseClient(
                    ^
/Users/ryankanfer/Documents/Developer/HOMEY Clean/HOMEY Clean/Views/SettingsView.swift:221:1: note: in expansion of macro 'Preview' here
#Preview {
^~~~~~~~~~
/Users/ryankanfer/Documents/Developer/HOMEY Clean/HOMEY Clean/Views/SettingsView.swift:221:1: note: in expansion of macro 'Preview' here
#Preview {
^~~~~~~~~~

SwiftCompile normal x86_64 /Users/ryankanfer/Documents/Developer/HOMEY\ Clean/HOMEY\ Clean/Views/HomeyLandingViewWithProfile.swift (in target 'HOMEY Clean' from project 'HOMEY Clean')
    cd /Users/ryankanfer/Documents/Developer/HOMEY\ Clean
    
@__swiftmacro_11HOMEY_Clean0023SettingsViewswift_elFCffMX220_0_33_990E028DF24F72B1A0B5E04BCBA093BALl7PreviewfMf_.swift:19:21: warning: initialization of immutable value 'client' was never used; consider replacing with assignment to '_' or removing it
                let client = SupabaseClient(
                    ^
/Users/ryankanfer/Documents/Developer/HOMEY Clean/HOMEY Clean/Views/SettingsView.swift:221:1: note: in expansion of macro 'Preview' here
#Preview {
^~~~~~~~~~
/Users/ryankanfer/Documents/Developer/HOMEY Clean/HOMEY Clean/Views/SettingsView.swift:221:1: note: in expansion of macro 'Preview' here
#Preview {
^~~~~~~~~~

SwiftCompile normal x86_64 /Users/ryankanfer/Documents/Developer/HOMEY\ Clean/HOMEY\ Clean/Views/NavigationDashboardView.swift (in target 'HOMEY Clean' from project 'HOMEY Clean')
    cd /Users/ryankanfer/Documents/Developer/HOMEY\ Clean
    
@__swiftmacro_11HOMEY_Clean0023SettingsViewswift_elFCffMX220_0_33_990E028DF24F72B1A0B5E04BCBA093BALl7PreviewfMf_.swift:19:21: warning: initialization of immutable value 'client' was never used; consider replacing with assignment to '_' or removing it
                let client = SupabaseClient(
                    ^
/Users/ryankanfer/Documents/Developer/HOMEY Clean/HOMEY Clean/Views/SettingsView.swift:221:1: note: in expansion of macro 'Preview' here
#Preview {
^~~~~~~~~~
/Users/ryankanfer/Documents/Developer/HOMEY Clean/HOMEY Clean/Views/SettingsView.swift:221:1: note: in expansion of macro 'Preview' here
#Preview {
^~~~~~~~~~

SwiftCompile normal x86_64 /Users/ryankanfer/Documents/Developer/HOMEY\ Clean/HOMEY\ Clean/Views/SettingsView.swift (in target 'HOMEY Clean' from project 'HOMEY Clean')
    cd /Users/ryankanfer/Documents/Developer/HOMEY\ Clean
    
@__swiftmacro_11HOMEY_Clean0023SettingsViewswift_elFCffMX220_0_33_990E028DF24F72B1A0B5E04BCBA093BALl7PreviewfMf_.swift:19:21: warning: initialization of immutable value 'client' was never used; consider replacing with assignment to '_' or removing it
                let client = SupabaseClient(
                    ^
/Users/ryankanfer/Documents/Developer/HOMEY Clean/HOMEY Clean/Views/SettingsView.swift:221:1: note: in expansion of macro 'Preview' here
#Preview {
^~~~~~~~~~
/Users/ryankanfer/Documents/Developer/HOMEY Clean/HOMEY Clean/Views/SettingsView.swift:221:1: note: in expansion of macro 'Preview' here
#Preview {
^~~~~~~~~~

SwiftCompile normal x86_64 /Users/ryankanfer/Documents/Developer/HOMEY\ Clean/HOMEY\ Clean/Views/ThemeSettingsView.swift (in target 'HOMEY Clean' from project 'HOMEY Clean')
    cd /Users/ryankanfer/Documents/Developer/HOMEY\ Clean
    
@__swiftmacro_11HOMEY_Clean0023SettingsViewswift_elFCffMX220_0_33_990E028DF24F72B1A0B5E04BCBA093BALl7PreviewfMf_.swift:19:21: warning: initialization of immutable value 'client' was never used; consider replacing with assignment to '_' or removing it
                let client = SupabaseClient(
                    ^
/Users/ryankanfer/Documents/Developer/HOMEY Clean/HOMEY Clean/Views/SettingsView.swift:221:1: note: in expansion of macro 'Preview' here
#Preview {
^~~~~~~~~~
/Users/ryankanfer/Documents/Developer/HOMEY Clean/HOMEY Clean/Views/SettingsView.swift:221:1: note: in expansion of macro 'Preview' here
#Preview {
^~~~~~~~~~

SwiftCompile normal x86_64 /Users/ryankanfer/Documents/Developer/HOMEY\ Clean/HOMEY\ Clean/CharlieAct.swift (in target 'HOMEY Clean' from project 'HOMEY Clean')
    cd /Users/ryankanfer/Documents/Developer/HOMEY\ Clean
    
@__swiftmacro_11HOMEY_Clean0023SettingsViewswift_elFCffMX220_0_33_990E028DF24F72B1A0B5E04BCBA093BALl7PreviewfMf_.swift:19:21: warning: initialization of immutable value 'client' was never used; consider replacing with assignment to '_' or removing it
                let client = SupabaseClient(
                    ^
/Users/ryankanfer/Documents/Developer/HOMEY Clean/HOMEY Clean/Views/SettingsView.swift:221:1: note: in expansion of macro 'Preview' here
#Preview {
^~~~~~~~~~
/Users/ryankanfer/Documents/Developer/HOMEY Clean/HOMEY Clean/Views/SettingsView.swift:221:1: note: in expansion of macro 'Preview' here
#Preview {
^~~~~~~~~~

SwiftCompile normal x86_64 /Users/ryankanfer/Documents/Developer/HOMEY\ Clean/HOMEY\ Clean/FontDebugView.swift (in target 'HOMEY Clean' from project 'HOMEY Clean')
    cd /Users/ryankanfer/Documents/Developer/HOMEY\ Clean
    
@__swiftmacro_11HOMEY_Clean0023SettingsViewswift_elFCffMX220_0_33_990E028DF24F72B1A0B5E04BCBA093BALl7PreviewfMf_.swift:19:21: warning: initialization of immutable value 'client' was never used; consider replacing with assignment to '_' or removing it
                let client = SupabaseClient(
                    ^
/Users/ryankanfer/Documents/Developer/HOMEY Clean/HOMEY Clean/Views/SettingsView.swift:221:1: note: in expansion of macro 'Preview' here
#Preview {
^~~~~~~~~~
/Users/ryankanfer/Documents/Developer/HOMEY Clean/HOMEY Clean/Views/SettingsView.swift:221:1: note: in expansion of macro 'Preview' here
#Preview {
^~~~~~~~~~

SwiftCompile normal x86_64 /Users/ryankanfer/Documents/Developer/HOMEY\ Clean/HOMEY\ Clean/JourneyLoggingPlaceholder.swift (in target 'HOMEY Clean' from project 'HOMEY Clean')
    cd /Users/ryankanfer/Documents/Developer/HOMEY\ Clean
    
@__swiftmacro_11HOMEY_Clean0023SettingsViewswift_elFCffMX220_0_33_990E028DF24F72B1A0B5E04BCBA093BALl7PreviewfMf_.swift:19:21: warning: initialization of immutable value 'client' was never used; consider replacing with assignment to '_' or removing it
                let client = SupabaseClient(
                    ^
/Users/ryankanfer/Documents/Developer/HOMEY Clean/HOMEY Clean/Views/SettingsView.swift:221:1: note: in expansion of macro 'Preview' here
#Preview {
^~~~~~~~~~
/Users/ryankanfer/Documents/Developer/HOMEY Clean/HOMEY Clean/Views/SettingsView.swift:221:1: note: in expansion of macro 'Preview' here
#Preview {
^~~~~~~~~~

SwiftCompile normal x86_64 /Users/ryankanfer/Documents/Developer/HOMEY\ Clean/HOMEY\ Clean/JourneyWatcher.swift (in target 'HOMEY Clean' from project 'HOMEY Clean')
    cd /Users/ryankanfer/Documents/Developer/HOMEY\ Clean
    
@__swiftmacro_11HOMEY_Clean0023SettingsViewswift_elFCffMX220_0_33_990E028DF24F72B1A0B5E04BCBA093BALl7PreviewfMf_.swift:19:21: warning: initialization of immutable value 'client' was never used; consider replacing with assignment to '_' or removing it
                let client = SupabaseClient(
                    ^
/Users/ryankanfer/Documents/Developer/HOMEY Clean/HOMEY Clean/Views/SettingsView.swift:221:1: note: in expansion of macro 'Preview' here
#Preview {
^~~~~~~~~~
/Users/ryankanfer/Documents/Developer/HOMEY Clean/HOMEY Clean/Views/SettingsView.swift:221:1: note: in expansion of macro 'Preview' here
#Preview {
^~~~~~~~~~
/Users/ryankanfer/Documents/Developer/HOMEY Clean/HOMEY Clean/JourneyWatcher.swift:14:14: warning: 'onChange(of:perform:)' was deprecated in iOS 17.0: Use `onChange` with a two or zero parameter action closure instead.
            .onChange(of: scenePhase) { phase in
             ^

SwiftCompile normal x86_64 /Users/ryankanfer/Documents/Developer/HOMEY\ Clean/HOMEY\ Clean/SupabaseEventsService.swift (in target 'HOMEY Clean' from project 'HOMEY Clean')
    cd /Users/ryankanfer/Documents/Developer/HOMEY\ Clean
    
@__swiftmacro_11HOMEY_Clean0023SettingsViewswift_elFCffMX220_0_33_990E028DF24F72B1A0B5E04BCBA093BALl7PreviewfMf_.swift:19:21: warning: initialization of immutable value 'client' was never used; consider replacing with assignment to '_' or removing it
                let client = SupabaseClient(
                    ^
/Users/ryankanfer/Documents/Developer/HOMEY Clean/HOMEY Clean/Views/SettingsView.swift:221:1: note: in expansion of macro 'Preview' here
#Preview {
^~~~~~~~~~
/Users/ryankanfer/Documents/Developer/HOMEY Clean/HOMEY Clean/Views/SettingsView.swift:221:1: note: in expansion of macro 'Preview' here
#Preview {
^~~~~~~~~~

SwiftCompile normal x86_64 /Users/ryankanfer/Library/Developer/Xcode/DerivedData/HOMEY_Clean-gafualdnzupkfseuistvwtqbnpqd/Build/Intermediates.noindex/HOMEY\ Clean.build/Debug-iphonesimulator/HOMEY\ Clean.build/DerivedSources/GeneratedAssetSymbols.swift (in target 'HOMEY Clean' from project 'HOMEY Clean')
    cd /Users/ryankanfer/Documents/Developer/HOMEY\ Clean
    
/Users/ryankanfer/Library/Developer/Xcode/DerivedData/HOMEY_Clean-gafualdnzupkfseuistvwtqbnpqd/Build/Intermediates.noindex/HOMEY Clean.build/Debug-iphonesimulator/HOMEY Clean.build/DerivedSources/GeneratedAssetSymbols.swift:30:14: warning: The "AccentColor" color asset name resolves to the symbol "accent" which already exists. Try renaming the asset.
    #warning("The \"AccentColor\" color asset name resolves to the symbol \"accent\" which already exists. Try renaming the asset.")
             ^~~~~~~~~~~~~~~~~~~~~~~~~~~~~~~~~~~~~~~~~~~~~~~~~~~~~~~~~~~~~~~~~~~~~~~~~~~~~~~~~~~~~~~~~~~~~~~~~~~~~~~~~~~~~~~~~~~~~~
/Users/ryankanfer/Library/Developer/Xcode/DerivedData/HOMEY_Clean-gafualdnzupkfseuistvwtqbnpqd/Build/Intermediates.noindex/HOMEY Clean.build/Debug-iphonesimulator/HOMEY Clean.build/DerivedSources/GeneratedAssetSymbols.swift:663:14: warning: The "Primary" color asset name resolves to a conflicting Color symbol "primary". Try renaming the asset.
    #warning("The \"Primary\" color asset name resolves to a conflicting Color symbol \"primary\". Try renaming the asset.")
             ^~~~~~~~~~~~~~~~~~~~~~~~~~~~~~~~~~~~~~~~~~~~~~~~~~~~~~~~~~~~~~~~~~~~~~~~~~~~~~~~~~~~~~~~~~~~~~~~~~~~~~~~~~~~~~
@__swiftmacro_11HOMEY_Clean0023SettingsViewswift_elFCffMX220_0_33_990E028DF24F72B1A0B5E04BCBA093BALl7PreviewfMf_.swift:19:21: warning: initialization of immutable value 'client' was never used; consider replacing with assignment to '_' or removing it
                let client = SupabaseClient(
                    ^
/Users/ryankanfer/Documents/Developer/HOMEY Clean/HOMEY Clean/Views/SettingsView.swift:221:1: note: in expansion of macro 'Preview' here
#Preview {
^~~~~~~~~~
/Users/ryankanfer/Documents/Developer/HOMEY Clean/HOMEY Clean/Views/SettingsView.swift:221:1: note: in expansion of macro 'Preview' here
#Preview {
^~~~~~~~~~

Failed frontend command:
/Applications/Xcode.app/Contents/Developer/Toolchains/XcodeDefault.xctoolchain/usr/bin/swift-frontend -frontend -c -filelist /Users/ryankanfer/Library/Developer/Xcode/DerivedData/HOMEY_Clean-gafualdnzupkfseuistvwtqbnpqd/Build/Intermediates.noindex/HOMEY\ Clean.build/Debug-iphonesimulator/HOMEY\ Clean.build/Objects-normal/x86_64/sources-1 -primary-file /Users/ryankanfer/Documents/Developer/HOMEY\ Clean/HOMEY\ Clean/Views/Dashboards/Clients/VaultDetailSheet.swift -primary-file /Users/ryankanfer/Documents/Developer/HOMEY\ Clean/HOMEY\ Clean/Views/Homepage/CustomizableHomepageGrid.swift -primary-file /Users/ryankanfer/Documents/Developer/HOMEY\ Clean/HOMEY\ Clean/Views/Homepage/HomepageCustomizationSheet.swift -primary-file /Users/ryankanfer/Documents/Developer/HOMEY\ Clean/HOMEY\ Clean/Views/Homepage/NextUpSmartCard.swift -primary-file /Users/ryankanfer/Documents/Developer/HOMEY\ Clean/HOMEY\ Clean/Views/Settings/AccountSettingsSection.swift -primary-file /Users/ryankanfer/Documents/Developer/HOMEY\ Clean/HOMEY\ Clean/Views/Settings/AdvancedSettingsHub.swift -primary-file /Users/ryankanfer/Documents/Developer/HOMEY\ Clean/HOMEY\ Clean/Views/Settings/AppearanceSettingsSection.swift -primary-file /Users/ryankanfer/Documents/Developer/HOMEY\ Clean/HOMEY\ Clean/Views/Settings/HelpSupportSettingsSection.swift -primary-file /Users/ryankanfer/Documents/Developer/HOMEY\ Clean/HOMEY\ Clean/Views/Settings/IntegrationsSettingsSection.swift -primary-file /Users/ryankanfer/Documents/Developer/HOMEY\ Clean/HOMEY\ Clean/Views/Settings/NotificationsSettingsSection.swift -primary-file /Users/ryankanfer/Documents/Developer/HOMEY\ Clean/HOMEY\ Clean/Views/Settings/PersonalizationSettingsSection.swift -primary-file /Users/ryankanfer/Documents/Developer/HOMEY\ Clean/HOMEY\ Clean/Views/Settings/PrivacySecuritySettingsSection.swift -primary-file /Users/ryankanfer/Documents/Developer/HOMEY\ Clean/HOMEY\ Clean/Views/ComprehensiveSettingsView.swift -primary-file /Users/ryankanfer/Documents/Developer/HOMEY\ Clean/HOMEY\ Clean/Views/HomeyLandingViewWithProfile.swift -primary-file /Users/ryankanfer/Documents/Developer/HOMEY\ Clean/HOMEY\ Clean/Views/NavigationDashboardView.swift -primary-file /Users/ryankanfer/Documents/Developer/HOMEY\ Clean/HOMEY\ Clean/Views/SettingsView.swift -primary-file /Users/ryankanfer/Documents/Developer/HOMEY\ Clean/HOMEY\ Clean/Views/ThemeSettingsView.swift -primary-file /Users/ryankanfer/Documents/Developer/HOMEY\ Clean/HOMEY\ Clean/CharlieAct.swift -primary-file /Users/ryankanfer/Documents/Developer/HOMEY\ Clean/HOMEY\ Clean/FontDebugView.swift -primary-file /Users/ryankanfer/Documents/Developer/HOMEY\ Clean/HOMEY\ Clean/JourneyLoggingPlaceholder.swift -primary-file /Users/ryankanfer/Documents/Developer/HOMEY\ Clean/HOMEY\ Clean/JourneyWatcher.swift -primary-file /Users/ryankanfer/Documents/Developer/HOMEY\ Clean/HOMEY\ Clean/SupabaseEventsService.swift -primary-file /Users/ryankanfer/Library/Developer/Xcode/DerivedData/HOMEY_Clean-gafualdnzupkfseuistvwtqbnpqd/Build/Intermediates.noindex/HOMEY\ Clean.build/Debug-iphonesimulator/HOMEY\ Clean.build/DerivedSources/GeneratedAssetSymbols.swift -supplementary-output-file-map /Users/ryankanfer/Library/Developer/Xcode/DerivedData/HOMEY_Clean-gafualdnzupkfseuistvwtqbnpqd/Build/Intermediates.noindex/HOMEY\ Clean.build/Debug-iphonesimulator/HOMEY\ Clean.build/Objects-normal/x86_64/supplementaryOutputs-14 -emit-localized-strings -emit-localized-strings-path /Users/ryankanfer/Library/Developer/Xcode/DerivedData/HOMEY_Clean-gafualdnzupkfseuistvwtqbnpqd/Build/Intermediates.noindex/HOMEY\ Clean.build/Debug-iphonesimulator/HOMEY\ Clean.build/Objects-normal/x86_64 -target x86_64-apple-ios18.5-simulator -module-can-import-version DeveloperToolsSupport 23.0.4 23.0.4 -module-can-import-version Foundation 4040.1 4040.1.0 -module-can-import Supabase -module-can-import-version SwiftUI 7.0.84.1 7.0.84 -module-can-import-version UIKit 9088.1.113 9088.1.113 -disable-cross-import-overlay-search -swift-module-cross-import AVKit /Applications/Xcode.app/Contents/Developer/Platforms/iPhoneSimulator.platform/Developer/SDKs/iPhoneSimulator.sdk/System/Library/Frameworks/AVKit.framework/Modules/AVKit.swiftcrossimport/SwiftUI.swiftoverlay -swift-module-cross-import AVKit /Applications/Xcode.app/Contents/Developer/Platforms/iPhoneSimulator.platform/Developer/SDKs/iPhoneSimulator26.0.sdk/System/Library/Frameworks/AVKit.framework/Modules/AVKit.swiftcrossimport/SwiftUI.swiftoverlay -swift-module-cross-import MapKit /Applications/Xcode.app/Contents/Developer/Platforms/iPhoneSimulator.platform/Developer/SDKs/iPhoneSimulator.sdk/System/Library/Frameworks/MapKit.framework/Modules/MapKit.swiftcrossimport/SwiftUI.swiftoverlay -swift-module-cross-import PhotosUI /Applications/Xcode.app/Contents/Developer/Platforms/iPhoneSimulator.platform/Developer/SDKs/iPhoneSimulator.sdk/System/Library/Frameworks/PhotosUI.framework/Modules/PhotosUI.swiftcrossimport/SwiftUI.swiftoverlay -swift-module-cross-import PhotosUI /Applications/Xcode.app/Contents/Developer/Platforms/iPhoneSimulator.platform/Developer/SDKs/iPhoneSimulator.sdk/System/Library/Frameworks/PhotosUI.framework/Modules/PhotosUI.swiftcrossimport/WidgetKit.swiftoverlay -swift-module-cross-import PhotosUI /Applications/Xcode.app/Contents/Developer/Platforms/iPhoneSimulator.platform/Developer/SDKs/iPhoneSimulator26.0.sdk/System/Library/Frameworks/PhotosUI.framework/Modules/PhotosUI.swiftcrossimport/SwiftUI.swiftoverlay -swift-module-cross-import PhotosUI /Applications/Xcode.app/Contents/Developer/Platforms/iPhoneSimulator.platform/Developer/SDKs/iPhoneSimulator26.0.sdk/System/Library/Frameworks/PhotosUI.framework/Modules/PhotosUI.swiftcrossimport/WidgetKit.swiftoverlay -swift-module-cross-import RealityKit /Applications/Xcode.app/Contents/Developer/Platforms/iPhoneSimulator.platform/Developer/SDKs/iPhoneSimulator26.0.sdk/System/Library/Frameworks/RealityKit.framework/Modules/RealityKit.swiftcrossimport/SwiftUI.swiftoverlay -load-resolved-plugin /Applications/Xcode.app/Contents/Developer/Platforms/iPhoneOS.platform/Developer/usr/lib/swift/host/plugins/libFoundationMacros.dylib\#/Applications/Xcode.app/Contents/Developer/Platforms/iPhoneOS.platform/Developer/usr/bin/swift-plugin-server\#FoundationMacros -load-resolved-plugin /Applications/Xcode.app/Contents/Developer/Platforms/iPhoneOS.platform/Developer/usr/lib/swift/host/plugins/libObservationMacros.dylib\#/Applications/Xcode.app/Contents/Developer/Platforms/iPhoneOS.platform/Developer/usr/bin/swift-plugin-server\#ObservationMacros -load-resolved-plugin /Applications/Xcode.app/Contents/Developer/Platforms/iPhoneOS.platform/Developer/usr/lib/swift/host/plugins/libPreviewsMacros.dylib\#/Applications/Xcode.app/Contents/Developer/Platforms/iPhoneOS.platform/Developer/usr/bin/swift-plugin-server\#PreviewsMacros -load-resolved-plugin /Applications/Xcode.app/Contents/Developer/Platforms/iPhoneOS.platform/Developer/usr/lib/swift/host/plugins/libSwiftMacros.dylib\#/Applications/Xcode.app/Contents/Developer/Platforms/iPhoneOS.platform/Developer/usr/bin/swift-plugin-server\#SwiftMacros -load-resolved-plugin /Applications/Xcode.app/Contents/Developer/Platforms/iPhoneOS.platform/Developer/usr/lib/swift/host/plugins/libSwiftUIMacros.dylib\#/Applications/Xcode.app/Contents/Developer/Platforms/iPhoneOS.platform/Developer/usr/bin/swift-plugin-server\#SwiftUIMacros -load-resolved-plugin /Applications/Xcode.app/Contents/Developer/Platforms/iPhoneOS.platform/Developer/usr/lib/swift/host/plugins/libTipKitMacros.dylib\#/Applications/Xcode.app/Contents/Developer/Platforms/iPhoneOS.platform/Developer/usr/bin/swift-plugin-server\#TipKitMacros -disable-implicit-swift-modules -Xcc -fno-implicit-modules -Xcc -fno-implicit-module-maps -explicit-swift-module-map-file /Users/ryankanfer/Library/Developer/Xcode/DerivedData/HOMEY_Clean-gafualdnzupkfseuistvwtqbnpqd/Build/Intermediates.noindex/HOMEY\ Clean.build/Debug-iphonesimulator/HOMEY\ Clean.build/Objects-normal/x86_64/HOMEY_Clean-dependencies-1.json -enable-objc-interop -sdk /Applications/Xcode.app/Contents/Developer/Platforms/iPhoneSimulator.platform/Developer/SDKs/iPhoneSimulator26.0.sdk -I /Users/ryankanfer/Library/Developer/Xcode/DerivedData/HOMEY_Clean-gafualdnzupkfseuistvwtqbnpqd/Build/Products/Debug-iphonesimulator -F /Users/ryankanfer/Library/Developer/Xcode/DerivedData/HOMEY_Clean-gafualdnzupkfseuistvwtqbnpqd/Build/Products/Debug-iphonesimulator/PackageFrameworks -F /Users/ryankanfer/Library/Developer/Xcode/DerivedData/HOMEY_Clean-gafualdnzupkfseuistvwtqbnpqd/Build/Products/Debug-iphonesimulator/PackageFrameworks -F /Users/ryankanfer/Library/Developer/Xcode/DerivedData/HOMEY_Clean-gafualdnzupkfseuistvwtqbnpqd/Build/Products/Debug-iphonesimulator/PackageFrameworks -F /Users/ryankanfer/Library/Developer/Xcode/DerivedData/HOMEY_Clean-gafualdnzupkfseuistvwtqbnpqd/Build/Products/Debug-iphonesimulator/PackageFrameworks -F /Users/ryankanfer/Library/Developer/Xcode/DerivedData/HOMEY_Clean-gafualdnzupkfseuistvwtqbnpqd/Build/Products/Debug-iphonesimulator/PackageFrameworks -F /Users/ryankanfer/Library/Developer/Xcode/DerivedData/HOMEY_Clean-gafualdnzupkfseuistvwtqbnpqd/Build/Products/Debug-iphonesimulator/PackageFrameworks -F /Users/ryankanfer/Library/Developer/Xcode/DerivedData/HOMEY_Clean-gafualdnzupkfseuistvwtqbnpqd/Build/Products/Debug-iphonesimulator/PackageFrameworks -F /Users/ryankanfer/Library/Developer/Xcode/DerivedData/HOMEY_Clean-gafualdnzupkfseuistvwtqbnpqd/Build/Products/Debug-iphonesimulator/PackageFrameworks -F /Users/ryankanfer/Library/Developer/Xcode/DerivedData/HOMEY_Clean-gafualdnzupkfseuistvwtqbnpqd/Build/Products/Debug-iphonesimulator/PackageFrameworks -F /Users/ryankanfer/Library/Developer/Xcode/DerivedData/HOMEY_Clean-gafualdnzupkfseuistvwtqbnpqd/Build/Products/Debug-iphonesimulator/PackageFrameworks -F /Users/ryankanfer/Library/Developer/Xcode/DerivedData/HOMEY_Clean-gafualdnzupkfseuistvwtqbnpqd/Build/Products/Debug-iphonesimulator/PackageFrameworks -F /Users/ryankanfer/Library/Developer/Xcode/DerivedData/HOMEY_Clean-gafualdnzupkfseuistvwtqbnpqd/Build/Products/Debug-iphonesimulator/PackageFrameworks -F /Users/ryankanfer/Library/Developer/Xcode/DerivedData/HOMEY_Clean-gafualdnzupkfseuistvwtqbnpqd/Build/Products/Debug-iphonesimulator/PackageFrameworks -F /Users/ryankanfer/Library/Developer/Xcode/DerivedData/HOMEY_Clean-gafualdnzupkfseuistvwtqbnpqd/Build/Products/Debug-iphonesimulator/PackageFrameworks -F /Users/ryankanfer/Library/Developer/Xcode/DerivedData/HOMEY_Clean-gafualdnzupkfseuistvwtqbnpqd/Build/Products/Debug-iphonesimulator -no-color-diagnostics -Xcc -fno-color-diagnostics -enable-testing -g -debug-info-format\=dwarf -dwarf-version\=5 -module-cache-path /Users/ryankanfer/Library/Developer/Xcode/DerivedData/HOMEY_Clean-gafualdnzupkfseuistvwtqbnpqd/Build/Intermediates.noindex/SwiftExplicitPrecompiledModules -profile-generate -profile-coverage-mapping -swift-version 5 -enforce-exclusivity\=checked -Onone -D DEBUG -serialize-debugging-options -const-gather-protocols-file /Users/ryankanfer/Library/Developer/Xcode/DerivedData/HOMEY_Clean-gafualdnzupkfseuistvwtqbnpqd/Build/Intermediates.noindex/HOMEY\ Clean.build/Debug-iphonesimulator/HOMEY\ Clean.build/Objects-normal/x86_64/HOMEY\ Clean_const_extract_protocols.json -enable-experimental-feature DebugDescriptionMacro -enable-bare-slash-regex -empty-abi-descriptor -validate-clang-modules-once -clang-build-session-file /Users/ryankanfer/Library/Developer/Xcode/DerivedData/ModuleCache.noindex/Session.modulevalidation -Xcc -working-directory -Xcc /Users/ryankanfer/Documents/Developer/HOMEY\ Clean -enable-anonymous-context-mangled-names -file-compilation-dir /Users/ryankanfer/Documents/Developer/HOMEY\ Clean -Xcc -D_LIBCPP_HARDENING_MODE\=_LIBCPP_HARDENING_MODE_DEBUG -Xcc -ivfsstatcache -Xcc /Users/ryankanfer/Library/Developer/Xcode/DerivedData/SDKStatCaches.noindex/iphonesimulator26.0-23A339-26257891a6c027eb51374368541b8346.sdkstatcache -Xcc -I/Users/ryankanfer/Library/Developer/Xcode/DerivedData/HOMEY_Clean-gafualdnzupkfseuistvwtqbnpqd/Build/Intermediates.noindex/HOMEY\ Clean.build/Debug-iphonesimulator/HOMEY\ Clean.build/swift-overrides.hmap -Xcc -iquote -Xcc /Users/ryankanfer/Library/Developer/Xcode/DerivedData/HOMEY_Clean-gafualdnzupkfseuistvwtqbnpqd/Build/Intermediates.noindex/HOMEY\ Clean.build/Debug-iphonesimulator/HOMEY\ Clean.build/HOMEY\ Clean-generated-files.hmap -Xcc -I/Users/ryankanfer/Library/Developer/Xcode/DerivedData/HOMEY_Clean-gafualdnzupkfseuistvwtqbnpqd/Build/Intermediates.noindex/HOMEY\ Clean.build/Debug-iphonesimulator/HOMEY\ Clean.build/HOMEY\ Clean-own-target-headers.hmap -Xcc -I/Users/ryankanfer/Library/Developer/Xcode/DerivedData/HOMEY_Clean-gafualdnzupkfseuistvwtqbnpqd/Build/Intermediates.noindex/HOMEY\ Clean.build/Debug-iphonesimulator/HOMEY\ Clean.build/HOMEY\ Clean-all-non-framework-target-headers.hmap -Xcc -ivfsoverlay -Xcc /Users/ryankanfer/Library/Developer/Xcode/DerivedData/HOMEY_Clean-gafualdnzupkfseuistvwtqbnpqd/Build/Intermediates.noindex/HOMEY\ Clean.build/Debug-iphonesimulator/HOMEY\ Clean-0f55fb2587d36a9d6da7defd35999c5a-VFS-iphonesimulator/all-product-headers.yaml -Xcc -iquote -Xcc /Users/ryankanfer/Library/Developer/Xcode/DerivedData/HOMEY_Clean-gafualdnzupkfseuistvwtqbnpqd/Build/Intermediates.noindex/HOMEY\ Clean.build/Debug-iphonesimulator/HOMEY\ Clean.build/HOMEY\ Clean-project-headers.hmap -Xcc -I/Users/ryankanfer/Library/Developer/Xcode/DerivedData/HOMEY_Clean-gafualdnzupkfseuistvwtqbnpqd/Build/Products/Debug-iphonesimulator/include -Xcc -I/Users/ryankanfer/Library/Developer/Xcode/DerivedData/HOMEY_Clean-gafualdnzupkfseuistvwtqbnpqd/Build/Intermediates.noindex/HOMEY\ Clean.build/Debug-iphonesimulator/HOMEY\ Clean.build/DerivedSources-normal/x86_64 -Xcc -I/Users/ryankanfer/Library/Developer/Xcode/DerivedData/HOMEY_Clean-gafualdnzupkfseuistvwtqbnpqd/Build/Intermediates.noindex/HOMEY\ Clean.build/Debug-iphonesimulator/HOMEY\ Clean.build/DerivedSources/x86_64 -Xcc -I/Users/ryankanfer/Library/Developer/Xcode/DerivedData/HOMEY_Clean-gafualdnzupkfseuistvwtqbnpqd/Build/Intermediates.noindex/HOMEY\ Clean.build/Debug-iphonesimulator/HOMEY\ Clean.build/DerivedSources -Xcc -DDEBUG\=1 -no-auto-bridging-header-chaining -module-name HOMEY_Clean -frontend-parseable-output -disable-clang-spi -target-sdk-version 26.0 -target-sdk-name iphonesimulator26.0 -clang-target x86_64-apple-ios26.0-simulator -in-process-plugin-server-path /Applications/Xcode.app/Contents/Developer/Toolchains/XcodeDefault.xctoolchain/usr/lib/swift/host/libSwiftInProcPluginServer.dylib -o /Users/ryankanfer/Library/Developer/Xcode/DerivedData/HOMEY_Clean-gafualdnzupkfseuistvwtqbnpqd/Build/Intermediates.noindex/HOMEY\ Clean.build/Debug-iphonesimulator/HOMEY\ Clean.build/Objects-normal/x86_64/VaultDetailSheet.o -o /Users/ryankanfer/Library/Developer/Xcode/DerivedData/HOMEY_Clean-gafualdnzupkfseuistvwtqbnpqd/Build/Intermediates.noindex/HOMEY\ Clean.build/Debug-iphonesimulator/HOMEY\ Clean.build/Objects-normal/x86_64/CustomizableHomepageGrid.o -o /Users/ryankanfer/Library/Developer/Xcode/DerivedData/HOMEY_Clean-gafualdnzupkfseuistvwtqbnpqd/Build/Intermediates.noindex/HOMEY\ Clean.build/Debug-iphonesimulator/HOMEY\ Clean.build/Objects-normal/x86_64/HomepageCustomizationSheet.o -o /Users/ryankanfer/Library/Developer/Xcode/DerivedData/HOMEY_Clean-gafualdnzupkfseuistvwtqbnpqd/Build/Intermediates.noindex/HOMEY\ Clean.build/Debug-iphonesimulator/HOMEY\ Clean.build/Objects-normal/x86_64/NextUpSmartCard.o -o /Users/ryankanfer/Library/Developer/Xcode/DerivedData/HOMEY_Clean-gafualdnzupkfseuistvwtqbnpqd/Build/Intermediates.noindex/HOMEY\ Clean.build/Debug-iphonesimulator/HOMEY\ Clean.build/Objects-normal/x86_64/AccountSettingsSection.o -o /Users/ryankanfer/Library/Developer/Xcode/DerivedData/HOMEY_Clean-gafualdnzupkfseuistvwtqbnpqd/Build/Intermediates.noindex/HOMEY\ Clean.build/Debug-iphonesimulator/HOMEY\ Clean.build/Objects-normal/x86_64/AdvancedSettingsHub.o -o /Users/ryankanfer/Library/Developer/Xcode/DerivedData/HOMEY_Clean-gafualdnzupkfseuistvwtqbnpqd/Build/Intermediates.noindex/HOMEY\ Clean.build/Debug-iphonesimulator/HOMEY\ Clean.build/Objects-normal/x86_64/AppearanceSettingsSection.o -o /Users/ryankanfer/Library/Developer/Xcode/DerivedData/HOMEY_Clean-gafualdnzupkfseuistvwtqbnpqd/Build/Intermediates.noindex/HOMEY\ Clean.build/Debug-iphonesimulator/HOMEY\ Clean.build/Objects-normal/x86_64/HelpSupportSettingsSection.o -o /Users/ryankanfer/Library/Developer/Xcode/DerivedData/HOMEY_Clean-gafualdnzupkfseuistvwtqbnpqd/Build/Intermediates.noindex/HOMEY\ Clean.build/Debug-iphonesimulator/HOMEY\ Clean.build/Objects-normal/x86_64/IntegrationsSettingsSection.o -o /Users/ryankanfer/Library/Developer/Xcode/DerivedData/HOMEY_Clean-gafualdnzupkfseuistvwtqbnpqd/Build/Intermediates.noindex/HOMEY\ Clean.build/Debug-iphonesimulator/HOMEY\ Clean.build/Objects-normal/x86_64/NotificationsSettingsSection.o -o /Users/ryankanfer/Library/Developer/Xcode/DerivedData/HOMEY_Clean-gafualdnzupkfseuistvwtqbnpqd/Build/Intermediates.noindex/HOMEY\ Clean.build/Debug-iphonesimulator/HOMEY\ Clean.build/Objects-normal/x86_64/PersonalizationSettingsSection.o -o /Users/ryankanfer/Library/Developer/Xcode/DerivedData/HOMEY_Clean-gafualdnzupkfseuistvwtqbnpqd/Build/Intermediates.noindex/HOMEY\ Clean.build/Debug-iphonesimulator/HOMEY\ Clean.build/Objects-normal/x86_64/PrivacySecuritySettingsSection.o -o /Users/ryankanfer/Library/Developer/Xcode/DerivedData/HOMEY_Clean-gafualdnzupkfseuistvwtqbnpqd/Build/Intermediates.noindex/HOMEY\ Clean.build/Debug-iphonesimulator/HOMEY\ Clean.build/Objects-normal/x86_64/ComprehensiveSettingsView.o -o /Users/ryankanfer/Library/Developer/Xcode/DerivedData/HOMEY_Clean-gafualdnzupkfseuistvwtqbnpqd/Build/Intermediates.noindex/HOMEY\ Clean.build/Debug-iphonesimulator/HOMEY\ Clean.build/Objects-normal/x86_64/HomeyLandingViewWithProfile.o -o /Users/ryankanfer/Library/Developer/Xcode/DerivedData/HOMEY_Clean-gafualdnzupkfseuistvwtqbnpqd/Build/Intermediates.noindex/HOMEY\ Clean.build/Debug-iphonesimulator/HOMEY\ Clean.build/Objects-normal/x86_64/NavigationDashboardView.o -o /Users/ryankanfer/Library/Developer/Xcode/DerivedData/HOMEY_Clean-gafualdnzupkfseuistvwtqbnpqd/Build/Intermediates.noindex/HOMEY\ Clean.build/Debug-iphonesimulator/HOMEY\ Clean.build/Objects-normal/x86_64/SettingsView.o -o /Users/ryankanfer/Library/Developer/Xcode/DerivedData/HOMEY_Clean-gafualdnzupkfseuistvwtqbnpqd/Build/Intermediates.noindex/HOMEY\ Clean.build/Debug-iphonesimulator/HOMEY\ Clean.build/Objects-normal/x86_64/ThemeSettingsView.o -o /Users/ryankanfer/Library/Developer/Xcode/DerivedData/HOMEY_Clean-gafualdnzupkfseuistvwtqbnpqd/Build/Intermediates.noindex/HOMEY\ Clean.build/Debug-iphonesimulator/HOMEY\ Clean.build/Objects-normal/x86_64/CharlieAct.o -o /Users/ryankanfer/Library/Developer/Xcode/DerivedData/HOMEY_Clean-gafualdnzupkfseuistvwtqbnpqd/Build/Intermediates.noindex/HOMEY\ Clean.build/Debug-iphonesimulator/HOMEY\ Clean.build/Objects-normal/x86_64/FontDebugView.o -o /Users/ryankanfer/Library/Developer/Xcode/DerivedData/HOMEY_Clean-gafualdnzupkfseuistvwtqbnpqd/Build/Intermediates.noindex/HOMEY\ Clean.build/Debug-iphonesimulator/HOMEY\ Clean.build/Objects-normal/x86_64/JourneyLoggingPlaceholder.o -o /Users/ryankanfer/Library/Developer/Xcode/DerivedData/HOMEY_Clean-gafualdnzupkfseuistvwtqbnpqd/Build/Intermediates.noindex/HOMEY\ Clean.build/Debug-iphonesimulator/HOMEY\ Clean.build/Objects-normal/x86_64/JourneyWatcher.o -o /Users/ryankanfer/Library/Developer/Xcode/DerivedData/HOMEY_Clean-gafualdnzupkfseuistvwtqbnpqd/Build/Intermediates.noindex/HOMEY\ Clean.build/Debug-iphonesimulator/HOMEY\ Clean.build/Objects-normal/x86_64/SupabaseEventsService.o -o /Users/ryankanfer/Library/Developer/Xcode/DerivedData/HOMEY_Clean-gafualdnzupkfseuistvwtqbnpqd/Build/Intermediates.noindex/HOMEY\ Clean.build/Debug-iphonesimulator/HOMEY\ Clean.build/Objects-normal/x86_64/GeneratedAssetSymbols.o -index-unit-output-path /HOMEY\ Clean.build/Debug-iphonesimulator/HOMEY\ Clean.build/Objects-normal/x86_64/VaultDetailSheet.o -index-unit-output-path /HOMEY\ Clean.build/Debug-iphonesimulator/HOMEY\ Clean.build/Objects-normal/x86_64/CustomizableHomepageGrid.o -index-unit-output-path /HOMEY\ Clean.build/Debug-iphonesimulator/HOMEY\ Clean.build/Objects-normal/x86_64/HomepageCustomizationSheet.o -index-unit-output-path /HOMEY\ Clean.build/Debug-iphonesimulator/HOMEY\ Clean.build/Objects-normal/x86_64/NextUpSmartCard.o -index-unit-output-path /HOMEY\ Clean.build/Debug-iphonesimulator/HOMEY\ Clean.build/Objects-normal/x86_64/AccountSettingsSection.o -index-unit-output-path /HOMEY\ Clean.build/Debug-iphonesimulator/HOMEY\ Clean.build/Objects-normal/x86_64/AdvancedSettingsHub.o -index-unit-output-path /HOMEY\ Clean.build/Debug-iphonesimulator/HOMEY\ Clean.build/Objects-normal/x86_64/AppearanceSettingsSection.o -index-unit-output-path /HOMEY\ Clean.build/Debug-iphonesimulator/HOMEY\ Clean.build/Objects-normal/x86_64/HelpSupportSettingsSection.o -index-unit-output-path /HOMEY\ Clean.build/Debug-iphonesimulator/HOMEY\ Clean.build/Objects-normal/x86_64/IntegrationsSettingsSection.o -index-unit-output-path /HOMEY\ Clean.build/Debug-iphonesimulator/HOMEY\ Clean.build/Objects-normal/x86_64/NotificationsSettingsSection.o -index-unit-output-path /HOMEY\ Clean.build/Debug-iphonesimulator/HOMEY\ Clean.build/Objects-normal/x86_64/PersonalizationSettingsSection.o -index-unit-output-path /HOMEY\ Clean.build/Debug-iphonesimulator/HOMEY\ Clean.build/Objects-normal/x86_64/PrivacySecuritySettingsSection.o -index-unit-output-path /HOMEY\ Clean.build/Debug-iphonesimulator/HOMEY\ Clean.build/Objects-normal/x86_64/ComprehensiveSettingsView.o -index-unit-output-path /HOMEY\ Clean.build/Debug-iphonesimulator/HOMEY\ Clean.build/Objects-normal/x86_64/HomeyLandingViewWithProfile.o -index-unit-output-path /HOMEY\ Clean.build/Debug-iphonesimulator/HOMEY\ Clean.build/Objects-normal/x86_64/NavigationDashboardView.o -index-unit-output-path /HOMEY\ Clean.build/Debug-iphonesimulator/HOMEY\ Clean.build/Objects-normal/x86_64/SettingsView.o -index-unit-output-path /HOMEY\ Clean.build/Debug-iphonesimulator/HOMEY\ Clean.build/Objects-normal/x86_64/ThemeSettingsView.o -index-unit-output-path /HOMEY\ Clean.build/Debug-iphonesimulator/HOMEY\ Clean.build/Objects-normal/x86_64/CharlieAct.o -index-unit-output-path /HOMEY\ Clean.build/Debug-iphonesimulator/HOMEY\ Clean.build/Objects-normal/x86_64/FontDebugView.o -index-unit-output-path /HOMEY\ Clean.build/Debug-iphonesimulator/HOMEY\ Clean.build/Objects-normal/x86_64/JourneyLoggingPlaceholder.o -index-unit-output-path /HOMEY\ Clean.build/Debug-iphonesimulator/HOMEY\ Clean.build/Objects-normal/x86_64/JourneyWatcher.o -index-unit-output-path /HOMEY\ Clean.build/Debug-iphonesimulator/HOMEY\ Clean.build/Objects-normal/x86_64/SupabaseEventsService.o -index-unit-output-path /HOMEY\ Clean.build/Debug-iphonesimulator/HOMEY\ Clean.build/Objects-normal/x86_64/GeneratedAssetSymbols.o -index-store-path /Users/ryankanfer/Library/Developer/Xcode/DerivedData/HOMEY_Clean-gafualdnzupkfseuistvwtqbnpqd/Index.noindex/DataStore -index-system-modules
SwiftEmitModule normal x86_64 Emitting\ module\ for\ HOMEY_Clean (in target 'HOMEY Clean' from project 'HOMEY Clean')

EmitSwiftModule normal x86_64 (in target 'HOMEY Clean' from project 'HOMEY Clean')
    cd /Users/ryankanfer/Documents/Developer/HOMEY\ Clean
    
/Users/ryankanfer/Library/Developer/Xcode/DerivedData/HOMEY_Clean-gafualdnzupkfseuistvwtqbnpqd/Build/Intermediates.noindex/HOMEY Clean.build/Debug-iphonesimulator/HOMEY Clean.build/DerivedSources/GeneratedAssetSymbols.swift:663:14: warning: The "Primary" color asset name resolves to a conflicting Color symbol "primary". Try renaming the asset.
    #warning("The \"Primary\" color asset name resolves to a conflicting Color symbol \"primary\". Try renaming the asset.")
             ^~~~~~~~~~~~~~~~~~~~~~~~~~~~~~~~~~~~~~~~~~~~~~~~~~~~~~~~~~~~~~~~~~~~~~~~~~~~~~~~~~~~~~~~~~~~~~~~~~~~~~~~~~~~~~
/Users/ryankanfer/Documents/Developer/HOMEY Clean/HOMEY Clean/Core/Design/TRAEMicroInteractions.swift:476:45: warning: backward matching of the unlabeled trailing closure is deprecated; label the argument with 'onLongPress' to suppress this warning
            .traeInteractive(type: .button) {
                                          ~ ^
                                          , onLongPress: 
/Users/ryankanfer/Documents/Developer/HOMEY Clean/HOMEY Clean/Core/Design/TRAEMicroInteractions.swift:440:10: note: 'traeInteractive(type:isEnabled:onTap:onLongPress:)' declared here
    func traeInteractive(
         ^
/Users/ryankanfer/Library/Developer/Xcode/DerivedData/HOMEY_Clean-gafualdnzupkfseuistvwtqbnpqd/Build/Intermediates.noindex/HOMEY Clean.build/Debug-iphonesimulator/HOMEY Clean.build/DerivedSources/GeneratedAssetSymbols.swift:30:14: warning: The "AccentColor" color asset name resolves to the symbol "accent" which already exists. Try renaming the asset.
    #warning("The \"AccentColor\" color asset name resolves to the symbol \"accent\" which already exists. Try renaming the asset.")
             ^~~~~~~~~~~~~~~~~~~~~~~~~~~~~~~~~~~~~~~~~~~~~~~~~~~~~~~~~~~~~~~~~~~~~~~~~~~~~~~~~~~~~~~~~~~~~~~~~~~~~~~~~~~~~~~~~~~~~~
/Users/ryankanfer/Documents/Developer/HOMEY Clean/HOMEY Clean/Data/Repositories/DocumentsRepository.swift:101:30: warning: 'database' is deprecated: Direct access to database is deprecated, please use one of the available methods such as, SupabaseClient.from(_:), SupabaseClient.rpc(_:params:), or SupabaseClient.schema(_:).
        _ = try await client.database.from("documents").insert(
                             ^
/Users/ryankanfer/Documents/Developer/HOMEY Clean/HOMEY Clean/Data/Repositories/DocumentsRepository.swift:133:78: warning: 'database' is deprecated: Direct access to database is deprecated, please use one of the available methods such as, SupabaseClient.from(_:), SupabaseClient.rpc(_:params:), or SupabaseClient.schema(_:).
        let response: PostgrestResponse<[DocumentRecord]> = try await client.database.from("documents").insert(
                                                                             ^
/Users/ryankanfer/Documents/Developer/HOMEY Clean/HOMEY Clean/Data/Repositories/DocumentsRepository.swift:165:30: warning: 'database' is deprecated: Direct access to database is deprecated, please use one of the available methods such as, SupabaseClient.from(_:), SupabaseClient.rpc(_:params:), or SupabaseClient.schema(_:).
        _ = try await client.database.from("documents")
                             ^
/Users/ryankanfer/Documents/Developer/HOMEY Clean/HOMEY Clean/Data/Repositories/DocumentsRepository.swift:180:30: warning: 'database' is deprecated: Direct access to database is deprecated, please use one of the available methods such as, SupabaseClient.from(_:), SupabaseClient.rpc(_:params:), or SupabaseClient.schema(_:).
        _ = try await client.database.from("documents")
                             ^
/Users/ryankanfer/Documents/Developer/HOMEY Clean/HOMEY Clean/Features/Documents/DocumentsView.swift:93:1: warning: extension declares a conformance of imported type 'String' to imported protocol 'Identifiable'; this will not behave correctly if the owners of 'Swift' introduce this conformance in the future
extension String: Identifiable {
^
/Users/ryankanfer/Documents/Developer/HOMEY Clean/HOMEY Clean/Features/Documents/DocumentsView.swift:93:1: note: add '@retroactive' to silence this warning
extension String: Identifiable {
^                 ~~~~~~~~~~~~
                  @retroactive Identifiable

SwiftCompile normal x86_64 Compiling\ AuthGate.swift,\ InviteRedeemer.swift,\ LoginView.swift,\ SignupView.swift,\ PlaceholderRow.swift,\ SectionCard.swift,\ Color+Hex.swift,\ ContentView.swift,\ ComingSoonView.swift,\ Theme.swift,\ GlassCardContent.swift,\ CharlieUpdateBox.swift,\ ChatAvatar.swift,\ ChatModal.swift,\ ChatTarget.swift,\ ClientTabBar.swift,\ EpisodeDetailSheet.swift,\ FloatingAvatarView.swift,\ GlassNavigationFooter.swift,\ GradientBackgrounds.swift,\ HeroAVPlayerView.swift,\ HeroVideoView.swift,\ HomeyKind.swift,\ JourneyEvent.swift /Users/ryankanfer/Documents/Developer/HOMEY\ Clean/HOMEY\ Clean/Auth/AuthGate.swift /Users/ryankanfer/Documents/Developer/HOMEY\ Clean/HOMEY\ Clean/Auth/InviteRedeemer.swift /Users/ryankanfer/Documents/Developer/HOMEY\ Clean/HOMEY\ Clean/Auth/LoginView.swift /Users/ryankanfer/Documents/Developer/HOMEY\ Clean/HOMEY\ Clean/Auth/SignupView.swift /Users/ryankanfer/Documents/Developer/HOMEY\ Clean/HOMEY\ Clean/codex/components/PlaceholderRow.swift /Users/ryankanfer/Documents/Developer/HOMEY\ Clean/HOMEY\ Clean/codex/components/SectionCard.swift /Users/ryankanfer/Documents/Developer/HOMEY\ Clean/HOMEY\ Clean/codex/Shared/Extensions/Color+Hex.swift /Users/ryankanfer/Documents/Developer/HOMEY\ Clean/HOMEY\ Clean/codex/ContentView.swift /Users/ryankanfer/Documents/Developer/HOMEY\ Clean/HOMEY\ Clean/Common/ComingSoonView.swift /Users/ryankanfer/Documents/Developer/HOMEY\ Clean/HOMEY\ Clean/Common/Theme.swift /Users/ryankanfer/Documents/Developer/HOMEY\ Clean/HOMEY\ Clean/Components/Glass/GlassCardContent.swift /Users/ryankanfer/Documents/Developer/HOMEY\ Clean/HOMEY\ Clean/Components/CharlieUpdateBox.swift /Users/ryankanfer/Documents/Developer/HOMEY\ Clean/HOMEY\ Clean/Components/ChatAvatar.swift /Users/ryankanfer/Documents/Developer/HOMEY\ Clean/HOMEY\ Clean/Components/ChatModal.swift /Users/ryankanfer/Documents/Developer/HOMEY\ Clean/HOMEY\ Clean/Components/ChatTarget.swift /Users/ryankanfer/Documents/Developer/HOMEY\ Clean/HOMEY\ Clean/Components/ClientTabBar.swift /Users/ryankanfer/Documents/Developer/HOMEY\ Clean/HOMEY\ Clean/Components/EpisodeDetailSheet.swift /Users/ryankanfer/Documents/Developer/HOMEY\ Clean/HOMEY\ Clean/Components/FloatingAvatarView.swift /Users/ryankanfer/Documents/Developer/HOMEY\ Clean/HOMEY\ Clean/Components/GlassNavigationFooter.swift /Users/ryankanfer/Documents/Developer/HOMEY\ Clean/HOMEY\ Clean/Components/GradientBackgrounds.swift /Users/ryankanfer/Documents/Developer/HOMEY\ Clean/HOMEY\ Clean/Components/HeroAVPlayerView.swift /Users/ryankanfer/Documents/Developer/HOMEY\ Clean/HOMEY\ Clean/Components/HeroVideoView.swift /Users/ryankanfer/Documents/Developer/HOMEY\ Clean/HOMEY\ Clean/Components/HomeyKind.swift /Users/ryankanfer/Documents/Developer/HOMEY\ Clean/HOMEY\ Clean/Components/JourneyEvent.swift (in target 'HOMEY Clean' from project 'HOMEY Clean')
SwiftCompile normal x86_64 /Users/ryankanfer/Documents/Developer/HOMEY\ Clean/HOMEY\ Clean/Auth/AuthGate.swift (in target 'HOMEY Clean' from project 'HOMEY Clean')
    cd /Users/ryankanfer/Documents/Developer/HOMEY\ Clean
    

SwiftCompile normal x86_64 /Users/ryankanfer/Documents/Developer/HOMEY\ Clean/HOMEY\ Clean/Auth/InviteRedeemer.swift (in target 'HOMEY Clean' from project 'HOMEY Clean')
    cd /Users/ryankanfer/Documents/Developer/HOMEY\ Clean
    

SwiftCompile normal x86_64 /Users/ryankanfer/Documents/Developer/HOMEY\ Clean/HOMEY\ Clean/Auth/LoginView.swift (in target 'HOMEY Clean' from project 'HOMEY Clean')
    cd /Users/ryankanfer/Documents/Developer/HOMEY\ Clean
    

SwiftCompile normal x86_64 /Users/ryankanfer/Documents/Developer/HOMEY\ Clean/HOMEY\ Clean/Auth/SignupView.swift (in target 'HOMEY Clean' from project 'HOMEY Clean')
    cd /Users/ryankanfer/Documents/Developer/HOMEY\ Clean
    

SwiftCompile normal x86_64 /Users/ryankanfer/Documents/Developer/HOMEY\ Clean/HOMEY\ Clean/codex/components/PlaceholderRow.swift (in target 'HOMEY Clean' from project 'HOMEY Clean')
    cd /Users/ryankanfer/Documents/Developer/HOMEY\ Clean
    

SwiftCompile normal x86_64 /Users/ryankanfer/Documents/Developer/HOMEY\ Clean/HOMEY\ Clean/codex/components/SectionCard.swift (in target 'HOMEY Clean' from project 'HOMEY Clean')
    cd /Users/ryankanfer/Documents/Developer/HOMEY\ Clean
    

SwiftCompile normal x86_64 /Users/ryankanfer/Documents/Developer/HOMEY\ Clean/HOMEY\ Clean/codex/Shared/Extensions/Color+Hex.swift (in target 'HOMEY Clean' from project 'HOMEY Clean')
    cd /Users/ryankanfer/Documents/Developer/HOMEY\ Clean
    

SwiftCompile normal x86_64 /Users/ryankanfer/Documents/Developer/HOMEY\ Clean/HOMEY\ Clean/codex/ContentView.swift (in target 'HOMEY Clean' from project 'HOMEY Clean')
    cd /Users/ryankanfer/Documents/Developer/HOMEY\ Clean
    

SwiftCompile normal x86_64 /Users/ryankanfer/Documents/Developer/HOMEY\ Clean/HOMEY\ Clean/Common/ComingSoonView.swift (in target 'HOMEY Clean' from project 'HOMEY Clean')
    cd /Users/ryankanfer/Documents/Developer/HOMEY\ Clean
    

SwiftCompile normal x86_64 /Users/ryankanfer/Documents/Developer/HOMEY\ Clean/HOMEY\ Clean/Common/Theme.swift (in target 'HOMEY Clean' from project 'HOMEY Clean')
    cd /Users/ryankanfer/Documents/Developer/HOMEY\ Clean
    

SwiftCompile normal x86_64 /Users/ryankanfer/Documents/Developer/HOMEY\ Clean/HOMEY\ Clean/Components/Glass/GlassCardContent.swift (in target 'HOMEY Clean' from project 'HOMEY Clean')
    cd /Users/ryankanfer/Documents/Developer/HOMEY\ Clean
    

SwiftCompile normal x86_64 /Users/ryankanfer/Documents/Developer/HOMEY\ Clean/HOMEY\ Clean/Components/CharlieUpdateBox.swift (in target 'HOMEY Clean' from project 'HOMEY Clean')
    cd /Users/ryankanfer/Documents/Developer/HOMEY\ Clean
    

SwiftCompile normal x86_64 /Users/ryankanfer/Documents/Developer/HOMEY\ Clean/HOMEY\ Clean/Components/ChatAvatar.swift (in target 'HOMEY Clean' from project 'HOMEY Clean')
    cd /Users/ryankanfer/Documents/Developer/HOMEY\ Clean
    

SwiftCompile normal x86_64 /Users/ryankanfer/Documents/Developer/HOMEY\ Clean/HOMEY\ Clean/Components/ChatModal.swift (in target 'HOMEY Clean' from project 'HOMEY Clean')
    cd /Users/ryankanfer/Documents/Developer/HOMEY\ Clean
    

SwiftCompile normal x86_64 /Users/ryankanfer/Documents/Developer/HOMEY\ Clean/HOMEY\ Clean/Components/ChatTarget.swift (in target 'HOMEY Clean' from project 'HOMEY Clean')
    cd /Users/ryankanfer/Documents/Developer/HOMEY\ Clean
    

SwiftCompile normal x86_64 /Users/ryankanfer/Documents/Developer/HOMEY\ Clean/HOMEY\ Clean/Components/ClientTabBar.swift (in target 'HOMEY Clean' from project 'HOMEY Clean')
    cd /Users/ryankanfer/Documents/Developer/HOMEY\ Clean
    

SwiftCompile normal x86_64 /Users/ryankanfer/Documents/Developer/HOMEY\ Clean/HOMEY\ Clean/Components/EpisodeDetailSheet.swift (in target 'HOMEY Clean' from project 'HOMEY Clean')
    cd /Users/ryankanfer/Documents/Developer/HOMEY\ Clean
    

SwiftCompile normal x86_64 /Users/ryankanfer/Documents/Developer/HOMEY\ Clean/HOMEY\ Clean/Components/FloatingAvatarView.swift (in target 'HOMEY Clean' from project 'HOMEY Clean')
    cd /Users/ryankanfer/Documents/Developer/HOMEY\ Clean
    

SwiftCompile normal x86_64 /Users/ryankanfer/Documents/Developer/HOMEY\ Clean/HOMEY\ Clean/Components/GlassNavigationFooter.swift (in target 'HOMEY Clean' from project 'HOMEY Clean')
    cd /Users/ryankanfer/Documents/Developer/HOMEY\ Clean
    

SwiftCompile normal x86_64 /Users/ryankanfer/Documents/Developer/HOMEY\ Clean/HOMEY\ Clean/Components/GradientBackgrounds.swift (in target 'HOMEY Clean' from project 'HOMEY Clean')
    cd /Users/ryankanfer/Documents/Developer/HOMEY\ Clean
    

SwiftCompile normal x86_64 /Users/ryankanfer/Documents/Developer/HOMEY\ Clean/HOMEY\ Clean/Components/HeroAVPlayerView.swift (in target 'HOMEY Clean' from project 'HOMEY Clean')
    cd /Users/ryankanfer/Documents/Developer/HOMEY\ Clean
    

SwiftCompile normal x86_64 /Users/ryankanfer/Documents/Developer/HOMEY\ Clean/HOMEY\ Clean/Components/HeroVideoView.swift (in target 'HOMEY Clean' from project 'HOMEY Clean')
    cd /Users/ryankanfer/Documents/Developer/HOMEY\ Clean
    

SwiftCompile normal x86_64 /Users/ryankanfer/Documents/Developer/HOMEY\ Clean/HOMEY\ Clean/Components/HomeyKind.swift (in target 'HOMEY Clean' from project 'HOMEY Clean')
    cd /Users/ryankanfer/Documents/Developer/HOMEY\ Clean
    

SwiftCompile normal x86_64 /Users/ryankanfer/Documents/Developer/HOMEY\ Clean/HOMEY\ Clean/Components/JourneyEvent.swift (in target 'HOMEY Clean' from project 'HOMEY Clean')
    cd /Users/ryankanfer/Documents/Developer/HOMEY\ Clean
    

SwiftCompile normal x86_64 Compiling\ TRAEVisualAssets.swift,\ TypographySystem.swift,\ ResourceManager.swift,\ AgentChatView.swift,\ AIAvatarSystem.swift,\ AnimationConstants.swift,\ AnimationManager.swift,\ APIClient.swift,\ AppSessionManager.swift,\ AppState.swift,\ AuthManager.swift,\ CacheManager.swift,\ ClientTabView.swift,\ DocumentsDashboardView.swift,\ EventsManager.swift,\ FeatureFlags.swift,\ Font+Fallback.swift,\ HOMEY_CleanApp.swift,\ HomeyAPI.swift,\ Models.swift,\ OnboardingModalView.swift,\ ProfilesService.swift,\ ProfileTabView.swift,\ ProfileViewModel.swift /Users/ryankanfer/Documents/Developer/HOMEY\ Clean/HOMEY\ Clean/Core/Design/TRAEVisualAssets.swift /Users/ryankanfer/Documents/Developer/HOMEY\ Clean/HOMEY\ Clean/Core/Design/TypographySystem.swift /Users/ryankanfer/Documents/Developer/HOMEY\ Clean/HOMEY\ Clean/Core/Utilities/ResourceManager.swift /Users/ryankanfer/Documents/Developer/HOMEY\ Clean/HOMEY\ Clean/Core/AgentChatView.swift /Users/ryankanfer/Documents/Developer/HOMEY\ Clean/HOMEY\ Clean/Core/AIAvatarSystem.swift /Users/ryankanfer/Documents/Developer/HOMEY\ Clean/HOMEY\ Clean/Core/AnimationConstants.swift /Users/ryankanfer/Documents/Developer/HOMEY\ Clean/HOMEY\ Clean/Core/AnimationManager.swift /Users/ryankanfer/Documents/Developer/HOMEY\ Clean/HOMEY\ Clean/Core/APIClient.swift /Users/ryankanfer/Documents/Developer/HOMEY\ Clean/HOMEY\ Clean/Core/AppSessionManager.swift /Users/ryankanfer/Documents/Developer/HOMEY\ Clean/HOMEY\ Clean/Core/AppState.swift /Users/ryankanfer/Documents/Developer/HOMEY\ Clean/HOMEY\ Clean/Core/AuthManager.swift /Users/ryankanfer/Documents/Developer/HOMEY\ Clean/HOMEY\ Clean/Core/CacheManager.swift /Users/ryankanfer/Documents/Developer/HOMEY\ Clean/HOMEY\ Clean/Core/ClientTabView.swift /Users/ryankanfer/Documents/Developer/HOMEY\ Clean/HOMEY\ Clean/Core/DocumentsDashboardView.swift /Users/ryankanfer/Documents/Developer/HOMEY\ Clean/HOMEY\ Clean/Core/EventsManager.swift /Users/ryankanfer/Documents/Developer/HOMEY\ Clean/HOMEY\ Clean/Core/FeatureFlags.swift /Users/ryankanfer/Documents/Developer/HOMEY\ Clean/HOMEY\ Clean/Core/Font+Fallback.swift /Users/ryankanfer/Documents/Developer/HOMEY\ Clean/HOMEY\ Clean/Core/HOMEY_CleanApp.swift /Users/ryankanfer/Documents/Developer/HOMEY\ Clean/HOMEY\ Clean/Core/HomeyAPI.swift /Users/ryankanfer/Documents/Developer/HOMEY\ Clean/HOMEY\ Clean/Core/Models.swift /Users/ryankanfer/Documents/Developer/HOMEY\ Clean/HOMEY\ Clean/Core/OnboardingModalView.swift /Users/ryankanfer/Documents/Developer/HOMEY\ Clean/HOMEY\ Clean/Core/ProfilesService.swift /Users/ryankanfer/Documents/Developer/HOMEY\ Clean/HOMEY\ Clean/Core/ProfileTabView.swift /Users/ryankanfer/Documents/Developer/HOMEY\ Clean/HOMEY\ Clean/Core/ProfileViewModel.swift (in target 'HOMEY Clean' from project 'HOMEY Clean')

SwiftCompile normal x86_64 /Users/ryankanfer/Documents/Developer/HOMEY\ Clean/HOMEY\ Clean/Core/Design/TRAEVisualAssets.swift (in target 'HOMEY Clean' from project 'HOMEY Clean')
    cd /Users/ryankanfer/Documents/Developer/HOMEY\ Clean
    

SwiftCompile normal x86_64 /Users/ryankanfer/Documents/Developer/HOMEY\ Clean/HOMEY\ Clean/Core/Design/TypographySystem.swift (in target 'HOMEY Clean' from project 'HOMEY Clean')
    cd /Users/ryankanfer/Documents/Developer/HOMEY\ Clean
    

SwiftCompile normal x86_64 /Users/ryankanfer/Documents/Developer/HOMEY\ Clean/HOMEY\ Clean/Core/Utilities/ResourceManager.swift (in target 'HOMEY Clean' from project 'HOMEY Clean')
    cd /Users/ryankanfer/Documents/Developer/HOMEY\ Clean
    

SwiftCompile normal x86_64 /Users/ryankanfer/Documents/Developer/HOMEY\ Clean/HOMEY\ Clean/Core/AgentChatView.swift (in target 'HOMEY Clean' from project 'HOMEY Clean')
    cd /Users/ryankanfer/Documents/Developer/HOMEY\ Clean
    

SwiftCompile normal x86_64 /Users/ryankanfer/Documents/Developer/HOMEY\ Clean/HOMEY\ Clean/Core/AIAvatarSystem.swift (in target 'HOMEY Clean' from project 'HOMEY Clean')
    cd /Users/ryankanfer/Documents/Developer/HOMEY\ Clean
    

SwiftCompile normal x86_64 /Users/ryankanfer/Documents/Developer/HOMEY\ Clean/HOMEY\ Clean/Core/AnimationConstants.swift (in target 'HOMEY Clean' from project 'HOMEY Clean')
    cd /Users/ryankanfer/Documents/Developer/HOMEY\ Clean
    

SwiftCompile normal x86_64 /Users/ryankanfer/Documents/Developer/HOMEY\ Clean/HOMEY\ Clean/Core/AnimationManager.swift (in target 'HOMEY Clean' from project 'HOMEY Clean')
    cd /Users/ryankanfer/Documents/Developer/HOMEY\ Clean
    

SwiftCompile normal x86_64 /Users/ryankanfer/Documents/Developer/HOMEY\ Clean/HOMEY\ Clean/Core/APIClient.swift (in target 'HOMEY Clean' from project 'HOMEY Clean')
    cd /Users/ryankanfer/Documents/Developer/HOMEY\ Clean
    

SwiftCompile normal x86_64 /Users/ryankanfer/Documents/Developer/HOMEY\ Clean/HOMEY\ Clean/Core/AppSessionManager.swift (in target 'HOMEY Clean' from project 'HOMEY Clean')
    cd /Users/ryankanfer/Documents/Developer/HOMEY\ Clean
    

SwiftCompile normal x86_64 /Users/ryankanfer/Documents/Developer/HOMEY\ Clean/HOMEY\ Clean/Core/AppState.swift (in target 'HOMEY Clean' from project 'HOMEY Clean')
    cd /Users/ryankanfer/Documents/Developer/HOMEY\ Clean
    

SwiftCompile normal x86_64 /Users/ryankanfer/Documents/Developer/HOMEY\ Clean/HOMEY\ Clean/Core/AuthManager.swift (in target 'HOMEY Clean' from project 'HOMEY Clean')
    cd /Users/ryankanfer/Documents/Developer/HOMEY\ Clean
    

SwiftCompile normal x86_64 /Users/ryankanfer/Documents/Developer/HOMEY\ Clean/HOMEY\ Clean/Core/CacheManager.swift (in target 'HOMEY Clean' from project 'HOMEY Clean')
    cd /Users/ryankanfer/Documents/Developer/HOMEY\ Clean
    

SwiftCompile normal x86_64 /Users/ryankanfer/Documents/Developer/HOMEY\ Clean/HOMEY\ Clean/Core/ClientTabView.swift (in target 'HOMEY Clean' from project 'HOMEY Clean')
    cd /Users/ryankanfer/Documents/Developer/HOMEY\ Clean
    

SwiftCompile normal x86_64 /Users/ryankanfer/Documents/Developer/HOMEY\ Clean/HOMEY\ Clean/Core/DocumentsDashboardView.swift (in target 'HOMEY Clean' from project 'HOMEY Clean')
    cd /Users/ryankanfer/Documents/Developer/HOMEY\ Clean
    

SwiftCompile normal x86_64 /Users/ryankanfer/Documents/Developer/HOMEY\ Clean/HOMEY\ Clean/Core/EventsManager.swift (in target 'HOMEY Clean' from project 'HOMEY Clean')
    cd /Users/ryankanfer/Documents/Developer/HOMEY\ Clean
    

SwiftCompile normal x86_64 /Users/ryankanfer/Documents/Developer/HOMEY\ Clean/HOMEY\ Clean/Core/FeatureFlags.swift (in target 'HOMEY Clean' from project 'HOMEY Clean')
    cd /Users/ryankanfer/Documents/Developer/HOMEY\ Clean
    

SwiftCompile normal x86_64 /Users/ryankanfer/Documents/Developer/HOMEY\ Clean/HOMEY\ Clean/Core/Font+Fallback.swift (in target 'HOMEY Clean' from project 'HOMEY Clean')
    cd /Users/ryankanfer/Documents/Developer/HOMEY\ Clean
    

SwiftCompile normal x86_64 /Users/ryankanfer/Documents/Developer/HOMEY\ Clean/HOMEY\ Clean/Core/HOMEY_CleanApp.swift (in target 'HOMEY Clean' from project 'HOMEY Clean')
    cd /Users/ryankanfer/Documents/Developer/HOMEY\ Clean
    

SwiftCompile normal x86_64 /Users/ryankanfer/Documents/Developer/HOMEY\ Clean/HOMEY\ Clean/Core/HomeyAPI.swift (in target 'HOMEY Clean' from project 'HOMEY Clean')
    cd /Users/ryankanfer/Documents/Developer/HOMEY\ Clean
    

SwiftCompile normal x86_64 /Users/ryankanfer/Documents/Developer/HOMEY\ Clean/HOMEY\ Clean/Core/Models.swift (in target 'HOMEY Clean' from project 'HOMEY Clean')
    cd /Users/ryankanfer/Documents/Developer/HOMEY\ Clean
    

SwiftCompile normal x86_64 /Users/ryankanfer/Documents/Developer/HOMEY\ Clean/HOMEY\ Clean/Core/OnboardingModalView.swift (in target 'HOMEY Clean' from project 'HOMEY Clean')
    cd /Users/ryankanfer/Documents/Developer/HOMEY\ Clean
    

SwiftCompile normal x86_64 /Users/ryankanfer/Documents/Developer/HOMEY\ Clean/HOMEY\ Clean/Core/ProfilesService.swift (in target 'HOMEY Clean' from project 'HOMEY Clean')
    cd /Users/ryankanfer/Documents/Developer/HOMEY\ Clean
    

SwiftCompile normal x86_64 /Users/ryankanfer/Documents/Developer/HOMEY\ Clean/HOMEY\ Clean/Core/ProfileTabView.swift (in target 'HOMEY Clean' from project 'HOMEY Clean')
    cd /Users/ryankanfer/Documents/Developer/HOMEY\ Clean
    

SwiftCompile normal x86_64 /Users/ryankanfer/Documents/Developer/HOMEY\ Clean/HOMEY\ Clean/Core/ProfileViewModel.swift (in target 'HOMEY Clean' from project 'HOMEY Clean')
    cd /Users/ryankanfer/Documents/Developer/HOMEY\ Clean
    

SwiftCompile normal x86_64 Compiling\ ScoutDataService.swift,\ ScoutViewModel.swift,\ ARFeaturesView.swift,\ FullSheetView.swift,\ HoloMapView.swift,\ PeekCard.swift,\ PriceSlider.swift,\ ProgressionEventView.swift,\ ScoutHeroView.swift,\ ScoutLensTray.swift,\ ScoutRightRail.swift,\ ScoutRootView.swift,\ AISearchEngine.swift,\ EmotionalContextPicker.swift,\ EmotionalPropertyMatcher.swift,\ MatchmakerFiltersView.swift,\ MatchmakerView.swift,\ MatchmakerViewModel.swift,\ SearchFiltersView.swift,\ SearchTabView.swift,\ SearchViewModel.swift,\ CompanionStore.swift,\ SpatialCompanionShell.swift /Users/ryankanfer/Documents/Developer/HOMEY\ Clean/HOMEY\ Clean/Features/Scout/Services/ScoutDataService.swift /Users/ryankanfer/Documents/Developer/HOMEY\ Clean/HOMEY\ Clean/Features/Scout/ViewModels/ScoutViewModel.swift /Users/ryankanfer/Documents/Developer/HOMEY\ Clean/HOMEY\ Clean/Features/Scout/Views/ARFeaturesView.swift /Users/ryankanfer/Documents/Developer/HOMEY\ Clean/HOMEY\ Clean/Features/Scout/Views/FullSheetView.swift /Users/ryankanfer/Documents/Developer/HOMEY\ Clean/HOMEY\ Clean/Features/Scout/Views/HoloMapView.swift /Users/ryankanfer/Documents/Developer/HOMEY\ Clean/HOMEY\ Clean/Features/Scout/Views/PeekCard.swift /Users/ryankanfer/Documents/Developer/HOMEY\ Clean/HOMEY\ Clean/Features/Scout/Views/PriceSlider.swift /Users/ryankanfer/Documents/Developer/HOMEY\ Clean/HOMEY\ Clean/Features/Scout/Views/ProgressionEventView.swift /Users/ryankanfer/Documents/Developer/HOMEY\ Clean/HOMEY\ Clean/Features/Scout/Views/ScoutHeroView.swift /Users/ryankanfer/Documents/Developer/HOMEY\ Clean/HOMEY\ Clean/Features/Scout/Views/ScoutLensTray.swift /Users/ryankanfer/Documents/Developer/HOMEY\ Clean/HOMEY\ Clean/Features/Scout/Views/ScoutRightRail.swift /Users/ryankanfer/Documents/Developer/HOMEY\ Clean/HOMEY\ Clean/Features/Scout/Views/ScoutRootView.swift /Users/ryankanfer/Documents/Developer/HOMEY\ Clean/HOMEY\ Clean/Features/Search/AISearchEngine.swift /Users/ryankanfer/Documents/Developer/HOMEY\ Clean/HOMEY\ Clean/Features/Search/EmotionalContextPicker.swift /Users/ryankanfer/Documents/Developer/HOMEY\ Clean/HOMEY\ Clean/Features/Search/EmotionalPropertyMatcher.swift /Users/ryankanfer/Documents/Developer/HOMEY\ Clean/HOMEY\ Clean/Features/Search/MatchmakerFiltersView.swift /Users/ryankanfer/Documents/Developer/HOMEY\ Clean/HOMEY\ Clean/Features/Search/MatchmakerView.swift /Users/ryankanfer/Documents/Developer/HOMEY\ Clean/HOMEY\ Clean/Features/Search/MatchmakerViewModel.swift /Users/ryankanfer/Documents/Developer/HOMEY\ Clean/HOMEY\ Clean/Features/Search/SearchFiltersView.swift /Users/ryankanfer/Documents/Developer/HOMEY\ Clean/HOMEY\ Clean/Features/Search/SearchTabView.swift /Users/ryankanfer/Documents/Developer/HOMEY\ Clean/HOMEY\ Clean/Features/Search/SearchViewModel.swift /Users/ryankanfer/Documents/Developer/HOMEY\ Clean/HOMEY\ Clean/Features/SpatialCompanion/CompanionStore.swift /Users/ryankanfer/Documents/Developer/HOMEY\ Clean/HOMEY\ Clean/Features/SpatialCompanion/SpatialCompanionShell.swift (in target 'HOMEY Clean' from project 'HOMEY Clean')

SwiftCompile normal x86_64 /Users/ryankanfer/Documents/Developer/HOMEY\ Clean/HOMEY\ Clean/Features/Scout/Services/ScoutDataService.swift (in target 'HOMEY Clean' from project 'HOMEY Clean')
    cd /Users/ryankanfer/Documents/Developer/HOMEY\ Clean
    

SwiftCompile normal x86_64 /Users/ryankanfer/Documents/Developer/HOMEY\ Clean/HOMEY\ Clean/Features/Scout/ViewModels/ScoutViewModel.swift (in target 'HOMEY Clean' from project 'HOMEY Clean')
    cd /Users/ryankanfer/Documents/Developer/HOMEY\ Clean
    

SwiftCompile normal x86_64 /Users/ryankanfer/Documents/Developer/HOMEY\ Clean/HOMEY\ Clean/Features/Scout/Views/ARFeaturesView.swift (in target 'HOMEY Clean' from project 'HOMEY Clean')
    cd /Users/ryankanfer/Documents/Developer/HOMEY\ Clean
    

SwiftCompile normal x86_64 /Users/ryankanfer/Documents/Developer/HOMEY\ Clean/HOMEY\ Clean/Features/Scout/Views/FullSheetView.swift (in target 'HOMEY Clean' from project 'HOMEY Clean')
    cd /Users/ryankanfer/Documents/Developer/HOMEY\ Clean
    

SwiftCompile normal x86_64 /Users/ryankanfer/Documents/Developer/HOMEY\ Clean/HOMEY\ Clean/Features/Scout/Views/HoloMapView.swift (in target 'HOMEY Clean' from project 'HOMEY Clean')
    cd /Users/ryankanfer/Documents/Developer/HOMEY\ Clean
    

SwiftCompile normal x86_64 /Users/ryankanfer/Documents/Developer/HOMEY\ Clean/HOMEY\ Clean/Features/Scout/Views/PeekCard.swift (in target 'HOMEY Clean' from project 'HOMEY Clean')
    cd /Users/ryankanfer/Documents/Developer/HOMEY\ Clean
    

SwiftCompile normal x86_64 /Users/ryankanfer/Documents/Developer/HOMEY\ Clean/HOMEY\ Clean/Features/Scout/Views/PriceSlider.swift (in target 'HOMEY Clean' from project 'HOMEY Clean')
    cd /Users/ryankanfer/Documents/Developer/HOMEY\ Clean
    

SwiftCompile normal x86_64 /Users/ryankanfer/Documents/Developer/HOMEY\ Clean/HOMEY\ Clean/Features/Scout/Views/ProgressionEventView.swift (in target 'HOMEY Clean' from project 'HOMEY Clean')
    cd /Users/ryankanfer/Documents/Developer/HOMEY\ Clean
    

SwiftCompile normal x86_64 /Users/ryankanfer/Documents/Developer/HOMEY\ Clean/HOMEY\ Clean/Features/Scout/Views/ScoutHeroView.swift (in target 'HOMEY Clean' from project 'HOMEY Clean')
    cd /Users/ryankanfer/Documents/Developer/HOMEY\ Clean
    

SwiftCompile normal x86_64 /Users/ryankanfer/Documents/Developer/HOMEY\ Clean/HOMEY\ Clean/Features/Scout/Views/ScoutLensTray.swift (in target 'HOMEY Clean' from project 'HOMEY Clean')
    cd /Users/ryankanfer/Documents/Developer/HOMEY\ Clean
    

SwiftCompile normal x86_64 /Users/ryankanfer/Documents/Developer/HOMEY\ Clean/HOMEY\ Clean/Features/Scout/Views/ScoutRightRail.swift (in target 'HOMEY Clean' from project 'HOMEY Clean')
    cd /Users/ryankanfer/Documents/Developer/HOMEY\ Clean
    

SwiftCompile normal x86_64 /Users/ryankanfer/Documents/Developer/HOMEY\ Clean/HOMEY\ Clean/Features/Scout/Views/ScoutRootView.swift (in target 'HOMEY Clean' from project 'HOMEY Clean')
    cd /Users/ryankanfer/Documents/Developer/HOMEY\ Clean
    

SwiftCompile normal x86_64 /Users/ryankanfer/Documents/Developer/HOMEY\ Clean/HOMEY\ Clean/Features/Search/AISearchEngine.swift (in target 'HOMEY Clean' from project 'HOMEY Clean')
    cd /Users/ryankanfer/Documents/Developer/HOMEY\ Clean
    

SwiftCompile normal x86_64 /Users/ryankanfer/Documents/Developer/HOMEY\ Clean/HOMEY\ Clean/Features/Search/EmotionalContextPicker.swift (in target 'HOMEY Clean' from project 'HOMEY Clean')
    cd /Users/ryankanfer/Documents/Developer/HOMEY\ Clean
    

SwiftCompile normal x86_64 /Users/ryankanfer/Documents/Developer/HOMEY\ Clean/HOMEY\ Clean/Features/Search/EmotionalPropertyMatcher.swift (in target 'HOMEY Clean' from project 'HOMEY Clean')
    cd /Users/ryankanfer/Documents/Developer/HOMEY\ Clean
    

SwiftCompile normal x86_64 /Users/ryankanfer/Documents/Developer/HOMEY\ Clean/HOMEY\ Clean/Features/Search/MatchmakerFiltersView.swift (in target 'HOMEY Clean' from project 'HOMEY Clean')
    cd /Users/ryankanfer/Documents/Developer/HOMEY\ Clean
    

SwiftCompile normal x86_64 /Users/ryankanfer/Documents/Developer/HOMEY\ Clean/HOMEY\ Clean/Features/Search/MatchmakerView.swift (in target 'HOMEY Clean' from project 'HOMEY Clean')
    cd /Users/ryankanfer/Documents/Developer/HOMEY\ Clean
    

SwiftCompile normal x86_64 /Users/ryankanfer/Documents/Developer/HOMEY\ Clean/HOMEY\ Clean/Features/Search/MatchmakerViewModel.swift (in target 'HOMEY Clean' from project 'HOMEY Clean')
    cd /Users/ryankanfer/Documents/Developer/HOMEY\ Clean
    

SwiftCompile normal x86_64 /Users/ryankanfer/Documents/Developer/HOMEY\ Clean/HOMEY\ Clean/Features/Search/SearchFiltersView.swift (in target 'HOMEY Clean' from project 'HOMEY Clean')
    cd /Users/ryankanfer/Documents/Developer/HOMEY\ Clean
    

SwiftCompile normal x86_64 /Users/ryankanfer/Documents/Developer/HOMEY\ Clean/HOMEY\ Clean/Features/Search/SearchTabView.swift (in target 'HOMEY Clean' from project 'HOMEY Clean')
    cd /Users/ryankanfer/Documents/Developer/HOMEY\ Clean
    

SwiftCompile normal x86_64 /Users/ryankanfer/Documents/Developer/HOMEY\ Clean/HOMEY\ Clean/Features/Search/SearchViewModel.swift (in target 'HOMEY Clean' from project 'HOMEY Clean')
    cd /Users/ryankanfer/Documents/Developer/HOMEY\ Clean
    

SwiftCompile normal x86_64 /Users/ryankanfer/Documents/Developer/HOMEY\ Clean/HOMEY\ Clean/Features/SpatialCompanion/CompanionStore.swift (in target 'HOMEY Clean' from project 'HOMEY Clean')
    cd /Users/ryankanfer/Documents/Developer/HOMEY\ Clean
    

SwiftCompile normal x86_64 /Users/ryankanfer/Documents/Developer/HOMEY\ Clean/HOMEY\ Clean/Features/SpatialCompanion/SpatialCompanionShell.swift (in target 'HOMEY Clean' from project 'HOMEY Clean')
    cd /Users/ryankanfer/Documents/Developer/HOMEY\ Clean
    

SwiftCompile normal x86_64 Compiling\ ContinuousOnboardingManager.swift,\ OnboardingComponents.swift,\ ARFeatureIntegration.swift,\ ARPropertyVisualization.swift,\ CameraNeighborhoodContext.swift,\ CircularMask.swift,\ ListingDetailSheet.swift,\ PropertyBuildingCard.swift,\ ScoutFilterTray.swift,\ ScoutSearchBar.swift,\ ScoutShortlistRail.swift,\ SwipeablePropertyCard.swift,\ SwipeablePropertyStack.swift,\ AnalyticsEvent.swift,\ Lens.swift,\ Listing.swift,\ OverlayLayer.swift,\ ProgressState.swift,\ PropertyListing.swift,\ PropertySearchParams.swift,\ ShortlistEntry.swift,\ AccessibilityService.swift,\ LocationManager.swift /Users/ryankanfer/Documents/Developer/HOMEY\ Clean/HOMEY\ Clean/Features/Onboarding/ContinuousOnboardingManager.swift /Users/ryankanfer/Documents/Developer/HOMEY\ Clean/HOMEY\ Clean/Features/Onboarding/OnboardingComponents.swift /Users/ryankanfer/Documents/Developer/HOMEY\ Clean/HOMEY\ Clean/Features/Scout/Components/ARFeatureIntegration.swift /Users/ryankanfer/Documents/Developer/HOMEY\ Clean/HOMEY\ Clean/Features/Scout/Components/ARPropertyVisualization.swift /Users/ryankanfer/Documents/Developer/HOMEY\ Clean/HOMEY\ Clean/Features/Scout/Components/CameraNeighborhoodContext.swift /Users/ryankanfer/Documents/Developer/HOMEY\ Clean/HOMEY\ Clean/Features/Scout/Components/CircularMask.swift /Users/ryankanfer/Documents/Developer/HOMEY\ Clean/HOMEY\ Clean/Features/Scout/Components/ListingDetailSheet.swift /Users/ryankanfer/Documents/Developer/HOMEY\ Clean/HOMEY\ Clean/Features/Scout/Components/PropertyBuildingCard.swift /Users/ryankanfer/Documents/Developer/HOMEY\ Clean/HOMEY\ Clean/Features/Scout/Components/ScoutFilterTray.swift /Users/ryankanfer/Documents/Developer/HOMEY\ Clean/HOMEY\ Clean/Features/Scout/Components/ScoutSearchBar.swift /Users/ryankanfer/Documents/Developer/HOMEY\ Clean/HOMEY\ Clean/Features/Scout/Components/ScoutShortlistRail.swift /Users/ryankanfer/Documents/Developer/HOMEY\ Clean/HOMEY\ Clean/Features/Scout/Components/SwipeablePropertyCard.swift /Users/ryankanfer/Documents/Developer/HOMEY\ Clean/HOMEY\ Clean/Features/Scout/Components/SwipeablePropertyStack.swift /Users/ryankanfer/Documents/Developer/HOMEY\ Clean/HOMEY\ Clean/Features/Scout/Models/AnalyticsEvent.swift /Users/ryankanfer/Documents/Developer/HOMEY\ Clean/HOMEY\ Clean/Features/Scout/Models/Lens.swift /Users/ryankanfer/Documents/Developer/HOMEY\ Clean/HOMEY\ Clean/Features/Scout/Models/Listing.swift /Users/ryankanfer/Documents/Developer/HOMEY\ Clean/HOMEY\ Clean/Features/Scout/Models/OverlayLayer.swift /Users/ryankanfer/Documents/Developer/HOMEY\ Clean/HOMEY\ Clean/Features/Scout/Models/ProgressState.swift /Users/ryankanfer/Documents/Developer/HOMEY\ Clean/HOMEY\ Clean/Features/Scout/Models/PropertyListing.swift /Users/ryankanfer/Documents/Developer/HOMEY\ Clean/HOMEY\ Clean/Features/Scout/Models/PropertySearchParams.swift /Users/ryankanfer/Documents/Developer/HOMEY\ Clean/HOMEY\ Clean/Features/Scout/Models/ShortlistEntry.swift /Users/ryankanfer/Documents/Developer/HOMEY\ Clean/HOMEY\ Clean/Features/Scout/Services/AccessibilityService.swift /Users/ryankanfer/Documents/Developer/HOMEY\ Clean/HOMEY\ Clean/Features/Scout/Services/LocationManager.swift (in target 'HOMEY Clean' from project 'HOMEY Clean')

SwiftCompile normal x86_64 /Users/ryankanfer/Documents/Developer/HOMEY\ Clean/HOMEY\ Clean/Features/Onboarding/ContinuousOnboardingManager.swift (in target 'HOMEY Clean' from project 'HOMEY Clean')
    cd /Users/ryankanfer/Documents/Developer/HOMEY\ Clean
    

SwiftCompile normal x86_64 /Users/ryankanfer/Documents/Developer/HOMEY\ Clean/HOMEY\ Clean/Features/Onboarding/OnboardingComponents.swift (in target 'HOMEY Clean' from project 'HOMEY Clean')
    cd /Users/ryankanfer/Documents/Developer/HOMEY\ Clean
    

SwiftCompile normal x86_64 /Users/ryankanfer/Documents/Developer/HOMEY\ Clean/HOMEY\ Clean/Features/Scout/Components/ARFeatureIntegration.swift (in target 'HOMEY Clean' from project 'HOMEY Clean')
    cd /Users/ryankanfer/Documents/Developer/HOMEY\ Clean
    

SwiftCompile normal x86_64 /Users/ryankanfer/Documents/Developer/HOMEY\ Clean/HOMEY\ Clean/Features/Scout/Components/ARPropertyVisualization.swift (in target 'HOMEY Clean' from project 'HOMEY Clean')
    cd /Users/ryankanfer/Documents/Developer/HOMEY\ Clean
    

SwiftCompile normal x86_64 /Users/ryankanfer/Documents/Developer/HOMEY\ Clean/HOMEY\ Clean/Features/Scout/Components/CameraNeighborhoodContext.swift (in target 'HOMEY Clean' from project 'HOMEY Clean')
    cd /Users/ryankanfer/Documents/Developer/HOMEY\ Clean
    

SwiftCompile normal x86_64 /Users/ryankanfer/Documents/Developer/HOMEY\ Clean/HOMEY\ Clean/Features/Scout/Components/CircularMask.swift (in target 'HOMEY Clean' from project 'HOMEY Clean')
    cd /Users/ryankanfer/Documents/Developer/HOMEY\ Clean
    

SwiftCompile normal x86_64 /Users/ryankanfer/Documents/Developer/HOMEY\ Clean/HOMEY\ Clean/Features/Scout/Components/ListingDetailSheet.swift (in target 'HOMEY Clean' from project 'HOMEY Clean')
    cd /Users/ryankanfer/Documents/Developer/HOMEY\ Clean
    

SwiftCompile normal x86_64 /Users/ryankanfer/Documents/Developer/HOMEY\ Clean/HOMEY\ Clean/Features/Scout/Components/PropertyBuildingCard.swift (in target 'HOMEY Clean' from project 'HOMEY Clean')
    cd /Users/ryankanfer/Documents/Developer/HOMEY\ Clean
    

SwiftCompile normal x86_64 /Users/ryankanfer/Documents/Developer/HOMEY\ Clean/HOMEY\ Clean/Features/Scout/Components/ScoutFilterTray.swift (in target 'HOMEY Clean' from project 'HOMEY Clean')
    cd /Users/ryankanfer/Documents/Developer/HOMEY\ Clean
    

SwiftCompile normal x86_64 /Users/ryankanfer/Documents/Developer/HOMEY\ Clean/HOMEY\ Clean/Features/Scout/Components/ScoutSearchBar.swift (in target 'HOMEY Clean' from project 'HOMEY Clean')
    cd /Users/ryankanfer/Documents/Developer/HOMEY\ Clean
    

SwiftCompile normal x86_64 /Users/ryankanfer/Documents/Developer/HOMEY\ Clean/HOMEY\ Clean/Features/Scout/Components/ScoutShortlistRail.swift (in target 'HOMEY Clean' from project 'HOMEY Clean')
    cd /Users/ryankanfer/Documents/Developer/HOMEY\ Clean
    

SwiftCompile normal x86_64 /Users/ryankanfer/Documents/Developer/HOMEY\ Clean/HOMEY\ Clean/Features/Scout/Components/SwipeablePropertyCard.swift (in target 'HOMEY Clean' from project 'HOMEY Clean')
    cd /Users/ryankanfer/Documents/Developer/HOMEY\ Clean
    

SwiftCompile normal x86_64 /Users/ryankanfer/Documents/Developer/HOMEY\ Clean/HOMEY\ Clean/Features/Scout/Components/SwipeablePropertyStack.swift (in target 'HOMEY Clean' from project 'HOMEY Clean')
    cd /Users/ryankanfer/Documents/Developer/HOMEY\ Clean
    

SwiftCompile normal x86_64 /Users/ryankanfer/Documents/Developer/HOMEY\ Clean/HOMEY\ Clean/Features/Scout/Models/AnalyticsEvent.swift (in target 'HOMEY Clean' from project 'HOMEY Clean')
    cd /Users/ryankanfer/Documents/Developer/HOMEY\ Clean
    

SwiftCompile normal x86_64 /Users/ryankanfer/Documents/Developer/HOMEY\ Clean/HOMEY\ Clean/Features/Scout/Models/Lens.swift (in target 'HOMEY Clean' from project 'HOMEY Clean')
    cd /Users/ryankanfer/Documents/Developer/HOMEY\ Clean
    

SwiftCompile normal x86_64 /Users/ryankanfer/Documents/Developer/HOMEY\ Clean/HOMEY\ Clean/Features/Scout/Models/Listing.swift (in target 'HOMEY Clean' from project 'HOMEY Clean')
    cd /Users/ryankanfer/Documents/Developer/HOMEY\ Clean
    

SwiftCompile normal x86_64 /Users/ryankanfer/Documents/Developer/HOMEY\ Clean/HOMEY\ Clean/Features/Scout/Models/OverlayLayer.swift (in target 'HOMEY Clean' from project 'HOMEY Clean')
    cd /Users/ryankanfer/Documents/Developer/HOMEY\ Clean
    

SwiftCompile normal x86_64 /Users/ryankanfer/Documents/Developer/HOMEY\ Clean/HOMEY\ Clean/Features/Scout/Models/ProgressState.swift (in target 'HOMEY Clean' from project 'HOMEY Clean')
    cd /Users/ryankanfer/Documents/Developer/HOMEY\ Clean
    

SwiftCompile normal x86_64 /Users/ryankanfer/Documents/Developer/HOMEY\ Clean/HOMEY\ Clean/Features/Scout/Models/PropertyListing.swift (in target 'HOMEY Clean' from project 'HOMEY Clean')
    cd /Users/ryankanfer/Documents/Developer/HOMEY\ Clean
    

SwiftCompile normal x86_64 /Users/ryankanfer/Documents/Developer/HOMEY\ Clean/HOMEY\ Clean/Features/Scout/Models/PropertySearchParams.swift (in target 'HOMEY Clean' from project 'HOMEY Clean')
    cd /Users/ryankanfer/Documents/Developer/HOMEY\ Clean
    

SwiftCompile normal x86_64 /Users/ryankanfer/Documents/Developer/HOMEY\ Clean/HOMEY\ Clean/Features/Scout/Models/ShortlistEntry.swift (in target 'HOMEY Clean' from project 'HOMEY Clean')
    cd /Users/ryankanfer/Documents/Developer/HOMEY\ Clean
    

SwiftCompile normal x86_64 /Users/ryankanfer/Documents/Developer/HOMEY\ Clean/HOMEY\ Clean/Features/Scout/Services/AccessibilityService.swift (in target 'HOMEY Clean' from project 'HOMEY Clean')
    cd /Users/ryankanfer/Documents/Developer/HOMEY\ Clean
    

SwiftCompile normal x86_64 /Users/ryankanfer/Documents/Developer/HOMEY\ Clean/HOMEY\ Clean/Features/Scout/Services/LocationManager.swift (in target 'HOMEY Clean' from project 'HOMEY Clean')
    cd /Users/ryankanfer/Documents/Developer/HOMEY\ Clean
    

SwiftCompile normal x86_64 Compiling\ LeftNavigationDrawer.swift,\ RecommendationEngine.swift,\ SmartAIBox.swift,\ SmartRecommendationView.swift,\ StyledSymbol.swift,\ CelebrationAnimations.swift,\ LiquidGlassSystem.swift,\ LiquidWordmark.swift,\ SemanticColors.swift,\ TRAEAmbientMotion.swift,\ TRAEAvatarAnimations.swift,\ TRAEButtonAnimations.swift,\ TRAECarouselAnimations.swift,\ TRAEDemoView.swift,\ TRAEDragDrop.swift,\ TRAEHapticFeedback.swift,\ TRAEMicroInteractions.swift,\ TRAEMotionSystem.swift,\ TRAEPageTransitions.swift,\ TRAEProgressAnimations.swift,\ TRAEProgressiveDisclosure.swift,\ TRAESearchAnimations.swift,\ TRAESwipeGestures.swift,\ TRAEUploadAnimations.swift /Users/ryankanfer/Documents/Developer/HOMEY\ Clean/HOMEY\ Clean/Components/LeftNavigationDrawer.swift /Users/ryankanfer/Documents/Developer/HOMEY\ Clean/HOMEY\ Clean/Components/RecommendationEngine.swift /Users/ryankanfer/Documents/Developer/HOMEY\ Clean/HOMEY\ Clean/Components/SmartAIBox.swift /Users/ryankanfer/Documents/Developer/HOMEY\ Clean/HOMEY\ Clean/Components/SmartRecommendationView.swift /Users/ryankanfer/Documents/Developer/HOMEY\ Clean/HOMEY\ Clean/Components/StyledSymbol.swift /Users/ryankanfer/Documents/Developer/HOMEY\ Clean/HOMEY\ Clean/Core/Design/CelebrationAnimations.swift /Users/ryankanfer/Documents/Developer/HOMEY\ Clean/HOMEY\ Clean/Core/Design/LiquidGlassSystem.swift /Users/ryankanfer/Documents/Developer/HOMEY\ Clean/HOMEY\ Clean/Core/Design/LiquidWordmark.swift /Users/ryankanfer/Documents/Developer/HOMEY\ Clean/HOMEY\ Clean/Core/Design/SemanticColors.swift /Users/ryankanfer/Documents/Developer/HOMEY\ Clean/HOMEY\ Clean/Core/Design/TRAEAmbientMotion.swift /Users/ryankanfer/Documents/Developer/HOMEY\ Clean/HOMEY\ Clean/Core/Design/TRAEAvatarAnimations.swift /Users/ryankanfer/Documents/Developer/HOMEY\ Clean/HOMEY\ Clean/Core/Design/TRAEButtonAnimations.swift /Users/ryankanfer/Documents/Developer/HOMEY\ Clean/HOMEY\ Clean/Core/Design/TRAECarouselAnimations.swift /Users/ryankanfer/Documents/Developer/HOMEY\ Clean/HOMEY\ Clean/Core/Design/TRAEDemoView.swift /Users/ryankanfer/Documents/Developer/HOMEY\ Clean/HOMEY\ Clean/Core/Design/TRAEDragDrop.swift /Users/ryankanfer/Documents/Developer/HOMEY\ Clean/HOMEY\ Clean/Core/Design/TRAEHapticFeedback.swift /Users/ryankanfer/Documents/Developer/HOMEY\ Clean/HOMEY\ Clean/Core/Design/TRAEMicroInteractions.swift /Users/ryankanfer/Documents/Developer/HOMEY\ Clean/HOMEY\ Clean/Core/Design/TRAEMotionSystem.swift /Users/ryankanfer/Documents/Developer/HOMEY\ Clean/HOMEY\ Clean/Core/Design/TRAEPageTransitions.swift /Users/ryankanfer/Documents/Developer/HOMEY\ Clean/HOMEY\ Clean/Core/Design/TRAEProgressAnimations.swift /Users/ryankanfer/Documents/Developer/HOMEY\ Clean/HOMEY\ Clean/Core/Design/TRAEProgressiveDisclosure.swift /Users/ryankanfer/Documents/Developer/HOMEY\ Clean/HOMEY\ Clean/Core/Design/TRAESearchAnimations.swift /Users/ryankanfer/Documents/Developer/HOMEY\ Clean/HOMEY\ Clean/Core/Design/TRAESwipeGestures.swift /Users/ryankanfer/Documents/Developer/HOMEY\ Clean/HOMEY\ Clean/Core/Design/TRAEUploadAnimations.swift (in target 'HOMEY Clean' from project 'HOMEY Clean')
SwiftCompile normal x86_64 /Users/ryankanfer/Documents/Developer/HOMEY\ Clean/HOMEY\ Clean/Components/LeftNavigationDrawer.swift (in target 'HOMEY Clean' from project 'HOMEY Clean')
    cd /Users/ryankanfer/Documents/Developer/HOMEY\ Clean
    

SwiftCompile normal x86_64 /Users/ryankanfer/Documents/Developer/HOMEY\ Clean/HOMEY\ Clean/Components/RecommendationEngine.swift (in target 'HOMEY Clean' from project 'HOMEY Clean')
    cd /Users/ryankanfer/Documents/Developer/HOMEY\ Clean
    

SwiftCompile normal x86_64 /Users/ryankanfer/Documents/Developer/HOMEY\ Clean/HOMEY\ Clean/Components/SmartAIBox.swift (in target 'HOMEY Clean' from project 'HOMEY Clean')
    cd /Users/ryankanfer/Documents/Developer/HOMEY\ Clean
    

SwiftCompile normal x86_64 /Users/ryankanfer/Documents/Developer/HOMEY\ Clean/HOMEY\ Clean/Components/SmartRecommendationView.swift (in target 'HOMEY Clean' from project 'HOMEY Clean')
    cd /Users/ryankanfer/Documents/Developer/HOMEY\ Clean
    

SwiftCompile normal x86_64 /Users/ryankanfer/Documents/Developer/HOMEY\ Clean/HOMEY\ Clean/Components/StyledSymbol.swift (in target 'HOMEY Clean' from project 'HOMEY Clean')
    cd /Users/ryankanfer/Documents/Developer/HOMEY\ Clean
    

SwiftCompile normal x86_64 /Users/ryankanfer/Documents/Developer/HOMEY\ Clean/HOMEY\ Clean/Core/Design/CelebrationAnimations.swift (in target 'HOMEY Clean' from project 'HOMEY Clean')
    cd /Users/ryankanfer/Documents/Developer/HOMEY\ Clean
    

SwiftCompile normal x86_64 /Users/ryankanfer/Documents/Developer/HOMEY\ Clean/HOMEY\ Clean/Core/Design/LiquidGlassSystem.swift (in target 'HOMEY Clean' from project 'HOMEY Clean')
    cd /Users/ryankanfer/Documents/Developer/HOMEY\ Clean
    

SwiftCompile normal x86_64 /Users/ryankanfer/Documents/Developer/HOMEY\ Clean/HOMEY\ Clean/Core/Design/LiquidWordmark.swift (in target 'HOMEY Clean' from project 'HOMEY Clean')
    cd /Users/ryankanfer/Documents/Developer/HOMEY\ Clean
    

SwiftCompile normal x86_64 /Users/ryankanfer/Documents/Developer/HOMEY\ Clean/HOMEY\ Clean/Core/Design/SemanticColors.swift (in target 'HOMEY Clean' from project 'HOMEY Clean')
    cd /Users/ryankanfer/Documents/Developer/HOMEY\ Clean
    

SwiftCompile normal x86_64 /Users/ryankanfer/Documents/Developer/HOMEY\ Clean/HOMEY\ Clean/Core/Design/TRAEAmbientMotion.swift (in target 'HOMEY Clean' from project 'HOMEY Clean')
    cd /Users/ryankanfer/Documents/Developer/HOMEY\ Clean
    

SwiftCompile normal x86_64 /Users/ryankanfer/Documents/Developer/HOMEY\ Clean/HOMEY\ Clean/Core/Design/TRAEAvatarAnimations.swift (in target 'HOMEY Clean' from project 'HOMEY Clean')
    cd /Users/ryankanfer/Documents/Developer/HOMEY\ Clean
    

SwiftCompile normal x86_64 /Users/ryankanfer/Documents/Developer/HOMEY\ Clean/HOMEY\ Clean/Core/Design/TRAEButtonAnimations.swift (in target 'HOMEY Clean' from project 'HOMEY Clean')
    cd /Users/ryankanfer/Documents/Developer/HOMEY\ Clean
    

SwiftCompile normal x86_64 /Users/ryankanfer/Documents/Developer/HOMEY\ Clean/HOMEY\ Clean/Core/Design/TRAECarouselAnimations.swift (in target 'HOMEY Clean' from project 'HOMEY Clean')
    cd /Users/ryankanfer/Documents/Developer/HOMEY\ Clean
    

SwiftCompile normal x86_64 /Users/ryankanfer/Documents/Developer/HOMEY\ Clean/HOMEY\ Clean/Core/Design/TRAEDemoView.swift (in target 'HOMEY Clean' from project 'HOMEY Clean')
    cd /Users/ryankanfer/Documents/Developer/HOMEY\ Clean
    

SwiftCompile normal x86_64 /Users/ryankanfer/Documents/Developer/HOMEY\ Clean/HOMEY\ Clean/Core/Design/TRAEDragDrop.swift (in target 'HOMEY Clean' from project 'HOMEY Clean')
    cd /Users/ryankanfer/Documents/Developer/HOMEY\ Clean
    

SwiftCompile normal x86_64 /Users/ryankanfer/Documents/Developer/HOMEY\ Clean/HOMEY\ Clean/Core/Design/TRAEHapticFeedback.swift (in target 'HOMEY Clean' from project 'HOMEY Clean')
    cd /Users/ryankanfer/Documents/Developer/HOMEY\ Clean
    

SwiftCompile normal x86_64 /Users/ryankanfer/Documents/Developer/HOMEY\ Clean/HOMEY\ Clean/Core/Design/TRAEMicroInteractions.swift (in target 'HOMEY Clean' from project 'HOMEY Clean')
    cd /Users/ryankanfer/Documents/Developer/HOMEY\ Clean
    

SwiftCompile normal x86_64 /Users/ryankanfer/Documents/Developer/HOMEY\ Clean/HOMEY\ Clean/Core/Design/TRAEMotionSystem.swift (in target 'HOMEY Clean' from project 'HOMEY Clean')
    cd /Users/ryankanfer/Documents/Developer/HOMEY\ Clean
    

SwiftCompile normal x86_64 /Users/ryankanfer/Documents/Developer/HOMEY\ Clean/HOMEY\ Clean/Core/Design/TRAEPageTransitions.swift (in target 'HOMEY Clean' from project 'HOMEY Clean')
    cd /Users/ryankanfer/Documents/Developer/HOMEY\ Clean
    

SwiftCompile normal x86_64 /Users/ryankanfer/Documents/Developer/HOMEY\ Clean/HOMEY\ Clean/Core/Design/TRAEProgressAnimations.swift (in target 'HOMEY Clean' from project 'HOMEY Clean')
    cd /Users/ryankanfer/Documents/Developer/HOMEY\ Clean
    

SwiftCompile normal x86_64 /Users/ryankanfer/Documents/Developer/HOMEY\ Clean/HOMEY\ Clean/Core/Design/TRAEProgressiveDisclosure.swift (in target 'HOMEY Clean' from project 'HOMEY Clean')
    cd /Users/ryankanfer/Documents/Developer/HOMEY\ Clean
    

SwiftCompile normal x86_64 /Users/ryankanfer/Documents/Developer/HOMEY\ Clean/HOMEY\ Clean/Core/Design/TRAESearchAnimations.swift (in target 'HOMEY Clean' from project 'HOMEY Clean')
    cd /Users/ryankanfer/Documents/Developer/HOMEY\ Clean
    

SwiftCompile normal x86_64 /Users/ryankanfer/Documents/Developer/HOMEY\ Clean/HOMEY\ Clean/Core/Design/TRAESwipeGestures.swift (in target 'HOMEY Clean' from project 'HOMEY Clean')
    cd /Users/ryankanfer/Documents/Developer/HOMEY\ Clean
    

SwiftCompile normal x86_64 /Users/ryankanfer/Documents/Developer/HOMEY\ Clean/HOMEY\ Clean/Core/Design/TRAEUploadAnimations.swift (in target 'HOMEY Clean' from project 'HOMEY Clean')
    cd /Users/ryankanfer/Documents/Developer/HOMEY\ Clean
    

SwiftCompile normal x86_64 Compiling\ RootView.swift,\ SessionManager+Role.swift,\ SupabaseAuthManager.swift,\ SupabaseFunctionsService.swift,\ UserProfileManager.swift,\ ViewportMargins.swift,\ AdminDashboardView.swift,\ BuildBadge.swift,\ DangerZone.swift,\ FlagsPanel.swift,\ ImpersonateBar.swift,\ LogTailView.swift,\ AgentDashboardView.swift,\ AgentEventsView.swift,\ AgentInviteButton.swift,\ NudgeService.swift,\ ClientHomeView.swift,\ ClientLiveContent.swift,\ CharlieDashboardView.swift,\ CharlieOnboardingView.swift,\ EducationCenterSection.swift,\ EducationCenterSectionView.swift,\ SubwayProgressView.swift,\ DrewDashboardView.swift /Users/ryankanfer/Documents/Developer/HOMEY\ Clean/HOMEY\ Clean/Core/RootView.swift /Users/ryankanfer/Documents/Developer/HOMEY\ Clean/HOMEY\ Clean/Core/SessionManager+Role.swift /Users/ryankanfer/Documents/Developer/HOMEY\ Clean/HOMEY\ Clean/Core/SupabaseAuthManager.swift /Users/ryankanfer/Documents/Developer/HOMEY\ Clean/HOMEY\ Clean/Core/SupabaseFunctionsService.swift /Users/ryankanfer/Documents/Developer/HOMEY\ Clean/HOMEY\ Clean/Core/UserProfileManager.swift /Users/ryankanfer/Documents/Developer/HOMEY\ Clean/HOMEY\ Clean/Core/ViewportMargins.swift /Users/ryankanfer/Documents/Developer/HOMEY\ Clean/HOMEY\ Clean/Dashboards/Admin/AdminDashboardView.swift /Users/ryankanfer/Documents/Developer/HOMEY\ Clean/HOMEY\ Clean/Dashboards/Admin/BuildBadge.swift /Users/ryankanfer/Documents/Developer/HOMEY\ Clean/HOMEY\ Clean/Dashboards/Admin/DangerZone.swift /Users/ryankanfer/Documents/Developer/HOMEY\ Clean/HOMEY\ Clean/Dashboards/Admin/FlagsPanel.swift /Users/ryankanfer/Documents/Developer/HOMEY\ Clean/HOMEY\ Clean/Dashboards/Admin/ImpersonateBar.swift /Users/ryankanfer/Documents/Developer/HOMEY\ Clean/HOMEY\ Clean/Dashboards/Admin/LogTailView.swift /Users/ryankanfer/Documents/Developer/HOMEY\ Clean/HOMEY\ Clean/Dashboards/Agents/AgentDashboardView.swift /Users/ryankanfer/Documents/Developer/HOMEY\ Clean/HOMEY\ Clean/Dashboards/Agents/AgentEventsView.swift /Users/ryankanfer/Documents/Developer/HOMEY\ Clean/HOMEY\ Clean/Dashboards/Agents/AgentInviteButton.swift /Users/ryankanfer/Documents/Developer/HOMEY\ Clean/HOMEY\ Clean/Dashboards/Agents/NudgeService.swift /Users/ryankanfer/Documents/Developer/HOMEY\ Clean/HOMEY\ Clean/Dashboards/Clients/Legacy/ClientHomeView.swift /Users/ryankanfer/Documents/Developer/HOMEY\ Clean/HOMEY\ Clean/Dashboards/Clients/Legacy/ClientLiveContent.swift /Users/ryankanfer/Documents/Developer/HOMEY\ Clean/HOMEY\ Clean/Dashboards/Clients/Pages/Charlie/CharlieDashboardView.swift /Users/ryankanfer/Documents/Developer/HOMEY\ Clean/HOMEY\ Clean/Dashboards/Clients/Pages/Charlie/CharlieOnboardingView.swift /Users/ryankanfer/Documents/Developer/HOMEY\ Clean/HOMEY\ Clean/Dashboards/Clients/Pages/Charlie/EducationCenterSection.swift /Users/ryankanfer/Documents/Developer/HOMEY\ Clean/HOMEY\ Clean/Dashboards/Clients/Pages/Charlie/EducationCenterSectionView.swift /Users/ryankanfer/Documents/Developer/HOMEY\ Clean/HOMEY\ Clean/Dashboards/Clients/Pages/Charlie/SubwayProgressView.swift /Users/ryankanfer/Documents/Developer/HOMEY\ Clean/HOMEY\ Clean/Dashboards/Clients/Pages/Drew/DrewDashboardView.swift (in target 'HOMEY Clean' from project 'HOMEY Clean')

SwiftCompile normal x86_64 /Users/ryankanfer/Documents/Developer/HOMEY\ Clean/HOMEY\ Clean/Core/RootView.swift (in target 'HOMEY Clean' from project 'HOMEY Clean')
    cd /Users/ryankanfer/Documents/Developer/HOMEY\ Clean
    

SwiftCompile normal x86_64 /Users/ryankanfer/Documents/Developer/HOMEY\ Clean/HOMEY\ Clean/Core/SessionManager+Role.swift (in target 'HOMEY Clean' from project 'HOMEY Clean')
    cd /Users/ryankanfer/Documents/Developer/HOMEY\ Clean
    

SwiftCompile normal x86_64 /Users/ryankanfer/Documents/Developer/HOMEY\ Clean/HOMEY\ Clean/Core/SupabaseAuthManager.swift (in target 'HOMEY Clean' from project 'HOMEY Clean')
    cd /Users/ryankanfer/Documents/Developer/HOMEY\ Clean
    

SwiftCompile normal x86_64 /Users/ryankanfer/Documents/Developer/HOMEY\ Clean/HOMEY\ Clean/Core/SupabaseFunctionsService.swift (in target 'HOMEY Clean' from project 'HOMEY Clean')
    cd /Users/ryankanfer/Documents/Developer/HOMEY\ Clean
    

SwiftCompile normal x86_64 /Users/ryankanfer/Documents/Developer/HOMEY\ Clean/HOMEY\ Clean/Core/UserProfileManager.swift (in target 'HOMEY Clean' from project 'HOMEY Clean')
    cd /Users/ryankanfer/Documents/Developer/HOMEY\ Clean
    

SwiftCompile normal x86_64 /Users/ryankanfer/Documents/Developer/HOMEY\ Clean/HOMEY\ Clean/Core/ViewportMargins.swift (in target 'HOMEY Clean' from project 'HOMEY Clean')
    cd /Users/ryankanfer/Documents/Developer/HOMEY\ Clean
    

SwiftCompile normal x86_64 /Users/ryankanfer/Documents/Developer/HOMEY\ Clean/HOMEY\ Clean/Dashboards/Admin/AdminDashboardView.swift (in target 'HOMEY Clean' from project 'HOMEY Clean')
    cd /Users/ryankanfer/Documents/Developer/HOMEY\ Clean
    

SwiftCompile normal x86_64 /Users/ryankanfer/Documents/Developer/HOMEY\ Clean/HOMEY\ Clean/Dashboards/Admin/BuildBadge.swift (in target 'HOMEY Clean' from project 'HOMEY Clean')
    cd /Users/ryankanfer/Documents/Developer/HOMEY\ Clean
    

SwiftCompile normal x86_64 /Users/ryankanfer/Documents/Developer/HOMEY\ Clean/HOMEY\ Clean/Dashboards/Admin/DangerZone.swift (in target 'HOMEY Clean' from project 'HOMEY Clean')
    cd /Users/ryankanfer/Documents/Developer/HOMEY\ Clean
    

SwiftCompile normal x86_64 /Users/ryankanfer/Documents/Developer/HOMEY\ Clean/HOMEY\ Clean/Dashboards/Admin/FlagsPanel.swift (in target 'HOMEY Clean' from project 'HOMEY Clean')
    cd /Users/ryankanfer/Documents/Developer/HOMEY\ Clean
    

SwiftCompile normal x86_64 /Users/ryankanfer/Documents/Developer/HOMEY\ Clean/HOMEY\ Clean/Dashboards/Admin/ImpersonateBar.swift (in target 'HOMEY Clean' from project 'HOMEY Clean')
    cd /Users/ryankanfer/Documents/Developer/HOMEY\ Clean
    

SwiftCompile normal x86_64 /Users/ryankanfer/Documents/Developer/HOMEY\ Clean/HOMEY\ Clean/Dashboards/Admin/LogTailView.swift (in target 'HOMEY Clean' from project 'HOMEY Clean')
    cd /Users/ryankanfer/Documents/Developer/HOMEY\ Clean
    

SwiftCompile normal x86_64 /Users/ryankanfer/Documents/Developer/HOMEY\ Clean/HOMEY\ Clean/Dashboards/Agents/AgentDashboardView.swift (in target 'HOMEY Clean' from project 'HOMEY Clean')
    cd /Users/ryankanfer/Documents/Developer/HOMEY\ Clean
    

SwiftCompile normal x86_64 /Users/ryankanfer/Documents/Developer/HOMEY\ Clean/HOMEY\ Clean/Dashboards/Agents/AgentEventsView.swift (in target 'HOMEY Clean' from project 'HOMEY Clean')
    cd /Users/ryankanfer/Documents/Developer/HOMEY\ Clean
    

SwiftCompile normal x86_64 /Users/ryankanfer/Documents/Developer/HOMEY\ Clean/HOMEY\ Clean/Dashboards/Agents/AgentInviteButton.swift (in target 'HOMEY Clean' from project 'HOMEY Clean')
    cd /Users/ryankanfer/Documents/Developer/HOMEY\ Clean
    

SwiftCompile normal x86_64 /Users/ryankanfer/Documents/Developer/HOMEY\ Clean/HOMEY\ Clean/Dashboards/Agents/NudgeService.swift (in target 'HOMEY Clean' from project 'HOMEY Clean')
    cd /Users/ryankanfer/Documents/Developer/HOMEY\ Clean
    

SwiftCompile normal x86_64 /Users/ryankanfer/Documents/Developer/HOMEY\ Clean/HOMEY\ Clean/Dashboards/Clients/Legacy/ClientHomeView.swift (in target 'HOMEY Clean' from project 'HOMEY Clean')
    cd /Users/ryankanfer/Documents/Developer/HOMEY\ Clean
    

SwiftCompile normal x86_64 /Users/ryankanfer/Documents/Developer/HOMEY\ Clean/HOMEY\ Clean/Dashboards/Clients/Legacy/ClientLiveContent.swift (in target 'HOMEY Clean' from project 'HOMEY Clean')
    cd /Users/ryankanfer/Documents/Developer/HOMEY\ Clean
    

SwiftCompile normal x86_64 /Users/ryankanfer/Documents/Developer/HOMEY\ Clean/HOMEY\ Clean/Dashboards/Clients/Pages/Charlie/CharlieDashboardView.swift (in target 'HOMEY Clean' from project 'HOMEY Clean')
    cd /Users/ryankanfer/Documents/Developer/HOMEY\ Clean
    

SwiftCompile normal x86_64 /Users/ryankanfer/Documents/Developer/HOMEY\ Clean/HOMEY\ Clean/Dashboards/Clients/Pages/Charlie/CharlieOnboardingView.swift (in target 'HOMEY Clean' from project 'HOMEY Clean')
    cd /Users/ryankanfer/Documents/Developer/HOMEY\ Clean
    

SwiftCompile normal x86_64 /Users/ryankanfer/Documents/Developer/HOMEY\ Clean/HOMEY\ Clean/Dashboards/Clients/Pages/Charlie/EducationCenterSection.swift (in target 'HOMEY Clean' from project 'HOMEY Clean')
    cd /Users/ryankanfer/Documents/Developer/HOMEY\ Clean
    

SwiftCompile normal x86_64 /Users/ryankanfer/Documents/Developer/HOMEY\ Clean/HOMEY\ Clean/Dashboards/Clients/Pages/Charlie/EducationCenterSectionView.swift (in target 'HOMEY Clean' from project 'HOMEY Clean')
    cd /Users/ryankanfer/Documents/Developer/HOMEY\ Clean
    

SwiftCompile normal x86_64 /Users/ryankanfer/Documents/Developer/HOMEY\ Clean/HOMEY\ Clean/Dashboards/Clients/Pages/Charlie/SubwayProgressView.swift (in target 'HOMEY Clean' from project 'HOMEY Clean')
    cd /Users/ryankanfer/Documents/Developer/HOMEY\ Clean
    

SwiftCompile normal x86_64 /Users/ryankanfer/Documents/Developer/HOMEY\ Clean/HOMEY\ Clean/Dashboards/Clients/Pages/Drew/DrewDashboardView.swift (in target 'HOMEY Clean' from project 'HOMEY Clean')
    cd /Users/ryankanfer/Documents/Developer/HOMEY\ Clean
    

SwiftEmitModule normal arm64 Emitting\ module\ for\ HOMEY_Clean (in target 'HOMEY Clean' from project 'HOMEY Clean')

EmitSwiftModule normal arm64 (in target 'HOMEY Clean' from project 'HOMEY Clean')
    cd /Users/ryankanfer/Documents/Developer/HOMEY\ Clean
    

SwiftCompile normal arm64 Compiling\ PreferencesRepository.swift,\ ProfilesRepository.swift,\ AppTabRoot.swift,\ ARDocumentScanner.swift,\ CelebrationOverlay.swift,\ DocumentCategoryCard.swift,\ DocumentContextTooltip.swift,\ DocumentsRow.swift,\ DocumentsView.swift,\ DocumentsViewModel.swift,\ EnhancedDocumentsView.swift,\ Env.swift,\ HeaderSection.swift,\ PaigeCompanionView.swift,\ PaigeDocumentsView.swift,\ ProgressCard.swift,\ QuickActionCard.swift,\ SearchSection.swift /Users/ryankanfer/Documents/Developer/HOMEY\ Clean/HOMEY\ Clean/Data/Repositories/PreferencesRepository.swift /Users/ryankanfer/Documents/Developer/HOMEY\ Clean/HOMEY\ Clean/Data/Repositories/ProfilesRepository.swift /Users/ryankanfer/Documents/Developer/HOMEY\ Clean/HOMEY\ Clean/Features/Documents/AppTabRoot.swift /Users/ryankanfer/Documents/Developer/HOMEY\ Clean/HOMEY\ Clean/Features/Documents/ARDocumentScanner.swift /Users/ryankanfer/Documents/Developer/HOMEY\ Clean/HOMEY\ Clean/Features/Documents/CelebrationOverlay.swift /Users/ryankanfer/Documents/Developer/HOMEY\ Clean/HOMEY\ Clean/Features/Documents/DocumentCategoryCard.swift /Users/ryankanfer/Documents/Developer/HOMEY\ Clean/HOMEY\ Clean/Features/Documents/DocumentContextTooltip.swift /Users/ryankanfer/Documents/Developer/HOMEY\ Clean/HOMEY\ Clean/Features/Documents/DocumentsRow.swift /Users/ryankanfer/Documents/Developer/HOMEY\ Clean/HOMEY\ Clean/Features/Documents/DocumentsView.swift /Users/ryankanfer/Documents/Developer/HOMEY\ Clean/HOMEY\ Clean/Features/Documents/DocumentsViewModel.swift /Users/ryankanfer/Documents/Developer/HOMEY\ Clean/HOMEY\ Clean/Features/Documents/EnhancedDocumentsView.swift /Users/ryankanfer/Documents/Developer/HOMEY\ Clean/HOMEY\ Clean/Features/Documents/Env.swift /Users/ryankanfer/Documents/Developer/HOMEY\ Clean/HOMEY\ Clean/Features/Documents/HeaderSection.swift /Users/ryankanfer/Documents/Developer/HOMEY\ Clean/HOMEY\ Clean/Features/Documents/PaigeCompanionView.swift /Users/ryankanfer/Documents/Developer/HOMEY\ Clean/HOMEY\ Clean/Features/Documents/PaigeDocumentsView.swift /Users/ryankanfer/Documents/Developer/HOMEY\ Clean/HOMEY\ Clean/Features/Documents/ProgressCard.swift /Users/ryankanfer/Documents/Developer/HOMEY\ Clean/HOMEY\ Clean/Features/Documents/QuickActionCard.swift /Users/ryankanfer/Documents/Developer/HOMEY\ Clean/HOMEY\ Clean/Features/Documents/SearchSection.swift (in target 'HOMEY Clean' from project 'HOMEY Clean')

** BUILD FAILED **


The following build commands failed:
	SwiftCompile normal x86_64 /Users/ryankanfer/Documents/Developer/HOMEY\ Clean/HOMEY\ Clean/Views/Homepage/HomepageCustomizationSheet.swift (in target 'HOMEY Clean' from project 'HOMEY Clean')
	SwiftCompile normal x86_64 Compiling\ VaultDetailSheet.swift,\ CustomizableHomepageGrid.swift,\ HomepageCustomizationSheet.swift,\ NextUpSmartCard.swift,\ AccountSettingsSection.swift,\ AdvancedSettingsHub.swift,\ AppearanceSettingsSection.swift,\ HelpSupportSettingsSection.swift,\ IntegrationsSettingsSection.swift,\ NotificationsSettingsSection.swift,\ PersonalizationSettingsSection.swift,\ PrivacySecuritySettingsSection.swift,\ ComprehensiveSettingsView.swift,\ HomeyLandingViewWithProfile.swift,\ NavigationDashboardView.swift,\ SettingsView.swift,\ ThemeSettingsView.swift,\ CharlieAct.swift,\ FontDebugView.swift,\ JourneyLoggingPlaceholder.swift,\ JourneyWatcher.swift,\ SupabaseEventsService.swift,\ GeneratedAssetSymbols.swift /Users/ryankanfer/Documents/Developer/HOMEY\ Clean/HOMEY\ Clean/Views/Dashboards/Clients/VaultDetailSheet.swift /Users/ryankanfer/Documents/Developer/HOMEY\ Clean/HOMEY\ Clean/Views/Homepage/CustomizableHomepageGrid.swift /Users/ryankanfer/Documents/Developer/HOMEY\ Clean/HOMEY\ Clean/Views/Homepage/HomepageCustomizationSheet.swift /Users/ryankanfer/Documents/Developer/HOMEY\ Clean/HOMEY\ Clean/Views/Homepage/NextUpSmartCard.swift /Users/ryankanfer/Documents/Developer/HOMEY\ Clean/HOMEY\ Clean/Views/Settings/AccountSettingsSection.swift /Users/ryankanfer/Documents/Developer/HOMEY\ Clean/HOMEY\ Clean/Views/Settings/AdvancedSettingsHub.swift /Users/ryankanfer/Documents/Developer/HOMEY\ Clean/HOMEY\ Clean/Views/Settings/AppearanceSettingsSection.swift /Users/ryankanfer/Documents/Developer/HOMEY\ Clean/HOMEY\ Clean/Views/Settings/HelpSupportSettingsSection.swift /Users/ryankanfer/Documents/Developer/HOMEY\ Clean/HOMEY\ Clean/Views/Settings/IntegrationsSettingsSection.swift /Users/ryankanfer/Documents/Developer/HOMEY\ Clean/HOMEY\ Clean/Views/Settings/NotificationsSettingsSection.swift /Users/ryankanfer/Documents/Developer/HOMEY\ Clean/HOMEY\ Clean/Views/Settings/PersonalizationSettingsSection.swift /Users/ryankanfer/Documents/Developer/HOMEY\ Clean/HOMEY\ Clean/Views/Settings/PrivacySecuritySettingsSection.swift /Users/ryankanfer/Documents/Developer/HOMEY\ Clean/HOMEY\ Clean/Views/ComprehensiveSettingsView.swift /Users/ryankanfer/Documents/Developer/HOMEY\ Clean/HOMEY\ Clean/Views/HomeyLandingViewWithProfile.swift /Users/ryankanfer/Documents/Developer/HOMEY\ Clean/HOMEY\ Clean/Views/NavigationDashboardView.swift /Users/ryankanfer/Documents/Developer/HOMEY\ Clean/HOMEY\ Clean/Views/SettingsView.swift /Users/ryankanfer/Documents/Developer/HOMEY\ Clean/HOMEY\ Clean/Views/ThemeSettingsView.swift /Users/ryankanfer/Documents/Developer/HOMEY\ Clean/HOMEY\ Clean/CharlieAct.swift /Users/ryankanfer/Documents/Developer/HOMEY\ Clean/HOMEY\ Clean/FontDebugView.swift /Users/ryankanfer/Documents/Developer/HOMEY\ Clean/HOMEY\ Clean/JourneyLoggingPlaceholder.swift /Users/ryankanfer/Documents/Developer/HOMEY\ Clean/HOMEY\ Clean/JourneyWatcher.swift /Users/ryankanfer/Documents/Developer/HOMEY\ Clean/HOMEY\ Clean/SupabaseEventsService.swift /Users/ryankanfer/Library/Developer/Xcode/DerivedData/HOMEY_Clean-gafualdnzupkfseuistvwtqbnpqd/Build/Intermediates.noindex/HOMEY\ Clean.build/Debug-iphonesimulator/HOMEY\ Clean.build/DerivedSources/GeneratedAssetSymbols.swift (in target 'HOMEY Clean' from project 'HOMEY Clean')
	Building project HOMEY Clean with scheme HOMEY Clean
(3 failures)
